Order_Detail_ID,Order_ID,Product_ID,Sales,Sales_Category,High_Value_Sale
1,CA-2017-152156,FUR-BO-10001798,261.96,Medium,No
2,CA-2017-152156,FUR-CH-10000454,731.94,High,Yes
3,CA-2017-138688,OFF-LA-10000240,14.62,Low,No
4,US-2016-108966,FUR-TA-10000577,957.5775,High,Yes
5,US-2016-108966,OFF-ST-10000760,22.368,Low,No
6,CA-2015-115812,FUR-FU-10001487,48.86,Low,No
7,CA-2015-115812,OFF-AR-10002833,7.28,Low,No
8,CA-2015-115812,TEC-PH-10002275,907.152,High,Yes
9,CA-2015-115812,OFF-BI-10003910,18.504,Low,No
10,CA-2015-115812,OFF-AP-10002892,114.9,Medium,No
11,CA-2015-115812,FUR-TA-10001539,1706.184,High,Yes
12,CA-2015-115812,TEC-PH-10002033,911.424,High,Yes
13,CA-2018-114412,OFF-PA-10002365,15.552,Low,No
14,CA-2017-161389,OFF-BI-10003656,407.976,Medium,No
15,US-2016-118983,OFF-AP-10002311,68.81,Low,No
16,US-2016-118983,OFF-BI-10000756,2.544,Low,No
17,CA-2015-105893,OFF-ST-10004186,665.88,High,Yes
18,CA-2015-167164,OFF-ST-10000107,55.5,Low,No
19,CA-2015-143336,OFF-AR-10003056,8.56,Low,No
20,CA-2015-143336,TEC-PH-10001949,213.48,Medium,No
21,CA-2015-143336,OFF-BI-10002215,22.72,Low,No
22,CA-2017-137330,OFF-AR-10000246,19.46,Low,No
23,CA-2017-137330,OFF-AP-10001492,60.34,Low,No
24,US-2018-156909,FUR-CH-10002774,71.372,Low,No
25,CA-2016-106320,FUR-TA-10000577,1044.63,High,Yes
26,CA-2017-121755,OFF-BI-10001634,11.648,Low,No
27,CA-2017-121755,TEC-AC-10003027,90.57,Low,No
28,US-2016-150630,FUR-BO-10004834,3083.43,High,Yes
29,US-2016-150630,OFF-BI-10000474,9.618,Low,No
30,US-2016-150630,FUR-FU-10004848,124.2,Medium,No
31,US-2016-150630,OFF-EN-10001509,3.264,Low,No
32,US-2016-150630,OFF-AR-10004042,86.304,Low,No
33,US-2016-150630,OFF-BI-10001525,6.858,Low,No
34,US-2016-150630,OFF-AR-10001683,15.76,Low,No
35,CA-2018-107727,OFF-PA-10000249,29.472,Low,No
36,CA-2017-117590,TEC-PH-10004977,1097.544,High,Yes
37,CA-2017-117590,FUR-FU-10003664,190.92,Medium,No
38,CA-2016-117415,OFF-EN-10002986,113.328,Medium,No
39,CA-2016-117415,FUR-BO-10002545,532.3992,High,Yes
40,CA-2016-117415,FUR-CH-10004218,212.058,Medium,No
41,CA-2016-117415,TEC-PH-10000486,371.168,Medium,No
42,CA-2018-120999,TEC-PH-10004093,147.168,Medium,No
43,CA-2017-101343,OFF-ST-10003479,77.88,Low,No
44,CA-2018-139619,OFF-ST-10003282,95.616,Low,No
45,CA-2017-118255,TEC-AC-10000171,45.98,Low,No
46,CA-2017-118255,OFF-BI-10003291,17.46,Low,No
47,CA-2015-146703,OFF-ST-10001713,211.96,Medium,No
48,CA-2017-169194,TEC-AC-10002167,45.0,Low,No
49,CA-2017-169194,TEC-PH-10003988,21.8,Low,No
50,CA-2016-115742,OFF-BI-10004410,38.22,Low,No
51,CA-2016-115742,OFF-LA-10002762,75.18,Low,No
52,CA-2016-115742,FUR-FU-10001706,6.16,Low,No
53,CA-2016-115742,FUR-CH-10003061,89.99,Low,No
54,CA-2017-105816,OFF-FA-10000304,15.26,Low,No
55,CA-2017-105816,TEC-PH-10002447,1029.95,High,Yes
56,CA-2017-111682,OFF-ST-10000604,208.56,Medium,No
57,CA-2017-111682,OFF-PA-10001569,32.4,Low,No
58,CA-2017-111682,FUR-CH-10003968,319.41,Medium,No
59,CA-2017-111682,OFF-PA-10000587,14.56,Low,No
60,CA-2017-111682,TEC-AC-10002167,30.0,Low,No
61,CA-2017-111682,OFF-BI-10001460,48.48,Low,No
62,CA-2017-111682,OFF-AR-10001868,1.68,Low,No
63,CA-2016-135545,TEC-AC-10004633,13.98,Low,No
64,CA-2016-135545,OFF-BI-10001078,25.824,Low,No
65,CA-2016-135545,OFF-PA-10003892,146.73,Medium,No
66,CA-2016-135545,FUR-FU-10000397,79.76,Low,No
67,US-2016-164175,FUR-CH-10001146,213.115,Medium,No
68,CA-2015-106376,OFF-AR-10002671,1113.024,High,Yes
69,CA-2015-106376,TEC-PH-10002726,167.968,Medium,No
70,CA-2017-119823,OFF-PA-10000482,75.88,Low,No
71,CA-2017-106075,OFF-BI-10004654,4.616,Low,No
72,CA-2018-114440,OFF-PA-10004675,19.05,Low,No
73,US-2016-134026,FUR-CH-10000513,831.936,High,Yes
74,US-2016-134026,FUR-FU-10003708,97.04,Low,No
75,US-2016-134026,OFF-ST-10004123,72.784,Low,No
76,US-2018-118038,OFF-BI-10004182,1.248,Low,No
77,US-2018-118038,FUR-FU-10000260,9.708,Low,No
78,US-2018-118038,OFF-ST-10000615,27.24,Low,No
79,US-2015-147606,FUR-FU-10003194,19.3,Low,No
80,CA-2017-127208,OFF-AP-10002118,208.16,Medium,No
81,CA-2017-127208,OFF-BI-10002309,16.74,Low,No
82,CA-2015-139451,OFF-AR-10002053,14.9,Low,No
83,CA-2015-139451,OFF-ST-10002370,21.39,Low,No
84,CA-2016-149734,OFF-EN-10000927,200.984,Medium,No
85,US-2018-119662,OFF-ST-10003656,230.376,Medium,No
86,CA-2018-140088,FUR-CH-10000863,301.96,Medium,No
87,CA-2018-155558,TEC-AC-10001998,19.99,Low,No
88,CA-2018-155558,OFF-LA-10000134,6.16,Low,No
89,CA-2017-159695,OFF-ST-10003442,158.368,Medium,No
90,CA-2017-109806,OFF-AR-10004930,20.1,Low,No
91,CA-2017-109806,TEC-PH-10004093,73.584,Low,No
92,CA-2017-109806,OFF-PA-10000304,6.48,Low,No
93,CA-2016-149587,OFF-PA-10003177,12.96,Low,No
94,CA-2016-149587,FUR-FU-10003799,53.34,Low,No
95,CA-2016-149587,OFF-BI-10002852,32.96,Low,No
96,US-2018-109484,OFF-BI-10004738,5.682,Low,No
97,CA-2018-161018,FUR-FU-10000629,96.53,Low,No
98,CA-2018-157833,OFF-BI-10001721,51.312,Low,No
99,CA-2017-149223,OFF-AP-10000358,77.88,Low,No
100,CA-2017-158568,OFF-PA-10003256,64.624,Low,No
101,CA-2017-158568,TEC-AC-10001767,95.976,Low,No
102,CA-2017-158568,OFF-BI-10002609,1.788,Low,No
103,CA-2017-129903,OFF-PA-10004040,23.92,Low,No
104,US-2016-156867,TEC-AC-10001552,238.896,Medium,No
105,US-2016-156867,FUR-FU-10004006,102.36,Medium,No
106,US-2016-156867,OFF-BI-10002794,36.882,Low,No
107,CA-2018-119004,TEC-AC-10003499,74.112,Low,No
108,CA-2018-119004,TEC-PH-10002844,27.992,Low,No
109,CA-2018-119004,OFF-AR-10000390,3.304,Low,No
110,CA-2016-129476,TEC-AC-10000844,339.96,Medium,No
111,CA-2018-146780,FUR-FU-10001934,41.96,Low,No
112,CA-2017-128867,OFF-AR-10000380,75.96,Low,No
113,CA-2017-128867,OFF-BI-10003981,27.24,Low,No
114,CA-2015-115259,OFF-FA-10000621,40.096,Low,No
115,CA-2015-115259,OFF-EN-10002600,4.72,Low,No
116,CA-2015-115259,OFF-PA-10004965,23.976,Low,No
117,CA-2015-115259,OFF-EN-10002504,130.464,Medium,No
118,CA-2016-110457,FUR-TA-10001768,787.53,High,Yes
119,US-2016-136476,OFF-BI-10003650,157.794,Medium,No
120,CA-2017-103730,FUR-FU-10002157,47.04,Low,No
121,CA-2017-103730,OFF-BI-10003910,30.84,Low,No
122,CA-2017-103730,OFF-ST-10000777,226.56,Medium,No
123,CA-2017-103730,OFF-EN-10002500,115.02,Medium,No
124,CA-2017-103730,TEC-PH-10003875,68.04,Low,No
125,US-2015-152030,FUR-CH-10004063,600.558,High,Yes
126,US-2015-134614,FUR-TA-10004534,617.7,High,Yes
127,US-2018-107272,OFF-BI-10003274,2.388,Low,No
128,US-2018-107272,OFF-ST-10002974,243.992,Medium,No
129,US-2017-125969,FUR-CH-10001146,81.424,Low,No
130,US-2017-125969,FUR-FU-10003773,238.56,Medium,No
131,US-2018-164147,TEC-PH-10002293,59.97,Low,No
132,US-2018-164147,OFF-PA-10002377,78.304,Low,No
133,US-2018-164147,OFF-FA-10002780,21.456,Low,No
134,CA-2017-145583,OFF-PA-10001804,20.04,Low,No
135,CA-2017-145583,OFF-PA-10001736,35.44,Low,No
136,CA-2017-145583,OFF-AR-10001149,11.52,Low,No
137,CA-2017-145583,OFF-FA-10002988,4.02,Low,No
138,CA-2017-145583,OFF-BI-10004781,76.176,Low,No
139,CA-2017-145583,OFF-SU-10001218,65.88,Low,No
140,CA-2017-145583,FUR-FU-10001706,43.12,Low,No
141,CA-2017-110366,FUR-FU-10004848,82.8,Low,No
142,CA-2018-106180,OFF-AR-10000940,8.82,Low,No
143,CA-2018-106180,OFF-EN-10004030,10.86,Low,No
144,CA-2018-106180,OFF-PA-10004327,143.7,Medium,No
145,CA-2018-155376,OFF-AP-10001058,839.43,High,Yes
146,CA-2016-110744,OFF-ST-10003656,671.93,High,Yes
147,CA-2015-110072,FUR-FU-10000521,93.888,Low,No
148,CA-2017-114489,TEC-PH-10000215,384.45,Medium,No
149,CA-2017-114489,TEC-PH-10001448,149.97,Medium,No
150,CA-2017-114489,FUR-CH-10000454,1951.84,High,Yes
151,CA-2017-114489,OFF-BI-10002735,171.55,Medium,No
152,CA-2017-158834,OFF-AP-10000326,157.92,Medium,No
153,CA-2017-158834,TEC-PH-10001254,203.184,Medium,No
154,CA-2016-124919,OFF-PA-10001950,58.38,Low,No
155,CA-2016-124919,OFF-PA-10002254,105.52,Medium,No
156,CA-2016-124919,OFF-ST-10001590,80.88,Low,No
157,CA-2016-118948,OFF-AR-10001547,6.63,Low,No
158,CA-2015-104269,FUR-CH-10004063,457.568,Medium,No
159,CA-2017-114104,OFF-LA-10002475,14.62,Low,No
160,CA-2017-114104,TEC-PH-10004536,944.93,High,Yes
161,CA-2017-162733,OFF-PA-10002751,5.98,Low,No
162,CA-2016-119697,TEC-AC-10003657,54.384,Low,No
163,CA-2017-154508,OFF-EN-10001990,28.4,Low,No
164,CA-2017-113817,OFF-BI-10004002,27.68,Low,No
165,CA-2015-139892,OFF-AR-10004441,9.936,Low,No
166,CA-2015-139892,TEC-MA-10000822,8159.952,High,Yes
167,CA-2015-139892,OFF-ST-10000991,275.928,Medium,No
168,CA-2015-139892,FUR-CH-10004287,1740.06,High,Yes
169,CA-2015-139892,OFF-AR-10002656,32.064,Low,No
170,CA-2015-139892,OFF-AP-10002518,177.98,Medium,No
171,CA-2015-139892,TEC-PH-10003931,143.976,Medium,No
172,CA-2015-118962,OFF-PA-10000659,20.94,Low,No
173,CA-2015-118962,OFF-PA-10001144,110.96,Medium,No
174,CA-2015-118962,FUR-CH-10003817,340.144,Medium,No
175,US-2015-100853,OFF-AP-10000891,52.448,Low,No
176,US-2015-100853,OFF-LA-10003148,20.16,Low,No
177,US-2018-152366,OFF-AP-10002684,97.264,Low,No
178,US-2016-101511,FUR-CH-10004698,396.802,Medium,No
179,US-2016-101511,OFF-SU-10002189,15.88,Low,No
180,CA-2016-137225,OFF-AR-10001940,3.28,Low,No
181,CA-2015-166191,OFF-ST-10003455,24.816,Low,No
182,CA-2015-166191,TEC-AC-10004659,408.744,Medium,No
183,CA-2015-158274,TEC-PH-10003273,503.96,High,Yes
184,CA-2015-158274,TEC-PH-10004896,149.95,Medium,No
185,CA-2015-158274,TEC-AC-10002345,29.0,Low,No
186,CA-2017-105018,OFF-BI-10001890,7.16,Low,No
187,CA-2015-123260,TEC-AC-10002323,176.8,Medium,No
188,CA-2017-157000,OFF-ST-10001328,37.224,Low,No
189,CA-2017-157000,OFF-PA-10001950,20.016,Low,No
190,CA-2016-102281,FUR-BO-10002613,899.136,High,Yes
191,CA-2016-102281,TEC-PH-10001552,71.76,Low,No
192,CA-2016-102281,OFF-PA-10000061,51.84,Low,No
193,CA-2016-102281,FUR-BO-10002545,626.352,High,Yes
194,CA-2016-102281,OFF-AR-10003514,19.9,Low,No
195,CA-2016-131457,OFF-EN-10001509,14.28,Low,No
196,CA-2015-140004,OFF-AR-10004685,7.408,Low,No
197,CA-2015-140004,OFF-AR-10004027,6.048,Low,No
198,CA-2018-107720,OFF-ST-10001414,46.26,Low,No
199,US-2018-124303,OFF-BI-10000343,2.946,Low,No
200,US-2018-124303,OFF-PA-10002749,16.056,Low,No
201,CA-2018-105074,OFF-PA-10002666,21.744,Low,No
202,CA-2015-133690,FUR-TA-10004289,218.75,Medium,No
203,CA-2015-133690,OFF-AP-10003622,2.6,Low,No
204,US-2018-116701,OFF-AP-10003217,66.284,Low,No
205,CA-2018-126382,FUR-FU-10002960,35.168,Low,No
206,CA-2018-108329,TEC-PH-10001918,444.768,Medium,No
207,CA-2018-135860,OFF-ST-10000642,83.92,Low,No
208,CA-2018-135860,TEC-PH-10001700,131.98,Medium,No
209,CA-2018-135860,OFF-BI-10003274,15.92,Low,No
210,CA-2018-135860,OFF-FA-10000134,52.29,Low,No
211,CA-2018-135860,OFF-ST-10001522,91.99,Low,No
212,CA-2016-101007,TEC-AC-10001266,20.8,Low,No
213,CA-2016-146262,OFF-LA-10004544,23.68,Low,No
214,CA-2016-146262,FUR-BO-10004695,452.45,Medium,No
215,CA-2016-146262,TEC-PH-10002844,62.982,Low,No
216,CA-2016-146262,TEC-MA-10000864,1188.0,High,Yes
217,CA-2016-146262,TEC-AC-10000109,89.584,Low,No
218,CA-2017-130162,OFF-ST-10001328,93.06,Low,No
219,CA-2017-130162,TEC-PH-10002563,302.376,Medium,No
220,CA-2016-169397,OFF-FA-10000585,5.584,Low,No
221,CA-2016-169397,OFF-PA-10004000,22.704,Low,No
222,CA-2016-169397,OFF-BI-10002852,19.776,Low,No
223,CA-2016-169397,FUR-FU-10000087,72.704,Low,No
224,CA-2016-169397,TEC-MA-10001148,479.988,Medium,No
225,CA-2016-169397,OFF-AR-10001958,27.168,Low,No
226,CA-2016-163055,OFF-AR-10001026,2.2,Low,No
227,CA-2016-163055,FUR-TA-10003748,622.45,High,Yes
228,CA-2016-163055,OFF-ST-10002485,21.98,Low,No
229,US-2016-145436,FUR-CH-10004860,161.568,Medium,No
230,US-2016-145436,FUR-CH-10004477,389.696,Medium,No
231,US-2015-156216,OFF-BI-10001679,18.648,Low,No
232,US-2018-100930,FUR-TA-10001705,233.86,Medium,No
233,US-2018-100930,FUR-TA-10003473,620.6145,High,Yes
234,US-2018-100930,OFF-BI-10001679,5.328,Low,No
235,US-2018-100930,FUR-FU-10004017,258.072,Medium,No
236,US-2018-100930,TEC-AC-10003832,617.976,High,Yes
237,CA-2018-160514,OFF-PA-10002479,10.56,Low,No
238,CA-2017-157749,OFF-PA-10003349,25.92,Low,No
239,CA-2017-157749,FUR-FU-10000576,419.68,Medium,No
240,CA-2017-157749,FUR-FU-10004351,11.688,Low,No
241,CA-2017-157749,TEC-PH-10000011,31.984,Low,No
242,CA-2017-157749,FUR-TA-10002607,177.225,Medium,No
243,CA-2017-157749,FUR-FU-10002505,4.044,Low,No
244,CA-2017-157749,OFF-AR-10004685,7.408,Low,No
245,CA-2015-131926,FUR-CH-10004063,2001.86,High,Yes
246,CA-2015-131926,OFF-ST-10002276,166.72,Medium,No
247,CA-2015-131926,OFF-PA-10004082,47.88,Low,No
248,CA-2015-131926,OFF-AP-10002945,1503.25,High,Yes
249,CA-2015-131926,OFF-PA-10000061,25.92,Low,No
250,CA-2017-154739,FUR-CH-10002965,321.568,Medium,No
251,CA-2017-145625,OFF-PA-10004569,7.61,Low,No
252,CA-2017-145625,TEC-AC-10003832,3347.37,High,Yes
253,CA-2017-146941,OFF-ST-10001228,80.58,Low,No
254,CA-2017-146941,OFF-EN-10003296,361.92,Medium,No
255,US-2016-159982,FUR-FU-10002505,12.132,Low,No
256,US-2016-159982,OFF-ST-10004804,82.368,Low,No
257,US-2016-159982,OFF-ST-10001590,53.92,Low,No
258,US-2016-159982,TEC-PH-10001580,647.904,High,Yes
259,CA-2018-163139,TEC-AC-10000290,20.37,Low,No
260,CA-2018-163139,OFF-ST-10002790,221.55,Medium,No
261,CA-2018-163139,OFF-BI-10003460,17.52,Low,No
262,US-2018-155299,OFF-AP-10002203,1.624,Low,No
263,US-2015-106992,TEC-MA-10000822,3059.982,High,Yes
264,US-2015-106992,TEC-MA-10003353,2519.958,High,Yes
265,CA-2017-125318,TEC-PH-10001433,328.224,Medium,No
266,CA-2016-155040,TEC-AC-10004469,79.9,Low,No
267,CA-2018-136826,OFF-AR-10003602,14.016,Low,No
268,CA-2017-111010,OFF-FA-10003472,7.56,Low,No
269,US-2018-145366,OFF-ST-10004180,37.208,Low,No
270,US-2018-145366,OFF-EN-10004386,57.576,Low,No
271,CA-2018-163979,OFF-ST-10003208,725.84,High,Yes
272,CA-2016-155334,TEC-AC-10003628,209.93,Medium,No
273,CA-2016-155334,FUR-FU-10003274,5.28,Low,No
274,CA-2016-155334,OFF-BI-10002557,10.92,Low,No
275,CA-2018-118136,OFF-PA-10002615,8.82,Low,No
276,CA-2018-118136,OFF-AR-10001427,5.98,Low,No
277,CA-2018-132976,OFF-PA-10000673,11.648,Low,No
278,CA-2018-132976,OFF-PA-10004470,18.176,Low,No
279,CA-2018-132976,OFF-ST-10000876,59.712,Low,No
280,CA-2018-132976,OFF-LA-10002043,24.84,Low,No
281,US-2016-161991,OFF-BI-10004967,2.08,Low,No
282,US-2016-161991,TEC-PH-10001760,1114.4,High,Yes
283,CA-2016-130890,FUR-TA-10002903,1038.84,High,Yes
284,CA-2016-130883,OFF-PA-10000474,141.76,Medium,No
285,CA-2016-130883,TEC-AC-10001956,239.8,Medium,No
286,CA-2016-130883,OFF-PA-10004100,31.104,Low,No
287,CA-2017-112697,OFF-BI-10000778,254.058,Medium,No
288,CA-2017-112697,OFF-AP-10002684,194.528,Medium,No
289,CA-2017-112697,OFF-SU-10000646,961.48,High,Yes
290,CA-2017-110772,OFF-FA-10002983,19.096,Low,No
291,CA-2017-110772,OFF-LA-10004689,18.496,Low,No
292,CA-2017-110772,TEC-AC-10002001,255.984,Medium,No
293,CA-2017-110772,FUR-BO-10004709,86.97,Low,No
294,CA-2015-111451,FUR-FU-10004091,300.416,Medium,No
295,CA-2015-111451,FUR-CH-10001891,230.352,Medium,No
296,CA-2015-111451,FUR-FU-10002918,218.352,Medium,No
297,CA-2015-111451,OFF-BI-10004593,78.6,Low,No
298,CA-2015-111451,OFF-FA-10004854,27.552,Low,No
299,CA-2017-142545,OFF-PA-10002105,32.4,Low,No
300,CA-2017-142545,OFF-ST-10002756,1082.48,High,Yes
301,CA-2017-142545,OFF-PA-10004243,56.91,Low,No
302,CA-2017-142545,FUR-FU-10001861,77.6,Low,No
303,CA-2017-142545,OFF-BI-10002706,14.28,Low,No
304,US-2018-152380,FUR-TA-10002533,219.075,Medium,No
305,CA-2016-144253,FUR-FU-10002671,26.8,Low,No
306,CA-2015-130960,OFF-AR-10003651,9.84,Low,No
307,CA-2015-111003,OFF-BI-10001072,45.48,Low,No
308,CA-2015-111003,OFF-AR-10002135,289.2,Medium,No
309,CA-2018-126774,OFF-AR-10002804,4.89,Low,No
310,CA-2017-142902,FUR-FU-10001918,15.136,Low,No
311,CA-2017-142902,FUR-CH-10004086,466.768,Medium,No
312,CA-2017-142902,FUR-FU-10001756,15.232,Low,No
313,CA-2017-142902,OFF-LA-10000634,6.264,Low,No
314,CA-2015-120887,FUR-FU-10001588,87.54,Low,No
315,CA-2015-167850,TEC-PH-10002398,178.384,Medium,No
316,CA-2015-167850,OFF-PA-10001937,15.552,Low,No
317,CA-2015-164259,OFF-AR-10003373,99.136,Low,No
318,CA-2015-164973,FUR-CH-10002602,135.882,Medium,No
319,CA-2015-164973,TEC-MA-10002927,3991.98,High,Yes
320,CA-2015-164973,TEC-PH-10004093,275.94,Medium,No
321,CA-2015-164973,TEC-AC-10000892,360.0,Medium,No
322,CA-2015-164973,OFF-ST-10002974,43.57,Low,No
323,CA-2015-156601,OFF-FA-10000624,7.16,Low,No
324,CA-2017-162138,OFF-BI-10004593,251.52,Medium,No
325,CA-2017-162138,TEC-AC-10001908,99.99,Low,No
326,CA-2018-153339,FUR-FU-10001967,15.992,Low,No
327,US-2017-141544,TEC-PH-10003645,290.898,Medium,No
328,US-2017-141544,OFF-ST-10000675,54.224,Low,No
329,US-2017-141544,FUR-CH-10003312,786.744,High,Yes
330,US-2017-141544,OFF-LA-10001074,100.24,Medium,No
331,US-2017-141544,OFF-BI-10001524,37.764,Low,No
332,US-2017-150147,TEC-PH-10004614,82.8,Low,No
333,US-2017-150147,OFF-BI-10001153,20.724,Low,No
334,US-2017-150147,OFF-BI-10001982,4.896,Low,No
335,CA-2016-137946,OFF-BI-10001922,4.752,Low,No
336,CA-2016-137946,TEC-CO-10001449,959.984,High,Yes
337,CA-2016-137946,OFF-BI-10004140,14.368,Low,No
338,CA-2015-129924,OFF-BI-10003314,7.712,Low,No
339,CA-2015-129924,FUR-TA-10004575,698.352,High,Yes
340,CA-2016-128167,OFF-FA-10000490,4.96,Low,No
341,CA-2015-122336,OFF-AR-10000122,17.856,Low,No
342,CA-2015-122336,OFF-BI-10003656,509.97,High,Yes
343,CA-2015-122336,OFF-FA-10002780,30.992,Low,No
344,CA-2015-122336,TEC-PH-10000702,71.928,Low,No
345,US-2016-120712,OFF-ST-10000107,88.8,Low,No
346,CA-2018-169901,TEC-PH-10002293,47.976,Low,No
347,CA-2018-134306,OFF-AR-10004027,7.56,Low,No
348,CA-2018-134306,OFF-PA-10000249,24.56,Low,No
349,CA-2018-134306,OFF-AR-10001374,12.96,Low,No
350,CA-2017-129714,TEC-AC-10000290,6.79,Low,No
351,CA-2017-129714,OFF-PA-10001970,24.56,Low,No
352,CA-2017-129714,OFF-BI-10002160,3.048,Low,No
353,CA-2017-129714,OFF-PA-10001970,49.12,Low,No
354,CA-2017-129714,OFF-BI-10004995,4355.168,High,Yes
355,CA-2017-138520,FUR-BO-10002268,388.704,Medium,No
356,CA-2017-138520,OFF-EN-10001137,8.26,Low,No
357,CA-2017-138520,OFF-AR-10002399,17.04,Low,No
358,CA-2017-138520,OFF-PA-10002713,34.4,Low,No
359,CA-2017-130001,OFF-PA-10002666,36.24,Low,No
360,CA-2018-155698,OFF-AP-10001124,647.84,High,Yes
361,CA-2018-155698,OFF-LA-10001158,20.7,Low,No
362,CA-2018-144904,OFF-LA-10001158,20.7,Low,No
363,CA-2018-144904,FUR-CH-10000785,488.646,Medium,No
364,CA-2018-144904,OFF-AR-10003732,5.56,Low,No
365,CA-2018-144904,FUR-FU-10000023,47.12,Low,No
366,CA-2015-123344,OFF-ST-10001713,211.96,Medium,No
367,CA-2017-155516,OFF-BI-10002412,23.2,Low,No
368,CA-2017-155516,OFF-SU-10001225,7.36,Low,No
369,CA-2017-155516,OFF-ST-10002406,104.79,Medium,No
370,CA-2017-155516,FUR-BO-10002545,1043.92,High,Yes
371,CA-2018-104745,OFF-PA-10002036,25.92,Low,No
372,CA-2018-104745,OFF-ST-10002205,53.424,Low,No
373,US-2015-119137,OFF-BI-10001982,8.16,Low,No
374,US-2015-119137,TEC-AC-10003911,1023.936,High,Yes
375,US-2015-119137,OFF-AR-10000658,9.24,Low,No
376,US-2015-119137,TEC-AC-10002076,479.04,Medium,No
377,US-2017-134656,OFF-PA-10003039,99.136,Low,No
378,US-2018-134481,FUR-TA-10004915,1488.424,High,Yes
379,CA-2016-130792,OFF-AP-10000696,8.652,Low,No
380,CA-2016-130792,OFF-ST-10003327,23.832,Low,No
381,CA-2016-130792,OFF-BI-10000309,12.176,Low,No
382,CA-2017-134775,OFF-PA-10004734,50.96,Low,No
383,CA-2017-134775,OFF-BI-10002225,49.536,Low,No
384,CA-2016-125395,TEC-AC-10004708,41.9,Low,No
385,US-2016-168935,FUR-TA-10000617,375.4575,Medium,No
386,US-2016-168935,TEC-AC-10002335,83.976,Low,No
387,CA-2016-122756,TEC-MA-10001681,482.34,Medium,No
388,CA-2016-122756,FUR-FU-10001935,2.96,Low,No
389,CA-2015-115973,OFF-AR-10004757,2.624,Low,No
390,CA-2018-101798,OFF-BI-10000050,23.36,Low,No
391,CA-2018-101798,TEC-AC-10001998,39.98,Low,No
392,US-2015-135972,TEC-PH-10003012,246.384,Medium,No
393,US-2015-135972,TEC-CO-10002313,1799.97,High,Yes
394,US-2015-134971,OFF-BI-10003982,12.462,Low,No
395,CA-2018-102946,OFF-BI-10004492,75.792,Low,No
396,CA-2018-165603,OFF-ST-10000798,49.96,Low,No
397,CA-2018-165603,OFF-PA-10002552,12.96,Low,No
398,CA-2016-122259,OFF-SU-10002573,70.12,Low,No
399,CA-2017-108987,OFF-ST-10001580,35.952,Low,No
400,CA-2017-108987,FUR-BO-10004834,2396.2656,High,Yes
401,CA-2017-108987,OFF-ST-10000934,131.136,Medium,No
402,CA-2017-108987,TEC-AC-10000158,57.584,Low,No
403,CA-2015-113166,OFF-PA-10001947,9.568,Low,No
404,CA-2015-155208,OFF-AR-10003478,39.072,Low,No
405,CA-2018-117933,OFF-AP-10004249,35.91,Low,No
406,CA-2018-117457,TEC-AC-10000158,179.95,Medium,No
407,CA-2018-117457,TEC-CO-10004115,1199.976,High,Yes
408,CA-2018-117457,OFF-PA-10003724,27.15,Low,No
409,CA-2018-117457,FUR-TA-10002041,1004.024,High,Yes
410,CA-2018-117457,OFF-PA-10002893,9.68,Low,No
411,CA-2018-117457,OFF-LA-10003766,28.35,Low,No
412,CA-2018-117457,OFF-PA-10001970,55.98,Low,No
413,CA-2018-117457,FUR-BO-10001972,1336.829,High,Yes
414,CA-2018-117457,FUR-CH-10003956,113.568,Medium,No
415,CA-2018-142636,OFF-PA-10000157,139.86,Medium,No
416,CA-2018-142636,FUR-CH-10001891,307.136,Medium,No
417,CA-2018-122105,OFF-AR-10004344,95.92,Low,No
418,CA-2017-148796,FUR-CH-10004886,383.8,Medium,No
419,CA-2018-154816,OFF-PA-10003845,5.78,Low,No
420,CA-2018-110478,OFF-AR-10001573,9.32,Low,No
421,CA-2018-110478,OFF-EN-10000483,15.25,Low,No
422,CA-2015-142048,TEC-AC-10004114,196.752,Medium,No
423,CA-2018-125388,FUR-FU-10004712,56.56,Low,No
424,CA-2018-125388,OFF-ST-10000918,32.7,Low,No
425,CA-2018-155705,FUR-CH-10000015,866.4,High,Yes
426,CA-2018-149160,FUR-FU-10003347,28.4,Low,No
427,CA-2018-149160,OFF-BI-10001543,287.92,Medium,No
428,CA-2015-101476,TEC-MA-10000029,69.99,Low,No
429,CA-2018-152275,OFF-AR-10000369,6.672,Low,No
430,US-2017-123750,OFF-BI-10004584,189.588,Medium,No
431,US-2017-123750,TEC-AC-10004659,408.744,Medium,No
432,US-2017-123750,TEC-AC-10004659,291.96,Medium,No
433,US-2017-123750,OFF-ST-10000617,4.768,Low,No
434,CA-2017-127369,OFF-ST-10003306,714.3,High,Yes
435,US-2015-150574,OFF-BI-10000773,4.812,Low,No
436,US-2015-150574,TEC-AC-10002600,247.8,Medium,No
437,CA-2017-147375,TEC-MA-10002937,1007.979,High,Yes
438,CA-2017-147375,OFF-PA-10001970,313.488,Medium,No
439,CA-2018-130043,OFF-PA-10002230,31.872,Low,No
440,CA-2018-157252,FUR-CH-10003396,207.846,Medium,No
441,CA-2017-115756,FUR-FU-10000246,12.22,Low,No
442,CA-2017-115756,OFF-ST-10000060,194.94,Medium,No
443,CA-2017-115756,OFF-ST-10003058,70.95,Low,No
444,CA-2017-115756,OFF-PA-10002222,91.36,Low,No
445,CA-2017-115756,FUR-CH-10002372,242.94,Medium,No
446,CA-2017-115756,OFF-LA-10001317,22.05,Low,No
447,CA-2018-154214,FUR-FU-10000206,2.91,Low,No
448,CA-2017-166674,OFF-AR-10000588,59.52,Low,No
449,CA-2017-166674,OFF-ST-10001469,161.94,Medium,No
450,CA-2017-166674,OFF-AR-10001953,263.88,Medium,No
451,CA-2017-166674,OFF-AR-10003156,30.48,Low,No
452,CA-2017-166674,OFF-AR-10004974,9.84,Low,No
453,CA-2017-166674,TEC-PH-10002365,35.12,Low,No
454,CA-2018-147277,FUR-TA-10001539,284.364,Medium,No
455,CA-2018-147277,OFF-ST-10000142,665.408,High,Yes
456,CA-2017-100153,TEC-AC-10001772,63.88,Low,No
457,US-2015-110674,FUR-CH-10000225,129.568,Medium,No
458,US-2017-157945,FUR-CH-10002331,747.558,High,Yes
459,US-2017-157945,OFF-EN-10001415,8.928,Low,No
460,CA-2016-109638,OFF-AP-10002472,103.92,Medium,No
461,CA-2016-109638,TEC-AC-10004571,899.91,High,Yes
462,CA-2016-109638,OFF-BI-10001098,51.312,Low,No
463,CA-2017-109869,FUR-FU-10000023,23.56,Low,No
464,CA-2017-109869,FUR-TA-10001889,1272.63,High,Yes
465,CA-2017-109869,OFF-BI-10000315,28.485,Low,No
466,CA-2017-109869,OFF-SU-10003505,185.376,Medium,No
467,CA-2017-109869,OFF-AP-10002578,78.272,Low,No
468,US-2016-101399,FUR-FU-10002918,254.744,Medium,No
469,CA-2018-154907,FUR-BO-10002824,205.3328,Medium,No
470,US-2017-100419,OFF-BI-10002194,4.788,Low,No
471,CA-2016-154144,OFF-PA-10004071,55.48,Low,No
472,CA-2015-144666,OFF-ST-10002743,340.92,Medium,No
473,CA-2015-144666,FUR-BO-10001601,222.666,Medium,No
474,CA-2015-144666,TEC-PH-10002680,703.968,High,Yes
475,CA-2015-144666,OFF-ST-10001321,92.52,Low,No
476,CA-2015-144666,OFF-PA-10001509,62.65,Low,No
477,CA-2015-144666,OFF-PA-10003465,94.85,Low,No
478,CA-2017-103891,TEC-PH-10000149,95.76,Low,No
479,CA-2017-152632,FUR-FU-10002671,40.2,Low,No
480,CA-2017-100790,OFF-AR-10003045,14.7,Low,No
481,CA-2017-100790,OFF-ST-10000689,704.25,High,Yes
482,CA-2015-134677,TEC-AC-10001445,9.09,Low,No
483,CA-2015-127691,OFF-AR-10002053,5.96,Low,No
484,CA-2015-127691,TEC-AC-10002567,159.98,Medium,No
485,CA-2018-140963,OFF-LA-10003923,29.6,Low,No
486,CA-2018-140963,FUR-BO-10001337,514.165,High,Yes
487,CA-2018-140963,TEC-PH-10001924,279.96,Medium,No
488,CA-2015-154627,TEC-PH-10001363,2735.952,High,Yes
489,CA-2015-133753,TEC-PH-10000376,7.992,Low,No
490,CA-2015-133753,TEC-AC-10000303,63.984,Low,No
491,CA-2015-133753,OFF-AR-10001953,70.368,Low,No
492,CA-2015-113362,OFF-ST-10001809,449.15,Medium,No
493,CA-2015-113362,OFF-EN-10003845,11.07,Low,No
494,CA-2017-169166,TEC-AC-10000991,93.98,Low,No
495,US-2017-120929,FUR-TA-10001857,189.882,Medium,No
496,CA-2016-134782,OFF-EN-10001434,105.42,Medium,No
497,CA-2017-126158,OFF-BI-10002498,119.616,Medium,No
498,CA-2017-126158,FUR-FU-10004864,255.76,Medium,No
499,CA-2017-126158,FUR-CH-10002602,241.568,Medium,No
500,CA-2017-126158,FUR-FU-10000073,69.3,Low,No
501,US-2017-105578,OFF-BI-10001670,22.62,Low,No
502,US-2017-105578,OFF-BI-10001658,14.952,Low,No
503,US-2017-105578,FUR-CH-10001215,801.568,High,Yes
504,US-2017-105578,OFF-BI-10000831,2.376,Low,No
505,US-2017-105578,OFF-PA-10000357,32.792,Low,No
506,CA-2018-134978,OFF-BI-10003274,15.92,Low,No
507,CA-2016-145352,OFF-AR-10001662,2.74,Low,No
508,CA-2016-145352,OFF-AR-10003856,8.34,Low,No
509,CA-2016-145352,OFF-ST-10001228,46.74,Low,No
510,CA-2016-145352,OFF-BI-10003527,6354.95,High,Yes
511,CA-2018-135307,FUR-FU-10001290,126.3,Medium,No
512,CA-2018-135307,TEC-AC-10002399,38.04,Low,No
513,CA-2017-106341,OFF-AR-10002053,7.152,Low,No
514,CA-2018-163405,OFF-AR-10003811,6.63,Low,No
515,CA-2018-163405,OFF-AR-10001246,5.88,Low,No
516,CA-2018-127432,TEC-CO-10003236,2999.95,High,Yes
517,CA-2018-127432,OFF-ST-10004507,51.45,Low,No
518,CA-2018-127432,OFF-PA-10001667,11.96,Low,No
519,CA-2018-127432,OFF-ST-10004459,1126.02,High,Yes
520,CA-2016-157812,TEC-AC-10000171,18.392,Low,No
521,CA-2016-157812,OFF-ST-10000736,129.568,Medium,No
522,CA-2016-157812,OFF-BI-10000285,14.112,Low,No
523,CA-2018-145142,FUR-TA-10001857,210.98,Medium,No
524,US-2017-139486,TEC-PH-10003555,55.176,Low,No
525,US-2017-139486,TEC-AC-10003832,66.26,Low,No
526,CA-2016-158792,OFF-FA-10002815,22.2,Low,No
527,CA-2018-113558,FUR-CH-10003379,683.952,High,Yes
528,CA-2018-113558,FUR-FU-10001756,45.696,Low,No
529,US-2016-138303,OFF-ST-10004963,36.336,Low,No
530,US-2016-138303,OFF-SU-10002881,666.248,High,Yes
531,US-2016-138303,OFF-EN-10001335,52.512,Low,No
532,CA-2016-102848,FUR-CH-10000595,190.72,Medium,No
533,US-2018-129441,FUR-FU-10000448,47.94,Low,No
534,CA-2017-168753,TEC-PH-10000984,979.95,High,Yes
535,CA-2017-168753,OFF-BI-10002557,22.75,Low,No
536,CA-2017-126613,OFF-ST-10001325,16.768,Low,No
537,US-2018-122637,OFF-BI-10002429,42.616,Low,No
538,CA-2016-147851,OFF-BI-10004528,10.752,Low,No
539,CA-2016-134894,OFF-AP-10001271,152.94,Medium,No
540,CA-2016-134894,FUR-CH-10002647,283.92,Medium,No
541,CA-2015-140795,TEC-AC-10001432,468.9,Medium,No
542,CA-2017-136924,TEC-PH-10002262,380.864,Medium,No
543,US-2016-120161,OFF-ST-10001809,646.776,High,Yes
544,CA-2015-103849,TEC-AC-10001465,58.112,Low,No
545,CA-2015-103849,TEC-PH-10002597,100.792,Medium,No
546,CA-2015-103849,FUR-FU-10000723,66.112,Low,No
547,CA-2018-162929,OFF-BI-10000404,41.28,Low,No
548,CA-2018-162929,OFF-PA-10002986,13.36,Low,No
549,CA-2016-113173,OFF-ST-10000604,250.272,Medium,No
550,CA-2016-113173,OFF-BI-10004738,11.364,Low,No
551,CA-2016-113173,OFF-SU-10001935,8.72,Low,No
552,CA-2017-136406,FUR-CH-10002024,1121.568,High,Yes
553,CA-2018-112774,FUR-FU-10003039,34.504,Low,No
554,CA-2018-101945,OFF-FA-10004248,10.824,Low,No
555,CA-2018-100650,OFF-ST-10001780,1295.78,High,Yes
556,CA-2015-155852,OFF-AR-10003560,19.456,Low,No
557,CA-2017-113243,OFF-LA-10001297,20.7,Low,No
558,CA-2017-113243,FUR-TA-10004256,1335.68,High,Yes
559,CA-2017-113243,OFF-PA-10003441,32.4,Low,No
560,CA-2018-118731,FUR-FU-10003347,42.6,Low,No
561,CA-2018-118731,OFF-BI-10000069,84.056,Low,No
562,CA-2015-145576,OFF-AP-10003914,13.0,Low,No
563,CA-2015-145576,FUR-FU-10004020,13.128,Low,No
564,CA-2016-130736,OFF-FA-10003467,3.96,Low,No
565,CA-2016-130736,OFF-LA-10000634,2.61,Low,No
566,CA-2018-137099,TEC-PH-10002496,374.376,Medium,No
567,CA-2018-156951,OFF-PA-10004530,91.84,Low,No
568,CA-2018-156951,OFF-BI-10001107,81.088,Low,No
569,CA-2018-156951,OFF-PA-10004451,19.44,Low,No
570,CA-2018-156951,FUR-CH-10004997,451.152,Medium,No
571,CA-2018-164826,OFF-LA-10001297,72.45,Low,No
572,CA-2018-164826,OFF-FA-10000585,13.96,Low,No
573,CA-2018-164826,OFF-BI-10001922,33.264,Low,No
574,CA-2018-164826,TEC-PH-10000347,14.85,Low,No
575,CA-2017-127250,OFF-AR-10003394,8.82,Low,No
576,CA-2016-149713,OFF-PA-10004530,160.72,Medium,No
577,CA-2016-149713,OFF-PA-10001450,19.92,Low,No
578,CA-2016-149713,OFF-SU-10001574,7.3,Low,No
579,CA-2018-118640,OFF-ST-10002974,69.712,Low,No
580,CA-2018-118640,FUR-FU-10001475,8.792,Low,No
581,CA-2016-132906,OFF-SU-10004498,51.52,Low,No
582,CA-2018-145233,TEC-PH-10004977,470.376,Medium,No
583,CA-2018-145233,TEC-PH-10000586,105.584,Medium,No
584,CA-2018-145233,OFF-AP-10000358,31.152,Low,No
585,CA-2018-145233,OFF-BI-10002764,6.783,Low,No
586,CA-2018-145233,TEC-PH-10001254,406.368,Medium,No
587,CA-2016-128139,FUR-CH-10003956,70.98,Low,No
588,CA-2016-128139,OFF-LA-10003930,294.93,Medium,No
589,US-2017-156986,TEC-PH-10003800,84.784,Low,No
590,US-2017-156986,OFF-PA-10002005,20.736,Low,No
591,US-2017-156986,OFF-BI-10002498,16.821,Low,No
592,US-2017-156986,OFF-PA-10004101,10.368,Low,No
593,CA-2015-135405,OFF-AR-10004078,9.344,Low,No
594,CA-2015-135405,TEC-AC-10001266,31.2,Low,No
595,CA-2015-131450,OFF-AP-10004708,76.12,Low,No
596,CA-2015-131450,TEC-CO-10004115,1199.976,High,Yes
597,CA-2015-131450,TEC-PH-10002398,445.96,Medium,No
598,CA-2015-131450,FUR-FU-10001979,327.76,Medium,No
599,CA-2017-120180,OFF-SU-10004115,11.632,Low,No
600,US-2017-100720,TEC-PH-10001425,143.982,Medium,No
601,US-2017-100720,TEC-PH-10003963,494.376,Medium,No
602,US-2017-100720,OFF-SU-10001574,5.84,Low,No
603,CA-2015-149958,OFF-ST-10001490,142.776,Medium,No
604,CA-2015-149958,FUR-FU-10001756,45.696,Low,No
605,CA-2015-149958,OFF-BI-10000773,7.218,Low,No
606,CA-2015-149958,OFF-BI-10001543,43.188,Low,No
607,CA-2015-149958,OFF-PA-10002120,131.904,Medium,No
608,US-2015-105767,OFF-BI-10000848,3.282,Low,No
609,US-2015-105767,OFF-AR-10001246,21.168,Low,No
610,US-2015-105767,TEC-PH-10003092,55.188,Low,No
611,CA-2017-161816,TEC-PH-10003012,369.576,Medium,No
612,CA-2017-161816,OFF-LA-10004345,15.712,Low,No
613,CA-2017-121223,OFF-PA-10001204,8.448,Low,No
614,CA-2017-121223,TEC-PH-10004667,728.946,High,Yes
615,CA-2018-138611,TEC-PH-10000011,119.94,Medium,No
616,CA-2018-138611,OFF-BI-10002949,3.648,Low,No
617,CA-2018-117947,FUR-FU-10003849,40.48,Low,No
618,CA-2018-117947,FUR-FU-10000010,9.94,Low,No
619,CA-2018-117947,OFF-BI-10002824,107.424,Medium,No
620,CA-2018-117947,TEC-PH-10002538,37.91,Low,No
621,CA-2018-117947,FUR-FU-10000521,88.02,Low,No
622,US-2015-111171,OFF-BI-10002103,8.69,Low,No
623,CA-2016-138009,FUR-CH-10004853,301.96,Medium,No
624,CA-2016-138009,OFF-AP-10000179,555.21,High,Yes
625,CA-2016-138009,OFF-ST-10001272,523.48,High,Yes
626,CA-2016-138009,OFF-AR-10004042,161.82,Medium,No
627,CA-2018-163020,FUR-FU-10000221,35.56,Low,No
628,CA-2018-153787,OFF-AP-10001563,97.16,Low,No
629,CA-2018-133431,OFF-BI-10000605,15.24,Low,No
630,CA-2018-133431,OFF-PA-10002615,13.23,Low,No
631,US-2017-135720,OFF-ST-10001963,243.384,Medium,No
632,US-2017-135720,TEC-AC-10001267,119.8,Medium,No
633,US-2017-135720,TEC-PH-10002103,300.768,Medium,No
634,CA-2018-144694,TEC-AC-10002857,17.88,Low,No
635,CA-2018-144694,OFF-LA-10003930,235.944,Medium,No
636,CA-2016-168004,FUR-CH-10001482,392.94,Medium,No
637,US-2017-123470,OFF-BI-10001989,18.882,Low,No
638,US-2017-123470,OFF-AP-10003287,122.328,Medium,No
639,CA-2017-115917,FUR-FU-10000576,1049.2,High,Yes
640,CA-2017-115917,OFF-BI-10004728,15.424,Low,No
641,CA-2017-147067,FUR-FU-10000732,18.84,Low,No
642,CA-2018-167913,OFF-ST-10000585,330.4,Medium,No
643,CA-2018-167913,OFF-LA-10002787,26.25,Low,No
644,CA-2018-106103,TEC-AC-10003832,132.52,Medium,No
645,US-2018-127719,OFF-PA-10001934,6.48,Low,No
646,CA-2018-126221,OFF-AP-10002457,209.3,Medium,No
647,CA-2017-103947,OFF-FA-10003112,31.56,Low,No
648,CA-2017-103947,OFF-AP-10002350,30.144,Low,No
649,CA-2017-160745,FUR-FU-10001935,14.8,Low,No
650,CA-2017-160745,TEC-PH-10003273,302.376,Medium,No
651,CA-2017-160745,TEC-AC-10001142,316.0,Medium,No
652,CA-2017-132661,OFF-PA-10000482,379.4,Medium,No
653,CA-2018-140844,OFF-PA-10003892,97.82,Low,No
654,CA-2018-140844,TEC-AC-10001101,103.12,Medium,No
655,CA-2017-137239,OFF-AP-10002439,113.552,Medium,No
656,CA-2017-137239,OFF-BI-10002827,3.318,Low,No
657,CA-2017-137239,OFF-EN-10002230,134.288,Medium,No
658,US-2017-156097,FUR-CH-10001215,701.372,High,Yes
659,US-2017-156097,OFF-BI-10004654,2.308,Low,No
660,CA-2016-146563,OFF-ST-10001490,999.432,High,Yes
661,CA-2016-146563,OFF-ST-10001511,724.08,High,Yes
662,CA-2016-146563,FUR-TA-10001768,918.785,High,Yes
663,CA-2016-146563,OFF-BI-10003981,2.724,Low,No
664,CA-2017-123666,OFF-ST-10001522,459.95,Medium,No
665,CA-2017-143308,OFF-FA-10000621,10.74,Low,No
666,CA-2018-132682,OFF-SU-10004231,23.76,Low,No
667,CA-2018-132682,OFF-PA-10000474,85.056,Low,No
668,CA-2018-132682,TEC-PH-10004042,381.576,Medium,No
669,CA-2015-156314,FUR-FU-10003096,30.36,Low,No
670,US-2018-106663,FUR-FU-10002759,23.976,Low,No
671,US-2018-106663,FUR-TA-10000688,108.925,Medium,No
672,US-2018-106663,OFF-PA-10002377,36.352,Low,No
673,CA-2018-111178,OFF-AR-10001954,19.56,Low,No
674,CA-2018-130351,OFF-AP-10004532,61.44,Low,No
675,CA-2018-130351,OFF-PA-10002137,38.9,Low,No
676,CA-2018-130351,TEC-AC-10003832,99.39,Low,No
677,US-2018-119438,OFF-AP-10000804,2.688,Low,No
678,US-2018-119438,TEC-AC-10003614,27.816,Low,No
679,US-2018-119438,FUR-FU-10003553,82.524,Low,No
680,US-2018-119438,OFF-BI-10004632,182.994,Medium,No
681,CA-2017-164511,OFF-BI-10003305,14.352,Low,No
682,CA-2017-164511,OFF-ST-10002583,64.96,Low,No
683,CA-2017-164511,OFF-ST-10004507,68.6,Low,No
684,US-2018-168116,TEC-MA-10004125,7999.98,High,Yes
685,US-2018-168116,OFF-AP-10002457,167.44,Medium,No
686,CA-2015-157784,TEC-AC-10003911,479.97,Medium,No
687,CA-2015-157784,OFF-LA-10001934,14.62,Low,No
688,CA-2015-157784,OFF-PA-10000304,19.44,Low,No
689,CA-2018-161480,FUR-BO-10004015,191.984,Medium,No
690,US-2015-117135,FUR-FU-10004071,104.01,Medium,No
691,US-2015-117135,TEC-PH-10002033,284.82,Medium,No
692,US-2015-117135,OFF-ST-10002444,36.84,Low,No
693,CA-2016-131534,TEC-AC-10002253,166.24,Medium,No
694,CA-2016-131534,OFF-PA-10000743,33.4,Low,No
695,CA-2016-119291,OFF-AR-10003373,198.272,Medium,No
696,CA-2016-119291,OFF-LA-10002312,47.36,Low,No
697,CA-2016-119291,OFF-EN-10000927,200.984,Medium,No
698,CA-2016-119291,OFF-LA-10003510,97.696,Low,No
699,CA-2016-119291,OFF-AR-10001118,2.696,Low,No
700,CA-2016-119291,OFF-BI-10001575,18.588,Low,No
701,CA-2016-119291,OFF-BI-10001982,4.896,Low,No
702,CA-2018-114552,FUR-FU-10002960,15.072,Low,No
703,CA-2017-163755,FUR-FU-10003394,209.88,Medium,No
704,CA-2016-142027,FUR-TA-10002774,369.912,Medium,No
705,CA-2015-138527,OFF-PA-10001800,10.368,Low,No
706,CA-2015-138527,OFF-AP-10001469,166.84,Medium,No
707,CA-2015-138527,TEC-AC-10002399,15.216,Low,No
708,CA-2015-112158,TEC-AC-10003628,119.96,Medium,No
709,CA-2015-112158,FUR-BO-10003272,883.92,High,Yes
710,CA-2015-112158,OFF-BI-10000050,46.72,Low,No
711,CA-2015-113887,OFF-PA-10004071,55.48,Low,No
712,CA-2018-146136,OFF-EN-10001219,24.448,Low,No
713,US-2018-100048,OFF-AP-10001154,281.34,Medium,No
714,US-2018-100048,TEC-PH-10003012,307.98,Medium,No
715,US-2018-100048,TEC-AC-10001606,299.97,Medium,No
716,CA-2015-153150,OFF-BI-10003355,19.92,Low,No
717,CA-2015-130092,FUR-FU-10000010,9.94,Low,No
718,CA-2018-108910,FUR-FU-10002253,103.056,Medium,No
719,CA-2015-104472,OFF-BI-10001658,59.808,Low,No
720,CA-2015-104472,FUR-FU-10000246,73.32,Low,No
721,CA-2017-112942,OFF-PA-10004092,146.82,Medium,No
722,CA-2017-142335,FUR-TA-10000198,1652.94,High,Yes
723,CA-2017-142335,OFF-ST-10000036,296.37,Medium,No
724,CA-2015-117429,FUR-FU-10000222,129.92,Medium,No
725,CA-2017-114713,OFF-SU-10004664,45.584,Low,No
726,CA-2018-144113,OFF-EN-10001141,17.568,Low,No
727,CA-2018-144113,TEC-PH-10002170,55.992,Low,No
728,US-2017-150861,OFF-PA-10001954,182.72,Medium,No
729,US-2017-150861,FUR-TA-10002228,400.032,Medium,No
730,US-2017-150861,OFF-ST-10004634,33.63,Low,No
731,US-2017-150861,FUR-CH-10002965,542.646,High,Yes
732,US-2017-150861,OFF-LA-10001317,6.3,Low,No
733,CA-2018-131954,OFF-ST-10000736,242.94,Medium,No
734,CA-2018-131954,TEC-AC-10003610,179.97,Medium,No
735,CA-2018-131954,OFF-BI-10003982,99.696,Low,No
736,CA-2018-131954,OFF-BI-10003291,27.936,Low,No
737,CA-2018-131954,FUR-BO-10001619,84.98,Low,No
738,CA-2018-131954,OFF-BI-10000138,18.72,Low,No
739,CA-2015-132500,TEC-AC-10001383,49.98,Low,No
740,CA-2015-112326,OFF-LA-10003223,11.784,Low,No
741,CA-2015-112326,OFF-ST-10002743,272.736,Medium,No
742,CA-2015-112326,OFF-BI-10004094,3.54,Low,No
743,US-2017-146710,OFF-SU-10004498,51.52,Low,No
744,US-2017-146710,OFF-PA-10002615,3.528,Low,No
745,US-2017-146710,OFF-PA-10004971,4.624,Low,No
746,US-2017-146710,OFF-SU-10004261,55.168,Low,No
747,CA-2015-124429,FUR-TA-10002607,567.12,High,Yes
748,CA-2015-124429,OFF-ST-10001809,359.32,Medium,No
749,CA-2017-150889,TEC-PH-10000004,11.992,Low,No
750,CA-2018-126074,OFF-BI-10003638,58.05,Low,No
751,CA-2018-126074,FUR-FU-10003577,157.74,Medium,No
752,CA-2018-126074,OFF-AR-10003478,56.98,Low,No
753,CA-2018-126074,OFF-BI-10000546,2.88,Low,No
754,CA-2017-110499,TEC-CO-10002095,1199.976,High,Yes
755,CA-2016-135272,FUR-FU-10002759,79.92,Low,No
756,CA-2017-140928,FUR-TA-10001095,383.438,Medium,No
757,CA-2015-106803,OFF-ST-10002444,24.56,Low,No
758,CA-2015-106803,TEC-AC-10001267,119.8,Medium,No
759,CA-2018-117240,OFF-BI-10000848,13.128,Low,No
760,CA-2018-133333,OFF-PA-10002377,22.72,Low,No
761,CA-2016-112319,OFF-PA-10003441,58.32,Low,No
762,CA-2018-126046,OFF-LA-10004484,12.39,Low,No
763,CA-2016-114923,TEC-PH-10003931,107.982,Medium,No
764,CA-2015-162775,OFF-EN-10001990,11.36,Low,No
765,CA-2015-162775,OFF-EN-10001532,50.94,Low,No
766,CA-2015-162775,TEC-AC-10003174,646.74,High,Yes
767,CA-2015-162775,OFF-BI-10004187,5.64,Low,No
768,CA-2015-162775,OFF-ST-10000025,572.58,High,Yes
769,CA-2015-106810,FUR-FU-10004306,310.88,Medium,No
770,CA-2017-157245,FUR-CH-10003746,641.96,High,Yes
771,CA-2018-104220,OFF-BI-10001036,18.28,Low,No
772,CA-2018-104220,TEC-PH-10004614,207.0,Medium,No
773,CA-2018-104220,OFF-BI-10000301,32.35,Low,No
774,CA-2018-104220,OFF-BI-10003910,7.71,Low,No
775,CA-2018-104220,OFF-AR-10004648,40.3,Low,No
776,CA-2018-104220,FUR-FU-10002597,34.58,Low,No
777,CA-2015-165974,OFF-AR-10003405,32.76,Low,No
778,CA-2016-144267,FUR-CH-10002335,544.008,High,Yes
779,CA-2016-144267,OFF-PA-10000157,59.94,Low,No
780,CA-2016-144267,OFF-PA-10001947,23.92,Low,No
781,CA-2016-144267,OFF-PA-10003657,4.28,Low,No
782,US-2016-157014,OFF-BI-10001098,32.07,Low,No
783,US-2016-157014,TEC-AC-10002167,24.0,Low,No
784,US-2016-157014,FUR-BO-10004409,35.49,Low,No
785,US-2016-157014,TEC-AC-10000057,47.984,Low,No
786,CA-2016-154921,OFF-EN-10000056,186.69,Medium,No
787,CA-2018-129567,OFF-BI-10000014,17.456,Low,No
788,CA-2016-154620,FUR-CH-10004675,348.928,Medium,No
789,CA-2016-115938,OFF-BI-10001543,143.96,Medium,No
790,CA-2016-115938,OFF-ST-10001321,15.42,Low,No
791,CA-2016-115938,OFF-BI-10001132,43.04,Low,No
792,CA-2016-115938,FUR-CH-10003199,332.94,Medium,No
793,CA-2017-105256,TEC-PH-10001530,1363.96,High,Yes
794,CA-2015-156433,OFF-LA-10001569,9.96,Low,No
795,CA-2015-156433,OFF-PA-10003724,21.72,Low,No
796,CA-2018-151428,OFF-BI-10000546,20.16,Low,No
797,CA-2016-124653,OFF-PA-10000176,132.79,Medium,No
798,CA-2016-124653,OFF-PA-10002365,12.96,Low,No
799,CA-2016-124653,OFF-LA-10002271,21.56,Low,No
800,CA-2016-101910,FUR-CH-10002647,283.92,Medium,No
801,CA-2018-105809,FUR-FU-10004090,22.23,Low,No
802,CA-2018-105809,TEC-PH-10001580,215.968,Medium,No
803,CA-2017-136133,OFF-AP-10000576,355.32,Medium,No
804,CA-2017-115504,OFF-PA-10003953,12.96,Low,No
805,CA-2018-135783,FUR-FU-10000794,18.28,Low,No
806,CA-2015-134313,OFF-AR-10001897,43.176,Low,No
807,CA-2015-134313,TEC-PH-10001795,1983.968,High,Yes
808,CA-2016-140921,FUR-FU-10003347,28.4,Low,No
809,CA-2016-140921,TEC-AC-10004901,149.97,Medium,No
810,CA-2015-151995,OFF-AR-10003190,11.52,Low,No
811,CA-2015-151995,FUR-TA-10002903,1298.55,High,Yes
812,CA-2015-151995,OFF-AP-10000240,213.92,Medium,No
813,CA-2015-151995,TEC-AC-10001101,25.78,Low,No
814,CA-2018-143686,FUR-FU-10000794,18.28,Low,No
815,CA-2018-143686,TEC-AC-10001838,1399.93,High,Yes
816,CA-2016-106565,OFF-PA-10000061,51.84,Low,No
817,CA-2017-149370,OFF-PA-10003651,5.344,Low,No
818,CA-2015-140858,OFF-PA-10000304,41.472,Low,No
819,CA-2015-140858,OFF-BI-10003094,3.168,Low,No
820,CA-2015-140858,FUR-CH-10001394,1228.465,High,Yes
821,CA-2015-140858,OFF-BI-10004230,31.086,Low,No
822,CA-2015-140858,OFF-PA-10003395,335.52,Medium,No
823,CA-2018-101434,TEC-AC-10002402,239.97,Medium,No
824,CA-2018-101434,OFF-LA-10003223,9.82,Low,No
825,US-2015-102071,TEC-AC-10003441,67.8,Low,No
826,US-2015-102071,TEC-AC-10000109,167.97,Medium,No
827,CA-2018-126956,OFF-FA-10002280,35.0,Low,No
828,CA-2018-126956,OFF-SU-10000381,37.24,Low,No
829,CA-2018-126956,OFF-EN-10004459,15.28,Low,No
830,CA-2018-129462,FUR-CH-10000665,301.96,Medium,No
831,CA-2018-129462,OFF-AP-10003884,180.66,Medium,No
832,CA-2018-129462,TEC-PH-10001557,191.98,Medium,No
833,CA-2018-129462,TEC-PH-10002085,65.99,Low,No
834,CA-2017-165316,OFF-AR-10002956,35.216,Low,No
835,CA-2017-165316,OFF-AP-10003266,23.696,Low,No
836,CA-2017-165316,TEC-MA-10004002,265.475,Medium,No
837,US-2015-115987,OFF-BI-10001071,51.184,Low,No
838,US-2018-156083,OFF-PA-10001560,9.664,Low,No
839,US-2017-137547,TEC-PH-10002365,21.072,Low,No
840,CA-2016-100454,OFF-AR-10004648,60.45,Low,No
841,CA-2016-100454,OFF-AR-10002578,11.52,Low,No
842,CA-2016-100454,FUR-BO-10001519,186.048,Medium,No
843,CA-2017-161669,OFF-BI-10001294,37.44,Low,No
844,CA-2017-161669,OFF-BI-10001636,26.976,Low,No
845,CA-2017-161669,OFF-SU-10002503,11.36,Low,No
846,CA-2017-161669,OFF-LA-10004093,14.62,Low,No
847,CA-2016-114300,TEC-PH-10001552,83.72,Low,No
848,CA-2016-114300,FUR-CH-10001891,287.94,Medium,No
849,CA-2018-107503,FUR-FU-10003878,48.896,Low,No
850,CA-2015-107755,TEC-AC-10000710,115.36,Medium,No
851,CA-2017-152534,OFF-AR-10002335,5.16,Low,No
852,CA-2017-152534,OFF-PA-10001870,38.88,Low,No
853,CA-2017-113747,OFF-AR-10003373,185.88,Medium,No
854,CA-2017-123274,FUR-FU-10004090,44.46,Low,No
855,CA-2017-123274,OFF-ST-10000736,242.94,Medium,No
856,CA-2015-125612,OFF-PA-10001019,39.96,Low,No
857,CA-2015-125612,OFF-SU-10002537,102.3,Medium,No
858,CA-2015-125612,OFF-ST-10003221,21.36,Low,No
859,CA-2018-161984,OFF-PA-10004569,7.61,Low,No
860,CA-2018-161984,OFF-FA-10000624,7.16,Low,No
861,CA-2015-133851,OFF-SU-10001225,7.36,Low,No
862,CA-2015-133851,OFF-AR-10003752,23.1,Low,No
863,CA-2017-134474,TEC-AC-10001714,191.472,Medium,No
864,CA-2017-134474,OFF-AR-10003958,5.248,Low,No
865,CA-2017-134474,TEC-PH-10002923,59.184,Low,No
866,CA-2015-149020,OFF-LA-10004272,2.89,Low,No
867,CA-2015-149020,FUR-FU-10000965,51.94,Low,No
868,CA-2017-134362,OFF-LA-10004853,15.936,Low,No
869,CA-2015-136742,OFF-BI-10003719,44.91,Low,No
870,CA-2017-158099,OFF-BI-10000545,1141.47,High,Yes
871,CA-2017-158099,TEC-PH-10002496,280.782,Medium,No
872,CA-2016-131128,OFF-PA-10003591,34.44,Low,No
873,CA-2015-148488,OFF-PA-10004470,11.36,Low,No
874,CA-2015-148488,OFF-BI-10000315,106.344,Medium,No
875,CA-2018-114636,OFF-PA-10001790,192.16,Medium,No
876,CA-2017-116736,FUR-FU-10004017,322.59,Medium,No
877,CA-2017-116736,TEC-AC-10003628,29.99,Low,No
878,CA-2017-116736,TEC-AC-10002049,371.97,Medium,No
879,US-2015-158638,OFF-BI-10003712,5.892,Low,No
880,CA-2018-111689,OFF-BI-10003984,68.472,Low,No
881,CA-2018-111689,FUR-CH-10004287,1242.9,High,Yes
882,CA-2016-129098,OFF-ST-10001321,30.84,Low,No
883,US-2018-123463,OFF-AR-10001118,13.48,Low,No
884,CA-2017-165148,FUR-FU-10000732,31.4,Low,No
885,CA-2015-134061,FUR-FU-10001424,17.46,Low,No
886,CA-2016-143602,OFF-BI-10002071,13.944,Low,No
887,CA-2018-115364,OFF-ST-10002486,83.76,Low,No
888,CA-2018-150707,OFF-BI-10001078,37.66,Low,No
889,CA-2015-104976,OFF-PA-10003845,34.68,Low,No
890,CA-2018-132934,TEC-AC-10000927,149.95,Medium,No
891,CA-2018-132934,OFF-BI-10001098,51.312,Low,No
892,CA-2018-133256,OFF-PA-10001622,4.54,Low,No
893,CA-2018-133256,OFF-AR-10003158,15.92,Low,No
894,CA-2018-133256,TEC-PH-10002660,543.92,High,Yes
895,CA-2017-105494,OFF-ST-10002205,155.82,Medium,No
896,CA-2017-105494,OFF-BI-10003364,70.008,Low,No
897,CA-2017-140634,OFF-EN-10001099,15.648,Low,No
898,CA-2015-144407,OFF-LA-10003923,103.6,Medium,No
899,CA-2018-160983,OFF-PA-10002250,46.96,Low,No
900,US-2017-114622,OFF-BI-10004716,8.904,Low,No
901,CA-2018-150959,OFF-LA-10001045,10.44,Low,No
902,CA-2018-150959,OFF-BI-10001510,18.336,Low,No
903,CA-2018-132353,TEC-PH-10004536,323.976,Medium,No
904,CA-2017-130477,OFF-PA-10002947,20.04,Low,No
905,CA-2017-130477,OFF-ST-10002583,64.96,Low,No
906,CA-2017-130477,OFF-PA-10000019,12.96,Low,No
907,CA-2018-143259,FUR-BO-10003441,323.136,Medium,No
908,CA-2018-143259,TEC-PH-10004774,90.93,Low,No
909,CA-2018-143259,OFF-BI-10003684,52.776,Low,No
910,CA-2018-137596,TEC-PH-10001494,1199.8,High,Yes
911,CA-2018-137596,TEC-AC-10004666,1928.78,High,Yes
912,CA-2018-137596,OFF-ST-10003816,352.38,Medium,No
913,CA-2016-133627,FUR-FU-10001935,22.2,Low,No
914,CA-2018-102519,FUR-FU-10004091,46.94,Low,No
915,CA-2018-102519,TEC-AC-10001772,143.73,Medium,No
916,US-2015-141215,FUR-TA-10001520,99.918,Low,No
917,US-2015-141215,FUR-CH-10003379,797.944,High,Yes
918,US-2015-141215,OFF-BI-10002706,8.568,Low,No
919,CA-2017-165218,OFF-EN-10000056,149.352,Medium,No
920,CA-2017-165218,OFF-ST-10001558,12.992,Low,No
921,CA-2015-138296,OFF-ST-10002444,24.56,Low,No
922,CA-2016-111164,TEC-AC-10002473,85.14,Low,No
923,CA-2016-111164,TEC-PH-10004531,21.99,Low,No
924,CA-2016-111164,OFF-AP-10004487,406.6,Medium,No
925,CA-2017-149797,OFF-BI-10003650,841.568,High,Yes
926,CA-2015-132962,OFF-PA-10003543,15.552,Low,No
927,CA-2015-132962,TEC-AC-10004353,252.0,Medium,No
928,CA-2016-115091,OFF-AR-10000658,46.2,Low,No
929,CA-2016-115091,OFF-AP-10000696,28.84,Low,No
930,CA-2018-144932,OFF-AR-10003560,14.592,Low,No
931,CA-2018-144932,OFF-AR-10001468,89.856,Low,No
932,CA-2018-144932,OFF-PA-10004971,13.872,Low,No
933,CA-2018-114216,OFF-PA-10002195,12.192,Low,No
934,CA-2017-140081,OFF-PA-10001745,45.056,Low,No
935,CA-2017-140081,OFF-BI-10004826,29.718,Low,No
936,CA-2017-140081,OFF-PA-10001870,15.552,Low,No
937,CA-2017-140081,OFF-AP-10001058,447.696,Medium,No
938,US-2018-111745,TEC-AC-10003911,159.99,Medium,No
939,CA-2016-148250,OFF-PA-10000289,12.96,Low,No
940,CA-2016-148250,OFF-AP-10003040,134.48,Medium,No
941,CA-2017-105760,OFF-PA-10000350,17.12,Low,No
942,CA-2017-142958,OFF-BI-10001759,6.096,Low,No
943,CA-2017-142958,FUR-TA-10000577,1114.272,High,Yes
944,CA-2016-120880,OFF-PA-10004101,32.4,Low,No
945,CA-2016-120880,OFF-ST-10001496,540.57,High,Yes
946,CA-2016-120880,OFF-BI-10002931,167.76,Medium,No
947,US-2016-140200,FUR-TA-10002356,393.165,Medium,No
948,US-2018-110576,FUR-FU-10003601,516.488,High,Yes
949,US-2018-110576,FUR-FU-10000576,1007.232,High,Yes
950,US-2018-110576,FUR-TA-10004154,2065.32,High,Yes
951,US-2018-110576,OFF-PA-10000788,15.552,Low,No
952,US-2018-110576,OFF-PA-10002479,25.344,Low,No
953,CA-2018-131156,FUR-FU-10001940,25.472,Low,No
954,CA-2018-136539,OFF-AR-10001958,27.168,Low,No
955,CA-2018-136539,FUR-BO-10004709,78.8528,Low,No
956,CA-2018-119305,OFF-ST-10000604,173.8,Medium,No
957,CA-2018-102414,TEC-PH-10002923,29.592,Low,No
958,CA-2018-102414,OFF-BI-10004465,4.752,Low,No
959,CA-2018-102414,OFF-PA-10002333,15.552,Low,No
960,CA-2016-112571,FUR-FU-10004188,204.6,Medium,No
961,CA-2018-152142,FUR-CH-10002965,321.568,Medium,No
962,CA-2016-160059,OFF-BI-10000145,6.24,Low,No
963,CA-2017-120859,OFF-EN-10001335,21.88,Low,No
964,CA-2015-127488,OFF-LA-10001613,4.608,Low,No
965,CA-2018-135279,OFF-LA-10004055,9.82,Low,No
966,CA-2018-135279,OFF-AR-10004344,35.97,Low,No
967,CA-2018-135279,OFF-PA-10004621,12.96,Low,No
968,CA-2018-135279,OFF-PA-10001281,191.6,Medium,No
969,CA-2018-135279,OFF-LA-10001613,8.64,Low,No
970,CA-2018-135279,OFF-ST-10001097,501.81,High,Yes
971,CA-2015-115791,FUR-FU-10001095,127.104,Medium,No
972,CA-2015-115791,TEC-PH-10004614,124.2,Medium,No
973,CA-2015-115791,OFF-BI-10001575,18.588,Low,No
974,CA-2015-115791,OFF-LA-10001074,30.072,Low,No
975,US-2018-103247,TEC-PH-10003555,160.93,Medium,No
976,US-2018-103247,OFF-BI-10004492,75.792,Low,No
977,US-2018-100209,OFF-BI-10002012,1.08,Low,No
978,CA-2018-159366,TEC-MA-10000822,3059.982,High,Yes
979,CA-2017-145499,OFF-BI-10000848,3.282,Low,No
980,CA-2016-157035,OFF-PA-10004156,34.02,Low,No
981,CA-2017-144939,FUR-CH-10003199,599.292,High,Yes
982,CA-2015-163419,OFF-AR-10000034,3.392,Low,No
983,CA-2015-163419,TEC-PH-10000560,559.984,High,Yes
984,CA-2015-163419,FUR-CH-10000665,603.92,High,Yes
985,CA-2018-100314,OFF-LA-10001569,7.968,Low,No
986,CA-2018-100314,OFF-EN-10000461,27.968,Low,No
987,CA-2018-100314,TEC-MA-10003066,336.51,Medium,No
988,CA-2016-146829,OFF-BI-10004022,1.112,Low,No
989,CA-2018-167899,FUR-FU-10004071,520.05,High,Yes
990,CA-2018-167899,OFF-AR-10001988,17.97,Low,No
991,CA-2016-153549,FUR-CH-10004086,1166.92,High,Yes
992,CA-2017-110023,OFF-BI-10001036,14.624,Low,No
993,CA-2017-105585,OFF-FA-10002983,10.23,Low,No
994,CA-2017-105585,OFF-PA-10003625,154.9,Medium,No
995,CA-2015-117639,OFF-BI-10003925,2715.93,High,Yes
996,CA-2015-117639,TEC-PH-10001530,617.97,High,Yes
997,CA-2016-162537,OFF-EN-10003862,10.67,Low,No
998,CA-2016-162537,OFF-ST-10004258,36.63,Low,No
999,CA-2016-162537,FUR-FU-10002885,24.1,Low,No
1000,CA-2016-162537,FUR-FU-10001918,33.11,Low,No
1001,CA-2017-155488,OFF-AR-10002956,44.02,Low,No
1002,CA-2016-124891,TEC-AC-10003033,2309.65,High,Yes
1003,CA-2016-124891,FUR-TA-10002903,1090.782,High,Yes
1004,CA-2016-124891,OFF-PA-10004621,19.44,Low,No
1005,CA-2016-126445,OFF-ST-10000046,484.65,Medium,No
1006,CA-2016-111199,OFF-PA-10001790,115.296,Medium,No
1007,CA-2016-105312,OFF-EN-10002600,7.08,Low,No
1008,CA-2016-105312,OFF-BI-10002049,4.401,Low,No
1009,US-2018-106705,OFF-PA-10001509,44.75,Low,No
1010,CA-2018-135034,TEC-PH-10003931,95.984,Low,No
1011,CA-2015-158540,FUR-FU-10001602,151.72,Medium,No
1012,CA-2018-118437,FUR-FU-10004848,155.25,Medium,No
1013,CA-2018-118437,OFF-ST-10003722,14.03,Low,No
1014,US-2016-126214,FUR-TA-10003748,1618.37,High,Yes
1015,US-2016-126214,TEC-AC-10003198,99.6,Low,No
1016,CA-2016-133025,OFF-PA-10004100,32.4,Low,No
1017,CA-2016-108665,FUR-FU-10002191,13.96,Low,No
1018,CA-2016-108665,FUR-FU-10000965,155.82,Medium,No
1019,CA-2016-108665,TEC-PH-10004188,124.95,Medium,No
1020,CA-2016-108665,OFF-ST-10001526,601.65,High,Yes
1021,CA-2016-124450,OFF-AR-10001166,22.74,Low,No
1022,CA-2016-124450,FUR-CH-10000309,1267.53,High,Yes
1023,CA-2016-124450,TEC-MA-10004212,1379.92,High,Yes
1024,CA-2016-167269,OFF-EN-10003072,6.208,Low,No
1025,CA-2018-106964,OFF-BI-10000320,11.808,Low,No
1026,CA-2017-126529,OFF-PA-10001166,15.552,Low,No
1027,CA-2017-126529,OFF-PA-10003656,63.312,Low,No
1028,CA-2017-126529,TEC-PH-10000148,15.588,Low,No
1029,CA-2015-163552,OFF-PA-10000474,177.2,Medium,No
1030,CA-2015-163552,TEC-PH-10003885,197.97,Medium,No
1031,CA-2015-163552,FUR-CH-10003379,854.94,High,Yes
1032,CA-2015-163552,FUR-FU-10000629,124.11,Medium,No
1033,CA-2015-163552,OFF-LA-10001175,14.4,Low,No
1034,CA-2017-109820,OFF-PA-10000955,15.696,Low,No
1035,CA-2017-109820,OFF-BI-10003460,2.628,Low,No
1036,CA-2017-109820,OFF-BI-10000474,14.427,Low,No
1037,CA-2017-113061,FUR-FU-10003975,86.62,Low,No
1038,CA-2016-127418,OFF-BI-10003707,36.624,Low,No
1039,CA-2018-121818,OFF-AR-10000203,23.968,Low,No
1040,CA-2018-121818,OFF-AR-10004790,28.728,Low,No
1041,CA-2017-127670,FUR-TA-10001095,697.16,High,Yes
1042,CA-2017-102981,TEC-AC-10004761,31.86,Low,No
1043,CA-2017-102981,FUR-BO-10001811,722.352,High,Yes
1044,CA-2018-115651,OFF-AR-10001130,8.84,Low,No
1045,CA-2018-115651,OFF-AP-10000055,58.464,Low,No
1046,CA-2018-152702,FUR-CH-10002304,254.604,Medium,No
1047,CA-2017-169103,TEC-PH-10001530,1363.96,High,Yes
1048,CA-2017-169103,FUR-FU-10004006,102.36,Medium,No
1049,CA-2015-139192,TEC-PH-10000486,1113.504,High,Yes
1050,CA-2015-139192,TEC-AC-10001606,99.99,Low,No
1051,US-2016-153500,FUR-FU-10000293,168.464,Medium,No
1052,US-2016-153500,OFF-PA-10001307,6.72,Low,No
1053,US-2016-153500,FUR-FU-10004460,282.888,Medium,No
1054,CA-2016-110667,OFF-AR-10000716,11.16,Low,No
1055,CA-2016-110667,FUR-FU-10004622,108.4,Medium,No
1056,CA-2016-110667,OFF-BI-10002735,82.344,Low,No
1057,CA-2016-110667,OFF-BI-10003529,9.088,Low,No
1058,CA-2018-167150,OFF-BI-10001097,19.936,Low,No
1059,CA-2018-167150,OFF-BI-10001597,65.568,Low,No
1060,CA-2017-105284,OFF-FA-10001754,4.416,Low,No
1061,US-2016-125374,FUR-CH-10003396,107.772,Medium,No
1062,CA-2016-161263,OFF-AP-10002350,45.216,Low,No
1063,CA-2016-161263,OFF-FA-10004838,10.416,Low,No
1064,CA-2016-161263,OFF-AR-10004757,7.872,Low,No
1065,CA-2016-161263,TEC-PH-10002115,118.782,Medium,No
1066,CA-2016-161263,OFF-FA-10003059,1.448,Low,No
1067,CA-2016-161263,OFF-BI-10004330,55.47,Low,No
1068,CA-2017-157686,FUR-CH-10001146,194.848,Medium,No
1069,US-2018-139955,OFF-SU-10001935,1.744,Low,No
1070,US-2016-150161,OFF-BI-10001524,25.176,Low,No
1071,CA-2016-144652,OFF-AR-10003732,19.46,Low,No
1072,CA-2017-152814,OFF-PA-10001970,29.472,Low,No
1073,CA-2018-106943,OFF-BI-10003669,8.64,Low,No
1074,CA-2017-134348,OFF-BI-10003727,6.27,Low,No
1075,CA-2017-134348,OFF-BI-10004967,4.368,Low,No
1076,CA-2017-134348,TEC-AC-10003447,31.984,Low,No
1077,CA-2017-161781,OFF-AR-10000255,40.88,Low,No
1078,CA-2018-132521,OFF-AP-10002191,119.96,Medium,No
1079,CA-2018-132521,OFF-ST-10001325,31.44,Low,No
1080,CA-2018-132521,OFF-BI-10000404,6.88,Low,No
1081,CA-2016-110016,OFF-PA-10000349,19.92,Low,No
1082,CA-2016-110016,FUR-CH-10002880,1106.91,High,Yes
1083,US-2017-143819,FUR-TA-10001095,836.592,High,Yes
1084,US-2017-143819,OFF-PA-10003127,26.38,Low,No
1085,US-2017-143819,OFF-ST-10003208,362.92,Medium,No
1086,US-2017-143819,TEC-MA-10003979,4899.93,High,Yes
1087,CA-2017-167584,OFF-PA-10000029,6.48,Low,No
1088,CA-2017-166163,TEC-PH-10004896,71.976,Low,No
1089,CA-2017-166163,OFF-LA-10000452,3.15,Low,No
1090,CA-2018-158407,FUR-FU-10001967,31.984,Low,No
1091,CA-2018-158407,TEC-PH-10001819,71.984,Low,No
1092,CA-2016-143490,OFF-AR-10002952,120.15,Medium,No
1093,CA-2016-143490,TEC-PH-10000576,219.184,Medium,No
1094,CA-2016-165085,OFF-PA-10000605,28.9,Low,No
1095,CA-2016-165085,OFF-AP-10002518,355.96,Medium,No
1096,CA-2018-160423,OFF-ST-10004340,348.208,Medium,No
1097,CA-2018-160423,OFF-BI-10004001,35.784,Low,No
1098,CA-2015-159338,FUR-TA-10004147,447.84,Medium,No
1099,CA-2017-107216,OFF-AR-10001545,7.04,Low,No
1100,CA-2017-107216,FUR-FU-10000206,8.73,Low,No
1101,CA-2017-107216,TEC-AC-10001013,29.29,Low,No
1102,CA-2017-107216,OFF-AR-10002255,8.64,Low,No
1103,US-2018-145863,OFF-BI-10004140,2.694,Low,No
1104,US-2018-145863,OFF-BI-10002049,2.934,Low,No
1105,CA-2017-112340,OFF-PA-10001892,22.92,Low,No
1106,US-2017-110156,OFF-ST-10000642,100.704,Medium,No
1107,US-2017-110156,FUR-FU-10000206,2.328,Low,No
1108,US-2017-110156,OFF-BI-10003676,10.78,Low,No
1109,US-2017-110156,OFF-FA-10003495,58.368,Low,No
1110,US-2017-110156,OFF-EN-10003798,40.968,Low,No
1111,US-2017-110156,TEC-PH-10003589,71.96,Low,No
1112,US-2017-110156,OFF-PA-10004735,10.368,Low,No
1113,US-2017-110156,OFF-BI-10002609,1.192,Low,No
1114,CA-2018-140585,OFF-BI-10003364,46.672,Low,No
1115,CA-2018-140585,FUR-BO-10002206,119.833,Medium,No
1116,CA-2018-140585,TEC-AC-10003610,119.98,Medium,No
1117,CA-2017-144855,OFF-LA-10003766,6.3,Low,No
1118,CA-2016-142755,OFF-PA-10001970,279.9,Medium,No
1119,CA-2016-142755,TEC-AC-10002049,619.95,High,Yes
1120,CA-2016-142755,OFF-PA-10000141,4.36,Low,No
1121,CA-2016-142755,OFF-EN-10004459,15.28,Low,No
1122,US-2015-147627,TEC-PH-10001061,699.93,High,Yes
1123,US-2015-147627,OFF-AR-10002375,22.96,Low,No
1124,US-2015-147627,FUR-FU-10003194,38.6,Low,No
1125,US-2015-147627,OFF-AR-10003811,6.63,Low,No
1126,US-2015-147627,OFF-EN-10001539,23.34,Low,No
1127,US-2015-147627,FUR-CH-10002331,1067.94,High,Yes
1128,CA-2016-105970,OFF-AR-10003156,10.16,Low,No
1129,CA-2016-105970,OFF-EN-10001532,101.88,Medium,No
1130,CA-2017-112102,FUR-TA-10004086,343.92,Medium,No
1131,CA-2017-112102,OFF-PA-10000100,40.99,Low,No
1132,CA-2017-112102,OFF-EN-10002500,63.9,Low,No
1133,US-2017-114776,OFF-PA-10004100,19.44,Low,No
1134,US-2017-134908,OFF-ST-10003479,124.608,Medium,No
1135,US-2017-134908,OFF-LA-10000973,7.56,Low,No
1136,US-2017-148803,OFF-ST-10001476,85.224,Low,No
1137,CA-2017-152170,OFF-EN-10002831,287.52,Medium,No
1138,CA-2017-152170,OFF-AP-10002350,37.68,Low,No
1139,CA-2017-152170,OFF-PA-10001763,19.98,Low,No
1140,CA-2017-152170,OFF-AR-10003394,20.58,Low,No
1141,CA-2017-152170,OFF-BI-10002072,17.38,Low,No
1142,CA-2015-146969,FUR-FU-10004188,204.6,Medium,No
1143,CA-2015-146969,OFF-FA-10001561,8.72,Low,No
1144,CA-2015-146969,OFF-PA-10002105,6.48,Low,No
1145,CA-2015-146969,TEC-MA-10004241,686.32,High,Yes
1146,CA-2015-146969,OFF-ST-10004340,62.18,Low,No
1147,CA-2016-112452,OFF-AP-10003849,644.076,High,Yes
1148,CA-2016-112452,OFF-FA-10000735,5.84,Low,No
1149,CA-2016-112452,OFF-BI-10003350,12.76,Low,No
1150,CA-2016-112452,TEC-PH-10000307,10.95,Low,No
1151,CA-2016-112452,TEC-CO-10004202,599.98,High,Yes
1152,CA-2016-113971,FUR-FU-10001852,8.352,Low,No
1153,CA-2017-160395,OFF-AR-10003759,3.64,Low,No
1154,CA-2017-160395,OFF-BI-10003984,159.768,Medium,No
1155,CA-2015-136567,OFF-ST-10004337,122.48,Medium,No
1156,CA-2015-136567,FUR-TA-10001932,2244.48,High,Yes
1157,CA-2015-136567,OFF-BI-10003982,62.31,Low,No
1158,CA-2015-136567,FUR-TA-10000617,455.1,Medium,No
1159,CA-2017-149314,FUR-CH-10002126,195.184,Medium,No
1160,CA-2018-147039,OFF-AP-10000576,362.94,Medium,No
1161,CA-2018-147039,OFF-BI-10004654,11.54,Low,No
1162,CA-2015-126522,OFF-AR-10004042,53.94,Low,No
1163,CA-2015-127964,TEC-PH-10004700,9.99,Low,No
1164,CA-2015-127964,OFF-BI-10004593,125.76,Medium,No
1165,CA-2015-127964,OFF-BI-10003429,25.32,Low,No
1166,CA-2015-117709,OFF-BI-10001294,46.8,Low,No
1167,CA-2016-125416,TEC-AC-10001552,447.93,Medium,No
1168,CA-2018-145226,FUR-FU-10004952,109.48,Medium,No
1169,CA-2018-145226,OFF-ST-10004123,272.94,Medium,No
1170,CA-2018-145226,OFF-PA-10003172,19.44,Low,No
1171,CA-2018-145226,OFF-ST-10002352,31.92,Low,No
1172,US-2015-100279,OFF-PA-10002259,22.38,Low,No
1173,CA-2015-158064,OFF-BI-10002976,16.52,Low,No
1174,US-2016-104430,OFF-BI-10000301,5.176,Low,No
1175,CA-2016-132080,OFF-BI-10003694,50.112,Low,No
1176,CA-2017-161207,OFF-SU-10000381,27.93,Low,No
1177,CA-2015-120243,OFF-LA-10004425,11.56,Low,No
1178,CA-2017-113621,FUR-CH-10001270,172.5,Medium,No
1179,CA-2017-113621,TEC-PH-10003931,179.97,Medium,No
1180,CA-2017-168081,TEC-AC-10003174,258.696,Medium,No
1181,CA-2015-128146,TEC-PH-10004539,1322.93,High,Yes
1182,CA-2015-128146,OFF-AR-10001919,3.76,Low,No
1183,CA-2018-138779,OFF-EN-10002504,21.744,Low,No
1184,CA-2018-138779,TEC-PH-10003655,7.92,Low,No
1185,CA-2015-127131,OFF-BI-10004656,12.096,Low,No
1186,CA-2015-127131,OFF-ST-10002344,485.88,Medium,No
1187,CA-2015-127131,OFF-PA-10001800,25.92,Low,No
1188,CA-2015-127131,OFF-ST-10000036,197.58,Medium,No
1189,CA-2018-117212,OFF-AP-10004532,81.92,Low,No
1190,CA-2018-117212,TEC-PH-10004447,889.536,High,Yes
1191,CA-2018-117212,FUR-CH-10003973,892.224,High,Yes
1192,CA-2018-117212,OFF-PA-10001970,223.92,Medium,No
1193,CA-2018-117212,OFF-PA-10000682,23.12,Low,No
1194,US-2016-130519,OFF-PA-10001937,15.552,Low,No
1195,US-2016-130519,FUR-FU-10002268,15.712,Low,No
1196,US-2016-130519,OFF-ST-10001321,24.672,Low,No
1197,US-2016-130519,FUR-FU-10003394,55.968,Low,No
1198,CA-2017-130946,TEC-AC-10001990,431.928,Medium,No
1199,CA-2017-130946,FUR-CH-10004540,95.984,Low,No
1200,CA-2017-130946,OFF-BI-10004995,1088.792,High,Yes
1201,CA-2017-114727,FUR-CH-10002335,544.008,High,Yes
1202,CA-2017-114727,OFF-BI-10004967,1.872,Low,No
1203,CA-2017-114727,FUR-CH-10002331,854.352,High,Yes
1204,CA-2017-114727,OFF-ST-10002292,593.568,High,Yes
1205,CA-2017-114727,OFF-ST-10000689,338.04,Medium,No
1206,CA-2018-133235,TEC-PH-10002660,271.96,Medium,No
1207,CA-2017-137050,OFF-ST-10004634,11.21,Low,No
1208,CA-2017-137050,OFF-BI-10002160,9.144,Low,No
1209,CA-2017-137050,OFF-FA-10002988,14.07,Low,No
1210,CA-2017-137050,OFF-AR-10004999,41.86,Low,No
1211,CA-2017-137050,OFF-BI-10001031,8.544,Low,No
1212,CA-2017-137050,FUR-BO-10004695,579.136,High,Yes
1213,US-2018-118087,FUR-CH-10004860,141.372,Medium,No
1214,US-2018-118087,OFF-BI-10002432,3.036,Low,No
1215,US-2018-118087,OFF-BI-10000069,4.503,Low,No
1216,US-2018-118087,OFF-AR-10003602,4.672,Low,No
1217,US-2018-118087,TEC-AC-10004469,95.88,Low,No
1218,US-2018-118087,FUR-FU-10001867,17.024,Low,No
1219,US-2018-118087,TEC-AC-10003174,258.696,Medium,No
1220,US-2018-118087,TEC-PH-10002200,1931.958,High,Yes
1221,CA-2015-110184,OFF-ST-10000107,249.75,Medium,No
1222,CA-2015-110184,TEC-PH-10000439,255.936,Medium,No
1223,CA-2017-126004,FUR-FU-10001602,113.79,Medium,No
1224,CA-2017-126004,TEC-AC-10001432,78.15,Low,No
1225,CA-2017-126004,OFF-BI-10004656,1.728,Low,No
1226,CA-2017-126004,OFF-PA-10001685,40.56,Low,No
1227,CA-2017-126004,OFF-ST-10001418,182.94,Medium,No
1228,CA-2017-126004,OFF-ST-10000676,193.86,Medium,No
1229,CA-2018-100013,OFF-EN-10001219,15.28,Low,No
1230,CA-2018-100013,FUR-FU-10001424,8.73,Low,No
1231,CA-2018-100013,OFF-AR-10001022,5.68,Low,No
1232,CA-2016-132570,OFF-AR-10000369,2.78,Low,No
1233,CA-2016-132570,OFF-EN-10003055,79.96,Low,No
1234,CA-2017-153682,TEC-CO-10001046,839.988,High,Yes
1235,CA-2017-144344,FUR-FU-10000076,47.952,Low,No
1236,CA-2017-144344,OFF-BI-10003719,37.425,Low,No
1237,CA-2017-144344,FUR-FU-10003268,63.968,Low,No
1238,CA-2017-144344,FUR-FU-10003553,165.048,Medium,No
1239,CA-2015-127012,FUR-FU-10003691,12.35,Low,No
1240,CA-2015-127012,OFF-AR-10003903,40.97,Low,No
1241,CA-2015-127012,OFF-FA-10004854,22.96,Low,No
1242,CA-2017-128727,TEC-PH-10003442,22.0,Low,No
1243,US-2017-162859,OFF-BI-10004519,398.352,Medium,No
1244,US-2017-162859,OFF-FA-10000304,8.72,Low,No
1245,CA-2018-133641,OFF-EN-10004955,48.69,Low,No
1246,CA-2015-168494,FUR-TA-10004619,764.688,High,Yes
1247,CA-2015-168494,FUR-TA-10003473,3610.848,High,Yes
1248,CA-2015-168494,FUR-BO-10004467,254.9745,Medium,No
1249,CA-2018-115602,OFF-AR-10002280,38.82,Low,No
1250,CA-2018-115602,FUR-CH-10001708,1141.938,High,Yes
1251,CA-2018-115602,OFF-AP-10000891,1704.56,High,Yes
1252,CA-2018-115602,OFF-AR-10000462,3.2,Low,No
1253,CA-2016-154956,TEC-PH-10004165,1099.96,High,Yes
1254,CA-2018-144638,OFF-AR-10003958,5.248,Low,No
1255,CA-2018-144638,TEC-PH-10000149,35.91,Low,No
1256,CA-2018-144638,FUR-FU-10003724,6.696,Low,No
1257,CA-2018-144638,FUR-FU-10003535,43.872,Low,No
1258,US-2017-168620,OFF-BI-10001575,27.882,Low,No
1259,US-2017-168620,OFF-ST-10003716,540.048,High,Yes
1260,US-2017-168620,TEC-AC-10004469,255.68,Medium,No
1261,CA-2018-117079,TEC-PH-10004586,863.88,High,Yes
1262,US-2017-144393,OFF-BI-10004236,17.616,Low,No
1263,CA-2018-105053,OFF-BI-10001634,17.472,Low,No
1264,CA-2017-155992,TEC-PH-10000215,69.9,Low,No
1265,CA-2017-155992,FUR-FU-10003724,41.85,Low,No
1266,CA-2018-110380,OFF-AR-10000422,6.57,Low,No
1267,US-2015-167738,OFF-ST-10003306,142.86,Medium,No
1268,US-2015-167738,FUR-CH-10001146,292.272,Medium,No
1269,CA-2018-121412,FUR-FU-10000246,29.328,Low,No
1270,CA-2018-100426,OFF-PA-10002870,12.48,Low,No
1271,US-2017-103646,OFF-ST-10000563,102.336,Medium,No
1272,US-2017-103646,OFF-AP-10004487,48.792,Low,No
1273,US-2017-103646,OFF-BI-10002854,44.848,Low,No
1274,CA-2017-119186,OFF-PA-10004621,10.368,Low,No
1275,CA-2017-119186,FUR-CH-10001973,388.43,Medium,No
1276,CA-2017-119186,OFF-PA-10004040,14.352,Low,No
1277,CA-2017-119186,TEC-AC-10000580,63.992,Low,No
1278,CA-2017-148698,OFF-AR-10004022,86.352,Low,No
1279,CA-2015-163293,TEC-AC-10004209,32.97,Low,No
1280,CA-2015-163293,TEC-AC-10000023,83.88,Low,No
1281,CA-2017-160815,TEC-PH-10003505,278.4,Medium,No
1282,CA-2018-122154,OFF-LA-10000121,15.12,Low,No
1283,CA-2018-122154,OFF-BI-10002026,17.43,Low,No
1284,CA-2018-122154,OFF-PA-10000994,251.64,Medium,No
1285,US-2016-149692,OFF-BI-10002813,2.772,Low,No
1286,CA-2017-119445,OFF-ST-10000617,14.9,Low,No
1287,CA-2016-124268,OFF-AR-10004817,15.48,Low,No
1288,CA-2017-154711,FUR-FU-10000397,39.88,Low,No
1289,CA-2017-154711,OFF-BI-10000605,12.192,Low,No
1290,CA-2017-154711,OFF-AR-10001860,20.82,Low,No
1291,CA-2017-163384,OFF-BI-10004970,13.216,Low,No
1292,CA-2017-163384,OFF-PA-10003172,32.4,Low,No
1293,CA-2016-101707,OFF-SU-10001218,32.94,Low,No
1294,CA-2016-101707,OFF-PA-10002968,114.2,Medium,No
1295,CA-2016-101707,OFF-LA-10000134,3.08,Low,No
1296,CA-2016-138898,OFF-AP-10004487,845.728,High,Yes
1297,CA-2018-115427,OFF-BI-10002103,13.904,Low,No
1298,CA-2018-115427,OFF-BI-10004632,20.72,Low,No
1299,CA-2017-134425,TEC-PH-10003555,114.95,Medium,No
1300,CA-2016-121391,OFF-ST-10001590,26.96,Low,No
1301,CA-2017-137043,FUR-FU-10003664,572.76,High,Yes
1302,CA-2017-137043,FUR-FU-10003664,286.38,Medium,No
1303,CA-2016-115847,FUR-BO-10003433,61.96,Low,No
1304,US-2018-126179,FUR-FU-10002554,23.99,Low,No
1305,US-2018-126179,TEC-PH-10001557,287.97,Medium,No
1306,CA-2017-101966,TEC-PH-10003437,419.944,Medium,No
1307,CA-2017-141397,OFF-PA-10002986,46.76,Low,No
1308,CA-2017-141397,OFF-BI-10000320,17.712,Low,No
1309,CA-2017-141397,OFF-AP-10003971,21.78,Low,No
1310,CA-2017-141397,OFF-ST-10001469,161.94,Medium,No
1311,CA-2017-141397,FUR-CH-10003846,161.568,Medium,No
1312,CA-2017-141082,OFF-LA-10001404,3.69,Low,No
1313,CA-2017-141082,OFF-LA-10001474,122.12,Medium,No
1314,US-2017-134488,FUR-CH-10003199,155.372,Medium,No
1315,CA-2017-145919,OFF-PA-10003072,38.88,Low,No
1316,CA-2017-145919,FUR-FU-10004960,183.84,Medium,No
1317,CA-2017-145919,OFF-SU-10003505,579.3,High,Yes
1318,CA-2018-157651,TEC-AC-10003116,14.2,Low,No
1319,CA-2015-160773,TEC-PH-10004586,575.92,High,Yes
1320,CA-2015-160773,OFF-BI-10000546,5.184,Low,No
1321,CA-2018-167703,OFF-BI-10002071,5.229,Low,No
1322,CA-2018-167703,OFF-ST-10001490,285.552,Medium,No
1323,CA-2018-121804,OFF-AP-10004859,72.8,Low,No
1324,CA-2018-162635,OFF-PA-10002659,10.816,Low,No
1325,CA-2015-107153,OFF-ST-10001321,46.26,Low,No
1326,US-2015-117058,OFF-BI-10004139,17.46,Low,No
1327,CA-2016-120439,FUR-FU-10001867,51.072,Low,No
1328,CA-2017-128258,OFF-PA-10004156,11.34,Low,No
1329,CA-2018-106033,OFF-AR-10002818,87.92,Low,No
1330,CA-2017-142762,FUR-FU-10003691,37.05,Low,No
1331,CA-2018-127705,TEC-PH-10000347,2.97,Low,No
1332,CA-2018-127705,OFF-ST-10004507,27.44,Low,No
1333,CA-2015-122567,OFF-BI-10002012,1.08,Low,No
1334,CA-2015-122567,OFF-AP-10001303,7.96,Low,No
1335,CA-2015-121664,OFF-BI-10003684,140.736,Medium,No
1336,CA-2017-122133,OFF-ST-10002574,552.56,High,Yes
1337,US-2018-123281,FUR-FU-10003724,25.11,Low,No
1338,CA-2018-100524,FUR-FU-10004018,29.78,Low,No
1339,CA-2018-100524,TEC-PH-10002549,677.58,High,Yes
1340,CA-2018-100524,OFF-PA-10004911,75.04,Low,No
1341,CA-2018-113481,TEC-MA-10002178,695.7,High,Yes
1342,CA-2018-113481,OFF-BI-10003694,15.66,Low,No
1343,CA-2018-113481,OFF-BI-10000474,28.854,Low,No
1344,CA-2016-131758,OFF-AR-10000411,47.82,Low,No
1345,CA-2016-131758,OFF-LA-10000262,13.05,Low,No
1346,CA-2015-118339,OFF-AP-10001154,93.78,Low,No
1347,CA-2015-118339,OFF-PA-10000466,47.18,Low,No
1348,CA-2015-118339,OFF-AR-10003829,19.68,Low,No
1349,CA-2015-118339,OFF-BI-10001758,53.4,Low,No
1350,CA-2015-118339,OFF-BI-10000136,35.88,Low,No
1351,CA-2015-153976,FUR-CH-10002880,258.279,Medium,No
1352,CA-2017-162901,OFF-ST-10000649,31.4,Low,No
1353,CA-2018-162978,TEC-PH-10003092,183.96,Medium,No
1354,CA-2018-162978,OFF-PA-10002250,17.61,Low,No
1355,CA-2018-162978,FUR-TA-10003473,300.904,Medium,No
1356,US-2015-160444,OFF-ST-10001522,220.776,Medium,No
1357,US-2015-160444,OFF-ST-10000563,281.424,Medium,No
1358,CA-2017-145247,OFF-PA-10003641,79.14,Low,No
1359,CA-2018-160045,FUR-FU-10000010,1.988,Low,No
1360,US-2015-151925,FUR-CH-10002961,145.568,Medium,No
1361,CA-2018-125199,OFF-AR-10002956,123.256,Medium,No
1362,CA-2018-125199,OFF-PA-10004041,23.68,Low,No
1363,CA-2018-125199,TEC-PH-10001336,309.576,Medium,No
1364,US-2018-155425,OFF-BI-10001036,38.388,Low,No
1365,US-2018-155425,TEC-MA-10003183,95.994,Low,No
1366,US-2018-155425,TEC-AC-10001314,239.952,Medium,No
1367,US-2018-155425,TEC-PH-10002563,201.584,Medium,No
1368,US-2018-155425,FUR-CH-10003312,899.136,High,Yes
1369,CA-2018-133249,FUR-FU-10001588,145.9,Medium,No
1370,US-2016-103471,FUR-BO-10002613,590.058,High,Yes
1371,US-2016-103471,OFF-AR-10003405,14.04,Low,No
1372,CA-2018-136672,TEC-AC-10004510,49.08,Low,No
1373,US-2015-157021,OFF-LA-10002312,29.6,Low,No
1374,US-2015-157021,OFF-BI-10000042,17.088,Low,No
1375,CA-2016-120362,FUR-TA-10003008,912.75,High,Yes
1376,CA-2015-126361,OFF-AP-10003590,1089.75,High,Yes
1377,CA-2015-126361,OFF-PA-10000806,447.84,Medium,No
1378,CA-2015-126361,OFF-AR-10000896,16.4,Low,No
1379,CA-2015-126361,TEC-PH-10002310,399.96,Medium,No
1380,CA-2015-126361,OFF-ST-10002289,158.9,Medium,No
1381,CA-2015-126361,OFF-BI-10002852,13.184,Low,No
1382,US-2017-100566,FUR-FU-10003394,83.952,Low,No
1383,US-2017-108504,OFF-ST-10002344,80.98,Low,No
1384,US-2017-108504,OFF-PA-10001289,348.84,Medium,No
1385,US-2017-108504,OFF-FA-10000053,9.45,Low,No
1386,US-2017-108504,FUR-FU-10004091,18.84,Low,No
1387,US-2017-108504,FUR-BO-10004015,239.98,Medium,No
1388,US-2017-108504,OFF-EN-10003001,167.96,Medium,No
1389,US-2017-108504,TEC-PH-10000215,104.85,Medium,No
1390,US-2017-108504,TEC-PH-10003645,484.83,Medium,No
1391,US-2017-108504,OFF-PA-10000357,122.97,Medium,No
1392,US-2017-108504,OFF-ST-10004804,154.44,Medium,No
1393,US-2017-108504,OFF-PA-10003892,342.37,Medium,No
1394,CA-2018-124828,OFF-AR-10003514,9.552,Low,No
1395,US-2018-117247,FUR-TA-10002958,652.45,High,Yes
1396,US-2018-117247,FUR-TA-10001676,66.645,Low,No
1397,CA-2017-124485,OFF-BI-10000822,17.216,Low,No
1398,CA-2017-124485,OFF-PA-10004971,11.56,Low,No
1399,CA-2017-124485,TEC-AC-10002323,88.4,Low,No
1400,CA-2017-124485,OFF-PA-10004888,6.48,Low,No
1401,CA-2017-159212,TEC-PH-10003988,21.8,Low,No
1402,CA-2017-159212,OFF-EN-10002230,251.79,Medium,No
1403,US-2017-161396,FUR-TA-10002622,205.176,Medium,No
1404,US-2017-161396,OFF-PA-10000418,419.4,Medium,No
1405,US-2015-118486,OFF-SU-10004498,10.304,Low,No
1406,US-2015-118486,FUR-TA-10001039,154.764,Medium,No
1407,US-2015-118486,TEC-AC-10004659,116.784,Medium,No
1408,CA-2017-130407,OFF-AR-10002240,75.48,Low,No
1409,CA-2017-130407,FUR-FU-10001967,39.98,Low,No
1410,US-2017-122245,FUR-TA-10002356,393.165,Medium,No
1411,CA-2018-105144,OFF-LA-10003923,23.68,Low,No
1412,CA-2017-136329,FUR-CH-10002335,408.006,Medium,No
1413,CA-2017-136329,FUR-FU-10000723,165.28,Medium,No
1414,CA-2015-146640,OFF-BI-10002867,334.768,Medium,No
1415,CA-2018-115994,TEC-AC-10000580,239.97,Medium,No
1416,CA-2018-115994,FUR-FU-10003976,37.74,Low,No
1417,CA-2016-126697,TEC-PH-10002922,946.344,High,Yes
1418,CA-2016-126697,TEC-AC-10004353,151.2,Medium,No
1419,CA-2016-126697,FUR-FU-10001706,4.928,Low,No
1420,CA-2016-124800,OFF-PA-10000501,86.272,Low,No
1421,CA-2016-124800,OFF-BI-10000778,72.588,Low,No
1422,CA-2016-124800,OFF-AP-10004980,60.672,Low,No
1423,CA-2016-124800,OFF-BI-10003984,77.031,Low,No
1424,CA-2016-124800,OFF-ST-10000798,119.904,Medium,No
1425,CA-2016-124800,TEC-PH-10001750,263.96,Medium,No
1426,CA-2016-124800,OFF-ST-10002743,363.648,Medium,No
1427,US-2016-164448,OFF-BI-10002949,9.728,Low,No
1428,US-2016-164448,OFF-EN-10002600,14.75,Low,No
1429,US-2016-164448,OFF-BI-10003708,29.8,Low,No
1430,US-2016-164448,OFF-LA-10003510,427.42,Medium,No
1431,CA-2018-122700,TEC-PH-10003092,220.752,Medium,No
1432,CA-2015-120768,OFF-BI-10001191,152.76,Medium,No
1433,CA-2015-120768,OFF-SU-10004115,7.27,Low,No
1434,CA-2015-120768,FUR-CH-10000513,1819.86,High,Yes
1435,US-2017-153129,OFF-PA-10003673,33.9,Low,No
1436,CA-2018-106852,OFF-PA-10001639,31.104,Low,No
1437,CA-2018-106852,OFF-AR-10003829,5.248,Low,No
1438,CA-2016-139731,TEC-AC-10004975,263.88,Medium,No
1439,CA-2016-139731,FUR-CH-10002024,2453.43,High,Yes
1440,CA-2018-122735,OFF-BI-10004364,29.7,Low,No
1441,CA-2018-122735,OFF-PA-10001712,39.96,Low,No
1442,CA-2018-128160,OFF-BI-10001510,36.672,Low,No
1443,CA-2018-117695,OFF-PA-10002713,13.76,Low,No
1444,CA-2016-166135,OFF-ST-10002974,139.424,Medium,No
1445,CA-2017-133725,TEC-PH-10004165,1979.928,High,Yes
1446,CA-2018-102337,OFF-ST-10004804,164.736,Medium,No
1447,CA-2018-102337,FUR-CH-10004289,470.302,Medium,No
1448,CA-2018-102337,TEC-PH-10002564,47.984,Low,No
1449,US-2015-112564,OFF-BI-10004876,2.502,Low,No
1450,CA-2016-145821,TEC-PH-10004348,88.752,Low,No
1451,US-2016-160150,OFF-BI-10004352,2.025,Low,No
1452,CA-2017-133711,OFF-PA-10001685,70.98,Low,No
1453,CA-2017-133711,OFF-BI-10000666,91.68,Low,No
1454,CA-2017-133711,OFF-BI-10004352,33.75,Low,No
1455,CA-2017-133711,TEC-MA-10000010,3040.0,High,Yes
1456,CA-2018-148474,OFF-BI-10000977,91.2,Low,No
1457,CA-2018-148474,FUR-TA-10002530,452.94,Medium,No
1458,CA-2016-111297,OFF-BI-10002412,52.2,Low,No
1459,CA-2017-123722,OFF-LA-10001569,15.936,Low,No
1460,CA-2015-155271,FUR-FU-10001473,27.46,Low,No
1461,CA-2016-119907,OFF-BI-10001765,55.424,Low,No
1462,US-2017-128902,FUR-TA-10001095,244.006,Medium,No
1463,CA-2017-152289,TEC-AC-10004571,159.984,Medium,No
1464,CA-2017-152289,FUR-CH-10002126,1024.716,High,Yes
1465,US-2017-104794,OFF-FA-10001754,3.68,Low,No
1466,CA-2015-151708,FUR-FU-10001602,121.376,Medium,No
1467,CA-2015-151708,TEC-AC-10001767,95.976,Low,No
1468,CA-2016-100769,TEC-AC-10002402,255.968,Medium,No
1469,CA-2018-139199,FUR-CH-10000847,872.94,High,Yes
1470,CA-2018-139199,OFF-BI-10003982,41.54,Low,No
1471,CA-2018-139199,OFF-PA-10001293,12.96,Low,No
1472,US-2016-161466,OFF-AR-10000634,6.848,Low,No
1473,CA-2018-164959,OFF-LA-10004272,8.67,Low,No
1474,US-2016-105676,FUR-FU-10004270,6.688,Low,No
1475,CA-2017-113138,OFF-AR-10003770,17.28,Low,No
1476,CA-2017-113138,OFF-BI-10000320,17.712,Low,No
1477,US-2018-104955,OFF-LA-10003121,28.91,Low,No
1478,CA-2017-121958,OFF-SU-10000381,52.136,Low,No
1479,CA-2018-121468,TEC-PH-10000376,31.968,Low,No
1480,US-2017-108455,OFF-PA-10002262,25.92,Low,No
1481,US-2017-108455,OFF-PA-10002464,40.46,Low,No
1482,US-2017-108455,OFF-ST-10002214,33.87,Low,No
1483,CA-2018-101210,OFF-AR-10003560,9.728,Low,No
1484,CA-2018-101210,OFF-PA-10000130,3.424,Low,No
1485,US-2017-108098,TEC-AC-10000865,177.0,Medium,No
1486,CA-2015-119032,OFF-FA-10003021,3.76,Low,No
1487,CA-2016-140410,TEC-PH-10003580,1212.848,High,Yes
1488,CA-2016-140410,TEC-AC-10001109,89.97,Low,No
1489,CA-2016-140410,FUR-FU-10003347,42.6,Low,No
1490,CA-2015-136280,OFF-LA-10000452,5.04,Low,No
1491,CA-2018-151911,OFF-EN-10002986,62.96,Low,No
1492,CA-2018-166436,OFF-PA-10001838,5.88,Low,No
1493,CA-2018-166436,FUR-CH-10000785,977.292,High,Yes
1494,CA-2018-139661,FUR-FU-10002885,9.64,Low,No
1495,CA-2015-123925,OFF-AR-10002952,40.05,Low,No
1496,CA-2018-152485,OFF-AR-10003759,10.192,Low,No
1497,CA-2018-152485,OFF-ST-10004950,16.784,Low,No
1498,CA-2018-152485,OFF-AR-10001940,13.12,Low,No
1499,CA-2017-141586,OFF-BI-10003981,18.16,Low,No
1500,CA-2018-130386,OFF-PA-10002749,16.056,Low,No
1501,CA-2018-130386,OFF-PA-10003823,223.056,Medium,No
1502,CA-2018-130386,OFF-ST-10003716,540.048,High,Yes
1503,CA-2017-100468,TEC-PH-10001300,33.52,Low,No
1504,CA-2017-100468,FUR-FU-10000010,9.94,Low,No
1505,CA-2016-153388,OFF-AR-10001868,6.72,Low,No
1506,CA-2016-153388,FUR-TA-10003715,1004.976,High,Yes
1507,CA-2018-154935,OFF-BI-10003708,17.88,Low,No
1508,CA-2017-134208,TEC-MA-10004458,396.0,Medium,No
1509,CA-2018-108294,OFF-BI-10004965,34.5,Low,No
1510,CA-2018-103611,FUR-FU-10004270,8.36,Low,No
1511,CA-2018-100384,OFF-AR-10002135,385.6,Medium,No
1512,CA-2018-100384,OFF-AR-10003514,35.82,Low,No
1513,CA-2018-112809,OFF-ST-10002276,200.064,Medium,No
1514,CA-2018-112809,OFF-BI-10001098,21.38,Low,No
1515,CA-2018-112809,OFF-BI-10001636,6.744,Low,No
1516,US-2018-160759,FUR-CH-10002961,63.686,Low,No
1517,CA-2018-148446,FUR-TA-10004256,1669.6,High,Yes
1518,CA-2015-111059,OFF-BI-10004593,83.84,Low,No
1519,CA-2015-111059,OFF-BI-10002827,13.272,Low,No
1520,CA-2018-116204,OFF-BI-10001759,21.336,Low,No
1521,CA-2018-109946,OFF-AR-10001419,16.52,Low,No
1522,CA-2016-144806,FUR-FU-10002253,206.112,Medium,No
1523,CA-2016-144806,OFF-PA-10002586,19.92,Low,No
1524,CA-2016-144806,OFF-PA-10003039,198.272,Medium,No
1525,CA-2016-144806,OFF-ST-10004804,247.104,Medium,No
1526,CA-2016-144806,OFF-AR-10004042,86.304,Low,No
1527,CA-2017-122392,OFF-AR-10002221,4.16,Low,No
1528,CA-2017-122392,FUR-FU-10002456,11.648,Low,No
1529,CA-2016-148432,OFF-FA-10004968,26.18,Low,No
1530,CA-2016-148432,OFF-PA-10001274,7.3,Low,No
1531,CA-2016-103793,OFF-PA-10001125,74.352,Low,No
1532,CA-2018-159884,OFF-ST-10000344,10.744,Low,No
1533,CA-2018-159884,OFF-FA-10000585,8.376,Low,No
1534,CA-2017-139885,OFF-ST-10003324,212.88,Medium,No
1535,CA-2018-124086,FUR-BO-10004015,203.983,Medium,No
1536,CA-2017-112389,OFF-ST-10000419,40.74,Low,No
1537,CA-2017-112389,OFF-AP-10001626,11.67,Low,No
1538,CA-2018-121888,TEC-PH-10000439,39.99,Low,No
1539,CA-2018-121888,OFF-AR-10003478,16.28,Low,No
1540,CA-2018-121888,FUR-BO-10002545,782.94,High,Yes
1541,CA-2018-121888,OFF-BI-10001765,242.48,Medium,No
1542,CA-2015-166884,FUR-FU-10003981,8.32,Low,No
1543,CA-2015-166884,OFF-FA-10001561,10.464,Low,No
1544,CA-2015-107181,OFF-BI-10004230,82.896,Low,No
1545,CA-2015-107181,OFF-PA-10000350,34.24,Low,No
1546,CA-2015-150245,FUR-BO-10002613,1573.488,High,Yes
1547,CA-2016-111395,OFF-PA-10000994,335.52,Medium,No
1548,CA-2016-111395,OFF-BI-10002867,23.912,Low,No
1549,CA-2016-111395,OFF-ST-10001291,27.056,Low,No
1550,CA-2015-134278,TEC-CO-10001046,559.992,High,Yes
1551,US-2018-124926,OFF-AP-10004868,9.324,Low,No
1552,CA-2017-159345,OFF-PA-10000806,111.96,Medium,No
1553,CA-2015-130274,OFF-LA-10002195,21.56,Low,No
1554,CA-2018-158386,OFF-BI-10003719,124.75,Medium,No
1555,CA-2016-111507,OFF-AR-10001315,5.28,Low,No
1556,CA-2018-120761,TEC-AC-10000171,91.96,Low,No
1557,CA-2017-109176,OFF-EN-10003134,9.344,Low,No
1558,CA-2017-109176,OFF-AR-10001955,79.36,Low,No
1559,CA-2016-112116,FUR-TA-10001039,171.96,Medium,No
1560,CA-2017-126809,OFF-BI-10003712,35.352,Low,No
1561,CA-2015-105172,OFF-LA-10001641,18.9,Low,No
1562,CA-2018-107293,OFF-AR-10003732,2.78,Low,No
1563,US-2018-102890,FUR-TA-10000577,1044.63,High,Yes
1564,CA-2016-158554,OFF-PA-10004000,11.352,Low,No
1565,CA-2015-116239,OFF-ST-10001370,354.9,Medium,No
1566,CA-2016-132101,TEC-PH-10004539,453.576,Medium,No
1567,CA-2016-129112,TEC-AC-10003038,21.48,Low,No
1568,CA-2016-129112,OFF-BI-10000088,8.784,Low,No
1569,US-2018-152002,OFF-PA-10000357,122.97,Medium,No
1570,CA-2018-165029,OFF-AR-10003504,12.84,Low,No
1571,US-2015-157385,FUR-CH-10000863,603.92,High,Yes
1572,US-2015-157385,OFF-EN-10003160,21.84,Low,No
1573,US-2015-157385,TEC-AC-10003280,29.99,Low,No
1574,US-2015-157385,FUR-CH-10000595,381.44,Medium,No
1575,CA-2015-101602,TEC-PH-10000169,40.68,Low,No
1576,CA-2015-101602,FUR-CH-10004675,763.28,High,Yes
1577,CA-2017-109057,OFF-ST-10002406,23.952,Low,No
1578,CA-2017-154403,OFF-PA-10001526,4.98,Low,No
1579,CA-2017-102456,OFF-AP-10004336,170.88,Medium,No
1580,CA-2016-131338,TEC-PH-10003012,307.98,Medium,No
1581,CA-2016-131338,FUR-TA-10002607,382.806,Medium,No
1582,CA-2016-131338,OFF-ST-10000642,41.96,Low,No
1583,CA-2016-131338,OFF-BI-10000545,1217.568,High,Yes
1584,CA-2016-131338,FUR-FU-10002157,47.04,Low,No
1585,CA-2016-131338,FUR-FU-10001706,6.16,Low,No
1586,CA-2016-131338,TEC-PH-10000984,979.95,High,Yes
1587,CA-2016-131338,OFF-PA-10001357,143.7,Medium,No
1588,CA-2016-131338,OFF-FA-10000992,10.65,Low,No
1589,CA-2016-131338,TEC-AC-10002600,247.8,Medium,No
1590,CA-2017-109911,OFF-AR-10001662,10.96,Low,No
1591,US-2017-132423,OFF-AR-10001221,33.488,Low,No
1592,US-2017-132423,OFF-FA-10002988,8.04,Low,No
1593,CA-2016-122826,TEC-PH-10004830,201.568,Medium,No
1594,CA-2015-117317,OFF-PA-10004519,13.44,Low,No
1595,CA-2016-118423,FUR-BO-10000362,359.058,Medium,No
1596,CA-2018-149181,FUR-CH-10004540,47.992,Low,No
1597,CA-2018-132234,FUR-FU-10001290,547.3,High,Yes
1598,CA-2018-158876,OFF-PA-10000308,16.896,Low,No
1599,CA-2018-158876,OFF-SU-10001165,6.672,Low,No
1600,CA-2018-158876,OFF-AR-10003373,99.136,Low,No
1601,CA-2018-158876,FUR-FU-10001967,15.992,Low,No
1602,CA-2017-164672,FUR-FU-10001488,211.96,Medium,No
1603,US-2017-132857,OFF-AR-10003251,6.672,Low,No
1604,CA-2018-116645,OFF-AR-10001044,155.94,Medium,No
1605,US-2017-115819,TEC-PH-10004700,39.96,Low,No
1606,US-2017-115819,OFF-AR-10000823,5.46,Low,No
1607,US-2017-115819,OFF-AR-10004456,73.2,Low,No
1608,US-2017-115819,OFF-BI-10000050,5.84,Low,No
1609,US-2017-115819,OFF-PA-10002377,22.72,Low,No
1610,US-2017-115819,OFF-BI-10000591,9.336,Low,No
1611,CA-2015-156349,FUR-BO-10000362,290.666,Medium,No
1612,CA-2015-156349,TEC-PH-10000441,201.584,Medium,No
1613,CA-2015-156349,TEC-PH-10002726,83.984,Low,No
1614,CA-2018-138380,OFF-ST-10003306,1000.02,High,Yes
1615,US-2017-113509,TEC-AC-10004855,83.976,Low,No
1616,CA-2016-130022,OFF-LA-10002787,3.75,Low,No
1617,CA-2016-130022,OFF-LA-10002043,41.4,Low,No
1618,CA-2016-130022,OFF-AR-10001915,29.79,Low,No
1619,US-2017-118780,OFF-ST-10000352,59.48,Low,No
1620,US-2017-118780,OFF-PA-10000575,6.69,Low,No
1621,CA-2018-108560,FUR-FU-10002937,198.46,Medium,No
1622,CA-2018-108560,OFF-LA-10003930,786.48,High,Yes
1623,CA-2018-108560,OFF-BI-10001107,23.168,Low,No
1624,CA-2018-108560,TEC-AC-10003063,50.0,Low,No
1625,CA-2016-157084,TEC-PH-10002922,675.96,High,Yes
1626,CA-2016-157084,TEC-AC-10002049,1265.85,High,Yes
1627,CA-2016-164539,OFF-AP-10002457,523.25,High,Yes
1628,CA-2016-143119,FUR-CH-10001270,517.5,High,Yes
1629,CA-2018-101049,FUR-FU-10004415,17.92,Low,No
1630,CA-2018-101049,OFF-BI-10001510,41.256,Low,No
1631,CA-2017-106530,OFF-ST-10002011,1006.056,High,Yes
1632,CA-2017-106530,OFF-PA-10002986,10.688,Low,No
1633,CA-2017-106530,OFF-PA-10004451,10.368,Low,No
1634,CA-2017-106530,OFF-ST-10000649,25.12,Low,No
1635,CA-2017-106530,TEC-AC-10001465,58.112,Low,No
1636,CA-2015-168984,OFF-PA-10001166,15.552,Low,No
1637,CA-2015-168984,OFF-ST-10001097,669.08,High,Yes
1638,CA-2015-168984,TEC-PH-10000038,438.336,Medium,No
1639,CA-2017-157266,OFF-PA-10002689,19.44,Low,No
1640,CA-2017-157266,OFF-BI-10004728,9.64,Low,No
1641,CA-2017-157266,OFF-PA-10004675,12.7,Low,No
1642,CA-2017-157266,FUR-FU-10000629,41.37,Low,No
1643,US-2015-134712,OFF-FA-10003112,12.624,Low,No
1644,CA-2016-111829,OFF-ST-10000142,1247.64,High,Yes
1645,CA-2016-111829,TEC-CO-10001766,3149.93,High,Yes
1646,CA-2016-111829,OFF-PA-10004359,209.7,Medium,No
1647,CA-2016-105221,TEC-AC-10002323,35.36,Low,No
1648,CA-2016-105221,OFF-FA-10001135,3.168,Low,No
1649,CA-2016-120341,OFF-BI-10004224,121.104,Medium,No
1650,CA-2016-120341,TEC-PH-10003357,45.894,Low,No
1651,CA-2015-135699,OFF-PA-10004475,109.92,Medium,No
1652,CA-2015-135699,OFF-PA-10003001,13.36,Low,No
1653,US-2018-132444,OFF-ST-10003442,169.68,Medium,No
1654,US-2018-132444,TEC-AC-10003832,132.52,Medium,No
1655,US-2018-132444,OFF-FA-10000611,2.96,Low,No
1656,US-2018-132444,OFF-BI-10001116,8.448,Low,No
1657,US-2018-132444,OFF-ST-10000563,95.94,Low,No
1658,CA-2015-127159,FUR-FU-10000010,34.79,Low,No
1659,CA-2018-161809,TEC-PH-10004922,160.776,Medium,No
1660,CA-2018-127285,OFF-BI-10004330,88.752,Low,No
1661,CA-2018-127285,OFF-BI-10002072,13.904,Low,No
1662,CA-2018-144526,TEC-PH-10002549,677.58,High,Yes
1663,CA-2018-144526,OFF-BI-10002353,13.896,Low,No
1664,CA-2017-128531,OFF-ST-10001325,41.92,Low,No
1665,CA-2017-128531,TEC-AC-10002049,297.576,Medium,No
1666,CA-2017-128531,OFF-FA-10002676,4.344,Low,No
1667,CA-2017-128531,TEC-AC-10003023,94.992,Low,No
1668,CA-2017-128531,OFF-PA-10000167,74.352,Low,No
1669,CA-2017-128531,OFF-AR-10003405,14.04,Low,No
1670,US-2016-157154,FUR-TA-10001889,1018.104,High,Yes
1671,CA-2018-159457,TEC-PH-10002185,16.68,Low,No
1672,CA-2017-107615,TEC-AC-10001013,58.58,Low,No
1673,CA-2018-111647,TEC-PH-10002726,167.968,Medium,No
1674,CA-2016-150560,OFF-LA-10003930,196.62,Medium,No
1675,CA-2016-143077,FUR-FU-10003535,21.936,Low,No
1676,CA-2016-143077,OFF-BI-10000088,6.588,Low,No
1677,CA-2017-122728,OFF-ST-10000604,104.28,Medium,No
1678,CA-2017-122728,OFF-PA-10004040,17.94,Low,No
1679,CA-2015-122882,OFF-ST-10002344,64.784,Low,No
1680,CA-2015-122882,TEC-PH-10003589,32.382,Low,No
1681,CA-2015-122882,FUR-FU-10000758,42.368,Low,No
1682,CA-2015-122882,TEC-MA-10004679,399.54,Medium,No
1683,US-2017-101497,OFF-PA-10000176,18.97,Low,No
1684,CA-2017-147585,FUR-FU-10002597,14.82,Low,No
1685,CA-2018-149489,OFF-AP-10002495,99.28,Low,No
1686,CA-2018-149489,OFF-BI-10002813,1.188,Low,No
1687,CA-2018-149489,OFF-BI-10002414,7.518,Low,No
1688,CA-2018-143798,OFF-PA-10000788,10.368,Low,No
1689,CA-2018-143798,FUR-FU-10004306,310.88,Medium,No
1690,CA-2015-142839,FUR-TA-10001539,853.092,High,Yes
1691,CA-2018-129833,OFF-PA-10000575,33.45,Low,No
1692,CA-2018-129833,OFF-BI-10004182,10.4,Low,No
1693,US-2017-154361,FUR-FU-10004020,21.88,Low,No
1694,US-2017-158708,TEC-AC-10003133,13.616,Low,No
1695,CA-2016-156335,TEC-AC-10002006,63.96,Low,No
1696,CA-2016-156335,OFF-BI-10003314,14.46,Low,No
1697,CA-2016-156335,TEC-PH-10002726,104.98,Medium,No
1698,CA-2016-148376,OFF-AP-10000240,106.96,Medium,No
1699,CA-2016-148376,OFF-LA-10002381,21.56,Low,No
1700,CA-2015-135657,FUR-TA-10004086,515.88,High,Yes
1701,CA-2016-114069,OFF-BI-10000320,11.808,Low,No
1702,CA-2016-114069,FUR-CH-10000595,1931.04,High,Yes
1703,CA-2016-114069,OFF-PA-10000349,9.96,Low,No
1704,CA-2015-139857,OFF-FA-10001843,12.35,Low,No
1705,CA-2017-106306,OFF-BI-10003676,9.702,Low,No
1706,CA-2016-100545,OFF-BI-10003638,11.61,Low,No
1707,CA-2018-123491,OFF-LA-10003077,43.86,Low,No
1708,CA-2018-123491,TEC-PH-10003505,148.48,Medium,No
1709,CA-2018-123491,OFF-PA-10003424,7.42,Low,No
1710,CA-2018-123491,FUR-CH-10003061,71.992,Low,No
1711,CA-2018-123491,OFF-AR-10003514,19.9,Low,No
1712,CA-2018-123491,OFF-AP-10002684,1702.12,High,Yes
1713,CA-2016-145401,OFF-PA-10004405,14.304,Low,No
1714,US-2018-124968,FUR-TA-10004289,765.625,High,Yes
1715,CA-2018-104003,FUR-BO-10003965,307.666,Medium,No
1716,CA-2017-154788,OFF-BI-10003314,7.712,Low,No
1717,CA-2017-169943,OFF-AP-10001563,242.9,Medium,No
1718,CA-2017-169943,OFF-ST-10004123,454.9,Medium,No
1719,CA-2017-169943,FUR-FU-10002088,35.92,Low,No
1720,CA-2017-169943,FUR-FU-10000010,39.76,Low,No
1721,CA-2017-169943,OFF-BI-10002824,47.744,Low,No
1722,US-2016-123218,TEC-PH-10001061,159.984,Medium,No
1723,US-2016-123218,TEC-AC-10000736,255.968,Medium,No
1724,US-2016-123218,FUR-BO-10003966,359.058,Medium,No
1725,CA-2016-127453,OFF-AP-10000828,434.352,Medium,No
1726,CA-2016-127453,OFF-AP-10002906,3.552,Low,No
1727,CA-2016-127453,OFF-AP-10003860,88.832,Low,No
1728,US-2018-164056,FUR-TA-10001307,1048.35,High,Yes
1729,CA-2017-106894,TEC-AC-10003063,100.0,Medium,No
1730,CA-2017-106894,OFF-LA-10001045,7.83,Low,No
1731,CA-2015-125136,OFF-PA-10001457,96.256,Low,No
1732,CA-2015-125136,OFF-PA-10001804,10.688,Low,No
1733,US-2017-131149,OFF-ST-10000689,338.04,Medium,No
1734,US-2017-131149,OFF-AR-10002135,154.24,Medium,No
1735,CA-2018-101483,OFF-AP-10002082,34.848,Low,No
1736,CA-2018-101483,TEC-PH-10003442,22.0,Low,No
1737,CA-2018-101483,OFF-AR-10002833,4.368,Low,No
1738,CA-2016-130204,OFF-ST-10001325,31.44,Low,No
1739,CA-2016-130204,TEC-AC-10003038,17.9,Low,No
1740,CA-2016-130204,TEC-AC-10003590,129.45,Medium,No
1741,CA-2015-110527,OFF-LA-10000262,20.88,Low,No
1742,CA-2018-152807,OFF-PA-10004355,20.736,Low,No
1743,CA-2018-152807,FUR-FU-10004415,7.168,Low,No
1744,CA-2018-152807,OFF-ST-10002486,11.168,Low,No
1745,CA-2018-152807,TEC-AC-10001142,442.4,Medium,No
1746,CA-2015-133270,OFF-AR-10002656,13.36,Low,No
1747,CA-2017-155670,OFF-BI-10000138,11.232,Low,No
1748,CA-2017-155670,OFF-PA-10004947,10.272,Low,No
1749,US-2015-157406,OFF-PA-10003543,10.368,Low,No
1750,US-2015-157406,OFF-AR-10002221,6.24,Low,No
1751,CA-2016-139094,FUR-TA-10004607,206.962,Medium,No
1752,CA-2018-168837,FUR-FU-10001918,9.46,Low,No
1753,CA-2018-116715,OFF-ST-10004340,559.62,High,Yes
1754,CA-2018-116715,OFF-PA-10004475,109.92,Medium,No
1755,CA-2018-116715,OFF-PA-10003893,8.56,Low,No
1756,CA-2016-135622,OFF-PA-10000100,360.712,Medium,No
1757,CA-2016-135622,TEC-PH-10001817,1718.4,High,Yes
1758,US-2016-107349,OFF-BI-10001765,41.568,Low,No
1759,CA-2015-139017,TEC-AC-10001013,46.864,Low,No
1760,CA-2015-141817,OFF-AR-10003478,19.536,Low,No
1761,CA-2016-130785,FUR-BO-10000330,411.332,Medium,No
1762,CA-2016-130785,OFF-BI-10001900,28.752,Low,No
1763,CA-2016-130785,FUR-BO-10003159,293.199,Medium,No
1764,CA-2017-110254,OFF-SU-10002573,35.06,Low,No
1765,CA-2017-110254,OFF-LA-10004484,4.13,Low,No
1766,CA-2017-110254,FUR-FU-10001591,109.8,Medium,No
1767,CA-2017-110254,OFF-LA-10002034,9.82,Low,No
1768,US-2015-158057,OFF-BI-10004410,7.644,Low,No
1769,US-2015-158057,OFF-BI-10002735,51.465,Low,No
1770,CA-2018-146024,OFF-SU-10001935,6.976,Low,No
1771,CA-2018-146024,OFF-BI-10003291,12.222,Low,No
1772,CA-2017-129686,OFF-ST-10004337,97.984,Low,No
1773,CA-2017-129686,TEC-AC-10001266,62.4,Low,No
1774,CA-2015-118976,OFF-BI-10001628,20.86,Low,No
1775,CA-2015-118976,OFF-ST-10000877,497.61,Medium,No
1776,CA-2015-118976,OFF-AR-10004752,5.34,Low,No
1777,CA-2015-118976,OFF-LA-10000452,3.15,Low,No
1778,CA-2016-105347,OFF-PA-10000675,368.91,Medium,No
1779,CA-2016-105347,OFF-AR-10003045,14.7,Low,No
1780,CA-2017-124667,TEC-AC-10003447,59.97,Low,No
1781,CA-2017-124667,OFF-ST-10002276,83.36,Low,No
1782,CA-2016-111094,OFF-PA-10001609,6.58,Low,No
1783,CA-2016-111094,OFF-BI-10001597,122.94,Medium,No
1784,CA-2018-166317,OFF-PA-10004475,219.84,Medium,No
1785,CA-2018-166317,TEC-AC-10004510,98.16,Low,No
1786,CA-2018-166317,OFF-BI-10002976,33.04,Low,No
1787,CA-2018-166317,TEC-PH-10001615,86.97,Low,No
1788,CA-2016-154326,TEC-PH-10001819,134.97,Medium,No
1789,CA-2016-154326,TEC-PH-10000560,699.98,High,Yes
1790,CA-2016-154326,TEC-AC-10004568,139.95,Medium,No
1791,CA-2015-102008,OFF-PA-10004092,48.94,Low,No
1792,CA-2015-120474,FUR-CH-10001854,2807.84,High,Yes
1793,CA-2015-120474,OFF-AR-10000475,46.64,Low,No
1794,CA-2015-104773,OFF-ST-10000777,60.416,Low,No
1795,CA-2017-140774,OFF-AR-10004022,107.94,Medium,No
1796,US-2018-139465,OFF-ST-10002352,63.84,Low,No
1797,US-2018-139465,TEC-PH-10000455,347.97,Medium,No
1798,US-2018-139465,OFF-BI-10003910,37.008,Low,No
1799,CA-2017-100965,FUR-FU-10003039,215.65,Medium,No
1800,CA-2017-121034,OFF-FA-10000585,11.168,Low,No
1801,CA-2017-121034,OFF-PA-10001994,53.952,Low,No
1802,CA-2017-149461,FUR-FU-10004270,4.18,Low,No
1803,CA-2018-158379,OFF-BI-10002498,5.607,Low,No
1804,CA-2018-158379,OFF-SU-10002881,4663.736,High,Yes
1805,CA-2018-158379,TEC-AC-10002926,79.984,Low,No
1806,US-2017-116729,TEC-PH-10002200,2575.944,High,Yes
1807,US-2017-116729,OFF-PA-10002005,45.36,Low,No
1808,US-2017-116729,TEC-AC-10001465,254.24,Medium,No
1809,CA-2017-164938,TEC-PH-10004897,69.93,Low,No
1810,CA-2017-165484,FUR-FU-10001196,16.156,Low,No
1811,CA-2017-165484,OFF-PA-10000595,54.816,Low,No
1812,CA-2015-132612,FUR-TA-10004534,1441.3,High,Yes
1813,US-2018-161193,FUR-FU-10001861,77.6,Low,No
1814,US-2018-161193,FUR-FU-10000206,4.656,Low,No
1815,CA-2016-131597,FUR-TA-10002607,170.136,Medium,No
1816,CA-2016-164833,OFF-LA-10000443,7.38,Low,No
1817,CA-2016-164833,OFF-AR-10004685,9.26,Low,No
1818,CA-2016-125423,OFF-LA-10001771,9.96,Low,No
1819,US-2015-130379,OFF-AP-10001394,75.6,Low,No
1820,US-2015-130379,FUR-FU-10002553,29.32,Low,No
1821,CA-2017-168956,OFF-AP-10004233,92.064,Low,No
1822,CA-2017-168956,OFF-FA-10000304,6.976,Low,No
1823,CA-2017-168956,FUR-CH-10004754,62.958,Low,No
1824,CA-2017-168956,OFF-PA-10000809,5.184,Low,No
1825,CA-2017-167507,OFF-BI-10003694,31.32,Low,No
1826,CA-2017-167507,FUR-FU-10001935,11.84,Low,No
1827,CA-2017-167507,FUR-FU-10002878,22.784,Low,No
1828,CA-2017-109344,TEC-PH-10002624,1127.976,High,Yes
1829,US-2016-140851,OFF-PA-10000019,38.88,Low,No
1830,CA-2015-103373,TEC-PH-10002885,779.796,High,Yes
1831,CA-2018-145884,TEC-PH-10000895,1439.92,High,Yes
1832,CA-2018-145884,FUR-TA-10002356,262.11,Medium,No
1833,CA-2016-131422,FUR-CH-10001270,207.0,Medium,No
1834,CA-2018-162691,TEC-MA-10000488,1439.982,High,Yes
1835,CA-2018-162691,OFF-PA-10003729,36.288,Low,No
1836,CA-2015-141278,OFF-AR-10003056,21.4,Low,No
1837,CA-2018-122693,OFF-AP-10002518,1245.86,High,Yes
1838,CA-2015-117345,OFF-LA-10000240,17.544,Low,No
1839,CA-2015-117345,FUR-FU-10000629,44.128,Low,No
1840,CA-2015-117345,OFF-AP-10001005,62.92,Low,No
1841,CA-2015-117345,OFF-PA-10002377,78.304,Low,No
1842,CA-2017-157763,FUR-CH-10000988,140.81,Medium,No
1843,CA-2016-135391,OFF-LA-10001074,40.096,Low,No
1844,CA-2016-135391,FUR-FU-10001986,40.784,Low,No
1845,US-2018-113852,TEC-AC-10003027,90.57,Low,No
1846,US-2018-158512,OFF-PA-10001804,40.08,Low,No
1847,US-2018-158512,FUR-FU-10004973,37.68,Low,No
1848,CA-2018-128370,FUR-CH-10002602,362.352,Medium,No
1849,CA-2018-128370,OFF-BI-10004140,7.184,Low,No
1850,CA-2016-160472,OFF-ST-10000464,34.76,Low,No
1851,CA-2016-160472,TEC-AC-10002253,831.2,High,Yes
1852,CA-2016-160472,OFF-PA-10000528,26.4,Low,No
1853,CA-2016-160472,OFF-EN-10000483,106.75,Medium,No
1854,CA-2016-160472,OFF-PA-10003129,97.82,Low,No
1855,CA-2016-160472,OFF-ST-10003442,141.4,Medium,No
1856,CA-2015-114643,OFF-AR-10003631,14.52,Low,No
1857,US-2018-158218,OFF-ST-10000563,127.92,Medium,No
1858,US-2018-158218,OFF-BI-10002133,34.24,Low,No
1859,CA-2016-121608,OFF-AP-10002311,137.62,Medium,No
1860,CA-2016-121608,TEC-PH-10004959,100.49,Medium,No
1861,US-2018-121251,FUR-BO-10001918,257.568,Medium,No
1862,US-2018-121251,TEC-PH-10004896,119.96,Medium,No
1863,CA-2015-151078,OFF-ST-10001328,49.632,Low,No
1864,US-2017-100839,FUR-TA-10004575,727.45,High,Yes
1865,US-2017-100839,FUR-FU-10001617,24.96,Low,No
1866,US-2018-116659,TEC-PH-10002824,370.782,Medium,No
1867,CA-2018-118857,FUR-FU-10004460,196.45,Medium,No
1868,CA-2016-127110,OFF-PA-10003309,31.104,Low,No
1869,CA-2016-127110,OFF-ST-10002554,78.256,Low,No
1870,CA-2017-148201,OFF-PA-10000019,6.48,Low,No
1871,CA-2015-116932,OFF-AR-10002067,99.2,Low,No
1872,CA-2015-116932,FUR-CH-10001215,801.568,High,Yes
1873,CA-2015-116932,FUR-TA-10004175,272.848,Medium,No
1874,CA-2018-142888,FUR-TA-10004767,70.98,Low,No
1875,CA-2015-147914,OFF-PA-10001685,16.224,Low,No
1876,US-2017-112977,FUR-BO-10003272,176.784,Medium,No
1877,CA-2018-112039,TEC-PH-10000984,470.376,Medium,No
1878,CA-2018-118885,FUR-CH-10002880,393.568,Medium,No
1879,CA-2018-118885,TEC-PH-10002563,302.376,Medium,No
1880,US-2018-166611,OFF-BI-10001191,68.742,Low,No
1881,CA-2016-109512,OFF-EN-10002621,29.34,Low,No
1882,CA-2016-109512,FUR-CH-10001146,383.607,Medium,No
1883,CA-2016-109512,OFF-ST-10000689,563.4,High,Yes
1884,CA-2017-118570,OFF-PA-10001289,217.056,Medium,No
1885,CA-2018-154718,OFF-LA-10003714,6.0,Low,No
1886,CA-2017-147578,FUR-FU-10001889,31.56,Low,No
1887,CA-2015-140165,OFF-FA-10002815,7.104,Low,No
1888,CA-2015-140165,OFF-BI-10004519,398.352,Medium,No
1889,CA-2015-142587,OFF-AP-10004708,121.792,Medium,No
1890,CA-2015-142587,FUR-TA-10000617,409.59,Medium,No
1891,CA-2015-157623,OFF-PA-10001204,10.56,Low,No
1892,CA-2015-157623,OFF-AR-10003723,3.38,Low,No
1893,CA-2018-145310,OFF-EN-10002621,7.824,Low,No
1894,CA-2017-100083,OFF-PA-10000241,24.784,Low,No
1895,US-2018-108063,OFF-AR-10001446,34.65,Low,No
1896,CA-2016-109197,OFF-BI-10004632,487.984,Medium,No
1897,CA-2018-141789,OFF-BI-10001359,1793.98,High,Yes
1898,CA-2015-169775,OFF-EN-10001749,29.808,Low,No
1899,CA-2015-169775,OFF-BI-10004390,505.176,High,Yes
1900,CA-2015-169775,FUR-TA-10001857,174.0585,Medium,No
1901,CA-2017-140543,OFF-ST-10000563,191.88,Medium,No
1902,CA-2017-151141,TEC-PH-10004924,14.78,Low,No
1903,CA-2018-167094,OFF-PA-10003953,5.184,Low,No
1904,CA-2018-167094,FUR-CH-10000155,478.48,Medium,No
1905,CA-2018-167094,TEC-AC-10003116,28.4,Low,No
1906,CA-2018-154410,OFF-ST-10002743,909.12,High,Yes
1907,US-2017-150567,OFF-BI-10001757,2.952,Low,No
1908,US-2017-150567,OFF-BI-10000069,27.018,Low,No
1909,CA-2016-157959,FUR-FU-10004093,136.92,Medium,No
1910,CA-2018-105886,FUR-FU-10001037,18.96,Low,No
1911,CA-2017-105963,TEC-AC-10003832,99.39,Low,No
1912,CA-2018-121503,OFF-PA-10001878,273.896,Medium,No
1913,CA-2018-121503,TEC-MA-10003674,597.132,High,Yes
1914,CA-2015-103366,TEC-AC-10003628,149.95,Medium,No
1915,CA-2018-124597,OFF-LA-10003190,4.608,Low,No
1916,CA-2018-124597,OFF-AR-10002280,15.528,Low,No
1917,CA-2018-124597,OFF-LA-10001569,11.952,Low,No
1918,CA-2016-105634,OFF-AR-10001573,11.65,Low,No
1919,CA-2016-123673,TEC-PH-10001809,299.9,Medium,No
1920,US-2018-111423,OFF-BI-10003091,895.92,High,Yes
1921,US-2018-111423,FUR-CH-10003981,462.564,Medium,No
1922,CA-2016-125178,OFF-ST-10002562,15.008,Low,No
1923,CA-2017-156685,TEC-PH-10004345,863.64,High,Yes
1924,CA-2017-156685,OFF-AR-10000588,47.616,Low,No
1925,CA-2018-126865,OFF-PA-10003039,92.94,Low,No
1926,CA-2018-102834,TEC-AC-10001908,199.98,Medium,No
1927,US-2017-139710,TEC-PH-10001198,177.48,Medium,No
1928,CA-2018-121538,OFF-PA-10004071,88.768,Low,No
1929,US-2018-101539,OFF-PA-10001972,6.48,Low,No
1930,US-2018-101539,OFF-ST-10004180,46.51,Low,No
1931,US-2018-101539,TEC-PH-10004165,659.976,High,Yes
1932,CA-2017-152121,TEC-PH-10002483,271.992,Medium,No
1933,CA-2018-161200,FUR-BO-10000468,145.74,Medium,No
1934,CA-2018-161200,FUR-FU-10001706,15.4,Low,No
1935,CA-2018-101245,OFF-PA-10003129,244.55,Medium,No
1936,CA-2018-101245,TEC-AC-10001284,166.16,Medium,No
1937,CA-2016-141768,FUR-FU-10002268,14.73,Low,No
1938,CA-2017-112109,OFF-BI-10002082,19.968,Low,No
1939,CA-2017-112109,OFF-ST-10001505,33.488,Low,No
1940,CA-2017-112109,OFF-BI-10001634,8.736,Low,No
1941,CA-2017-112109,FUR-CH-10004287,662.88,High,Yes
1942,CA-2018-144064,OFF-LA-10004544,47.36,Low,No
1943,CA-2018-144064,OFF-ST-10004507,27.44,Low,No
1944,CA-2018-144064,OFF-BI-10002012,3.24,Low,No
1945,CA-2017-108581,TEC-AC-10001109,95.968,Low,No
1946,CA-2017-108581,OFF-PA-10000809,10.368,Low,No
1947,CA-2018-157987,OFF-AR-10000658,23.1,Low,No
1948,CA-2018-157987,FUR-FU-10001196,11.54,Low,No
1949,CA-2018-157987,FUR-TA-10001889,254.526,Medium,No
1950,CA-2018-157987,OFF-AP-10000358,12.98,Low,No
1951,CA-2018-157987,OFF-BI-10004970,26.432,Low,No
1952,CA-2018-157987,TEC-PH-10003885,197.97,Medium,No
1953,CA-2018-157987,OFF-LA-10001641,18.9,Low,No
1954,CA-2018-157987,FUR-CH-10003379,1282.41,High,Yes
1955,CA-2018-157987,OFF-AR-10004582,4.92,Low,No
1956,CA-2018-157987,TEC-AC-10002842,238.0,Medium,No
1957,CA-2018-157987,TEC-AC-10000109,167.97,Medium,No
1958,CA-2018-157987,OFF-PA-10003893,17.12,Low,No
1959,CA-2018-110905,OFF-BI-10003669,16.2,Low,No
1960,CA-2018-110905,OFF-AP-10004785,33.99,Low,No
1961,CA-2018-110905,TEC-AC-10003023,296.85,Medium,No
1962,CA-2018-110905,TEC-AC-10002217,112.8,Medium,No
1963,CA-2018-110905,OFF-BI-10002954,13.71,Low,No
1964,CA-2018-110905,OFF-PA-10002586,24.9,Low,No
1965,CA-2018-110905,OFF-ST-10000025,286.29,Medium,No
1966,CA-2018-110905,OFF-AP-10003281,24.18,Low,No
1967,CA-2018-165841,TEC-PH-10002103,281.97,Medium,No
1968,CA-2018-165841,OFF-SU-10000898,69.5,Low,No
1969,CA-2018-165841,OFF-PA-10001144,166.44,Medium,No
1970,CA-2018-117485,TEC-AC-10004659,291.96,Medium,No
1971,CA-2018-140242,OFF-AR-10004752,6.408,Low,No
1972,CA-2018-140242,TEC-AC-10004659,408.744,Medium,No
1973,CA-2015-148950,OFF-BI-10001249,5.104,Low,No
1974,CA-2015-148950,OFF-FA-10003059,2.896,Low,No
1975,CA-2015-148950,TEC-AC-10002718,35.016,Low,No
1976,CA-2015-110408,OFF-ST-10001522,275.97,Medium,No
1977,CA-2015-110408,TEC-PH-10002352,1394.95,High,Yes
1978,CA-2015-110408,FUR-CH-10003774,545.88,High,Yes
1979,CA-2016-109939,OFF-AR-10000127,5.248,Low,No
1980,CA-2017-112669,FUR-CH-10004086,933.536,High,Yes
1981,CA-2017-112669,OFF-ST-10001228,42.976,Low,No
1982,CA-2016-119592,OFF-BI-10004187,3.76,Low,No
1983,CA-2015-122749,TEC-PH-10003811,479.96,Medium,No
1984,CA-2015-164721,OFF-AP-10000240,320.88,Medium,No
1985,CA-2015-164721,FUR-FU-10001940,23.88,Low,No
1986,CA-2015-164721,OFF-PA-10000575,26.76,Low,No
1987,CA-2017-147417,TEC-CO-10001449,1439.976,High,Yes
1988,CA-2016-127509,OFF-BI-10002393,17.22,Low,No
1989,CA-2016-127509,FUR-TA-10002855,1024.38,High,Yes
1990,CA-2016-127509,OFF-EN-10000781,26.22,Low,No
1991,CA-2016-127509,OFF-PA-10002160,17.34,Low,No
1992,CA-2018-111374,OFF-BI-10004970,4.956,Low,No
1993,CA-2018-133648,OFF-LA-10003923,71.04,Low,No
1994,CA-2018-133648,OFF-AR-10002257,5.344,Low,No
1995,CA-2018-133648,OFF-FA-10004395,11.304,Low,No
1996,US-2018-147221,OFF-AP-10002534,294.62,Medium,No
1997,US-2018-147221,FUR-FU-10004020,8.752,Low,No
1998,CA-2015-131905,OFF-LA-10002787,15.0,Low,No
1999,CA-2015-131905,TEC-PH-10003645,161.61,Medium,No
2000,CA-2015-131905,TEC-PH-10001615,144.95,Medium,No
2001,CA-2018-166128,TEC-AC-10001767,199.95,Medium,No
2002,CA-2018-166128,OFF-AR-10001221,41.86,Low,No
2003,CA-2018-163510,OFF-ST-10000563,95.94,Low,No
2004,CA-2018-163510,FUR-CH-10001146,304.45,Medium,No
2005,US-2018-143028,OFF-BI-10004738,11.364,Low,No
2006,CA-2015-111150,OFF-AR-10000034,29.68,Low,No
2007,CA-2015-111150,TEC-AC-10000290,47.53,Low,No
2008,CA-2018-165386,FUR-BO-10003034,183.372,Medium,No
2009,CA-2015-116407,OFF-AR-10001315,4.224,Low,No
2010,CA-2015-116407,OFF-AP-10002118,333.056,Medium,No
2011,CA-2015-116407,OFF-PA-10002137,24.896,Low,No
2012,CA-2016-155761,TEC-AC-10001606,159.984,Medium,No
2013,CA-2016-155761,OFF-ST-10000943,46.344,Low,No
2014,CA-2017-145905,FUR-CH-10001854,350.98,Medium,No
2015,CA-2017-145905,OFF-PA-10000533,13.08,Low,No
2016,CA-2017-145905,OFF-ST-10003716,900.08,High,Yes
2017,CA-2016-113110,OFF-BI-10000088,17.568,Low,No
2018,CA-2016-113110,OFF-LA-10000240,14.62,Low,No
2019,CA-2016-113110,OFF-SU-10001165,33.36,Low,No
2020,CA-2016-113110,OFF-PA-10002749,40.14,Low,No
2021,CA-2017-168354,OFF-ST-10001490,1606.23,High,Yes
2022,CA-2017-168354,OFF-PA-10002377,17.04,Low,No
2023,CA-2017-168354,OFF-BI-10004826,49.53,Low,No
2024,CA-2017-168354,FUR-CH-10004675,872.32,High,Yes
2025,US-2018-111241,OFF-BI-10002867,239.12,Medium,No
2026,CA-2016-114237,FUR-BO-10004409,141.96,Medium,No
2027,CA-2017-113516,OFF-BI-10002225,33.024,Low,No
2028,CA-2017-113516,OFF-BI-10001989,67.136,Low,No
2029,CA-2016-117961,OFF-BI-10000343,14.73,Low,No
2030,CA-2016-117961,OFF-ST-10001172,104.9,Medium,No
2031,CA-2016-117961,OFF-BI-10003707,61.04,Low,No
2032,CA-2016-117961,OFF-PA-10001274,10.95,Low,No
2033,CA-2017-128923,OFF-PA-10002250,9.392,Low,No
2034,CA-2017-128923,OFF-AR-10000475,9.328,Low,No
2035,CA-2018-162481,OFF-BI-10002976,8.26,Low,No
2036,CA-2018-162481,FUR-CH-10003061,269.97,Medium,No
2037,CA-2016-119214,OFF-PA-10002893,29.04,Low,No
2038,CA-2016-119214,OFF-LA-10003077,14.62,Low,No
2039,CA-2016-122287,OFF-PA-10001661,11.952,Low,No
2040,CA-2016-122287,OFF-BI-10004656,4.536,Low,No
2041,CA-2016-122287,OFF-BI-10003707,9.156,Low,No
2042,CA-2016-122287,FUR-FU-10004973,75.36,Low,No
2043,CA-2016-104493,OFF-BI-10004817,57.504,Low,No
2044,US-2018-158946,OFF-AR-10001860,38.864,Low,No
2045,CA-2015-129168,OFF-PA-10001639,15.552,Low,No
2046,CA-2017-131835,OFF-AP-10004487,162.64,Medium,No
2047,CA-2017-131835,TEC-PH-10001760,597.0,High,Yes
2048,CA-2017-131835,OFF-PA-10004071,55.48,Low,No
2049,CA-2016-142237,FUR-FU-10004848,289.8,Medium,No
2050,CA-2016-142237,OFF-BI-10004022,2.502,Low,No
2051,CA-2016-142237,OFF-BI-10003669,6.48,Low,No
2052,CA-2016-142237,FUR-CH-10003833,341.488,Medium,No
2053,CA-2016-142237,OFF-AR-10003732,11.12,Low,No
2054,CA-2016-142237,FUR-FU-10003142,25.344,Low,No
2055,CA-2017-136434,FUR-FU-10001196,17.31,Low,No
2056,CA-2018-120376,TEC-AC-10001114,199.95,Medium,No
2057,CA-2018-120376,FUR-CH-10002335,1586.69,High,Yes
2058,CA-2018-120376,TEC-AC-10000844,84.99,Low,No
2059,CA-2018-120376,FUR-TA-10004534,411.8,Medium,No
2060,CA-2015-106439,OFF-FA-10002975,11.34,Low,No
2061,CA-2015-106439,OFF-ST-10003996,80.3,Low,No
2062,CA-2015-106439,OFF-BI-10002571,15.968,Low,No
2063,CA-2015-106439,OFF-PA-10000477,64.74,Low,No
2064,CA-2015-106439,OFF-BI-10004209,19.296,Low,No
2065,CA-2015-106439,OFF-ST-10001963,405.64,Medium,No
2066,CA-2015-106439,FUR-CH-10003833,146.352,Medium,No
2067,CA-2015-106439,TEC-AC-10004568,251.91,Medium,No
2068,CA-2015-106439,OFF-AR-10001419,12.39,Low,No
2069,CA-2016-133452,TEC-AC-10002800,199.96,Medium,No
2070,CA-2016-133452,FUR-TA-10003954,710.832,High,Yes
2071,CA-2017-146521,OFF-BI-10000301,1.941,Low,No
2072,US-2018-110996,FUR-CH-10003956,283.92,Medium,No
2073,CA-2017-129693,OFF-BI-10002954,7.312,Low,No
2074,CA-2018-122504,TEC-AC-10003289,59.97,Low,No
2075,CA-2018-122504,TEC-PH-10002468,761.544,High,Yes
2076,CA-2015-131051,FUR-FU-10001861,58.2,Low,No
2077,CA-2018-140676,OFF-PA-10004082,39.9,Low,No
2078,CA-2018-140676,OFF-AP-10000358,90.86,Low,No
2079,CA-2018-140676,OFF-PA-10004243,94.85,Low,No
2080,CA-2016-120103,OFF-PA-10001295,106.232,Medium,No
2081,CA-2016-120103,TEC-PH-10002170,111.984,Medium,No
2082,CA-2016-120103,FUR-FU-10002885,7.712,Low,No
2083,CA-2018-104647,OFF-PA-10002870,37.44,Low,No
2084,CA-2015-110352,OFF-LA-10003923,23.68,Low,No
2085,CA-2017-140501,OFF-LA-10003510,122.12,Medium,No
2086,CA-2017-140501,OFF-LA-10000248,18.45,Low,No
2087,CA-2017-140501,OFF-ST-10000060,324.9,Medium,No
2088,CA-2017-140501,OFF-PA-10003129,146.73,Medium,No
2089,CA-2017-140501,OFF-FA-10004076,3.96,Low,No
2090,CA-2016-139290,OFF-LA-10004008,5.76,Low,No
2091,CA-2018-166142,OFF-BI-10004094,26.55,Low,No
2092,CA-2018-166142,FUR-TA-10004607,310.443,Medium,No
2093,CA-2015-145926,FUR-CH-10004289,479.9,Medium,No
2094,CA-2016-149678,OFF-SU-10004498,12.88,Low,No
2095,US-2016-164357,OFF-AR-10001177,13.12,Low,No
2096,US-2017-146570,OFF-BI-10001718,511.84,High,Yes
2097,US-2017-146570,OFF-AR-10004602,91.96,Low,No
2098,US-2017-146570,OFF-AR-10003856,8.34,Low,No
2099,CA-2018-124401,OFF-ST-10000649,37.68,Low,No
2100,CA-2018-124401,TEC-AC-10002926,279.944,Medium,No
2101,US-2015-140116,OFF-ST-10000078,636.408,High,Yes
2102,US-2015-140116,OFF-AR-10001044,83.168,Low,No
2103,CA-2015-123295,FUR-CH-10002372,259.136,Medium,No
2104,CA-2018-167101,OFF-PA-10000357,221.92,Medium,No
2105,CA-2018-167101,TEC-AC-10001266,26.0,Low,No
2106,US-2015-167633,OFF-PA-10004888,15.552,Low,No
2107,US-2015-152723,OFF-BI-10003460,0.876,Low,No
2108,CA-2016-164882,OFF-PA-10000157,19.98,Low,No
2109,CA-2016-164882,OFF-BI-10004519,398.352,Medium,No
2110,CA-2016-164882,OFF-AR-10004272,5.04,Low,No
2111,CA-2016-164882,OFF-FA-10000585,17.45,Low,No
2112,CA-2016-164882,FUR-CH-10004218,323.136,Medium,No
2113,CA-2016-164882,OFF-SU-10004231,29.7,Low,No
2114,CA-2016-164882,TEC-PH-10001578,1295.84,High,Yes
2115,CA-2016-164882,OFF-ST-10003638,46.84,Low,No
2116,CA-2016-164882,FUR-BO-10002213,425.833,Medium,No
2117,CA-2016-159786,FUR-TA-10001307,209.67,Medium,No
2118,CA-2017-130267,OFF-PA-10002222,159.88,Medium,No
2119,CA-2018-155460,OFF-PA-10002479,5.28,Low,No
2120,CA-2018-155460,OFF-BI-10003091,895.92,High,Yes
2121,US-2018-168690,OFF-BI-10000145,2.808,Low,No
2122,CA-2018-158246,FUR-CH-10003061,215.976,Medium,No
2123,CA-2018-167381,FUR-BO-10001972,241.96,Medium,No
2124,CA-2018-167381,OFF-LA-10000134,27.72,Low,No
2125,CA-2018-144862,OFF-EN-10003040,104.68,Medium,No
2126,CA-2018-144862,TEC-PH-10000923,62.958,Low,No
2127,CA-2015-126032,TEC-AC-10000158,86.376,Low,No
2128,CA-2016-134859,FUR-FU-10003623,64.944,Low,No
2129,CA-2016-134859,OFF-PA-10001293,20.736,Low,No
2130,US-2015-114188,OFF-AP-10000124,33.28,Low,No
2131,US-2015-114188,OFF-AR-10004511,38.52,Low,No
2132,US-2015-114188,FUR-FU-10000076,139.86,Medium,No
2133,CA-2016-156524,OFF-PA-10003883,19.65,Low,No
2134,CA-2016-122210,OFF-BI-10003656,152.991,Medium,No
2135,CA-2016-122210,OFF-FA-10000053,10.584,Low,No
2136,CA-2016-122210,TEC-PH-10002807,94.92,Low,No
2137,CA-2016-156377,FUR-FU-10002364,14.76,Low,No
2138,CA-2016-156377,OFF-BI-10002954,3.656,Low,No
2139,US-2018-157896,OFF-PA-10004092,146.82,Medium,No
2140,CA-2015-159520,OFF-BI-10003982,149.544,Medium,No
2141,CA-2015-159520,OFF-SU-10001664,17.14,Low,No
2142,CA-2015-159520,FUR-TA-10003238,991.764,High,Yes
2143,CA-2017-155481,OFF-PA-10004675,30.48,Low,No
2144,CA-2017-155481,TEC-PH-10002293,23.988,Low,No
2145,CA-2017-155481,OFF-FA-10002780,16.688,Low,No
2146,US-2017-152051,FUR-CH-10002965,422.058,Medium,No
2147,US-2017-152051,OFF-BI-10004781,38.088,Low,No
2148,US-2017-152051,OFF-ST-10001713,254.352,Medium,No
2149,CA-2015-141607,FUR-FU-10003975,43.31,Low,No
2150,CA-2018-102771,TEC-PH-10001536,84.95,Low,No
2151,US-2018-139969,FUR-CH-10001973,233.058,Medium,No
2152,CA-2015-167360,TEC-AC-10001772,111.79,Medium,No
2153,CA-2016-123505,OFF-PA-10002586,14.94,Low,No
2154,CA-2017-117282,OFF-BI-10004094,14.16,Low,No
2155,US-2017-120460,FUR-FU-10004973,22.608,Low,No
2156,CA-2017-111115,OFF-FA-10000624,21.48,Low,No
2157,CA-2015-124646,OFF-ST-10001097,501.81,High,Yes
2158,CA-2015-124646,OFF-ST-10001469,161.94,Medium,No
2159,CA-2018-148166,OFF-AR-10004956,17.856,Low,No
2160,CA-2017-159737,OFF-BI-10004236,8.808,Low,No
2161,CA-2017-141019,FUR-FU-10002937,79.384,Low,No
2162,CA-2017-101938,OFF-AR-10003696,34.58,Low,No
2163,CA-2018-166296,OFF-PA-10004359,314.55,Medium,No
2164,CA-2017-154018,TEC-AC-10002402,191.976,Medium,No
2165,CA-2017-154018,OFF-PA-10000551,8.288,Low,No
2166,CA-2017-154018,FUR-FU-10003394,139.92,Medium,No
2167,CA-2017-154018,OFF-AR-10002067,15.872,Low,No
2168,CA-2017-154018,OFF-BI-10004140,6.286,Low,No
2169,CA-2018-117870,OFF-AR-10004078,14.016,Low,No
2170,CA-2018-117870,TEC-AC-10000927,71.976,Low,No
2171,CA-2018-117870,TEC-PH-10003931,107.982,Medium,No
2172,US-2018-137491,FUR-CH-10004675,305.312,Medium,No
2173,CA-2015-152296,OFF-BI-10004506,19.752,Low,No
2174,CA-2017-112025,OFF-BI-10002353,9.264,Low,No
2175,CA-2016-132507,OFF-ST-10000943,61.792,Low,No
2176,CA-2017-125738,OFF-PA-10000740,45.68,Low,No
2177,CA-2017-125738,OFF-PA-10003001,60.12,Low,No
2178,CA-2017-125738,OFF-BI-10001628,41.72,Low,No
2179,CA-2017-125738,OFF-PA-10001509,71.6,Low,No
2180,CA-2017-128818,OFF-BI-10000309,85.232,Low,No
2181,CA-2017-128818,OFF-LA-10003923,44.4,Low,No
2182,CA-2017-128818,FUR-CH-10002084,442.764,Medium,No
2183,CA-2017-128818,TEC-MA-10000488,3999.95,High,Yes
2184,CA-2017-128818,TEC-AC-10001767,199.95,Medium,No
2185,CA-2017-128818,FUR-FU-10001940,63.68,Low,No
2186,CA-2018-124576,OFF-BI-10002735,54.896,Low,No
2187,CA-2017-101378,TEC-AC-10002345,29.0,Low,No
2188,CA-2018-143063,OFF-EN-10003134,70.08,Low,No
2189,CA-2018-143063,FUR-FU-10003708,121.3,Medium,No
2190,CA-2018-143063,TEC-PH-10003645,1454.49,High,Yes
2191,CA-2017-118913,OFF-AP-10000692,60.81,Low,No
2192,CA-2017-128412,OFF-BI-10001718,153.552,Medium,No
2193,CA-2017-128412,OFF-AP-10002082,65.34,Low,No
2194,CA-2017-128412,OFF-PA-10001125,123.92,Medium,No
2195,CA-2017-128412,OFF-AP-10000252,35.1,Low,No
2196,CA-2017-128412,TEC-AC-10003038,44.75,Low,No
2197,CA-2017-136483,OFF-AR-10000940,4.704,Low,No
2198,CA-2015-163013,OFF-AR-10001954,14.67,Low,No
2199,CA-2016-135363,OFF-PA-10003177,15.552,Low,No
2200,CA-2016-135363,OFF-PA-10000533,5.232,Low,No
2201,US-2015-165659,FUR-FU-10001935,22.2,Low,No
2202,US-2015-165659,TEC-PH-10002563,881.93,High,Yes
2203,CA-2016-138002,OFF-BI-10002160,6.096,Low,No
2204,CA-2016-138002,FUR-FU-10004748,191.82,Medium,No
2205,CA-2016-128860,FUR-FU-10001473,20.104,Low,No
2206,CA-2017-164350,OFF-AR-10000538,67.56,Low,No
2207,US-2015-103905,OFF-BI-10001098,29.932,Low,No
2208,US-2015-103905,TEC-PH-10001552,38.272,Low,No
2209,CA-2016-129854,OFF-AR-10000390,16.52,Low,No
2210,CA-2015-125556,TEC-PH-10001079,832.93,High,Yes
2211,CA-2015-125556,OFF-BI-10003460,43.8,Low,No
2212,CA-2017-162313,OFF-AP-10003842,167.292,Medium,No
2213,CA-2018-107874,FUR-FU-10003535,27.42,Low,No
2214,CA-2018-129378,OFF-BI-10002012,1.44,Low,No
2215,CA-2018-129378,OFF-BI-10001922,61.776,Low,No
2216,CA-2018-129378,OFF-AP-10000576,241.96,Medium,No
2217,CA-2018-129378,FUR-CH-10000553,108.608,Medium,No
2218,CA-2015-151953,OFF-AR-10003469,2.816,Low,No
2219,CA-2018-130841,OFF-BI-10000145,9.984,Low,No
2220,CA-2018-130841,OFF-ST-10001580,14.98,Low,No
2221,CA-2018-130841,TEC-PH-10001817,1145.6,High,Yes
2222,CA-2016-131884,TEC-PH-10001578,485.94,Medium,No
2223,CA-2016-131884,OFF-AR-10004078,37.376,Low,No
2224,CA-2016-131884,FUR-CH-10004860,70.686,Low,No
2225,CA-2018-121909,OFF-PA-10003790,54.816,Low,No
2226,CA-2017-106383,FUR-BO-10002202,72.294,Low,No
2227,CA-2018-130771,OFF-FA-10003059,2.896,Low,No
2228,CA-2018-130771,TEC-PH-10002496,124.792,Medium,No
2229,CA-2017-139157,FUR-TA-10003238,330.588,Medium,No
2230,CA-2015-128055,OFF-BI-10004390,673.568,High,Yes
2231,CA-2015-128055,OFF-AP-10002765,52.98,Low,No
2232,CA-2018-157091,FUR-FU-10000293,526.45,High,Yes
2233,CA-2018-132122,OFF-ST-10003692,228.92,Medium,No
2234,CA-2016-123232,TEC-PH-10001051,319.968,Medium,No
2235,CA-2016-145849,OFF-ST-10000025,190.86,Medium,No
2236,CA-2016-145849,OFF-AR-10000817,24.32,Low,No
2237,CA-2017-122322,OFF-SU-10000952,44.4,Low,No
2238,CA-2018-166849,FUR-FU-10004597,44.4,Low,No
2239,CA-2017-146633,OFF-BI-10003527,1016.792,High,Yes
2240,CA-2017-146633,OFF-BI-10002982,38.136,Low,No
2241,US-2017-126893,TEC-PH-10004165,494.982,Medium,No
2242,CA-2018-103380,OFF-ST-10003442,56.56,Low,No
2243,CA-2018-103380,OFF-AR-10003856,5.56,Low,No
2244,CA-2018-103380,OFF-FA-10004248,9.02,Low,No
2245,CA-2018-103380,OFF-AP-10001492,8.62,Low,No
2246,CA-2018-103380,TEC-PH-10004165,659.976,High,Yes
2247,CA-2016-116092,OFF-PA-10004285,13.36,Low,No
2248,CA-2016-116092,OFF-BI-10001628,41.72,Low,No
2249,CA-2016-116092,OFF-BI-10000546,11.52,Low,No
2250,CA-2016-116092,OFF-AP-10001391,541.44,High,Yes
2251,CA-2016-116092,OFF-PA-10000477,19.44,Low,No
2252,CA-2017-117849,OFF-PA-10004327,143.7,Medium,No
2253,CA-2016-169201,OFF-AP-10000696,43.26,Low,No
2254,CA-2016-169201,OFF-AP-10002082,43.56,Low,No
2255,CA-2017-164091,TEC-PH-10001944,437.85,Medium,No
2256,CA-2017-164091,FUR-FU-10004952,109.48,Medium,No
2257,CA-2018-105214,FUR-CH-10000015,1212.96,High,Yes
2258,CA-2018-105214,OFF-PA-10001776,18.54,Low,No
2259,CA-2016-117611,OFF-FA-10002280,5.0,Low,No
2260,CA-2016-117611,TEC-AC-10002049,371.97,Medium,No
2261,US-2016-137960,TEC-AC-10002253,166.24,Medium,No
2262,CA-2018-122994,FUR-BO-10004015,359.97,Medium,No
2263,CA-2017-131065,TEC-AC-10004145,499.98,Medium,No
2264,CA-2017-131065,OFF-PA-10002479,5.28,Low,No
2265,CA-2017-131065,OFF-BI-10004970,8.26,Low,No
2266,CA-2018-149146,OFF-PA-10003919,7.968,Low,No
2267,CA-2018-137470,OFF-PA-10002001,12.96,Low,No
2268,CA-2018-105480,OFF-PA-10002787,6.48,Low,No
2269,CA-2018-105480,OFF-BI-10003291,6.984,Low,No
2270,CA-2018-164917,OFF-AR-10004344,47.96,Low,No
2271,CA-2016-102036,OFF-ST-10003123,199.74,Medium,No
2272,CA-2016-142944,FUR-FU-10000308,435.26,Medium,No
2273,CA-2016-142944,TEC-CO-10003763,1119.984,High,Yes
2274,CA-2015-157882,FUR-TA-10001866,143.432,Medium,No
2275,CA-2015-157882,FUR-CH-10002774,122.352,Medium,No
2276,CA-2015-104283,OFF-ST-10004337,306.2,Medium,No
2277,CA-2015-104283,FUR-TA-10001039,85.98,Low,No
2278,CA-2015-104283,TEC-AC-10000109,223.96,Medium,No
2279,CA-2018-142622,FUR-CH-10003833,97.568,Low,No
2280,CA-2018-142622,FUR-CH-10004289,614.272,High,Yes
2281,CA-2018-142622,FUR-BO-10004467,199.98,Medium,No
2282,CA-2017-132143,OFF-PA-10002713,48.16,Low,No
2283,CA-2016-153108,TEC-PH-10001552,23.92,Low,No
2284,CA-2016-153108,OFF-AP-10002222,60.69,Low,No
2285,CA-2017-112676,OFF-PA-10003971,14.352,Low,No
2286,CA-2018-165687,OFF-AP-10004036,35.04,Low,No
2287,US-2018-112928,OFF-AP-10002287,17.48,Low,No
2288,CA-2018-143343,OFF-AR-10002375,16.4,Low,No
2289,CA-2018-115154,FUR-TA-10001950,892.98,High,Yes
2290,CA-2016-149342,TEC-PH-10001557,287.97,Medium,No
2291,CA-2016-149342,FUR-FU-10002937,595.38,High,Yes
2292,CA-2016-149342,OFF-PA-10001166,12.96,Low,No
2293,CA-2016-130995,TEC-PH-10000347,4.95,Low,No
2294,CA-2018-127929,FUR-FU-10003708,181.95,Medium,No
2295,CA-2016-113145,OFF-PA-10002659,13.52,Low,No
2296,CA-2016-113145,FUR-FU-10000965,259.7,Medium,No
2297,CA-2016-113145,TEC-PH-10001527,42.95,Low,No
2298,CA-2016-113145,TEC-AC-10001838,1399.93,High,Yes
2299,CA-2016-113145,TEC-PH-10002597,503.96,High,Yes
2300,CA-2015-162362,OFF-BI-10000756,12.72,Low,No
2301,CA-2015-162362,OFF-BI-10000546,11.52,Low,No
2302,CA-2017-106558,TEC-AC-10001142,316.0,Medium,No
2303,CA-2018-157931,FUR-CH-10000785,723.92,High,Yes
2304,CA-2018-157931,OFF-PA-10000474,106.32,Medium,No
2305,CA-2017-115574,FUR-BO-10003441,141.372,Medium,No
2306,CA-2016-160794,OFF-PA-10004156,27.216,Low,No
2307,CA-2018-116225,TEC-AC-10001432,390.75,Medium,No
2308,US-2018-120418,FUR-CH-10001394,280.792,Medium,No
2309,US-2018-120418,OFF-ST-10002370,68.448,Low,No
2310,US-2018-120418,OFF-AR-10002956,88.04,Low,No
2311,US-2018-120418,OFF-AR-10001955,15.872,Low,No
2312,US-2018-120418,OFF-ST-10001809,215.592,Medium,No
2313,CA-2018-122035,OFF-LA-10004093,14.62,Low,No
2314,CA-2018-122035,OFF-AP-10002118,416.32,Medium,No
2315,CA-2018-122035,OFF-BI-10000404,43.0,Low,No
2316,CA-2018-122035,FUR-CH-10003833,182.94,Medium,No
2317,CA-2018-122035,OFF-BI-10002072,60.83,Low,No
2318,CA-2018-122035,TEC-AC-10003095,389.97,Medium,No
2319,CA-2016-117828,OFF-AP-10001563,194.32,Medium,No
2320,CA-2018-165491,TEC-AC-10000358,265.93,Medium,No
2321,CA-2016-109470,OFF-BI-10004492,94.74,Low,No
2322,CA-2016-109470,OFF-BI-10001072,60.64,Low,No
2323,CA-2016-109470,OFF-BI-10003707,76.3,Low,No
2324,CA-2016-109470,OFF-BI-10000977,364.8,Medium,No
2325,CA-2016-105102,OFF-BI-10002082,79.872,Low,No
2326,CA-2016-105102,FUR-BO-10004709,46.384,Low,No
2327,CA-2016-105102,OFF-PA-10002365,12.96,Low,No
2328,CA-2018-138422,OFF-EN-10004147,14.352,Low,No
2329,US-2016-147739,FUR-FU-10001468,547.136,High,Yes
2330,CA-2017-155187,OFF-ST-10000642,41.96,Low,No
2331,CA-2017-155187,OFF-PA-10000380,41.7,Low,No
2332,CA-2018-169285,OFF-PA-10004071,277.4,Medium,No
2333,CA-2018-169285,OFF-PA-10004971,5.78,Low,No
2334,CA-2015-140886,OFF-AP-10000696,69.216,Low,No
2335,CA-2018-152695,OFF-EN-10004030,10.86,Low,No
2336,CA-2018-152695,OFF-AP-10000026,426.79,Medium,No
2337,CA-2015-110639,OFF-PA-10003936,25.92,Low,No
2338,CA-2015-110639,OFF-PA-10004530,45.92,Low,No
2339,CA-2015-121727,OFF-AR-10004930,10.72,Low,No
2340,CA-2017-137736,OFF-AR-10004999,41.86,Low,No
2341,US-2015-143231,FUR-FU-10002501,63.2,Low,No
2342,US-2015-143231,TEC-AC-10000358,113.97,Medium,No
2343,US-2015-155894,OFF-ST-10004804,123.552,Medium,No
2344,CA-2017-119025,OFF-AP-10001205,490.32,Medium,No
2345,CA-2017-159373,OFF-PA-10000659,70.08,Low,No
2346,CA-2017-159373,OFF-BI-10004141,1.272,Low,No
2347,CA-2017-159373,FUR-TA-10004619,557.585,High,Yes
2348,CA-2018-109701,OFF-BI-10004187,9.024,Low,No
2349,CA-2018-109701,OFF-BI-10000632,69.456,Low,No
2350,CA-2018-109701,OFF-PA-10003724,10.86,Low,No
2351,CA-2018-109701,OFF-AP-10002765,79.47,Low,No
2352,CA-2018-109701,OFF-AR-10001868,10.08,Low,No
2353,CA-2016-111514,FUR-BO-10002545,1552.831,High,Yes
2354,CA-2016-111514,OFF-BI-10002735,137.24,Medium,No
2355,CA-2016-111514,TEC-AC-10004864,36.51,Low,No
2356,CA-2016-111514,TEC-MA-10000597,239.976,Medium,No
2357,US-2015-148838,FUR-TA-10003473,1579.746,High,Yes
2358,US-2015-148838,FUR-TA-10001950,1071.576,High,Yes
2359,US-2015-148838,FUR-TA-10004175,613.908,High,Yes
2360,US-2015-148838,OFF-PA-10002960,34.86,Low,No
2361,US-2015-148838,OFF-PA-10000919,155.04,Medium,No
2362,CA-2018-136497,OFF-BI-10001553,13.71,Low,No
2363,US-2017-108637,FUR-FU-10004864,127.88,Medium,No
2364,US-2017-108637,OFF-AP-10004540,160.32,Medium,No
2365,US-2017-108637,OFF-BI-10004965,46.0,Low,No
2366,CA-2015-102295,FUR-CH-10001714,120.712,Medium,No
2367,CA-2018-123659,OFF-PA-10002464,23.12,Low,No
2368,US-2017-129469,FUR-FU-10002298,532.704,High,Yes
2369,US-2017-129469,OFF-AR-10000315,4.912,Low,No
2370,CA-2018-155152,TEC-AC-10004353,252.0,Medium,No
2371,CA-2017-159940,FUR-FU-10004973,60.288,Low,No
2372,CA-2017-159940,OFF-FA-10000936,2.632,Low,No
2373,CA-2017-159940,OFF-PA-10001609,23.688,Low,No
2374,CA-2017-159940,FUR-CH-10000785,253.372,Medium,No
2375,CA-2018-119669,OFF-FA-10000053,5.67,Low,No
2376,US-2015-164616,OFF-BI-10001718,76.776,Low,No
2377,US-2015-164616,OFF-SU-10004768,9.184,Low,No
2378,CA-2016-148628,OFF-PA-10003883,32.75,Low,No
2379,CA-2017-118052,OFF-FA-10004248,7.216,Low,No
2380,CA-2017-118052,OFF-PA-10002581,49.568,Low,No
2381,CA-2017-118052,FUR-FU-10004848,54.712,Low,No
2382,US-2018-117534,OFF-AP-10002403,176.04,Medium,No
2383,US-2018-117534,OFF-AR-10003087,16.02,Low,No
2384,US-2018-117534,OFF-BI-10002026,185.92,Medium,No
2385,US-2018-117534,TEC-PH-10000141,211.168,Medium,No
2386,US-2018-117534,TEC-CO-10000971,479.984,Medium,No
2387,CA-2016-145065,OFF-FA-10001229,7.86,Low,No
2388,CA-2016-145065,OFF-BI-10002437,24.448,Low,No
2389,US-2016-127040,OFF-PA-10004255,6.48,Low,No
2390,US-2016-127040,OFF-PA-10001184,41.86,Low,No
2391,US-2016-127040,TEC-AC-10002637,1619.91,High,Yes
2392,US-2016-127040,FUR-FU-10002878,113.92,Medium,No
2393,CA-2017-128111,OFF-AR-10000588,39.68,Low,No
2394,CA-2016-137897,TEC-AC-10002217,37.6,Low,No
2395,CA-2016-137897,TEC-AC-10001267,59.9,Low,No
2396,CA-2016-137897,OFF-PA-10004041,37.0,Low,No
2397,CA-2018-169264,OFF-LA-10001613,5.76,Low,No
2398,CA-2018-169264,OFF-AR-10000246,16.68,Low,No
2399,CA-2018-147361,OFF-ST-10001809,628.81,High,Yes
2400,CA-2018-147361,OFF-ST-10002214,56.45,Low,No
2401,CA-2018-145877,OFF-ST-10000649,94.2,Low,No
2402,CA-2018-145877,OFF-EN-10001990,28.4,Low,No
2403,US-2017-110170,FUR-BO-10000780,956.6648,High,Yes
2404,CA-2018-108574,TEC-AC-10002049,1115.91,High,Yes
2405,CA-2018-108574,TEC-PH-10003555,128.744,Medium,No
2406,CA-2018-108574,TEC-PH-10000702,79.92,Low,No
2407,CA-2018-144589,OFF-AR-10003631,24.2,Low,No
2408,CA-2018-144589,TEC-PH-10003072,359.976,Medium,No
2409,CA-2018-155985,FUR-FU-10000758,211.84,Medium,No
2410,CA-2015-162684,OFF-FA-10000992,5.68,Low,No
2411,CA-2016-142041,OFF-BI-10004187,7.52,Low,No
2412,CA-2015-151295,OFF-PA-10001947,11.96,Low,No
2413,CA-2015-151295,FUR-TA-10002356,629.064,High,Yes
2414,CA-2017-156300,FUR-CH-10001714,754.45,High,Yes
2415,CA-2016-146087,FUR-BO-10002824,301.96,Medium,No
2416,CA-2018-168655,TEC-AC-10002842,595.0,High,Yes
2417,CA-2018-168655,OFF-BI-10002082,79.872,Low,No
2418,CA-2017-107202,TEC-MA-10000112,2396.4,High,Yes
2419,CA-2018-159597,OFF-ST-10002289,63.56,Low,No
2420,CA-2018-159597,TEC-AC-10004171,99.99,Low,No
2421,CA-2017-155551,OFF-ST-10003656,230.376,Medium,No
2422,CA-2017-155551,OFF-PA-10001560,9.664,Low,No
2423,US-2018-147669,TEC-AC-10002473,158.928,Medium,No
2424,US-2018-147669,OFF-BI-10000632,13.023,Low,No
2425,US-2018-147669,FUR-TA-10002645,273.06,Medium,No
2426,US-2018-147669,OFF-FA-10002975,39.312,Low,No
2427,CA-2017-169922,OFF-BI-10003784,1.344,Low,No
2428,CA-2017-169922,OFF-BI-10001617,8.272,Low,No
2429,CA-2017-169922,FUR-FU-10004415,12.544,Low,No
2430,CA-2018-100748,OFF-LA-10000240,58.48,Low,No
2431,CA-2018-129805,FUR-FU-10001935,7.4,Low,No
2432,CA-2015-148586,FUR-CH-10002439,366.786,Medium,No
2433,US-2018-112613,TEC-PH-10001536,54.368,Low,No
2434,CA-2016-154746,OFF-EN-10001532,33.96,Low,No
2435,CA-2016-154746,OFF-AP-10003057,826.11,High,Yes
2436,CA-2018-140053,FUR-FU-10003708,545.85,High,Yes
2437,CA-2015-164210,FUR-TA-10000849,145.98,Medium,No
2438,CA-2015-164210,OFF-PA-10002259,35.808,Low,No
2439,CA-2018-139948,FUR-FU-10002597,7.904,Low,No
2440,CA-2017-146934,TEC-PH-10004614,345.0,Medium,No
2441,CA-2017-146934,FUR-TA-10003748,174.286,Medium,No
2442,CA-2017-146934,OFF-AP-10003217,662.84,High,Yes
2443,CA-2017-146934,TEC-AC-10002399,95.1,Low,No
2444,CA-2017-146934,OFF-EN-10002973,26.88,Low,No
2445,CA-2017-146934,TEC-PH-10001336,257.98,Medium,No
2446,CA-2016-100573,OFF-EN-10000461,17.48,Low,No
2447,CA-2017-119165,FUR-CH-10000988,492.835,Medium,No
2448,CA-2016-128027,OFF-ST-10001809,269.49,Medium,No
2449,CA-2017-140207,OFF-BI-10003963,29.12,Low,No
2450,CA-2018-140949,OFF-LA-10000081,18.75,Low,No
2451,CA-2018-140949,TEC-PH-10000149,119.7,Medium,No
2452,CA-2018-140949,OFF-BI-10000605,9.144,Low,No
2453,CA-2018-140949,TEC-AC-10002399,57.06,Low,No
2454,CA-2018-140949,TEC-AC-10003038,71.6,Low,No
2455,CA-2018-140949,OFF-ST-10000344,107.44,Medium,No
2456,CA-2018-140949,OFF-LA-10004093,7.31,Low,No
2457,CA-2018-140949,OFF-AR-10001683,59.1,Low,No
2458,CA-2018-140949,OFF-ST-10003455,46.53,Low,No
2459,CA-2018-138548,OFF-AP-10002578,97.84,Low,No
2460,CA-2016-142419,OFF-PA-10001763,29.97,Low,No
2461,CA-2016-142419,OFF-BI-10001597,98.352,Low,No
2462,CA-2018-148691,OFF-BI-10001524,83.92,Low,No
2463,CA-2018-148691,OFF-BI-10001553,14.624,Low,No
2464,CA-2018-148691,TEC-PH-10000576,136.99,Medium,No
2465,CA-2018-148691,OFF-LA-10001317,3.15,Low,No
2466,CA-2018-128755,OFF-PA-10000726,9.11,Low,No
2467,CA-2018-128755,OFF-ST-10003306,571.44,High,Yes
2468,CA-2018-128755,OFF-PA-10004983,32.4,Low,No
2469,CA-2018-128755,OFF-ST-10001291,16.91,Low,No
2470,US-2017-135923,FUR-FU-10002107,14.272,Low,No
2471,US-2017-135923,FUR-BO-10002213,451.136,Medium,No
2472,US-2017-135923,OFF-AP-10000692,64.864,Low,No
2473,CA-2017-114972,FUR-CH-10001190,217.584,Medium,No
2474,CA-2017-114972,TEC-AC-10000682,82.95,Low,No
2475,CA-2017-114972,OFF-LA-10004545,87.71,Low,No
2476,CA-2017-114972,OFF-AP-10003057,1101.48,High,Yes
2477,CA-2018-102750,FUR-TA-10000198,1322.352,High,Yes
2478,CA-2015-145212,OFF-AR-10002833,5.46,Low,No
2479,CA-2018-141992,OFF-SU-10002557,11.184,Low,No
2480,CA-2018-141992,OFF-ST-10003656,153.584,Medium,No
2481,CA-2018-147956,OFF-ST-10001097,1003.62,High,Yes
2482,CA-2018-126067,TEC-PH-10000912,35.168,Low,No
2483,CA-2018-126067,FUR-TA-10000617,1137.75,High,Yes
2484,CA-2018-126067,OFF-BI-10001658,99.68,Low,No
2485,CA-2018-126067,OFF-AR-10003856,5.56,Low,No
2486,CA-2016-104514,OFF-ST-10001837,85.52,Low,No
2487,CA-2016-104514,OFF-AR-10001473,9.84,Low,No
2488,CA-2016-104514,OFF-PA-10004285,20.04,Low,No
2489,CA-2016-141040,TEC-PH-10001835,631.96,High,Yes
2490,CA-2016-141040,OFF-PA-10002245,23.92,Low,No
2491,CA-2015-113579,OFF-PA-10001457,90.24,Low,No
2492,CA-2015-144624,TEC-PH-10002885,4548.81,High,Yes
2493,CA-2017-146206,FUR-TA-10004086,300.93,Medium,No
2494,CA-2017-146206,TEC-PH-10000895,719.96,High,Yes
2495,CA-2015-136644,FUR-CH-10000225,647.84,High,Yes
2496,CA-2016-122371,OFF-ST-10002370,64.17,Low,No
2497,CA-2016-122371,OFF-EN-10000056,124.46,Medium,No
2498,CA-2017-126935,OFF-BI-10004817,9.584,Low,No
2499,US-2018-133781,OFF-EN-10004483,37.608,Low,No
2500,CA-2018-131618,OFF-PA-10001892,12.224,Low,No
2501,CA-2018-131618,OFF-BI-10000546,2.304,Low,No
2502,CA-2018-131618,OFF-BI-10001294,9.36,Low,No
2503,CA-2017-149482,OFF-LA-10000248,7.38,Low,No
2504,CA-2015-143917,OFF-ST-10001228,53.72,Low,No
2505,CA-2015-143917,OFF-SU-10000151,8187.65,High,Yes
2506,CA-2015-143917,FUR-FU-10004351,77.92,Low,No
2507,CA-2016-120397,OFF-AP-10001293,32.784,Low,No
2508,CA-2018-163902,TEC-PH-10000675,196.776,Medium,No
2509,CA-2018-163902,TEC-AC-10000580,479.94,Medium,No
2510,CA-2017-136812,OFF-ST-10003470,1117.92,High,Yes
2511,CA-2016-102722,TEC-AC-10003116,106.5,Medium,No
2512,CA-2018-155089,OFF-BI-10002429,45.66,Low,No
2513,CA-2017-124506,TEC-AC-10003280,95.968,Low,No
2514,CA-2017-124506,FUR-CH-10004540,47.992,Low,No
2515,CA-2015-106572,OFF-ST-10000585,264.32,Medium,No
2516,CA-2015-128888,OFF-EN-10003001,604.656,High,Yes
2517,CA-2018-123134,FUR-FU-10003975,129.93,Medium,No
2518,CA-2017-124352,OFF-LA-10004559,20.16,Low,No
2519,CA-2017-124352,OFF-LA-10003223,29.46,Low,No
2520,CA-2017-124352,OFF-AP-10002651,868.59,High,Yes
2521,CA-2017-124352,OFF-PA-10003177,12.96,Low,No
2522,CA-2017-124352,TEC-PH-10003442,5.5,Low,No
2523,CA-2017-124352,OFF-BI-10000977,121.6,Medium,No
2524,CA-2016-124541,OFF-AR-10004078,42.048,Low,No
2525,CA-2016-124541,TEC-AC-10002550,25.488,Low,No
2526,CA-2016-124541,OFF-BI-10004965,6.9,Low,No
2527,CA-2016-124541,OFF-BI-10004209,9.648,Low,No
2528,CA-2016-124541,OFF-PA-10001526,7.968,Low,No
2529,CA-2015-108707,OFF-PA-10000788,10.368,Low,No
2530,CA-2015-111500,OFF-PA-10000595,114.2,Medium,No
2531,CA-2015-111500,OFF-BI-10000829,17.96,Low,No
2532,CA-2015-111500,OFF-FA-10002676,12.67,Low,No
2533,CA-2015-111500,TEC-AC-10000844,339.96,Medium,No
2534,US-2018-117723,OFF-ST-10004459,1801.632,High,Yes
2535,CA-2016-143238,TEC-AC-10003499,46.32,Low,No
2536,CA-2016-168746,FUR-CH-10000513,181.986,Medium,No
2537,CA-2016-168746,TEC-PH-10000895,431.976,Medium,No
2538,CA-2016-168746,TEC-PH-10002555,155.37,Medium,No
2539,CA-2016-113404,FUR-CH-10003312,1348.704,High,Yes
2540,CA-2016-113404,FUR-CH-10004086,700.152,High,Yes
2541,CA-2017-144792,FUR-FU-10002759,111.888,Medium,No
2542,CA-2015-164385,OFF-AP-10002191,143.952,Medium,No
2543,US-2017-114174,FUR-BO-10003450,173.94,Medium,No
2544,US-2017-114174,OFF-LA-10000248,14.76,Low,No
2545,CA-2018-108070,OFF-ST-10004804,205.92,Medium,No
2546,CA-2018-108070,FUR-BO-10001337,102.833,Medium,No
2547,US-2016-128090,OFF-AR-10002255,2.304,Low,No
2548,US-2016-128090,TEC-PH-10002624,1879.96,High,Yes
2549,US-2016-128090,OFF-PA-10001878,313.024,Medium,No
2550,US-2016-128090,OFF-LA-10000452,5.04,Low,No
2551,CA-2018-101042,FUR-FU-10004665,821.88,High,Yes
2552,CA-2018-101042,OFF-BI-10000088,21.96,Low,No
2553,CA-2017-155439,OFF-PA-10000029,25.92,Low,No
2554,CA-2017-118626,TEC-PH-10000369,705.544,High,Yes
2555,CA-2016-111458,TEC-AC-10001590,50.0,Low,No
2556,US-2017-126844,FUR-FU-10004909,51.712,Low,No
2557,US-2016-112508,OFF-AP-10002287,6.992,Low,No
2558,CA-2016-147788,FUR-BO-10004357,1406.86,High,Yes
2559,CA-2016-147788,OFF-LA-10003766,15.75,Low,No
2560,CA-2016-147788,OFF-ST-10000046,323.1,Medium,No
2561,CA-2016-144288,OFF-LA-10003190,9.216,Low,No
2562,CA-2016-144288,OFF-PA-10002787,10.368,Low,No
2563,CA-2016-110632,TEC-AC-10000387,15.02,Low,No
2564,CA-2016-110632,OFF-ST-10001291,33.82,Low,No
2565,CA-2018-109589,TEC-AC-10003116,71.0,Low,No
2566,CA-2018-123967,OFF-BI-10001308,25.12,Low,No
2567,CA-2018-123967,FUR-TA-10003954,2665.62,High,Yes
2568,CA-2018-148929,OFF-ST-10003282,478.08,Medium,No
2569,CA-2018-134404,TEC-PH-10000576,164.388,Medium,No
2570,CA-2018-134404,OFF-AR-10004441,13.248,Low,No
2571,CA-2018-109778,OFF-AR-10003759,2.912,Low,No
2572,CA-2017-155845,TEC-AC-10004145,1399.944,High,Yes
2573,CA-2018-145128,FUR-FU-10000293,526.45,High,Yes
2574,CA-2015-129091,OFF-EN-10004955,16.23,Low,No
2575,CA-2015-129091,OFF-BI-10001071,319.9,Medium,No
2576,CA-2015-129091,OFF-EN-10001990,11.36,Low,No
2577,CA-2015-129091,OFF-AP-10002734,675.12,High,Yes
2578,US-2015-155502,FUR-FU-10004587,62.82,Low,No
2579,US-2015-155502,OFF-ST-10004337,489.92,Medium,No
2580,US-2015-155502,OFF-PA-10003072,19.44,Low,No
2581,US-2015-155502,OFF-PA-10000380,16.68,Low,No
2582,US-2015-155502,TEC-PH-10004833,155.35,Medium,No
2583,US-2015-155502,FUR-FU-10001847,12.42,Low,No
2584,US-2015-155502,TEC-PH-10002103,187.98,Medium,No
2585,CA-2016-121041,OFF-EN-10001137,6.608,Low,No
2586,CA-2018-131695,OFF-ST-10001476,248.57,Medium,No
2587,CA-2018-131695,FUR-FU-10002045,22.23,Low,No
2588,CA-2017-137729,OFF-ST-10001505,5.98,Low,No
2589,CA-2017-137729,TEC-PH-10001433,246.168,Medium,No
2590,US-2017-115455,FUR-FU-10004671,14.136,Low,No
2591,US-2017-115455,FUR-TA-10003569,601.47,High,Yes
2592,CA-2018-128300,TEC-PH-10002807,79.1,Low,No
2593,CA-2018-128300,OFF-BI-10001597,327.84,Medium,No
2594,CA-2018-149048,OFF-EN-10003296,180.96,Medium,No
2595,CA-2018-149048,OFF-BI-10004632,914.97,High,Yes
2596,CA-2018-149048,TEC-PH-10002310,587.97,High,Yes
2597,CA-2018-149048,OFF-ST-10000078,530.34,High,Yes
2598,CA-2018-149048,OFF-PA-10001752,14.94,Low,No
2599,CA-2018-108553,OFF-AP-10000026,121.94,Medium,No
2600,CA-2018-108553,OFF-SU-10002573,122.71,Medium,No
2601,CA-2017-165848,OFF-PA-10000349,14.94,Low,No
2602,CA-2017-165848,TEC-MA-10003356,1349.85,High,Yes
2603,CA-2017-165848,FUR-BO-10000362,136.784,Medium,No
2604,CA-2017-165848,FUR-FU-10003878,61.12,Low,No
2605,CA-2015-112718,OFF-BI-10000591,1.167,Low,No
2606,CA-2017-154053,OFF-AR-10003727,16.99,Low,No
2607,CA-2015-127446,TEC-AC-10001635,24.672,Low,No
2608,CA-2015-127446,OFF-LA-10001317,2.52,Low,No
2609,CA-2015-127446,FUR-TA-10000577,1218.735,High,Yes
2610,CA-2015-127446,OFF-LA-10000248,5.904,Low,No
2611,CA-2015-127446,OFF-PA-10000955,15.696,Low,No
2612,CA-2015-127446,FUR-FU-10000221,6.096,Low,No
2613,CA-2017-137204,FUR-CH-10002304,41.568,Low,No
2614,CA-2015-147298,FUR-CH-10004886,230.28,Medium,No
2615,CA-2015-147298,OFF-BI-10001525,18.288,Low,No
2616,CA-2018-147942,OFF-LA-10003663,5.78,Low,No
2617,CA-2018-147942,OFF-BI-10001294,121.68,Medium,No
2618,CA-2018-115931,OFF-AR-10000369,4.17,Low,No
2619,CA-2018-115931,TEC-PH-10001300,67.04,Low,No
2620,CA-2018-115931,OFF-ST-10000876,37.32,Low,No
2621,CA-2018-115931,OFF-LA-10001404,18.45,Low,No
2622,CA-2015-164861,OFF-PA-10001972,25.92,Low,No
2623,CA-2018-127180,TEC-CO-10004722,11199.968,High,Yes
2624,CA-2018-127180,TEC-PH-10001494,2399.6,High,Yes
2625,CA-2018-127180,OFF-EN-10002500,63.9,Low,No
2626,CA-2018-127180,TEC-PH-10003800,52.99,Low,No
2627,US-2018-165344,TEC-AC-10002399,60.864,Low,No
2628,US-2018-165344,TEC-MA-10002210,652.995,High,Yes
2629,US-2018-165344,OFF-BI-10003196,11.22,Low,No
2630,CA-2016-168186,OFF-PA-10000477,14.94,Low,No
2631,US-2018-110604,FUR-FU-10000076,39.96,Low,No
2632,US-2018-110604,FUR-CH-10002017,42.624,Low,No
2633,US-2018-110604,FUR-CH-10004287,220.96,Medium,No
2634,CA-2016-116750,FUR-FU-10003829,4.928,Low,No
2635,CA-2016-116750,OFF-BI-10004728,7.23,Low,No
2636,CA-2016-162369,OFF-ST-10000046,323.1,Medium,No
2637,CA-2018-108441,OFF-PA-10000697,19.04,Low,No
2638,CA-2018-108441,OFF-BI-10000848,13.128,Low,No
2639,CA-2018-108441,OFF-AR-10004691,64.14,Low,No
2640,CA-2018-108441,FUR-CH-10000595,858.24,High,Yes
2641,CA-2016-169740,TEC-AC-10000927,29.99,Low,No
2642,CA-2017-124051,OFF-PA-10001289,186.048,Medium,No
2643,CA-2017-149111,TEC-PH-10003092,36.792,Low,No
2644,CA-2017-149111,FUR-FU-10000206,18.624,Low,No
2645,CA-2015-131002,FUR-FU-10004270,57.69,Low,No
2646,CA-2015-131002,OFF-BI-10000948,42.81,Low,No
2647,CA-2015-131002,OFF-PA-10000223,12.96,Low,No
2648,CA-2015-131002,FUR-FU-10004665,821.88,High,Yes
2649,CA-2015-131002,TEC-PH-10000215,104.85,Medium,No
2650,US-2017-146794,FUR-BO-10004467,424.9575,Medium,No
2651,CA-2018-112515,OFF-BI-10000829,10.776,Low,No
2652,CA-2018-112515,OFF-BI-10003712,11.784,Low,No
2653,CA-2018-112515,OFF-PA-10000062,164.88,Medium,No
2654,CA-2018-112515,FUR-BO-10003404,1292.94,High,Yes
2655,CA-2018-112515,OFF-BI-10004233,25.584,Low,No
2656,CA-2018-112515,OFF-ST-10001272,261.74,Medium,No
2657,CA-2018-112515,OFF-LA-10001175,14.4,Low,No
2658,CA-2017-150343,OFF-EN-10004030,10.86,Low,No
2659,CA-2016-135538,FUR-CH-10004287,883.84,High,Yes
2660,CA-2018-123372,TEC-PH-10002834,1979.89,High,Yes
2661,CA-2018-123372,OFF-EN-10003055,79.96,Low,No
2662,CA-2018-159604,OFF-BI-10003460,8.76,Low,No
2663,CA-2017-164784,OFF-LA-10001569,3.984,Low,No
2664,CA-2017-164784,FUR-TA-10004534,370.62,Medium,No
2665,CA-2017-164784,OFF-BI-10002954,2.742,Low,No
2666,CA-2017-111794,TEC-AC-10003832,79.512,Low,No
2667,CA-2017-111794,OFF-PA-10000474,28.352,Low,No
2668,US-2016-139759,FUR-CH-10002774,40.784,Low,No
2669,US-2016-139759,OFF-AP-10002765,105.96,Medium,No
2670,CA-2015-126403,OFF-PA-10001144,166.44,Medium,No
2671,CA-2015-126403,FUR-CH-10003761,785.88,High,Yes
2672,CA-2015-126403,OFF-PA-10004665,26.2,Low,No
2673,CA-2015-126403,OFF-ST-10000078,1325.85,High,Yes
2674,CA-2018-136875,OFF-PA-10000357,166.44,Medium,No
2675,CA-2018-132185,OFF-AR-10000422,8.76,Low,No
2676,CA-2018-132185,OFF-AP-10001205,43.584,Low,No
2677,US-2015-160780,OFF-BI-10001116,11.088,Low,No
2678,US-2015-160780,OFF-BI-10002931,25.164,Low,No
2679,CA-2018-127026,OFF-BI-10000546,14.4,Low,No
2680,CA-2018-127026,TEC-AC-10002049,619.95,High,Yes
2681,CA-2018-127026,OFF-BI-10001196,89.52,Low,No
2682,CA-2018-127026,TEC-MA-10002981,350.973,Medium,No
2683,CA-2018-127026,TEC-PH-10003601,164.99,Medium,No
2684,CA-2018-137085,OFF-BI-10000632,312.552,Medium,No
2685,CA-2017-133123,OFF-EN-10003055,95.952,Low,No
2686,CA-2017-133123,OFF-BI-10001031,3.204,Low,No
2687,US-2017-128195,OFF-BI-10002003,3.98,Low,No
2688,CA-2016-153220,OFF-PA-10003016,15.7,Low,No
2689,CA-2015-123064,OFF-AR-10004582,5.248,Low,No
2690,CA-2018-156412,OFF-BI-10004364,5.346,Low,No
2691,US-2017-144211,OFF-PA-10002246,15.48,Low,No
2692,US-2017-144211,TEC-PH-10002890,108.576,Medium,No
2693,CA-2017-138079,FUR-FU-10001475,109.9,Medium,No
2694,CA-2015-143182,FUR-FU-10004270,15.384,Low,No
2695,CA-2017-161662,OFF-PA-10003465,30.352,Low,No
2696,CA-2015-145317,TEC-MA-10003626,821.3,High,Yes
2697,CA-2015-145317,TEC-MA-10002412,22638.48,High,Yes
2698,CA-2015-145317,OFF-PA-10001804,21.376,Low,No
2699,CA-2015-145317,OFF-AR-10003183,8.016,Low,No
2700,CA-2015-145317,FUR-FU-10004270,30.768,Low,No
2701,CA-2015-145317,OFF-FA-10003112,18.936,Low,No
2702,CA-2015-145317,FUR-FU-10001986,122.352,Medium,No
2703,CA-2015-143413,OFF-PA-10002319,116.28,Medium,No
2704,CA-2018-156818,TEC-AC-10002323,132.6,Medium,No
2705,CA-2018-155873,OFF-SU-10001165,16.68,Low,No
2706,CA-2018-155873,OFF-PA-10001246,19.44,Low,No
2707,CA-2018-155873,OFF-PA-10001815,192.16,Medium,No
2708,CA-2016-121797,FUR-FU-10001876,227.36,Medium,No
2709,CA-2016-121797,TEC-MA-10000488,1919.976,High,Yes
2710,US-2016-120572,OFF-BI-10001098,12.828,Low,No
2711,CA-2018-132430,FUR-FU-10003577,45.888,Low,No
2712,CA-2018-146031,OFF-AR-10002656,60.12,Low,No
2713,CA-2015-110100,TEC-PH-10004531,302.376,Medium,No
2714,CA-2016-103723,OFF-AR-10003251,13.9,Low,No
2715,CA-2015-127187,TEC-PH-10000673,129.98,Medium,No
2716,CA-2018-128475,TEC-AC-10000158,71.98,Low,No
2717,CA-2015-100006,TEC-PH-10002075,377.97,Medium,No
2718,CA-2018-144827,OFF-ST-10004340,124.36,Medium,No
2719,CA-2015-110030,FUR-FU-10002759,23.976,Low,No
2720,CA-2015-121286,OFF-FA-10000585,8.376,Low,No
2721,CA-2015-121286,OFF-AP-10004859,58.24,Low,No
2722,CA-2017-164735,OFF-ST-10001558,81.2,Low,No
2723,CA-2015-153479,OFF-LA-10004689,14.45,Low,No
2724,CA-2015-153479,OFF-BI-10002867,95.648,Low,No
2725,CA-2018-149888,TEC-PH-10003811,359.97,Medium,No
2726,CA-2018-149888,FUR-TA-10000849,350.352,Medium,No
2727,CA-2018-119193,OFF-BI-10000848,1.641,Low,No
2728,CA-2018-119193,TEC-PH-10003072,629.958,High,Yes
2729,CA-2018-104801,OFF-AR-10001547,6.63,Low,No
2730,CA-2018-104801,TEC-AC-10001838,799.96,High,Yes
2731,CA-2018-104801,FUR-FU-10004017,107.53,Medium,No
2732,CA-2015-107594,TEC-PH-10002923,73.98,Low,No
2733,CA-2015-107594,OFF-AR-10000716,5.58,Low,No
2734,CA-2016-129770,OFF-PA-10000249,49.12,Low,No
2735,CA-2016-115798,TEC-PH-10003691,377.97,Medium,No
2736,CA-2016-115798,OFF-PA-10001560,42.28,Low,No
2737,CA-2016-115798,FUR-BO-10004467,299.97,Medium,No
2738,CA-2016-115798,TEC-PH-10001819,89.98,Low,No
2739,CA-2018-122707,OFF-SU-10000157,477.24,Medium,No
2740,CA-2018-122707,TEC-AC-10004227,25.98,Low,No
2741,CA-2017-165015,OFF-EN-10003134,46.72,Low,No
2742,CA-2015-149244,FUR-FU-10004671,35.34,Low,No
2743,CA-2016-140144,FUR-FU-10002253,257.64,Medium,No
2744,CA-2016-140144,TEC-PH-10002726,125.976,Medium,No
2745,CA-2018-163321,TEC-AC-10004571,79.992,Low,No
2746,CA-2015-155887,FUR-TA-10002228,700.056,High,Yes
2747,US-2016-165449,TEC-AC-10004127,27.168,Low,No
2748,CA-2016-110247,OFF-BI-10001553,8.226,Low,No
2749,US-2015-141257,FUR-CH-10002758,585.552,High,Yes
2750,CA-2015-154669,OFF-ST-10000532,423.28,Medium,No
2751,CA-2015-158029,FUR-CH-10000988,225.296,Medium,No
2752,CA-2016-155306,OFF-AR-10003251,5.56,Low,No
2753,CA-2016-155306,TEC-AC-10003174,323.37,Medium,No
2754,CA-2016-155306,TEC-PH-10002310,783.96,High,Yes
2755,CA-2016-155306,OFF-AP-10002651,1447.65,High,Yes
2756,CA-2016-155306,OFF-PA-10001184,11.96,Low,No
2757,CA-2017-127775,TEC-AC-10002402,239.97,Medium,No
2758,CA-2017-146171,FUR-FU-10004270,76.92,Low,No
2759,CA-2017-146171,OFF-ST-10001526,481.32,Medium,No
2760,CA-2015-129574,OFF-PA-10002893,48.4,Low,No
2761,CA-2018-126536,TEC-AC-10003709,0.99,Low,No
2762,CA-2018-126536,OFF-BI-10001191,101.84,Medium,No
2763,CA-2018-165757,OFF-BI-10003166,10.332,Low,No
2764,CA-2018-165757,OFF-BI-10003982,31.155,Low,No
2765,CA-2018-165757,OFF-ST-10004835,8.928,Low,No
2766,CA-2018-167752,OFF-AP-10000159,34.384,Low,No
2767,CA-2018-167752,OFF-AP-10002945,1924.16,High,Yes
2768,US-2016-122140,OFF-AP-10001242,32.192,Low,No
2769,US-2016-122140,TEC-AC-10003038,50.12,Low,No
2770,US-2016-122140,TEC-AC-10003289,47.976,Low,No
2771,CA-2017-163986,OFF-ST-10000918,54.5,Low,No
2772,CA-2018-158967,FUR-FU-10001940,19.104,Low,No
2773,CA-2017-131576,OFF-BI-10002852,49.44,Low,No
2774,CA-2018-143455,OFF-PA-10004451,10.368,Low,No
2775,CA-2017-144729,OFF-ST-10004804,154.44,Medium,No
2776,CA-2016-127019,OFF-AP-10003971,60.984,Low,No
2777,CA-2016-138534,FUR-BO-10003159,195.466,Medium,No
2778,CA-2018-108322,FUR-FU-10001935,23.68,Low,No
2779,CA-2018-108322,TEC-AC-10003433,2.376,Low,No
2780,CA-2018-167668,OFF-LA-10004544,59.2,Low,No
2781,CA-2018-146724,OFF-AR-10001026,22.0,Low,No
2782,CA-2017-139878,TEC-PH-10001336,257.98,Medium,No
2783,US-2017-106677,TEC-PH-10003187,23.988,Low,No
2784,CA-2017-116974,TEC-PH-10004897,23.976,Low,No
2785,CA-2016-149972,FUR-CH-10004997,601.536,High,Yes
2786,CA-2016-149972,OFF-FA-10002763,7.9,Low,No
2787,US-2015-117744,FUR-FU-10001588,58.36,Low,No
2788,US-2015-117744,OFF-AR-10000940,16.464,Low,No
2789,US-2015-117744,FUR-FU-10002759,39.96,Low,No
2790,CA-2015-125514,OFF-AP-10000358,25.96,Low,No
2791,CA-2015-125514,OFF-AP-10003281,36.27,Low,No
2792,CA-2015-125514,OFF-PA-10000029,6.48,Low,No
2793,CA-2015-154599,TEC-PH-10001557,1075.088,High,Yes
2794,CA-2015-154599,TEC-PH-10000576,438.368,Medium,No
2795,CA-2015-154599,OFF-BI-10002764,18.088,Low,No
2796,CA-2015-154599,FUR-BO-10001337,308.499,Medium,No
2797,CA-2018-158743,OFF-AR-10002257,13.36,Low,No
2798,CA-2018-158743,OFF-PA-10001019,39.96,Low,No
2799,CA-2018-158743,OFF-BI-10003364,145.85,Medium,No
2800,CA-2017-153318,TEC-PH-10000984,783.96,High,Yes
2801,US-2016-110163,OFF-AR-10001683,7.88,Low,No
2802,CA-2018-143329,FUR-FU-10000629,41.37,Low,No
2803,CA-2016-159380,OFF-PA-10003893,12.84,Low,No
2804,CA-2016-159380,OFF-PA-10004239,25.68,Low,No
2805,CA-2016-122623,FUR-CH-10000553,47.516,Low,No
2806,CA-2016-148635,OFF-FA-10004395,9.42,Low,No
2807,CA-2016-148635,OFF-PA-10004782,12.96,Low,No
2808,CA-2016-148635,FUR-BO-10002213,704.9,High,Yes
2809,CA-2016-148635,FUR-CH-10001854,561.568,High,Yes
2810,CA-2016-135685,OFF-PA-10000157,179.82,Medium,No
2811,CA-2016-135685,FUR-FU-10001185,185.58,Medium,No
2812,CA-2016-135685,FUR-TA-10001520,214.11,Medium,No
2813,CA-2016-135685,TEC-AC-10004145,999.96,High,Yes
2814,CA-2016-135685,FUR-TA-10000688,653.55,High,Yes
2815,CA-2016-104626,OFF-BI-10001510,114.6,Medium,No
2816,CA-2016-104626,FUR-CH-10003817,60.74,Low,No
2817,CA-2016-104626,FUR-FU-10000308,124.36,Medium,No
2818,CA-2016-104626,OFF-ST-10003208,1088.76,High,Yes
2819,CA-2017-160500,OFF-BI-10003784,6.72,Low,No
2820,CA-2017-160500,FUR-TA-10003748,298.776,Medium,No
2821,CA-2017-100202,TEC-PH-10002563,302.376,Medium,No
2822,CA-2018-131016,OFF-AR-10000122,8.928,Low,No
2823,CA-2018-131016,OFF-ST-10000352,47.584,Low,No
2824,US-2015-112914,OFF-PA-10003270,33.792,Low,No
2825,US-2015-112914,FUR-BO-10003272,300.5328,Medium,No
2826,US-2015-112914,OFF-BI-10002982,2.724,Low,No
2827,US-2015-112914,OFF-EN-10001509,3.264,Low,No
2828,CA-2017-124149,OFF-PA-10002421,108.336,Medium,No
2829,CA-2017-124149,OFF-ST-10000760,55.92,Low,No
2830,CA-2017-124149,OFF-PA-10002923,78.304,Low,No
2831,CA-2015-148915,OFF-ST-10001128,443.92,Medium,No
2832,CA-2015-148915,TEC-PH-10000673,155.976,Medium,No
2833,CA-2018-134649,OFF-AR-10001547,15.47,Low,No
2834,CA-2018-134649,OFF-BI-10001890,7.16,Low,No
2835,CA-2018-110842,OFF-AP-10003971,10.89,Low,No
2836,CA-2018-110842,OFF-PA-10000520,19.44,Low,No
2837,CA-2018-110842,OFF-BI-10000977,121.6,Medium,No
2838,CA-2017-147368,TEC-MA-10002178,695.7,High,Yes
2839,US-2016-104185,OFF-ST-10001526,120.33,Medium,No
2840,US-2015-125521,FUR-CH-10003379,1139.92,High,Yes
2841,US-2018-135062,OFF-PA-10000100,229.544,Medium,No
2842,CA-2018-135650,OFF-ST-10001809,143.728,Medium,No
2843,CA-2018-112865,TEC-AC-10000387,36.048,Low,No
2844,US-2017-162852,FUR-CH-10004853,845.488,High,Yes
2845,CA-2018-138163,OFF-AR-10001958,50.94,Low,No
2846,CA-2018-152093,OFF-BI-10003527,762.594,High,Yes
2847,CA-2018-157854,FUR-FU-10003832,56.28,Low,No
2848,CA-2018-157854,OFF-BI-10001359,2690.97,High,Yes
2849,CA-2017-123617,OFF-BI-10002976,7.434,Low,No
2850,US-2017-128293,OFF-ST-10000736,64.784,Low,No
2851,CA-2018-107342,OFF-PA-10001745,28.16,Low,No
2852,CA-2017-136371,FUR-FU-10000409,14.98,Low,No
2853,CA-2017-136371,FUR-FU-10000221,20.32,Low,No
2854,CA-2018-137344,OFF-ST-10000344,40.29,Low,No
2855,CA-2018-169810,OFF-LA-10003663,20.23,Low,No
2856,CA-2017-128594,FUR-CH-10001215,1603.136,High,Yes
2857,CA-2017-154690,FUR-CH-10000988,225.296,Medium,No
2858,CA-2018-138975,TEC-AC-10003441,67.8,Low,No
2859,CA-2018-138975,TEC-PH-10004389,377.97,Medium,No
2860,CA-2018-138975,FUR-BO-10004695,1628.82,High,Yes
2861,CA-2018-138975,OFF-PA-10000100,286.93,Medium,No
2862,CA-2018-106537,OFF-PA-10000223,20.736,Low,No
2863,US-2018-103828,OFF-ST-10001325,31.44,Low,No
2864,US-2018-103828,OFF-AP-10004249,83.79,Low,No
2865,US-2018-103828,OFF-AR-10000588,59.52,Low,No
2866,US-2018-103828,OFF-SU-10000946,31.92,Low,No
2867,CA-2017-115588,OFF-SU-10001225,14.72,Low,No
2868,CA-2017-115588,OFF-ST-10001558,38.976,Low,No
2869,CA-2018-143861,FUR-FU-10001546,17.088,Low,No
2870,CA-2015-148040,OFF-PA-10002581,74.352,Low,No
2871,CA-2015-148040,FUR-CH-10001482,314.352,Medium,No
2872,CA-2018-135167,OFF-AR-10002399,4.26,Low,No
2873,CA-2018-137022,OFF-ST-10001963,811.28,High,Yes
2874,US-2018-102638,OFF-FA-10002988,6.03,Low,No
2875,US-2017-167339,FUR-CH-10004289,153.568,Medium,No
2876,US-2017-167339,FUR-CH-10000785,1013.488,High,Yes
2877,CA-2017-152072,OFF-EN-10003040,52.34,Low,No
2878,CA-2017-152072,OFF-AR-10001573,4.66,Low,No
2879,CA-2017-152072,TEC-AC-10000844,254.97,Medium,No
2880,CA-2017-102932,OFF-BI-10000756,25.44,Low,No
2881,CA-2017-102932,OFF-SU-10000381,27.93,Low,No
2882,CA-2015-165540,OFF-BI-10004094,8.85,Low,No
2883,CA-2017-130799,FUR-FU-10001852,6.96,Low,No
2884,CA-2017-164483,OFF-BI-10000014,17.456,Low,No
2885,US-2017-159856,FUR-CH-10003396,307.92,Medium,No
2886,CA-2018-102099,OFF-AR-10003811,6.63,Low,No
2887,CA-2018-102099,OFF-PA-10003172,12.96,Low,No
2888,CA-2018-102099,OFF-PA-10000289,32.4,Low,No
2889,CA-2018-164049,OFF-PA-10000791,23.85,Low,No
2890,CA-2015-142727,FUR-CH-10002304,51.96,Low,No
2891,CA-2015-142727,OFF-BI-10000136,17.94,Low,No
2892,CA-2018-139913,OFF-PA-10003739,11.56,Low,No
2893,CA-2018-139913,OFF-PA-10002479,26.4,Low,No
2894,CA-2018-139913,FUR-FU-10000771,69.08,Low,No
2895,CA-2018-139913,TEC-PH-10001552,35.88,Low,No
2896,CA-2015-169033,OFF-AR-10001915,49.65,Low,No
2897,US-2017-164630,TEC-CO-10000971,959.968,High,Yes
2898,US-2016-114839,FUR-CH-10004086,408.422,Medium,No
2899,CA-2016-166464,TEC-CO-10000971,479.984,Medium,No
2900,CA-2016-166464,OFF-LA-10001317,12.6,Low,No
2901,CA-2018-124898,OFF-PA-10003656,184.66,Medium,No
2902,CA-2017-164035,OFF-PA-10002160,23.12,Low,No
2903,CA-2017-153577,OFF-PA-10000575,37.464,Low,No
2904,CA-2017-153577,FUR-CH-10003981,539.658,High,Yes
2905,CA-2015-127586,OFF-ST-10002615,310.12,Medium,No
2906,CA-2018-121615,OFF-PA-10000327,8.56,Low,No
2907,CA-2018-121615,OFF-ST-10001325,52.4,Low,No
2908,CA-2018-121615,OFF-LA-10001771,14.94,Low,No
2909,CA-2018-166415,OFF-FA-10004968,11.22,Low,No
2910,CA-2016-118444,OFF-AP-10000576,387.136,Medium,No
2911,CA-2015-113929,OFF-EN-10003286,41.4,Low,No
2912,CA-2015-113929,OFF-AR-10003772,35.0,Low,No
2913,CA-2015-113929,OFF-BI-10002852,39.552,Low,No
2914,CA-2016-134747,TEC-PH-10002890,135.72,Medium,No
2915,CA-2016-134747,OFF-BI-10001308,12.56,Low,No
2916,CA-2016-134747,TEC-PH-10001750,263.96,Medium,No
2917,CA-2018-155047,OFF-AR-10003338,5.952,Low,No
2918,CA-2017-160129,OFF-FA-10002763,15.8,Low,No
2919,CA-2017-160129,FUR-FU-10002088,14.368,Low,No
2920,CA-2017-160129,FUR-FU-10003976,70.448,Low,No
2921,CA-2018-164329,OFF-ST-10001511,129.3,Medium,No
2922,US-2016-141453,OFF-BI-10000301,3.882,Low,No
2923,CA-2015-156993,OFF-FA-10003495,6.08,Low,No
2924,CA-2015-157721,OFF-AP-10001303,19.9,Low,No
2925,CA-2015-157721,FUR-FU-10002116,70.71,Low,No
2926,CA-2018-128629,FUR-FU-10000771,18.84,Low,No
2927,CA-2018-158106,OFF-AR-10002255,8.64,Low,No
2928,US-2018-120390,OFF-BI-10004995,1633.188,High,Yes
2929,CA-2018-143434,FUR-FU-10002597,19.76,Low,No
2930,CA-2016-168564,OFF-BI-10004970,6.608,Low,No
2931,CA-2016-168564,OFF-BI-10002557,7.28,Low,No
2932,CA-2016-168564,FUR-CH-10000785,144.784,Medium,No
2933,US-2017-169040,TEC-PH-10002310,156.792,Medium,No
2934,US-2017-169040,TEC-PH-10002834,431.976,Medium,No
2935,US-2017-169040,OFF-EN-10000927,35.89,Low,No
2936,US-2017-169040,OFF-BI-10001636,47.208,Low,No
2937,US-2017-169040,OFF-PA-10001736,248.08,Medium,No
2938,US-2017-169040,OFF-PA-10000482,189.7,Medium,No
2939,US-2017-169040,OFF-BI-10001658,59.808,Low,No
2940,CA-2018-155880,FUR-CH-10000422,90.99,Low,No
2941,CA-2018-155880,FUR-CH-10004675,1526.56,High,Yes
2942,CA-2018-155880,FUR-CH-10002880,368.97,Medium,No
2943,CA-2018-126242,OFF-ST-10000675,305.01,Medium,No
2944,CA-2018-126242,FUR-FU-10002685,18.7,Low,No
2945,CA-2017-166443,FUR-FU-10004020,38.29,Low,No
2946,CA-2018-169859,FUR-FU-10004963,26.25,Low,No
2947,CA-2018-169859,OFF-BI-10000174,64.96,Low,No
2948,CA-2018-169859,OFF-EN-10000461,43.7,Low,No
2949,CA-2018-134915,TEC-AC-10001266,41.6,Low,No
2950,CA-2018-134915,OFF-PA-10002160,23.12,Low,No
2951,CA-2018-134915,FUR-CH-10004875,113.888,Medium,No
2952,CA-2018-134915,FUR-FU-10000305,113.568,Medium,No
2953,CA-2018-134915,TEC-PH-10000347,7.92,Low,No
2954,CA-2018-134915,TEC-PH-10001459,671.984,High,Yes
2955,CA-2017-153353,TEC-PH-10000439,39.99,Low,No
2956,CA-2018-123638,FUR-CH-10002647,191.646,Medium,No
2957,CA-2018-168900,OFF-BI-10003910,2.313,Low,No
2958,CA-2016-158456,OFF-BI-10001097,19.936,Low,No
2959,CA-2016-158456,OFF-FA-10004854,45.92,Low,No
2960,CA-2018-143665,OFF-PA-10003673,20.34,Low,No
2961,CA-2018-143665,OFF-LA-10002034,39.28,Low,No
2962,CA-2018-137428,FUR-CH-10002774,81.568,Low,No
2963,CA-2018-137428,FUR-CH-10003817,97.184,Low,No
2964,CA-2018-137428,OFF-BI-10002949,24.32,Low,No
2965,CA-2018-137428,FUR-FU-10002445,18.96,Low,No
2966,CA-2015-162866,FUR-FU-10001473,32.952,Low,No
2967,CA-2015-162866,OFF-ST-10002562,30.016,Low,No
2968,CA-2018-167941,OFF-AP-10002118,499.584,Medium,No
2969,CA-2018-167941,OFF-PA-10001800,31.104,Low,No
2970,CA-2018-167941,OFF-BI-10002827,13.272,Low,No
2971,CA-2018-167941,FUR-FU-10004671,28.272,Low,No
2972,CA-2018-167941,OFF-ST-10000736,259.136,Medium,No
2973,CA-2018-111808,OFF-BI-10004656,10.8,Low,No
2974,CA-2016-137512,FUR-TA-10001095,244.006,Medium,No
2975,CA-2016-137512,OFF-PA-10000213,15.936,Low,No
2976,CA-2018-139773,FUR-CH-10001797,188.552,Medium,No
2977,CA-2018-134607,OFF-ST-10002214,22.58,Low,No
2978,CA-2015-109232,FUR-CH-10000422,545.94,High,Yes
2979,CA-2016-139850,OFF-PA-10003848,20.736,Low,No
2980,CA-2016-139850,FUR-FU-10003623,43.296,Low,No
2981,CA-2015-131310,FUR-CH-10001797,123.136,Medium,No
2982,CA-2015-131310,OFF-BI-10003094,11.264,Low,No
2983,US-2015-112872,OFF-ST-10002205,53.424,Low,No
2984,US-2015-112872,FUR-TA-10003238,275.49,Medium,No
2985,CA-2017-139269,FUR-FU-10000755,24.96,Low,No
2986,CA-2017-139269,OFF-PA-10002893,19.36,Low,No
2987,CA-2017-139269,OFF-ST-10000689,1267.65,High,Yes
2988,CA-2017-139010,TEC-AC-10004227,12.99,Low,No
2989,CA-2017-139010,OFF-BI-10000174,18.56,Low,No
2990,CA-2017-139010,OFF-ST-10001809,449.15,Medium,No
2991,CA-2017-139010,OFF-BI-10002309,31.248,Low,No
2992,CA-2017-134376,OFF-AP-10004532,61.44,Low,No
2993,CA-2018-147291,OFF-BI-10003091,895.92,High,Yes
2994,CA-2017-112893,OFF-BI-10004654,55.36,Low,No
2995,US-2015-150532,OFF-ST-10000760,55.92,Low,No
2996,CA-2015-138317,OFF-EN-10001539,24.896,Low,No
2997,CA-2015-138317,FUR-FU-10000550,3.984,Low,No
2998,CA-2015-138317,TEC-AC-10003628,95.968,Low,No
2999,CA-2015-138317,TEC-MA-10004521,206.991,Medium,No
3000,CA-2015-138317,OFF-AP-10003860,44.416,Low,No
3001,CA-2015-138317,OFF-BI-10000069,9.006,Low,No
3002,CA-2016-130610,OFF-BI-10003655,19.0,Low,No
3003,CA-2018-104381,OFF-BI-10001628,33.376,Low,No
3004,CA-2017-131499,OFF-AP-10003779,207.48,Medium,No
3005,CA-2015-148761,OFF-BI-10000666,91.68,Low,No
3006,CA-2018-116519,OFF-AP-10000828,904.9,High,Yes
3007,CA-2015-130729,OFF-BI-10002706,34.272,Low,No
3008,CA-2017-124772,FUR-FU-10004748,191.82,Medium,No
3009,CA-2017-115525,OFF-AP-10000026,243.88,Medium,No
3010,CA-2018-134845,OFF-BI-10000773,12.03,Low,No
3011,CA-2018-134845,TEC-MA-10000822,2549.985,High,Yes
3012,CA-2018-134845,OFF-BI-10001543,21.594,Low,No
3013,CA-2018-134845,OFF-BI-10003355,8.964,Low,No
3014,CA-2018-134845,OFF-PA-10002005,20.736,Low,No
3015,US-2016-138919,FUR-TA-10004154,344.22,Medium,No
3016,US-2017-160528,OFF-ST-10002743,727.296,High,Yes
3017,US-2017-160528,FUR-FU-10004973,22.608,Low,No
3018,US-2017-160528,TEC-AC-10002842,666.4,High,Yes
3019,CA-2016-123568,OFF-FA-10002701,5.04,Low,No
3020,CA-2016-123568,OFF-PA-10001125,92.94,Low,No
3021,CA-2016-123568,FUR-FU-10004090,66.69,Low,No
3022,CA-2016-123568,OFF-BI-10001510,91.68,Low,No
3023,CA-2018-124674,FUR-BO-10002202,327.7328,Medium,No
3024,CA-2016-164441,OFF-BI-10001922,52.272,Low,No
3025,CA-2016-164441,OFF-PA-10001667,17.94,Low,No
3026,CA-2018-169054,FUR-FU-10001488,254.352,Medium,No
3027,CA-2015-106719,OFF-BI-10002799,8.288,Low,No
3028,CA-2018-116855,FUR-CH-10003846,504.9,High,Yes
3029,US-2017-164189,TEC-PH-10003691,403.168,Medium,No
3030,CA-2016-168480,FUR-BO-10000468,194.32,Medium,No
3031,CA-2016-168480,OFF-AR-10001044,25.99,Low,No
3032,US-2017-114293,FUR-CH-10003833,195.136,Medium,No
3033,CA-2018-134173,OFF-PA-10004355,20.736,Low,No
3034,US-2016-123960,TEC-AC-10003038,53.7,Low,No
3035,US-2016-123960,OFF-BI-10002799,36.26,Low,No
3036,US-2016-123960,OFF-AR-10003582,56.3,Low,No
3037,US-2016-123960,OFF-PA-10004451,32.4,Low,No
3038,US-2016-123960,FUR-FU-10004666,29.16,Low,No
3039,CA-2018-101749,FUR-TA-10001520,171.288,Medium,No
3040,US-2017-147991,FUR-FU-10004270,16.72,Low,No
3041,CA-2018-149559,OFF-PA-10003172,12.96,Low,No
3042,CA-2018-149559,OFF-EN-10002312,22.18,Low,No
3043,CA-2018-149559,FUR-CH-10002320,2054.272,High,Yes
3044,CA-2016-135174,TEC-PH-10001530,1022.97,High,Yes
3045,CA-2018-125290,OFF-AR-10001216,13.9,Low,No
3046,CA-2018-125290,OFF-PA-10003127,26.38,Low,No
3047,CA-2015-137351,OFF-BI-10003910,43.176,Low,No
3048,CA-2018-121419,FUR-TA-10004534,411.8,Medium,No
3049,CA-2018-121419,TEC-AC-10000892,360.0,Medium,No
3050,US-2018-148054,FUR-FU-10003247,41.96,Low,No
3051,US-2018-148054,OFF-AP-10004336,227.84,Medium,No
3052,US-2018-148054,OFF-PA-10001295,37.94,Low,No
3053,CA-2017-128517,TEC-PH-10002555,517.9,High,Yes
3054,CA-2017-128517,OFF-BI-10000831,5.28,Low,No
3055,US-2016-100377,TEC-CO-10001046,2799.96,High,Yes
3056,CA-2018-131492,OFF-EN-10002973,8.96,Low,No
3057,CA-2018-131492,OFF-LA-10001641,31.5,Low,No
3058,CA-2018-131492,FUR-FU-10003878,30.56,Low,No
3059,CA-2018-131492,FUR-TA-10003837,24.368,Low,No
3060,CA-2017-144554,TEC-AC-10002800,119.976,Medium,No
3061,CA-2018-127621,OFF-PA-10001307,26.88,Low,No
3062,CA-2016-145184,TEC-PH-10002350,83.97,Low,No
3063,CA-2016-145184,TEC-AC-10000397,104.97,Medium,No
3064,CA-2018-106859,OFF-ST-10000615,90.8,Low,No
3065,CA-2018-106859,TEC-PH-10004531,140.736,Medium,No
3066,CA-2018-106859,TEC-AC-10004001,214.95,Medium,No
3067,CA-2018-106859,OFF-PA-10001534,45.36,Low,No
3068,CA-2018-106859,OFF-PA-10001815,288.24,Medium,No
3069,US-2018-120089,OFF-AP-10003779,663.936,High,Yes
3070,CA-2015-119375,OFF-ST-10002011,2934.33,High,Yes
3071,CA-2015-119375,FUR-FU-10002379,124.41,Medium,No
3072,CA-2015-119375,OFF-AR-10003752,57.75,Low,No
3073,CA-2017-125206,OFF-ST-10003692,114.46,Medium,No
3074,CA-2016-126137,FUR-BO-10004409,120.666,Medium,No
3075,CA-2015-143903,OFF-ST-10003306,342.864,Medium,No
3076,CA-2015-143903,FUR-FU-10003724,16.74,Low,No
3077,CA-2015-143903,FUR-CH-10002024,981.372,High,Yes
3078,CA-2015-104780,OFF-AR-10003514,31.84,Low,No
3079,CA-2018-101182,OFF-PA-10001800,12.96,Low,No
3080,CA-2018-101182,TEC-PH-10003589,43.176,Low,No
3081,US-2018-132297,OFF-BI-10003364,58.34,Low,No
3082,US-2018-132297,TEC-PH-10002834,539.97,High,Yes
3083,CA-2015-100328,OFF-BI-10000343,3.928,Low,No
3084,CA-2018-118773,OFF-BI-10004584,252.784,Medium,No
3085,CA-2018-118773,TEC-AC-10002402,127.984,Medium,No
3086,CA-2018-118773,FUR-FU-10000550,3.984,Low,No
3087,CA-2018-118773,OFF-AP-10000055,12.992,Low,No
3088,US-2018-159205,FUR-FU-10001591,61.0,Low,No
3089,US-2018-159205,TEC-PH-10000526,671.93,High,Yes
3090,CA-2017-112123,OFF-BI-10001071,447.86,Medium,No
3091,CA-2017-112123,TEC-PH-10001557,479.95,Medium,No
3092,CA-2017-112123,OFF-PA-10001977,166.44,Medium,No
3093,CA-2016-114468,OFF-SU-10004231,31.68,Low,No
3094,CA-2016-114468,OFF-PA-10000809,10.368,Low,No
3095,CA-2016-114468,OFF-FA-10003021,12.032,Low,No
3096,CA-2016-114468,OFF-AP-10000696,5.768,Low,No
3097,CA-2018-135692,OFF-LA-10001158,33.12,Low,No
3098,CA-2018-135692,FUR-BO-10002268,220.2656,Medium,No
3099,CA-2018-131233,OFF-BI-10000829,10.776,Low,No
3100,CA-2018-131233,FUR-BO-10003441,242.352,Medium,No
3101,CA-2018-119578,OFF-SU-10003505,695.16,High,Yes
3102,CA-2018-119578,FUR-BO-10003660,220.98,Medium,No
3103,CA-2017-124562,OFF-BI-10001267,12.957,Low,No
3104,US-2018-140074,OFF-PA-10002741,25.68,Low,No
3105,CA-2017-103037,OFF-LA-10004345,15.712,Low,No
3106,CA-2018-127460,OFF-ST-10004340,298.464,Medium,No
3107,CA-2017-121671,OFF-PA-10001471,21.93,Low,No
3108,CA-2017-121671,OFF-ST-10002344,242.94,Medium,No
3109,CA-2017-121671,OFF-PA-10001892,7.64,Low,No
3110,CA-2017-121671,OFF-PA-10001934,51.84,Low,No
3111,CA-2017-121671,OFF-ST-10000078,265.17,Medium,No
3112,CA-2017-150350,TEC-MA-10001972,837.6,High,Yes
3113,CA-2017-150350,OFF-EN-10002504,135.9,Medium,No
3114,CA-2017-150350,OFF-PA-10002160,34.68,Low,No
3115,CA-2017-150350,FUR-CH-10001973,532.704,High,Yes
3116,CA-2017-150350,OFF-AP-10001492,43.1,Low,No
3117,CA-2017-150350,OFF-SU-10002189,15.88,Low,No
3118,CA-2016-121720,FUR-CH-10003312,1123.92,High,Yes
3119,CA-2016-121720,TEC-PH-10002496,249.584,Medium,No
3120,CA-2016-121720,FUR-FU-10003464,48.672,Low,No
3121,CA-2016-121720,OFF-AR-10000380,60.768,Low,No
3122,CA-2016-121720,OFF-BI-10004593,78.6,Low,No
3123,CA-2016-121720,OFF-BI-10001308,3.768,Low,No
3124,CA-2016-121720,OFF-ST-10001780,1036.624,High,Yes
3125,CA-2016-121720,OFF-ST-10003816,563.808,High,Yes
3126,CA-2018-149895,TEC-PH-10002200,258.528,Medium,No
3127,CA-2018-147564,OFF-PA-10004438,49.12,Low,No
3128,CA-2015-136399,FUR-FU-10004090,44.46,Low,No
3129,CA-2015-136399,FUR-CH-10002602,241.568,Medium,No
3130,CA-2015-136399,TEC-AC-10001142,395.0,Medium,No
3131,CA-2015-136399,TEC-PH-10004977,627.168,High,Yes
3132,CA-2015-107916,FUR-FU-10004586,13.28,Low,No
3133,CA-2015-107916,OFF-BI-10001116,12.672,Low,No
3134,CA-2018-164168,OFF-BI-10000666,30.56,Low,No
3135,CA-2018-164168,OFF-ST-10002583,77.952,Low,No
3136,CA-2018-164168,TEC-PH-10004908,67.992,Low,No
3137,CA-2018-164168,OFF-EN-10001219,12.224,Low,No
3138,CA-2018-164168,TEC-AC-10004568,44.784,Low,No
3139,CA-2018-164168,FUR-FU-10001756,22.848,Low,No
3140,CA-2016-112557,OFF-AP-10002311,206.43,Medium,No
3141,US-2015-122959,OFF-BI-10003650,210.392,Medium,No
3142,CA-2018-162572,TEC-AC-10003628,119.96,Medium,No
3143,CA-2018-162572,OFF-AR-10001547,10.608,Low,No
3144,US-2017-148110,FUR-CH-10002647,347.802,Medium,No
3145,CA-2018-131828,FUR-CH-10004495,963.136,High,Yes
3146,CA-2018-131828,TEC-PH-10002923,88.776,Low,No
3147,CA-2015-109218,OFF-AR-10001374,32.4,Low,No
3148,CA-2017-120558,OFF-PA-10003441,32.4,Low,No
3149,US-2015-109036,OFF-LA-10002043,31.05,Low,No
3150,CA-2016-147830,TEC-AC-10002049,2025.36,High,Yes
3151,CA-2016-147830,TEC-MA-10000418,1799.994,High,Yes
3152,CA-2016-147830,TEC-PH-10004908,101.988,Medium,No
3153,CA-2016-147830,FUR-FU-10004091,262.864,Medium,No
3154,CA-2018-150497,OFF-BI-10004600,735.98,High,Yes
3155,CA-2015-128986,OFF-PA-10001289,93.024,Low,No
3156,CA-2016-139584,FUR-TA-10001539,284.364,Medium,No
3157,CA-2016-139584,TEC-AC-10001266,26.0,Low,No
3158,US-2017-162677,OFF-ST-10001291,67.64,Low,No
3159,US-2017-162677,TEC-AC-10001314,119.976,Medium,No
3160,US-2015-150924,OFF-BI-10004040,5.18,Low,No
3161,CA-2015-153969,OFF-EN-10001539,15.56,Low,No
3162,CA-2015-153969,OFF-EN-10004483,78.35,Low,No
3163,CA-2015-153969,OFF-AR-10001615,59.52,Low,No
3164,CA-2015-153969,OFF-PA-10000327,38.52,Low,No
3165,CA-2015-153969,TEC-PH-10001299,239.984,Medium,No
3166,CA-2015-153969,OFF-PA-10002246,19.35,Low,No
3167,CA-2017-146682,FUR-FU-10002671,67.0,Low,No
3168,CA-2017-138695,FUR-CH-10003833,390.272,Medium,No
3169,CA-2017-138695,OFF-PA-10001667,62.192,Low,No
3170,CA-2018-107461,OFF-BI-10002003,23.88,Low,No
3171,US-2017-133879,OFF-BI-10004465,3.168,Low,No
3172,US-2017-133879,FUR-CH-10000665,528.43,High,Yes
3173,US-2017-133879,OFF-AR-10004956,13.392,Low,No
3174,CA-2018-157483,OFF-AR-10004260,181.86,Medium,No
3175,US-2018-132059,FUR-BO-10001811,180.588,Medium,No
3176,US-2018-132059,TEC-AC-10003280,47.984,Low,No
3177,CA-2018-122280,OFF-PA-10004911,18.76,Low,No
3178,CA-2018-105235,FUR-FU-10001487,20.94,Low,No
3179,CA-2018-105235,FUR-FU-10000521,58.68,Low,No
3180,CA-2018-105235,OFF-AP-10001271,254.9,Medium,No
3181,CA-2018-152912,OFF-BI-10004728,9.64,Low,No
3182,CA-2018-152912,TEC-AC-10004666,826.62,High,Yes
3183,CA-2018-152912,OFF-ST-10003208,1633.14,High,Yes
3184,CA-2018-152912,OFF-ST-10003208,544.38,High,Yes
3185,CA-2015-123498,OFF-BI-10000632,26.046,Low,No
3186,CA-2015-123498,OFF-EN-10004773,74.352,Low,No
3187,CA-2018-159352,TEC-PH-10004700,69.93,Low,No
3188,US-2018-146416,OFF-LA-10003714,3.75,Low,No
3189,US-2018-146416,OFF-BI-10001787,20.928,Low,No
3190,US-2016-163783,OFF-ST-10002957,12.672,Low,No
3191,CA-2018-123981,TEC-PH-10002115,65.99,Low,No
3192,CA-2018-158953,OFF-BI-10002557,6.37,Low,No
3193,CA-2015-165428,OFF-BI-10002949,3.648,Low,No
3194,CA-2015-165428,OFF-PA-10004100,31.104,Low,No
3195,CA-2017-169026,OFF-FA-10001883,23.34,Low,No
3196,CA-2018-109750,TEC-PH-10000702,29.97,Low,No
3197,CA-2016-149384,OFF-BI-10003196,3.366,Low,No
3198,CA-2015-131527,TEC-PH-10001644,95.968,Low,No
3199,CA-2018-164000,OFF-AR-10003183,18.704,Low,No
3200,CA-2015-164224,FUR-FU-10000308,149.232,Medium,No
3201,CA-2015-164224,OFF-PA-10001526,15.936,Low,No
3202,CA-2015-158372,TEC-PH-10002103,601.536,High,Yes
3203,CA-2015-158372,TEC-AC-10004209,10.99,Low,No
3204,CA-2015-158372,FUR-FU-10000397,39.88,Low,No
3205,CA-2015-158372,OFF-PA-10002137,62.24,Low,No
3206,CA-2015-158372,FUR-FU-10001867,53.2,Low,No
3207,CA-2015-158372,OFF-LA-10000407,39.84,Low,No
3208,CA-2017-108882,TEC-AC-10000420,349.95,Medium,No
3209,CA-2017-108882,TEC-PH-10002726,377.928,Medium,No
3210,US-2018-108245,OFF-EN-10001415,13.392,Low,No
3211,US-2018-108245,OFF-BI-10000773,11.228,Low,No
3212,CA-2015-142314,OFF-AP-10002350,207.24,Medium,No
3213,CA-2017-132409,OFF-AR-10001919,1.504,Low,No
3214,CA-2017-132409,OFF-AP-10002082,34.848,Low,No
3215,CA-2018-150189,OFF-LA-10002762,75.18,Low,No
3216,CA-2015-114433,TEC-AC-10002800,149.97,Medium,No
3217,CA-2018-104640,OFF-BI-10003925,931.176,High,Yes
3218,CA-2018-104640,TEC-PH-10002200,430.88,Medium,No
3219,US-2016-137008,OFF-PA-10001295,94.85,Low,No
3220,US-2016-137008,OFF-EN-10002500,51.12,Low,No
3221,US-2016-137008,TEC-AC-10000892,90.0,Low,No
3222,CA-2015-108189,OFF-PA-10001838,9.408,Low,No
3223,CA-2015-108189,OFF-FA-10000735,4.672,Low,No
3224,CA-2015-108189,TEC-PH-10001760,318.4,Medium,No
3225,CA-2015-108189,OFF-EN-10004846,12.768,Low,No
3226,CA-2015-108189,OFF-SU-10003567,15.36,Low,No
3227,CA-2015-108189,TEC-PH-10001557,230.376,Medium,No
3228,CA-2015-108189,TEC-AC-10003038,7.16,Low,No
3229,CA-2015-154641,OFF-ST-10004459,375.34,Medium,No
3230,CA-2018-131625,FUR-FU-10004960,114.9,Medium,No
3231,US-2018-156356,OFF-BI-10000632,26.046,Low,No
3232,US-2018-156356,OFF-BI-10001107,2.896,Low,No
3233,US-2018-156356,OFF-ST-10002301,32.544,Low,No
3234,CA-2017-138933,OFF-BI-10003355,3.984,Low,No
3235,CA-2017-140746,FUR-TA-10002903,181.797,Medium,No
3236,CA-2017-146836,OFF-ST-10001580,44.94,Low,No
3237,CA-2017-146836,OFF-BI-10000315,45.576,Low,No
3238,US-2017-127971,FUR-CH-10003774,318.43,Medium,No
3239,US-2017-127971,TEC-PH-10003095,122.92,Medium,No
3240,US-2017-127971,FUR-FU-10000023,7.068,Low,No
3241,US-2017-140809,OFF-ST-10002214,56.45,Low,No
3242,CA-2018-114524,OFF-BI-10002799,13.468,Low,No
3243,CA-2018-113355,TEC-PH-10004912,219.8,Medium,No
3244,CA-2018-113355,FUR-CH-10002602,317.058,Medium,No
3245,US-2018-140907,TEC-AC-10004510,49.08,Low,No
3246,US-2018-140907,OFF-ST-10000060,324.9,Medium,No
3247,US-2018-140907,OFF-AR-10000799,18.24,Low,No
3248,CA-2017-159730,FUR-CH-10004875,113.888,Medium,No
3249,CA-2017-159730,TEC-PH-10002085,105.584,Medium,No
3250,CA-2017-157868,OFF-FA-10000992,24.85,Low,No
3251,CA-2018-119389,FUR-FU-10001473,60.312,Low,No
3252,CA-2018-110373,OFF-AR-10003045,7.056,Low,No
3253,CA-2018-110373,TEC-PH-10001536,27.184,Low,No
3254,CA-2017-155474,TEC-PH-10001580,107.984,Medium,No
3255,CA-2017-155474,OFF-BI-10004209,19.296,Low,No
3256,CA-2016-155453,OFF-LA-10001613,4.608,Low,No
3257,US-2017-161844,FUR-TA-10001676,79.974,Low,No
3258,US-2017-161844,OFF-BI-10003712,2.946,Low,No
3259,US-2017-162103,OFF-BI-10000285,3.136,Low,No
3260,CA-2015-151554,OFF-PA-10004609,20.736,Low,No
3261,CA-2015-140662,TEC-AC-10001314,99.98,Low,No
3262,CA-2015-140662,OFF-PA-10003395,733.95,High,Yes
3263,CA-2015-140662,OFF-AP-10001242,241.44,Medium,No
3264,CA-2017-122518,OFF-LA-10001641,10.08,Low,No
3265,US-2015-126571,OFF-ST-10003816,281.904,Medium,No
3266,US-2015-126571,OFF-EN-10002230,201.432,Medium,No
3267,CA-2015-143840,TEC-PH-10002660,135.98,Medium,No
3268,CA-2015-143840,TEC-PH-10003171,44.95,Low,No
3269,CA-2015-115980,TEC-AC-10003709,2.97,Low,No
3270,CA-2015-115980,OFF-FA-10000304,6.54,Low,No
3271,CA-2016-155145,TEC-AC-10003709,7.92,Low,No
3272,CA-2016-146038,FUR-CH-10002774,203.92,Medium,No
3273,CA-2018-133865,TEC-CO-10001046,3359.952,High,Yes
3274,CA-2018-116358,OFF-FA-10003495,18.24,Low,No
3275,CA-2018-116358,OFF-AR-10004685,27.78,Low,No
3276,CA-2015-102988,OFF-AR-10004757,22.96,Low,No
3277,CA-2015-102988,TEC-PH-10001615,28.99,Low,No
3278,CA-2015-102988,OFF-PA-10003349,12.96,Low,No
3279,CA-2015-102988,OFF-AR-10000127,22.96,Low,No
3280,CA-2015-102988,OFF-SU-10002881,4164.05,High,Yes
3281,US-2015-117170,TEC-AC-10001109,47.984,Low,No
3282,US-2015-117170,OFF-PA-10000682,4.624,Low,No
3283,CA-2015-159478,FUR-FU-10000221,15.24,Low,No
3284,CA-2015-103702,OFF-BI-10002429,63.924,Low,No
3285,CA-2018-150525,OFF-AR-10002375,6.56,Low,No
3286,CA-2018-150525,OFF-AP-10000595,13.11,Low,No
3287,CA-2016-157770,TEC-PH-10001530,494.376,Medium,No
3288,CA-2016-157770,OFF-BI-10000050,29.2,Low,No
3289,CA-2016-157770,TEC-AC-10001552,248.85,Medium,No
3290,CA-2016-157770,TEC-AC-10003399,36.24,Low,No
3291,CA-2017-167290,OFF-AR-10004078,11.68,Low,No
3292,CA-2015-106264,OFF-SU-10002189,11.91,Low,No
3293,CA-2015-106264,FUR-FU-10001852,3.48,Low,No
3294,CA-2015-138023,OFF-BI-10003638,30.96,Low,No
3295,CA-2018-113418,TEC-MA-10002428,1704.89,High,Yes
3296,US-2016-110569,OFF-BI-10001036,19.194,Low,No
3297,US-2016-110569,OFF-AP-10004708,121.792,Medium,No
3298,CA-2018-136308,TEC-MA-10000488,1919.976,High,Yes
3299,US-2015-159926,OFF-BI-10003656,50.997,Low,No
3300,US-2015-159926,OFF-ST-10003656,76.792,Low,No
3301,US-2015-159926,TEC-PH-10001128,539.964,High,Yes
3302,US-2015-159926,FUR-FU-10001473,60.312,Low,No
3303,US-2015-159926,OFF-BI-10004656,1.944,Low,No
3304,CA-2015-104738,OFF-EN-10004955,12.984,Low,No
3305,CA-2015-104738,TEC-PH-10002468,217.584,Medium,No
3306,CA-2015-104738,TEC-PH-10000576,328.776,Medium,No
3307,CA-2015-104738,OFF-BI-10002160,2.286,Low,No
3308,CA-2015-104738,TEC-AC-10003628,47.984,Low,No
3309,CA-2016-144386,OFF-BI-10001116,25.344,Low,No
3310,CA-2017-111416,OFF-BI-10002026,232.4,Medium,No
3311,CA-2017-162747,FUR-FU-10003691,86.45,Low,No
3312,US-2015-133130,FUR-CH-10002602,603.92,High,Yes
3313,US-2015-133130,OFF-PA-10000675,81.98,Low,No
3314,CA-2018-169978,FUR-CH-10002602,271.764,Medium,No
3315,CA-2018-169978,OFF-BI-10001900,14.376,Low,No
3316,CA-2018-161739,FUR-FU-10001468,341.96,Medium,No
3317,CA-2016-165057,OFF-AR-10004648,181.35,Medium,No
3318,CA-2016-165057,OFF-LA-10003190,8.64,Low,No
3319,CA-2015-134551,OFF-AP-10004868,43.512,Low,No
3320,CA-2015-134551,FUR-CH-10004287,662.88,High,Yes
3321,CA-2015-134551,OFF-PA-10002689,25.92,Low,No
3322,CA-2016-120810,OFF-AP-10002892,68.94,Low,No
3323,CA-2016-120810,FUR-FU-10002253,128.82,Medium,No
3324,CA-2015-165309,OFF-BI-10001359,896.99,High,Yes
3325,CA-2015-165309,OFF-BI-10001267,1.234,Low,No
3326,CA-2015-165309,OFF-AR-10003582,67.56,Low,No
3327,CA-2015-165309,OFF-PA-10003724,21.72,Low,No
3328,CA-2015-165309,OFF-PA-10001033,262.336,Medium,No
3329,CA-2015-165309,TEC-PH-10003505,148.48,Medium,No
3330,CA-2015-165309,TEC-PH-10004959,241.176,Medium,No
3331,CA-2018-122595,TEC-AC-10000474,227.976,Medium,No
3332,CA-2018-122595,TEC-PH-10003095,52.68,Low,No
3333,CA-2018-122595,FUR-FU-10002963,2.032,Low,No
3334,US-2018-109253,OFF-AR-10000203,17.12,Low,No
3335,US-2018-109253,TEC-PH-10004667,431.968,Medium,No
3336,US-2018-109253,FUR-FU-10000193,129.92,Medium,No
3337,US-2018-109253,FUR-TA-10001539,568.728,High,Yes
3338,US-2018-109253,OFF-BI-10000962,117.144,Medium,No
3339,US-2018-109253,OFF-AP-10002867,203.52,Medium,No
3340,US-2018-109253,OFF-LA-10001158,51.75,Low,No
3341,CA-2017-145982,OFF-PA-10000675,122.97,Medium,No
3342,CA-2017-145982,FUR-TA-10001307,244.615,Medium,No
3343,CA-2017-145982,TEC-PH-10000011,59.97,Low,No
3344,CA-2017-145982,OFF-PA-10002666,81.54,Low,No
3345,CA-2017-145982,OFF-FA-10000735,11.68,Low,No
3346,CA-2017-145982,OFF-BI-10000174,29.0,Low,No
3347,CA-2016-112014,OFF-AR-10003156,50.8,Low,No
3348,CA-2018-154732,OFF-BI-10000474,16.03,Low,No
3349,US-2017-157308,OFF-BI-10003712,15.712,Low,No
3350,CA-2017-147536,TEC-AC-10003280,89.97,Low,No
3351,US-2015-134733,FUR-BO-10002916,435.999,Medium,No
3352,US-2015-134733,TEC-PH-10002726,83.984,Low,No
3353,US-2015-150434,TEC-PH-10000895,359.98,Medium,No
3354,US-2015-150434,FUR-TA-10004152,70.56,Low,No
3355,US-2015-150434,OFF-BI-10003694,20.88,Low,No
3356,US-2015-150434,OFF-BI-10002160,3.81,Low,No
3357,CA-2018-100335,OFF-PA-10001685,73.008,Low,No
3358,CA-2017-139234,OFF-BI-10000773,3.208,Low,No
3359,CA-2017-139234,TEC-AC-10004510,26.176,Low,No
3360,US-2016-142020,OFF-PA-10004569,30.44,Low,No
3361,US-2016-142020,FUR-FU-10000672,35.28,Low,No
3362,CA-2016-139962,OFF-PA-10004451,19.44,Low,No
3363,CA-2016-139962,OFF-BI-10004738,37.88,Low,No
3364,CA-2017-130050,FUR-FU-10001940,9.552,Low,No
3365,CA-2015-115161,FUR-BO-10003966,290.666,Medium,No
3366,CA-2015-165379,OFF-PA-10003072,10.368,Low,No
3367,CA-2015-165379,OFF-PA-10002245,14.352,Low,No
3368,CA-2016-115511,FUR-BO-10002598,141.96,Medium,No
3369,CA-2016-115511,OFF-BI-10002225,66.048,Low,No
3370,CA-2017-134887,TEC-AC-10003832,1287.45,High,Yes
3371,CA-2018-123778,OFF-BI-10000822,25.824,Low,No
3372,CA-2018-123778,OFF-AP-10001242,160.96,Medium,No
3373,CA-2016-161718,FUR-FU-10002445,28.44,Low,No
3374,CA-2016-161718,FUR-CH-10002372,364.41,Medium,No
3375,CA-2016-161718,TEC-PH-10000376,39.96,Low,No
3376,CA-2016-161718,FUR-CH-10002965,361.764,Medium,No
3377,CA-2017-100671,OFF-ST-10004950,111.672,Medium,No
3378,CA-2018-142867,OFF-BI-10003166,13.776,Low,No
3379,CA-2018-142867,OFF-PA-10004610,10.272,Low,No
3380,CA-2018-103156,FUR-FU-10000320,24.048,Low,No
3381,US-2018-162208,OFF-EN-10004030,2.896,Low,No
3382,CA-2016-130659,OFF-EN-10004147,17.94,Low,No
3383,CA-2016-130659,FUR-CH-10003535,384.174,Medium,No
3384,CA-2016-130659,TEC-PH-10004586,1799.75,High,Yes
3385,CA-2018-148404,OFF-ST-10003208,580.672,High,Yes
3386,CA-2018-148404,OFF-FA-10003112,18.936,Low,No
3387,CA-2018-148404,TEC-PH-10004447,222.384,Medium,No
3388,CA-2018-148404,OFF-BI-10002854,50.454,Low,No
3389,CA-2018-148404,FUR-TA-10001039,154.764,Medium,No
3390,CA-2018-101077,OFF-PA-10004239,6.848,Low,No
3391,CA-2015-166471,TEC-PH-10001530,1091.168,High,Yes
3392,CA-2015-166471,TEC-PH-10000038,219.168,Medium,No
3393,CA-2015-105340,OFF-BI-10001765,6.928,Low,No
3394,US-2018-131583,OFF-PA-10000380,40.032,Low,No
3395,US-2018-148362,OFF-ST-10001128,443.92,Medium,No
3396,US-2018-148362,OFF-BI-10003656,169.99,Medium,No
3397,US-2018-148362,OFF-PA-10003441,25.92,Low,No
3398,CA-2015-102274,TEC-PH-10002923,36.99,Low,No
3399,CA-2015-102274,OFF-PA-10004359,629.1,High,Yes
3400,CA-2015-102274,OFF-ST-10001511,193.95,Medium,No
3401,CA-2015-102274,OFF-AR-10002833,5.46,Low,No
3402,CA-2016-129700,FUR-FU-10001940,22.288,Low,No
3403,CA-2018-168739,FUR-FU-10003919,65.424,Low,No
3404,CA-2016-152527,OFF-ST-10003479,77.88,Low,No
3405,US-2015-150119,FUR-CH-10002965,281.372,Medium,No
3406,US-2015-150119,FUR-CH-10002965,281.372,Medium,No
3407,US-2015-150119,OFF-BI-10000145,7.488,Low,No
3408,US-2015-150119,FUR-FU-10002191,22.336,Low,No
3409,US-2018-150847,OFF-PA-10004451,10.368,Low,No
3410,CA-2017-100244,OFF-PA-10001471,65.79,Low,No
3411,CA-2017-100244,OFF-BI-10003656,271.984,Medium,No
3412,CA-2017-100244,OFF-AR-10000940,11.76,Low,No
3413,CA-2017-100244,OFF-PA-10002319,77.52,Low,No
3414,CA-2017-100244,OFF-BI-10000977,48.64,Low,No
3415,CA-2017-116540,OFF-FA-10002676,1.81,Low,No
3416,CA-2017-116540,OFF-BI-10004970,8.26,Low,No
3417,CA-2016-151841,OFF-AP-10003971,43.56,Low,No
3418,CA-2016-151841,OFF-SU-10001574,5.84,Low,No
3419,CA-2016-150791,FUR-CH-10000665,271.764,Medium,No
3420,CA-2017-134803,OFF-AP-10000891,262.24,Medium,No
3421,CA-2017-134803,OFF-PA-10003790,182.72,Medium,No
3422,CA-2017-134803,TEC-AC-10002217,131.6,Medium,No
3423,CA-2017-134803,OFF-BI-10002215,22.72,Low,No
3424,CA-2017-134803,TEC-MA-10001972,558.4,High,Yes
3425,CA-2016-153381,OFF-BI-10001525,15.24,Low,No
3426,CA-2016-153381,FUR-CH-10000988,1408.1,High,Yes
3427,US-2018-111024,OFF-PA-10000174,32.896,Low,No
3428,US-2018-111024,FUR-TA-10002041,215.148,Medium,No
3429,US-2018-111024,OFF-PA-10002246,30.96,Low,No
3430,CA-2018-148264,OFF-ST-10003327,29.79,Low,No
3431,CA-2018-148264,FUR-FU-10002703,128.9,Medium,No
3432,CA-2018-148264,OFF-PA-10003651,60.12,Low,No
3433,CA-2018-131212,OFF-BI-10001617,24.816,Low,No
3434,CA-2018-131212,OFF-BI-10000145,14.976,Low,No
3435,US-2016-100531,OFF-BI-10001670,15.08,Low,No
3436,US-2016-100531,FUR-FU-10003849,24.288,Low,No
3437,CA-2018-152583,FUR-FU-10003849,16.192,Low,No
3438,CA-2018-152583,FUR-TA-10002041,251.006,Medium,No
3439,CA-2018-152583,OFF-ST-10002214,54.192,Low,No
3440,CA-2016-144099,OFF-BI-10001078,4.304,Low,No
3441,CA-2015-158337,OFF-PA-10002137,108.92,Medium,No
3442,CA-2018-168858,OFF-EN-10001415,16.74,Low,No
3443,CA-2018-168858,OFF-AP-10003849,2504.74,High,Yes
3444,CA-2017-116344,OFF-ST-10001713,84.784,Low,No
3445,CA-2016-131779,OFF-ST-10001505,29.9,Low,No
3446,CA-2017-158869,OFF-PA-10000474,70.88,Low,No
3447,CA-2018-102554,OFF-AR-10001919,3.76,Low,No
3448,CA-2017-162614,OFF-BI-10004001,27.264,Low,No
3449,CA-2015-168592,OFF-AP-10004785,56.65,Low,No
3450,CA-2015-168592,OFF-ST-10002406,14.97,Low,No
3451,CA-2015-168592,OFF-FA-10002988,4.02,Low,No
3452,CA-2015-157609,TEC-PH-10002415,471.92,Medium,No
3453,CA-2016-153325,OFF-BI-10004236,58.72,Low,No
3454,CA-2016-153626,OFF-AR-10000657,5.16,Low,No
3455,CA-2017-166485,OFF-PA-10004996,16.496,Low,No
3456,CA-2018-136448,TEC-AC-10001109,71.976,Low,No
3457,CA-2018-136448,FUR-FU-10003832,22.512,Low,No
3458,CA-2018-136448,OFF-BI-10002393,3.444,Low,No
3459,CA-2018-136448,OFF-BI-10001359,538.194,High,Yes
3460,CA-2018-136448,TEC-AC-10003628,47.984,Low,No
3461,CA-2018-114258,TEC-PH-10003012,492.768,Medium,No
3462,CA-2016-152611,OFF-AR-10003903,286.79,Medium,No
3463,CA-2017-165470,OFF-PA-10004675,5.08,Low,No
3464,CA-2018-128699,TEC-AC-10001990,47.992,Low,No
3465,US-2016-147242,OFF-AP-10003842,61.96,Low,No
3466,US-2016-147242,FUR-BO-10004695,361.96,Medium,No
3467,US-2016-147242,OFF-PA-10003039,278.82,Medium,No
3468,CA-2017-146143,FUR-FU-10002045,133.38,Medium,No
3469,CA-2016-100888,OFF-PA-10001019,47.952,Low,No
3470,US-2017-150035,FUR-FU-10003724,16.74,Low,No
3471,CA-2018-122644,OFF-PA-10003673,10.848,Low,No
3472,CA-2018-122644,TEC-AC-10003614,18.544,Low,No
3473,CA-2018-111815,FUR-CH-10000785,180.98,Medium,No
3474,CA-2018-111815,TEC-AC-10002926,99.98,Low,No
3475,CA-2017-144911,TEC-AC-10004633,34.95,Low,No
3476,CA-2017-144911,OFF-BI-10000977,152.0,Medium,No
3477,CA-2015-143385,TEC-AC-10001635,92.52,Low,No
3478,CA-2017-131289,OFF-AR-10003056,8.56,Low,No
3479,CA-2017-131289,OFF-PA-10003363,45.36,Low,No
3480,CA-2017-131289,FUR-TA-10003954,1421.664,High,Yes
3481,CA-2015-124023,FUR-FU-10004415,8.96,Low,No
3482,CA-2015-124688,TEC-PH-10000455,579.95,High,Yes
3483,CA-2015-124688,FUR-FU-10002456,29.12,Low,No
3484,CA-2015-124688,FUR-TA-10003569,1202.94,High,Yes
3485,CA-2017-151169,OFF-BI-10002813,7.92,Low,No
3486,US-2017-134761,TEC-PH-10002890,36.192,Low,No
3487,CA-2018-120705,OFF-ST-10001522,147.184,Medium,No
3488,CA-2016-157322,FUR-CH-10004086,408.422,Medium,No
3489,CA-2016-157322,FUR-CH-10003774,382.116,Medium,No
3490,CA-2016-157322,OFF-ST-10004507,68.6,Low,No
3491,CA-2016-157322,OFF-ST-10003208,435.504,Medium,No
3492,CA-2016-157322,OFF-PA-10000659,11.168,Low,No
3493,CA-2018-142034,TEC-AC-10002305,72.0,Low,No
3494,CA-2018-142034,TEC-AC-10000990,655.9,High,Yes
3495,CA-2018-142034,FUR-CH-10000665,603.92,High,Yes
3496,CA-2017-107328,FUR-TA-10001932,513.024,High,Yes
3497,CA-2017-107328,OFF-AP-10004487,487.92,Medium,No
3498,CA-2017-107328,OFF-BI-10002160,15.24,Low,No
3499,CA-2017-108616,TEC-AC-10000420,209.97,Medium,No
3500,CA-2017-108616,OFF-BI-10001989,62.94,Low,No
3501,CA-2017-108616,OFF-AR-10001149,25.92,Low,No
3502,CA-2018-125115,OFF-PA-10004101,10.368,Low,No
3503,CA-2018-125115,TEC-AC-10001714,95.736,Low,No
3504,CA-2017-150945,OFF-ST-10003716,900.08,High,Yes
3505,CA-2015-166863,TEC-PH-10000369,201.584,Medium,No
3506,CA-2015-166863,OFF-BI-10000756,3.392,Low,No
3507,CA-2015-166863,FUR-BO-10001608,193.0656,Medium,No
3508,CA-2015-166863,OFF-PA-10001166,15.552,Low,No
3509,CA-2015-166863,OFF-PA-10000587,11.648,Low,No
3510,CA-2015-166863,TEC-MA-10001972,418.8,Medium,No
3511,CA-2015-166863,OFF-ST-10004123,509.488,High,Yes
3512,CA-2018-140326,FUR-BO-10000112,825.174,High,Yes
3513,CA-2018-140326,OFF-PA-10004041,17.76,Low,No
3514,CA-2018-140326,OFF-AR-10001149,6.912,Low,No
3515,CA-2017-168536,TEC-AC-10002323,66.3,Low,No
3516,US-2017-113649,OFF-PA-10000130,30.816,Low,No
3517,US-2017-113649,TEC-PH-10002350,44.784,Low,No
3518,US-2017-113649,OFF-AP-10002518,569.536,High,Yes
3519,CA-2016-124975,FUR-TA-10002645,796.425,High,Yes
3520,CA-2016-168767,OFF-BI-10000773,12.832,Low,No
3521,CA-2017-114482,OFF-PA-10003845,40.46,Low,No
3522,CA-2017-114482,TEC-PH-10001580,404.94,Medium,No
3523,CA-2017-137673,TEC-AC-10002345,116.0,Medium,No
3524,CA-2017-132731,TEC-PH-10004120,657.552,High,Yes
3525,CA-2018-148922,TEC-AC-10001838,599.97,High,Yes
3526,CA-2018-148922,TEC-PH-10000148,38.97,Low,No
3527,CA-2018-148922,OFF-BI-10003476,45.84,Low,No
3528,CA-2017-130680,TEC-PH-10004833,38.24,Low,No
3529,CA-2016-141145,TEC-AC-10001465,87.168,Low,No
3530,US-2017-152835,OFF-AR-10003056,21.4,Low,No
3531,CA-2017-155565,OFF-SU-10001218,54.9,Low,No
3532,CA-2015-110849,TEC-MA-10002859,287.968,Medium,No
3533,CA-2015-110849,OFF-AR-10002375,13.12,Low,No
3534,CA-2015-110849,OFF-AR-10000657,10.75,Low,No
3535,CA-2015-110849,OFF-FA-10000134,11.62,Low,No
3536,CA-2017-145842,OFF-ST-10000419,40.74,Low,No
3537,CA-2015-158771,OFF-ST-10000107,83.25,Low,No
3538,CA-2015-158771,OFF-LA-10001641,9.45,Low,No
3539,CA-2015-158771,OFF-LA-10003121,20.65,Low,No
3540,CA-2015-158771,OFF-PA-10002689,45.36,Low,No
3541,CA-2017-157511,FUR-FU-10002107,5.352,Low,No
3542,CA-2017-157511,FUR-CH-10002647,99.372,Low,No
3543,CA-2017-157511,OFF-AR-10002257,2.672,Low,No
3544,CA-2018-121216,OFF-PA-10004519,28.672,Low,No
3545,CA-2018-121216,OFF-AP-10001947,29.312,Low,No
3546,CA-2018-155292,OFF-ST-10004963,105.98,Medium,No
3547,CA-2018-155292,OFF-SU-10002573,35.06,Low,No
3548,CA-2018-155292,FUR-CH-10000553,33.94,Low,No
3549,CA-2018-155292,OFF-LA-10001982,30.0,Low,No
3550,CA-2017-152555,OFF-PA-10001295,45.528,Low,No
3551,CA-2017-152555,FUR-CH-10002965,844.116,High,Yes
3552,CA-2017-152555,TEC-PH-10001254,812.736,High,Yes
3553,CA-2018-107832,OFF-BI-10001658,7.476,Low,No
3554,CA-2015-120838,OFF-ST-10000585,330.4,Medium,No
3555,CA-2015-120838,TEC-PH-10003484,604.752,High,Yes
3556,CA-2018-118542,OFF-PA-10004735,45.36,Low,No
3557,CA-2018-118542,OFF-BI-10003429,10.128,Low,No
3558,CA-2018-152737,OFF-BI-10002982,21.792,Low,No
3559,CA-2018-152737,TEC-AC-10004975,439.8,Medium,No
3560,CA-2018-109757,OFF-AR-10002335,8.256,Low,No
3561,CA-2018-109757,OFF-BI-10004001,25.56,Low,No
3562,CA-2018-109757,OFF-BI-10001634,4.368,Low,No
3563,CA-2018-109757,OFF-PA-10000007,11.52,Low,No
3564,CA-2017-130029,OFF-PA-10000552,12.96,Low,No
3565,CA-2017-130029,OFF-FA-10001135,3.96,Low,No
3566,CA-2018-103877,OFF-BI-10003650,1577.94,High,Yes
3567,CA-2017-137176,FUR-FU-10003832,15.008,Low,No
3568,CA-2018-168109,TEC-AC-10003628,59.98,Low,No
3569,CA-2018-168109,TEC-MA-10001148,2395.2,High,Yes
3570,CA-2018-168109,TEC-AC-10002049,1687.8,High,Yes
3571,CA-2018-168109,TEC-PH-10000702,7.992,Low,No
3572,US-2018-126081,OFF-PA-10003953,5.184,Low,No
3573,CA-2018-117023,OFF-AR-10003602,11.68,Low,No
3574,CA-2018-117023,OFF-AR-10004062,104.8,Medium,No
3575,CA-2016-143532,OFF-PA-10001560,14.496,Low,No
3576,CA-2017-103163,OFF-BI-10003305,4.784,Low,No
3577,CA-2017-103163,OFF-PA-10004000,4.73,Low,No
3578,CA-2017-104157,OFF-ST-10000321,7.89,Low,No
3579,CA-2017-104157,OFF-PA-10004665,65.5,Low,No
3580,CA-2017-104157,FUR-TA-10004915,2430.08,High,Yes
3581,CA-2018-117807,OFF-PA-10000994,104.85,Medium,No
3582,CA-2016-121650,OFF-AR-10001149,3.9,Low,No
3583,CA-2016-121650,FUR-TA-10003569,801.96,High,Yes
3584,CA-2016-121650,FUR-CH-10004289,191.96,Medium,No
3585,CA-2016-121650,OFF-LA-10001045,2.61,Low,No
3586,CA-2018-161823,OFF-AR-10002053,5.96,Low,No
3587,CA-2018-121839,TEC-PH-10002885,1169.694,High,Yes
3588,CA-2018-158729,OFF-SU-10002881,1665.62,High,Yes
3589,CA-2018-146535,OFF-BI-10000546,2.88,Low,No
3590,CA-2018-146535,OFF-ST-10001526,1443.96,High,Yes
3591,CA-2015-154186,OFF-SU-10001574,2.92,Low,No
3592,CA-2017-108434,OFF-ST-10002615,465.18,Medium,No
3593,CA-2017-164154,OFF-BI-10001658,22.428,Low,No
3594,CA-2017-164154,OFF-ST-10002562,37.52,Low,No
3595,CA-2018-148012,OFF-AR-10004757,2.624,Low,No
3596,CA-2015-102869,OFF-PA-10000788,15.552,Low,No
3597,CA-2015-102869,TEC-AC-10002134,64.704,Low,No
3598,CA-2015-102869,FUR-FU-10002456,17.472,Low,No
3599,CA-2015-102869,TEC-PH-10002549,135.516,Medium,No
3600,CA-2018-138310,TEC-AC-10001990,431.928,Medium,No
3601,CA-2015-159835,OFF-PA-10002137,12.448,Low,No
3602,CA-2015-159835,FUR-CH-10004997,657.93,High,Yes
3603,CA-2018-112956,OFF-PA-10000357,277.4,Medium,No
3604,CA-2018-112956,FUR-FU-10003976,25.16,Low,No
3605,CA-2018-112956,FUR-FU-10004960,91.92,Low,No
3606,CA-2017-119683,OFF-EN-10001099,29.34,Low,No
3607,CA-2015-163559,OFF-BI-10002026,139.44,Medium,No
3608,CA-2015-140228,OFF-LA-10001613,6.912,Low,No
3609,CA-2015-140228,OFF-ST-10002214,27.096,Low,No
3610,CA-2015-140228,OFF-ST-10001128,177.568,Medium,No
3611,US-2017-131674,TEC-AC-10004864,58.416,Low,No
3612,CA-2016-110093,OFF-PA-10000174,16.448,Low,No
3613,CA-2016-110093,TEC-AC-10000171,36.784,Low,No
3614,CA-2018-112529,FUR-TA-10002622,718.116,High,Yes
3615,CA-2018-112529,OFF-AR-10001915,31.776,Low,No
3616,CA-2017-154536,OFF-BI-10004410,9.555,Low,No
3617,CA-2018-141929,OFF-BI-10004632,487.984,Medium,No
3618,CA-2018-141929,TEC-PH-10002185,5.56,Low,No
3619,CA-2018-141929,OFF-ST-10002974,217.85,Medium,No
3620,CA-2017-109743,OFF-AR-10003727,40.776,Low,No
3621,CA-2017-109743,TEC-PH-10004071,63.936,Low,No
3622,CA-2015-159184,FUR-FU-10002878,142.4,Medium,No
3623,CA-2015-159184,OFF-BI-10001890,7.16,Low,No
3624,CA-2018-113530,FUR-CH-10002647,681.408,High,Yes
3625,CA-2018-113530,OFF-AR-10001315,3.52,Low,No
3626,CA-2018-113530,OFF-AR-10000122,5.58,Low,No
3627,CA-2018-113530,TEC-AC-10001465,36.32,Low,No
3628,CA-2015-169726,OFF-BI-10004600,2060.744,High,Yes
3629,CA-2018-155957,OFF-AP-10002082,52.272,Low,No
3630,CA-2018-155957,OFF-AP-10004708,213.136,Medium,No
3631,CA-2018-132178,OFF-ST-10000464,69.52,Low,No
3632,CA-2018-132178,OFF-ST-10000025,763.44,High,Yes
3633,CA-2017-145177,OFF-LA-10001613,9.216,Low,No
3634,CA-2017-145177,TEC-PH-10000376,41.958,Low,No
3635,CA-2017-145177,OFF-PA-10004039,89.568,Low,No
3636,CA-2017-145177,OFF-PA-10001776,22.248,Low,No
3637,CA-2017-145177,OFF-AP-10002457,334.88,Medium,No
3638,CA-2017-145177,FUR-FU-10000758,148.288,Medium,No
3639,CA-2017-145177,OFF-PA-10000682,4.624,Low,No
3640,CA-2017-145177,TEC-AC-10002550,178.92,Medium,No
3641,CA-2017-145177,OFF-BI-10002082,69.888,Low,No
3642,CA-2015-156594,OFF-BI-10004632,487.984,Medium,No
3643,CA-2015-156594,OFF-AR-10001725,47.3,Low,No
3644,CA-2015-156594,OFF-AR-10004269,4.13,Low,No
3645,CA-2015-156594,OFF-BI-10003007,155.12,Medium,No
3646,CA-2015-146528,OFF-PA-10002195,6.48,Low,No
3647,CA-2015-146528,OFF-SU-10002522,15.52,Low,No
3648,CA-2016-168459,OFF-BI-10003712,2.946,Low,No
3649,CA-2016-168459,OFF-FA-10004854,55.104,Low,No
3650,CA-2018-109960,TEC-AC-10004859,104.88,Medium,No
3651,CA-2018-109960,OFF-AR-10001860,34.7,Low,No
3652,CA-2018-109960,OFF-BI-10001636,33.72,Low,No
3653,CA-2018-109960,OFF-PA-10000349,14.94,Low,No
3654,CA-2018-133004,OFF-AP-10002439,638.73,High,Yes
3655,CA-2018-168102,OFF-ST-10001370,113.568,Medium,No
3656,CA-2018-158036,TEC-AC-10002558,9.096,Low,No
3657,CA-2016-128083,OFF-EN-10004030,8.688,Low,No
3658,CA-2016-128083,FUR-FU-10003194,30.88,Low,No
3659,CA-2016-128083,FUR-FU-10001731,6.408,Low,No
3660,CA-2017-161676,OFF-SU-10004782,33.8,Low,No
3661,CA-2017-155005,TEC-PH-10003484,377.97,Medium,No
3662,US-2018-129777,TEC-AC-10003590,258.9,Medium,No
3663,US-2018-129777,OFF-PA-10001970,24.56,Low,No
3664,CA-2015-129364,OFF-LA-10001569,27.888,Low,No
3665,CA-2015-129364,OFF-BI-10001132,6.456,Low,No
3666,CA-2015-129364,TEC-PH-10003095,52.68,Low,No
3667,CA-2015-129364,OFF-SU-10000432,13.88,Low,No
3668,CA-2015-129364,TEC-AC-10004227,103.92,Medium,No
3669,CA-2015-129364,OFF-LA-10004409,11.52,Low,No
3670,CA-2015-129364,OFF-PA-10001569,10.368,Low,No
3671,CA-2015-129364,OFF-ST-10001031,39.072,Low,No
3672,CA-2017-104969,OFF-EN-10002312,8.872,Low,No
3673,CA-2017-104969,OFF-BI-10004224,121.104,Medium,No
3674,CA-2018-154109,FUR-CH-10003774,127.372,Medium,No
3675,CA-2018-154109,OFF-PA-10000157,47.952,Low,No
3676,CA-2016-156440,FUR-FU-10004090,44.46,Low,No
3677,CA-2016-132626,OFF-FA-10002763,15.8,Low,No
3678,CA-2016-132626,TEC-MA-10002428,464.97,Medium,No
3679,CA-2016-132626,FUR-FU-10002918,181.96,Medium,No
3680,CA-2016-132626,OFF-LA-10000476,12.39,Low,No
3681,CA-2016-132626,OFF-BI-10002854,84.09,Low,No
3682,CA-2016-132626,OFF-AR-10002987,79.36,Low,No
3683,CA-2016-132626,OFF-BI-10004001,153.36,Medium,No
3684,CA-2016-132626,OFF-BI-10001634,43.68,Low,No
3685,CA-2016-132626,OFF-ST-10003722,98.21,Low,No
3686,CA-2017-102792,OFF-AR-10004757,9.84,Low,No
3687,CA-2017-108567,OFF-BI-10004140,2.694,Low,No
3688,CA-2018-140760,OFF-PA-10002479,25.344,Low,No
3689,CA-2018-140760,OFF-EN-10001141,43.92,Low,No
3690,US-2016-131359,TEC-MA-10000597,59.994,Low,No
3691,US-2016-131359,TEC-CO-10001571,439.992,Medium,No
3692,US-2016-131359,TEC-PH-10004531,87.96,Low,No
3693,US-2016-131359,FUR-FU-10003026,15.488,Low,No
3694,CA-2017-142097,OFF-BI-10002082,232.96,Medium,No
3695,CA-2017-142097,OFF-EN-10002312,66.54,Low,No
3696,CA-2017-142097,OFF-AP-10000696,43.26,Low,No
3697,CA-2016-151680,FUR-FU-10000305,141.96,Medium,No
3698,CA-2015-140039,OFF-ST-10001034,79.4,Low,No
3699,CA-2018-160416,TEC-AC-10004114,163.96,Medium,No
3700,CA-2018-169411,FUR-FU-10001602,37.93,Low,No
3701,CA-2017-126543,FUR-FU-10002445,15.168,Low,No
3702,CA-2016-104941,OFF-AR-10004269,24.78,Low,No
3703,CA-2016-104941,OFF-BI-10001249,19.14,Low,No
3704,CA-2016-104941,TEC-CO-10004202,899.97,High,Yes
3705,CA-2016-104941,OFF-PA-10003363,32.4,Low,No
3706,CA-2018-160087,OFF-AR-10001915,23.832,Low,No
3707,CA-2015-120544,FUR-FU-10001940,6.368,Low,No
3708,CA-2015-120544,OFF-AP-10004336,34.176,Low,No
3709,CA-2015-120544,TEC-AC-10003709,5.544,Low,No
3710,CA-2018-113670,FUR-TA-10001705,510.24,High,Yes
3711,CA-2018-113670,OFF-PA-10000675,204.95,Medium,No
3712,CA-2018-166198,TEC-AC-10000521,11.54,Low,No
3713,CA-2018-166198,FUR-FU-10004622,162.6,Medium,No
3714,CA-2015-135608,OFF-PA-10001954,45.68,Low,No
3715,CA-2015-135608,FUR-CH-10002602,603.92,High,Yes
3716,CA-2018-144568,OFF-FA-10004395,23.55,Low,No
3717,CA-2017-142370,OFF-SU-10003002,5.04,Low,No
3718,CA-2017-142370,TEC-AC-10002926,249.95,Medium,No
3719,CA-2017-105900,OFF-AR-10002656,33.4,Low,No
3720,CA-2017-151155,FUR-FU-10001918,18.92,Low,No
3721,CA-2017-151155,OFF-BI-10003910,15.42,Low,No
3722,CA-2018-144036,OFF-AR-10000122,35.712,Low,No
3723,US-2015-169789,OFF-BI-10004600,551.985,High,Yes
3724,CA-2018-127264,OFF-AR-10003045,7.056,Low,No
3725,CA-2017-151512,OFF-AP-10000252,18.72,Low,No
3726,CA-2017-165169,OFF-ST-10001496,360.38,Medium,No
3727,CA-2017-165169,OFF-AR-10000122,11.16,Low,No
3728,CA-2017-165169,OFF-LA-10000407,14.94,Low,No
3729,CA-2016-109575,OFF-ST-10004950,41.96,Low,No
3730,CA-2016-109575,OFF-ST-10004123,636.86,High,Yes
3731,CA-2016-109575,TEC-PH-10000730,499.99,Medium,No
3732,CA-2016-109575,TEC-PH-10000895,1259.93,High,Yes
3733,CA-2016-109575,OFF-BI-10000962,65.08,Low,No
3734,CA-2018-168193,OFF-PA-10002254,26.38,Low,No
3735,CA-2018-168193,FUR-FU-10002554,71.97,Low,No
3736,CA-2017-115476,TEC-PH-10000673,129.98,Medium,No
3737,CA-2017-115476,OFF-BI-10000962,32.54,Low,No
3738,CA-2017-133340,TEC-PH-10003988,10.9,Low,No
3739,CA-2017-133340,TEC-AC-10001109,59.98,Low,No
3740,CA-2017-133340,OFF-AP-10002311,61.929,Low,No
3741,CA-2017-137848,OFF-EN-10001137,16.52,Low,No
3742,CA-2017-137848,OFF-PA-10004285,60.12,Low,No
3743,CA-2017-137848,OFF-BI-10002225,49.536,Low,No
3744,CA-2015-113047,OFF-FA-10002763,11.85,Low,No
3745,CA-2017-149979,OFF-ST-10003058,118.25,Medium,No
3746,CA-2017-149979,FUR-CH-10002084,368.97,Medium,No
3747,CA-2018-161956,FUR-FU-10002937,198.46,Medium,No
3748,CA-2018-161956,OFF-AP-10001242,321.92,Medium,No
3749,CA-2018-161956,TEC-CO-10001571,879.984,High,Yes
3750,CA-2018-161956,OFF-SU-10002503,28.4,Low,No
3751,CA-2018-161956,FUR-CH-10004886,230.28,Medium,No
3752,CA-2018-161956,OFF-PA-10001289,116.28,Medium,No
3753,CA-2018-161956,OFF-BI-10003650,841.568,High,Yes
3754,CA-2018-161956,OFF-ST-10001370,354.9,Medium,No
3755,CA-2017-116799,OFF-PA-10001892,42.784,Low,No
3756,CA-2017-116799,FUR-CH-10004983,563.43,High,Yes
3757,CA-2017-111283,OFF-AR-10001615,111.104,Medium,No
3758,CA-2016-167745,OFF-AR-10003602,11.68,Low,No
3759,CA-2016-167745,OFF-SU-10004782,16.9,Low,No
3760,CA-2016-167745,FUR-FU-10001591,24.4,Low,No
3761,CA-2018-104577,OFF-PA-10000659,87.6,Low,No
3762,CA-2017-156251,FUR-BO-10001337,241.96,Medium,No
3763,CA-2017-156251,OFF-BI-10003529,8.52,Low,No
3764,CA-2018-125878,OFF-BI-10002609,1.788,Low,No
3765,CA-2017-163153,FUR-TA-10004767,99.372,Low,No
3766,CA-2017-163153,OFF-AR-10001868,1.344,Low,No
3767,CA-2016-103205,TEC-PH-10004896,119.96,Medium,No
3768,CA-2015-153913,FUR-CH-10000988,1013.832,High,Yes
3769,CA-2015-153913,OFF-FA-10000490,1.984,Low,No
3770,CA-2017-155530,FUR-TA-10004256,2003.52,High,Yes
3771,US-2017-101196,OFF-ST-10004804,82.368,Low,No
3772,CA-2015-115357,TEC-AC-10000023,62.91,Low,No
3773,US-2015-102715,OFF-FA-10001332,6.912,Low,No
3774,US-2015-102715,TEC-AC-10002001,383.976,Medium,No
3775,US-2015-102715,OFF-PA-10000029,10.368,Low,No
3776,US-2015-102715,TEC-AC-10001874,335.944,Medium,No
3777,CA-2016-107937,FUR-FU-10002298,665.88,High,Yes
3778,US-2018-148768,TEC-PH-10002564,71.976,Low,No
3779,CA-2018-118521,OFF-PA-10003465,37.94,Low,No
3780,CA-2015-149643,TEC-PH-10000038,273.96,Medium,No
3781,CA-2016-135314,TEC-PH-10003072,269.982,Medium,No
3782,CA-2018-165204,OFF-PA-10003424,8.904,Low,No
3783,CA-2018-165204,OFF-ST-10003716,720.064,High,Yes
3784,CA-2018-125752,TEC-AC-10003590,41.424,Low,No
3785,CA-2018-112487,OFF-BI-10000494,3.132,Low,No
3786,CA-2017-144218,OFF-ST-10002615,1085.42,High,Yes
3787,CA-2017-169971,OFF-AR-10002804,3.912,Low,No
3788,CA-2017-169971,OFF-AR-10001044,62.376,Low,No
3789,US-2017-133508,OFF-FA-10000134,29.05,Low,No
3790,CA-2015-107139,OFF-BI-10001670,180.96,Medium,No
3791,CA-2016-111325,OFF-BI-10000343,4.419,Low,No
3792,CA-2016-111325,OFF-AR-10002257,16.032,Low,No
3793,CA-2016-163762,OFF-AR-10001915,29.79,Low,No
3794,US-2015-117163,OFF-ST-10003692,57.23,Low,No
3795,US-2015-117163,FUR-TA-10003469,333.0,Medium,No
3796,US-2015-117163,OFF-AR-10003179,36.44,Low,No
3797,CA-2018-121314,OFF-PA-10003395,251.64,Medium,No
3798,CA-2018-147760,FUR-TA-10004575,523.764,High,Yes
3799,CA-2018-147760,TEC-PH-10002483,1359.96,High,Yes
3800,CA-2017-156503,FUR-CH-10003606,102.592,Medium,No
3801,CA-2017-156503,TEC-AC-10002473,22.704,Low,No
3802,CA-2017-156503,OFF-PA-10002319,93.024,Low,No
3803,CA-2017-156503,OFF-SU-10000946,12.768,Low,No
3804,CA-2017-156503,OFF-EN-10001335,35.008,Low,No
3805,CA-2017-156503,OFF-PA-10002377,39.152,Low,No
3806,CA-2016-113628,OFF-AR-10001246,11.76,Low,No
3807,CA-2016-113628,OFF-BI-10003291,5.238,Low,No
3808,CA-2016-113628,OFF-BI-10002799,4.662,Low,No
3809,CA-2016-113628,FUR-CH-10003298,523.92,High,Yes
3810,CA-2016-113628,TEC-PH-10000441,100.792,Medium,No
3811,CA-2016-113628,FUR-CH-10004477,146.136,Medium,No
3812,CA-2018-147753,OFF-LA-10003537,25.06,Low,No
3813,CA-2016-103961,OFF-LA-10004484,19.824,Low,No
3814,CA-2017-152471,TEC-PH-10002824,823.96,High,Yes
3815,CA-2017-152471,OFF-PA-10004965,15.984,Low,No
3816,CA-2016-102582,FUR-TA-10003569,801.96,High,Yes
3817,CA-2016-102582,TEC-PH-10003187,59.97,Low,No
3818,CA-2016-102582,FUR-CH-10004853,1056.86,High,Yes
3819,CA-2018-141873,OFF-BI-10001031,12.816,Low,No
3820,CA-2018-141873,FUR-BO-10003034,314.352,Medium,No
3821,CA-2018-141873,OFF-PA-10000069,18.98,Low,No
3822,CA-2018-141873,OFF-BI-10003655,18.24,Low,No
3823,CA-2016-140984,OFF-ST-10000585,991.2,High,Yes
3824,CA-2016-140984,TEC-CO-10001571,879.984,High,Yes
3825,CA-2016-140984,OFF-BI-10002012,12.96,Low,No
3826,CA-2015-132801,OFF-ST-10001228,107.44,Medium,No
3827,CA-2018-141733,FUR-CH-10004086,1458.65,High,Yes
3828,CA-2018-141733,FUR-CH-10002017,26.64,Low,No
3829,CA-2018-141733,FUR-CH-10000595,476.8,Medium,No
3830,CA-2018-141733,OFF-AP-10001563,87.444,Low,No
3831,US-2016-111927,FUR-FU-10004017,76.14,Low,No
3832,US-2016-111927,OFF-BI-10002571,19.96,Low,No
3833,CA-2015-105984,TEC-PH-10000560,1049.97,High,Yes
3834,CA-2015-105984,FUR-CH-10000847,611.058,High,Yes
3835,CA-2015-100363,OFF-FA-10000611,2.368,Low,No
3836,CA-2015-100363,OFF-PA-10004733,19.008,Low,No
3837,CA-2015-126760,TEC-PH-10001363,911.984,High,Yes
3838,CA-2015-126760,FUR-CH-10003312,674.352,High,Yes
3839,CA-2015-126760,FUR-FU-10004018,134.01,Medium,No
3840,CA-2015-126760,TEC-AC-10004814,170.97,Medium,No
3841,US-2015-109162,FUR-CH-10002647,170.352,Medium,No
3842,CA-2015-101931,OFF-BI-10004140,7.184,Low,No
3843,CA-2015-101931,OFF-SU-10002301,6.28,Low,No
3844,CA-2015-101931,OFF-SU-10000646,480.74,Medium,No
3845,CA-2015-101931,FUR-BO-10001337,616.998,High,Yes
3846,CA-2015-101931,OFF-ST-10003442,141.4,Medium,No
3847,CA-2018-129000,OFF-ST-10001097,501.81,High,Yes
3848,CA-2018-161053,OFF-BI-10004318,691.96,High,Yes
3849,CA-2018-161053,TEC-AC-10004633,34.95,Low,No
3850,CA-2016-142377,OFF-PA-10001970,85.96,Low,No
3851,CA-2016-127593,FUR-FU-10004006,85.3,Low,No
3852,CA-2018-130526,OFF-BI-10001524,33.568,Low,No
3853,US-2018-131849,FUR-FU-10004164,4.95,Low,No
3854,US-2018-131849,OFF-ST-10002957,26.4,Low,No
3855,US-2018-105389,OFF-BI-10004364,3.564,Low,No
3856,US-2018-105389,TEC-PH-10002824,823.96,High,Yes
3857,US-2018-105389,OFF-AR-10000634,10.272,Low,No
3858,CA-2015-140816,TEC-AC-10001539,447.944,Medium,No
3859,CA-2018-154039,FUR-TA-10001932,480.96,Medium,No
3860,CA-2018-154039,TEC-PH-10002789,124.792,Medium,No
3861,CA-2015-135755,OFF-BI-10004828,40.176,Low,No
3862,CA-2015-135755,OFF-BI-10003981,10.896,Low,No
3863,CA-2018-123246,OFF-AR-10001770,10.64,Low,No
3864,CA-2016-157133,FUR-FU-10004904,151.96,Medium,No
3865,CA-2015-124709,TEC-AC-10002842,238.0,Medium,No
3866,CA-2018-146360,TEC-AC-10003590,155.34,Medium,No
3867,CA-2016-132486,TEC-AC-10000710,148.32,Medium,No
3868,CA-2016-132486,FUR-CH-10004495,240.784,Medium,No
3869,CA-2016-132486,FUR-CH-10004540,191.968,Medium,No
3870,CA-2016-132486,OFF-PA-10004971,11.56,Low,No
3871,CA-2016-132486,OFF-EN-10002600,11.8,Low,No
3872,CA-2016-132486,FUR-CH-10001854,842.352,High,Yes
3873,CA-2017-136231,OFF-EN-10001099,23.472,Low,No
3874,CA-2017-136231,OFF-BI-10001597,86.058,Low,No
3875,CA-2017-136231,TEC-PH-10002660,108.784,Medium,No
3876,CA-2017-136231,OFF-PA-10000327,10.272,Low,No
3877,CA-2017-140641,OFF-BI-10001191,38.19,Low,No
3878,CA-2015-151001,OFF-ST-10003455,49.632,Low,No
3879,CA-2015-151001,OFF-ST-10001031,52.096,Low,No
3880,CA-2016-129896,OFF-PA-10002245,9.568,Low,No
3881,CA-2016-129896,OFF-ST-10004804,82.368,Low,No
3882,CA-2016-129896,FUR-FU-10004904,364.704,Medium,No
3883,CA-2016-129896,FUR-FU-10002396,40.256,Low,No
3884,CA-2015-152849,OFF-AR-10002833,4.368,Low,No
3885,US-2018-127341,OFF-BI-10001072,12.128,Low,No
3886,CA-2017-167759,TEC-PH-10003171,134.85,Medium,No
3887,CA-2015-100895,OFF-AR-10004511,8.56,Low,No
3888,CA-2015-100895,TEC-PH-10001425,239.97,Medium,No
3889,CA-2015-100895,OFF-ST-10001490,356.94,Medium,No
3890,US-2017-163881,TEC-AC-10003033,659.9,High,Yes
3891,US-2017-163881,FUR-CH-10001394,1684.752,High,Yes
3892,US-2017-163881,TEC-AC-10000420,559.92,High,Yes
3893,US-2017-144547,TEC-AC-10004901,279.944,Medium,No
3894,US-2015-112200,OFF-BI-10002571,9.98,Low,No
3895,CA-2018-110212,TEC-AC-10002331,48.9,Low,No
3896,CA-2018-134285,OFF-FA-10000611,3.552,Low,No
3897,CA-2018-134285,OFF-PA-10000304,15.552,Low,No
3898,CA-2018-102267,OFF-FA-10000611,2.368,Low,No
3899,CA-2018-157980,TEC-AC-10002567,127.984,Medium,No
3900,CA-2016-121097,OFF-PA-10001937,10.368,Low,No
3901,CA-2016-151043,TEC-AC-10001090,47.984,Low,No
3902,US-2016-119312,OFF-ST-10000943,270.34,Medium,No
3903,CA-2016-167010,OFF-AP-10004036,98.112,Low,No
3904,CA-2016-167010,OFF-ST-10003816,563.808,High,Yes
3905,CA-2016-167010,OFF-BI-10002072,10.428,Low,No
3906,CA-2016-167010,FUR-FU-10001468,547.136,High,Yes
3907,CA-2016-167010,TEC-PH-10000347,14.85,Low,No
3908,CA-2016-167010,TEC-PH-10002844,41.988,Low,No
3909,CA-2016-167010,FUR-FU-10001037,7.584,Low,No
3910,CA-2016-167010,FUR-BO-10004218,352.45,Medium,No
3911,CA-2018-126788,TEC-PH-10001619,470.376,Medium,No
3912,CA-2018-148068,OFF-PA-10001639,19.44,Low,No
3913,CA-2018-148068,FUR-FU-10002268,9.82,Low,No
3914,US-2018-142573,FUR-TA-10001932,801.6,High,Yes
3915,US-2018-142573,FUR-CH-10004218,161.568,Medium,No
3916,US-2018-142573,OFF-PA-10000246,16.096,Low,No
3917,US-2018-142573,OFF-BI-10003350,7.656,Low,No
3918,US-2018-142573,FUR-CH-10000513,311.976,Medium,No
3919,US-2016-148817,OFF-ST-10001321,61.68,Low,No
3920,US-2016-148817,OFF-BI-10004233,63.96,Low,No
3921,CA-2017-110044,TEC-PH-10001299,359.976,Medium,No
3922,CA-2018-146920,OFF-PA-10002479,25.344,Low,No
3923,CA-2018-146920,OFF-PA-10001461,26.72,Low,No
3924,CA-2015-103940,OFF-ST-10004963,30.28,Low,No
3925,CA-2015-103940,OFF-ST-10000943,57.93,Low,No
3926,CA-2015-103940,FUR-FU-10004671,35.34,Low,No
3927,CA-2015-103940,OFF-BI-10002735,137.24,Medium,No
3928,CA-2017-162082,FUR-BO-10004409,241.332,Medium,No
3929,CA-2017-162082,OFF-PA-10001934,5.184,Low,No
3930,CA-2017-162082,OFF-AR-10001044,145.544,Medium,No
3931,CA-2017-132094,OFF-AR-10004165,5.472,Low,No
3932,CA-2017-132094,TEC-AC-10001109,47.984,Low,No
3933,CA-2018-123001,OFF-AR-10001919,9.4,Low,No
3934,CA-2018-123001,OFF-LA-10004544,74.0,Low,No
3935,CA-2018-123001,TEC-PH-10003484,201.584,Medium,No
3936,CA-2016-118955,OFF-EN-10001028,28.752,Low,No
3937,CA-2016-118955,OFF-PA-10004156,27.216,Low,No
3938,CA-2016-118955,FUR-CH-10001708,197.372,Medium,No
3939,US-2017-143448,FUR-CH-10003379,1424.9,High,Yes
3940,CA-2018-117863,FUR-FU-10002456,14.56,Low,No
3941,CA-2018-117863,OFF-BI-10000605,3.048,Low,No
3942,CA-2018-160458,OFF-PA-10001166,25.92,Low,No
3943,US-2017-142685,OFF-SU-10000157,835.17,High,Yes
3944,CA-2017-133144,OFF-PA-10004971,17.34,Low,No
3945,CA-2018-167871,OFF-PA-10001977,44.384,Low,No
3946,CA-2018-167871,OFF-SU-10001225,2.944,Low,No
3947,CA-2017-119963,OFF-AR-10003514,6.368,Low,No
3948,CA-2017-119963,OFF-LA-10003510,48.848,Low,No
3949,CA-2017-119963,OFF-PA-10001970,19.648,Low,No
3950,CA-2017-119963,FUR-CH-10003817,255.108,Medium,No
3951,CA-2015-121167,OFF-BI-10003676,17.248,Low,No
3952,US-2017-151862,TEC-PH-10003535,159.984,Medium,No
3953,CA-2018-152961,OFF-PA-10004675,12.7,Low,No
3954,CA-2015-133228,FUR-FU-10004020,5.47,Low,No
3955,CA-2015-133228,OFF-AR-10001955,79.36,Low,No
3956,CA-2017-114951,FUR-FU-10002364,22.14,Low,No
3957,CA-2017-156573,OFF-BI-10002414,11.277,Low,No
3958,CA-2017-156573,OFF-AR-10003732,4.448,Low,No
3959,CA-2017-156573,FUR-FU-10001085,44.76,Low,No
3960,CA-2016-113901,OFF-BI-10001249,38.28,Low,No
3961,CA-2016-113901,TEC-PH-10002564,149.95,Medium,No
3962,CA-2018-134838,OFF-AR-10000634,12.84,Low,No
3963,CA-2018-134838,FUR-FU-10004018,44.67,Low,No
3964,CA-2017-120257,OFF-AR-10003481,7.872,Low,No
3965,CA-2015-164910,OFF-AR-10003651,7.872,Low,No
3966,CA-2017-149902,OFF-AR-10002956,88.04,Low,No
3967,CA-2017-146010,OFF-BI-10003638,40.635,Low,No
3968,US-2016-163685,OFF-BI-10001890,5.728,Low,No
3969,US-2016-163685,OFF-PA-10002606,42.24,Low,No
3970,CA-2015-135090,OFF-PA-10002245,53.82,Low,No
3971,CA-2016-132374,OFF-AR-10001615,79.36,Low,No
3972,CA-2017-167556,OFF-PA-10000466,13.48,Low,No
3973,CA-2017-167556,OFF-BI-10003708,29.8,Low,No
3974,CA-2017-167556,FUR-FU-10004848,414.0,Medium,No
3975,CA-2017-167556,OFF-BI-10000320,41.328,Low,No
3976,US-2017-116400,FUR-FU-10003731,39.92,Low,No
3977,CA-2018-101308,OFF-FA-10002780,8.94,Low,No
3978,CA-2018-101308,TEC-PH-10003800,84.784,Low,No
3979,CA-2015-114517,FUR-TA-10001676,53.316,Low,No
3980,CA-2015-114517,OFF-AP-10002350,56.52,Low,No
3981,CA-2018-119564,FUR-FU-10003096,22.77,Low,No
3982,CA-2017-135265,FUR-CH-10003061,287.968,Medium,No
3983,CA-2017-135265,TEC-CO-10003763,2799.96,High,Yes
3984,CA-2017-135265,OFF-PA-10002923,48.94,Low,No
3985,CA-2017-108735,FUR-BO-10003441,257.499,Medium,No
3986,CA-2018-112333,OFF-ST-10001780,2591.56,High,Yes
3987,CA-2018-112333,OFF-AP-10001962,41.95,Low,No
3988,US-2017-159415,FUR-FU-10003798,79.12,Low,No
3989,CA-2015-122588,FUR-FU-10001095,52.96,Low,No
3990,CA-2015-137589,OFF-SU-10000157,286.344,Medium,No
3991,CA-2016-161998,FUR-FU-10001095,63.552,Low,No
3992,CA-2016-161998,OFF-SU-10004261,41.376,Low,No
3993,CA-2016-161998,OFF-AR-10004022,172.704,Medium,No
3994,CA-2016-105627,FUR-BO-10002916,512.94,High,Yes
3995,CA-2016-105627,FUR-CH-10002084,860.93,High,Yes
3996,CA-2016-105627,TEC-PH-10003012,769.95,High,Yes
3997,CA-2016-105627,OFF-AR-10002704,14.98,Low,No
3998,CA-2016-105627,FUR-FU-10000308,373.08,Medium,No
3999,US-2016-149629,FUR-BO-10004709,231.92,Medium,No
4000,CA-2015-116834,FUR-FU-10001196,63.47,Low,No
4001,CA-2015-116834,TEC-AC-10002942,345.0,Medium,No
4002,CA-2017-145730,FUR-TA-10004915,637.896,High,Yes
4003,CA-2017-145730,TEC-MA-10001016,287.91,Medium,No
4004,CA-2017-145730,OFF-EN-10000483,36.6,Low,No
4005,US-2016-168732,OFF-AR-10003087,1.78,Low,No
4006,US-2016-168732,OFF-PA-10000520,25.92,Low,No
4007,US-2016-168732,TEC-AC-10001553,101.94,Medium,No
4008,CA-2016-107468,OFF-AR-10000634,6.848,Low,No
4009,CA-2018-144463,FUR-FU-10001215,474.43,Medium,No
4010,CA-2018-100811,OFF-PA-10001204,8.448,Low,No
4011,CA-2018-100811,OFF-ST-10002444,39.296,Low,No
4012,CA-2016-153612,OFF-AR-10000203,17.12,Low,No
4013,CA-2016-165624,OFF-AP-10000828,542.94,High,Yes
4014,CA-2016-165624,OFF-LA-10003190,8.64,Low,No
4015,CA-2016-165624,OFF-PA-10002319,193.8,Medium,No
4016,CA-2016-165624,OFF-PA-10003893,21.4,Low,No
4017,CA-2016-165624,OFF-PA-10002499,97.88,Low,No
4018,CA-2016-165624,TEC-AC-10004568,251.91,Medium,No
4019,CA-2016-165624,OFF-AP-10001492,25.86,Low,No
4020,CA-2015-154963,FUR-CH-10004698,170.058,Medium,No
4021,CA-2015-154963,TEC-PH-10004093,82.782,Low,No
4022,CA-2015-154963,FUR-CH-10000454,853.93,High,Yes
4023,CA-2018-130764,FUR-BO-10003034,556.665,High,Yes
4024,CA-2018-130764,TEC-PH-10003215,95.84,Low,No
4025,CA-2018-139311,OFF-PA-10001776,29.664,Low,No
4026,CA-2018-139311,OFF-AR-10004582,9.184,Low,No
4027,CA-2018-139311,TEC-PH-10001557,153.584,Medium,No
4028,CA-2018-139311,OFF-BI-10004209,12.864,Low,No
4029,CA-2018-124296,TEC-MA-10003183,479.97,Medium,No
4030,CA-2018-124296,FUR-CH-10002439,232.88,Medium,No
4031,CA-2017-169957,OFF-AP-10000576,236.88,Medium,No
4032,CA-2017-169957,OFF-PA-10004040,29.9,Low,No
4033,CA-2017-169957,TEC-AC-10003063,100.0,Medium,No
4034,US-2017-108777,OFF-BI-10003982,18.693,Low,No
4035,US-2017-108777,TEC-AC-10002567,383.952,Medium,No
4036,CA-2016-148859,OFF-ST-10004950,24.816,Low,No
4037,CA-2015-110786,FUR-FU-10000550,24.9,Low,No
4038,CA-2015-110786,OFF-PA-10000528,21.12,Low,No
4039,CA-2015-110786,TEC-MA-10003183,767.952,High,Yes
4040,CA-2015-110786,OFF-BI-10003305,14.352,Low,No
4041,CA-2015-110786,TEC-PH-10001425,191.976,Medium,No
4042,CA-2015-110786,OFF-LA-10001474,274.77,Medium,No
4043,CA-2015-110786,FUR-FU-10000672,70.56,Low,No
4044,CA-2016-137750,FUR-FU-10001979,204.85,Medium,No
4045,CA-2016-136378,OFF-BI-10003707,9.156,Low,No
4046,CA-2018-100356,OFF-AP-10002191,23.992,Low,No
4047,US-2016-166520,OFF-PA-10000501,80.88,Low,No
4048,US-2016-166520,TEC-AC-10001990,599.9,High,Yes
4049,CA-2018-136350,FUR-FU-10003601,276.69,Medium,No
4050,CA-2018-136350,FUR-CH-10001891,172.764,Medium,No
4051,CA-2015-122931,OFF-AR-10003469,4.224,Low,No
4052,CA-2015-122931,FUR-TA-10004175,409.272,Medium,No
4053,CA-2015-122931,OFF-LA-10002945,55.44,Low,No
4054,CA-2015-122931,OFF-PA-10000533,20.928,Low,No
4055,CA-2015-122931,OFF-ST-10004459,1801.632,High,Yes
4056,CA-2015-122931,FUR-TA-10004147,67.176,Low,No
4057,CA-2015-163034,OFF-ST-10000046,646.2,High,Yes
4058,CA-2016-124058,TEC-PH-10004774,72.744,Low,No
4059,CA-2016-124058,FUR-CH-10000595,572.16,High,Yes
4060,CA-2017-129196,TEC-AC-10002473,68.112,Low,No
4061,US-2016-138716,OFF-BI-10001628,25.032,Low,No
4062,US-2017-122182,TEC-AC-10002800,39.992,Low,No
4063,US-2015-130358,OFF-AR-10002766,20.016,Low,No
4064,US-2015-130358,OFF-SU-10002522,3.104,Low,No
4065,CA-2015-102673,OFF-FA-10003021,7.52,Low,No
4066,CA-2015-102673,OFF-AR-10000634,10.272,Low,No
4067,CA-2015-102673,OFF-LA-10001771,47.808,Low,No
4068,CA-2015-102673,TEC-PH-10004434,978.84,High,Yes
4069,CA-2017-145303,OFF-BI-10000050,13.14,Low,No
4070,CA-2017-145303,OFF-BI-10002414,10.024,Low,No
4071,CA-2017-145303,FUR-BO-10003159,156.3728,Medium,No
4072,CA-2016-156104,TEC-CO-10002095,999.98,High,Yes
4073,US-2016-164308,TEC-PH-10004120,821.94,High,Yes
4074,CA-2018-108112,FUR-FU-10003553,220.064,Medium,No
4075,CA-2018-108112,FUR-FU-10001488,339.136,Medium,No
4076,CA-2016-100685,OFF-BI-10003094,7.04,Low,No
4077,CA-2016-100685,OFF-FA-10003472,5.04,Low,No
4078,CA-2016-100685,OFF-PA-10001289,116.28,Medium,No
4079,CA-2016-165414,TEC-PH-10002293,47.976,Low,No
4080,CA-2017-140417,OFF-PA-10000380,60.048,Low,No
4081,CA-2017-140417,OFF-BI-10004828,5.022,Low,No
4082,US-2018-151316,OFF-BI-10004632,182.994,Medium,No
4083,US-2018-151316,OFF-PA-10000327,10.272,Low,No
4084,CA-2018-163692,OFF-BI-10003291,7.857,Low,No
4085,CA-2017-111913,TEC-PH-10002275,302.384,Medium,No
4086,CA-2017-111913,OFF-BI-10003291,20.952,Low,No
4087,CA-2017-111913,OFF-BI-10000343,11.784,Low,No
4088,US-2015-156559,FUR-BO-10000711,638.82,High,Yes
4089,CA-2017-161473,OFF-LA-10001297,20.7,Low,No
4090,CA-2017-161473,OFF-SU-10001574,10.95,Low,No
4091,CA-2017-161473,OFF-BI-10003305,14.352,Low,No
4092,CA-2018-166576,OFF-ST-10002574,221.024,Medium,No
4093,CA-2016-102491,TEC-MA-10000864,3080.0,High,Yes
4094,CA-2016-102491,TEC-AC-10003289,79.96,Low,No
4095,CA-2016-102491,TEC-PH-10001619,587.97,High,Yes
4096,CA-2015-116904,OFF-PA-10004888,32.4,Low,No
4097,CA-2015-116904,OFF-ST-10000736,404.9,Medium,No
4098,CA-2015-116904,OFF-BI-10001120,9449.95,High,Yes
4099,CA-2015-116904,OFF-BI-10000301,12.94,Low,No
4100,US-2018-102288,OFF-AP-10004655,2.264,Low,No
4101,US-2018-102288,OFF-AP-10002906,0.444,Low,No
4102,US-2018-102288,OFF-PA-10000740,146.176,Medium,No
4103,CA-2018-137456,FUR-FU-10001940,15.92,Low,No
4104,US-2018-155999,TEC-PH-10000439,159.96,Medium,No
4105,US-2018-155999,OFF-BI-10000404,13.76,Low,No
4106,US-2017-148334,OFF-BI-10003676,4.312,Low,No
4107,CA-2016-105599,OFF-ST-10002486,13.96,Low,No
4108,CA-2016-105599,FUR-TA-10003837,27.414,Low,No
4109,CA-2016-153717,TEC-PH-10002923,73.98,Low,No
4110,CA-2016-153717,FUR-BO-10004360,160.98,Medium,No
4111,CA-2016-153717,OFF-PA-10002160,17.34,Low,No
4112,CA-2016-153717,OFF-AR-10002375,3.28,Low,No
4113,CA-2016-116687,OFF-LA-10000443,8.856,Low,No
4114,CA-2016-116687,TEC-PH-10001750,158.376,Medium,No
4115,CA-2017-163573,OFF-BI-10004632,1219.96,High,Yes
4116,CA-2016-153416,OFF-BI-10002813,3.168,Low,No
4117,CA-2016-153416,OFF-PA-10002005,19.44,Low,No
4118,CA-2016-153416,OFF-ST-10000060,454.86,Medium,No
4119,CA-2016-153416,OFF-BI-10002706,91.392,Low,No
4120,CA-2018-117394,TEC-AC-10000199,19.04,Low,No
4121,CA-2018-133823,OFF-PA-10002870,37.44,Low,No
4122,CA-2018-133823,OFF-LA-10004545,37.59,Low,No
4123,CA-2018-133823,OFF-BI-10000962,26.032,Low,No
4124,CA-2015-127523,OFF-AP-10004249,35.91,Low,No
4125,CA-2018-123239,FUR-FU-10001602,91.032,Low,No
4126,CA-2018-156769,OFF-AR-10003179,54.66,Low,No
4127,CA-2015-127299,OFF-ST-10003722,67.344,Low,No
4128,CA-2015-127299,TEC-MA-10001127,2624.985,High,Yes
4129,CA-2016-121272,OFF-AP-10001947,73.28,Low,No
4130,CA-2015-115336,OFF-BI-10001107,14.48,Low,No
4131,CA-2016-111703,OFF-PA-10000349,11.952,Low,No
4132,CA-2016-111703,OFF-PA-10003349,15.552,Low,No
4133,CA-2015-128839,OFF-FA-10002280,45.0,Low,No
4134,CA-2015-128839,TEC-MA-10000029,209.97,Medium,No
4135,CA-2018-105914,OFF-BI-10002854,112.12,Medium,No
4136,CA-2018-105914,OFF-ST-10003716,1575.14,High,Yes
4137,CA-2018-110926,OFF-FA-10000624,25.06,Low,No
4138,CA-2017-117226,OFF-BI-10004654,6.924,Low,No
4139,CA-2018-127313,OFF-ST-10001228,37.392,Low,No
4140,CA-2018-127313,FUR-FU-10003798,79.12,Low,No
4141,CA-2017-136287,OFF-LA-10003148,18.9,Low,No
4142,US-2015-107699,OFF-BI-10001249,57.42,Low,No
4143,CA-2018-112725,OFF-AR-10003759,12.74,Low,No
4144,CA-2018-112725,OFF-AR-10001227,8.82,Low,No
4145,CA-2018-112725,FUR-CH-10000863,120.784,Medium,No
4146,CA-2016-136196,FUR-FU-10004017,322.59,Medium,No
4147,CA-2018-106068,OFF-BI-10000962,9.762,Low,No
4148,CA-2018-106068,OFF-ST-10004507,13.72,Low,No
4149,CA-2018-106068,TEC-AC-10002942,55.2,Low,No
4150,CA-2018-106068,OFF-ST-10002344,259.136,Medium,No
4151,CA-2018-100160,OFF-LA-10002475,29.24,Low,No
4152,CA-2018-100160,OFF-PA-10003072,15.552,Low,No
4153,CA-2018-100160,OFF-EN-10001509,4.896,Low,No
4154,CA-2017-139689,OFF-BI-10004781,38.088,Low,No
4155,CA-2017-139689,OFF-BI-10000145,2.808,Low,No
4156,CA-2016-101091,TEC-AC-10003280,47.984,Low,No
4157,CA-2016-101091,OFF-BI-10001107,26.064,Low,No
4158,CA-2015-126907,OFF-PA-10000533,15.696,Low,No
4159,US-2017-164588,OFF-AR-10003056,12.84,Low,No
4160,CA-2018-115546,TEC-PH-10002834,539.97,High,Yes
4161,CA-2018-115546,OFF-ST-10002214,22.58,Low,No
4162,CA-2016-163587,OFF-LA-10004484,16.52,Low,No
4163,CA-2016-163587,OFF-BI-10003091,671.94,High,Yes
4164,US-2018-106131,TEC-AC-10003027,169.064,Medium,No
4165,US-2018-106131,OFF-ST-10003638,168.624,Medium,No
4166,CA-2016-160213,OFF-PA-10003848,19.44,Low,No
4167,CA-2015-157924,OFF-ST-10002352,31.92,Low,No
4168,CA-2015-157924,FUR-CH-10000229,433.568,Medium,No
4169,CA-2016-100216,OFF-PA-10000788,31.104,Low,No
4170,CA-2016-100216,OFF-PA-10002968,54.816,Low,No
4171,CA-2018-100601,OFF-ST-10002486,48.86,Low,No
4172,CA-2017-152163,OFF-BI-10002215,14.2,Low,No
4173,CA-2017-152163,OFF-PA-10000788,12.96,Low,No
4174,CA-2017-152163,OFF-BI-10003364,58.34,Low,No
4175,CA-2016-154340,OFF-AR-10003582,56.3,Low,No
4176,CA-2015-128846,TEC-PH-10003273,629.95,High,Yes
4177,CA-2015-128846,OFF-PA-10000100,122.97,Medium,No
4178,CA-2017-148593,OFF-PA-10001776,46.35,Low,No
4179,US-2018-119039,OFF-BI-10004182,14.976,Low,No
4180,CA-2018-128426,OFF-BI-10000756,4.24,Low,No
4181,US-2018-136868,TEC-AC-10001539,319.96,Medium,No
4182,US-2018-136868,OFF-PA-10002377,17.04,Low,No
4183,US-2018-136868,OFF-ST-10000991,344.91,Medium,No
4184,CA-2017-143749,FUR-BO-10002853,81.94,Low,No
4185,CA-2017-111493,TEC-AC-10004510,98.16,Low,No
4186,CA-2018-112536,OFF-BI-10003712,6.874,Low,No
4187,CA-2018-112536,OFF-BI-10002571,1.996,Low,No
4188,CA-2018-112536,OFF-ST-10004835,8.928,Low,No
4189,CA-2017-157714,OFF-PA-10004022,9.99,Low,No
4190,CA-2018-166709,TEC-CO-10004722,10499.97,High,Yes
4191,CA-2016-129392,OFF-PA-10004248,21.12,Low,No
4192,CA-2016-150875,FUR-TA-10000577,696.42,High,Yes
4193,CA-2016-150875,TEC-PH-10001254,304.776,Medium,No
4194,CA-2016-154200,OFF-AR-10001044,51.98,Low,No
4195,CA-2017-124233,FUR-FU-10002597,24.7,Low,No
4196,US-2016-134271,OFF-LA-10004093,21.93,Low,No
4197,US-2017-161683,OFF-AP-10000179,394.816,Medium,No
4198,US-2017-161683,OFF-BI-10001072,18.192,Low,No
4199,CA-2016-143105,OFF-LA-10004093,7.31,Low,No
4200,CA-2016-143105,TEC-CO-10002095,799.984,High,Yes
4201,CA-2016-143105,OFF-PA-10002713,41.28,Low,No
4202,CA-2016-143105,OFF-PA-10002254,184.66,Medium,No
4203,CA-2015-145387,OFF-AR-10001683,49.25,Low,No
4204,CA-2015-145387,OFF-PA-10002195,10.16,Low,No
4205,CA-2015-145387,FUR-FU-10002364,14.76,Low,No
4206,CA-2015-145387,OFF-BI-10004001,34.08,Low,No
4207,CA-2015-145387,FUR-FU-10000023,17.67,Low,No
4208,CA-2015-145387,FUR-CH-10002320,1604.9,High,Yes
4209,CA-2015-145387,FUR-TA-10003238,385.686,Medium,No
4210,CA-2018-109715,OFF-PA-10004965,15.984,Low,No
4211,CA-2015-166457,OFF-PA-10003016,9.42,Low,No
4212,CA-2015-166457,OFF-AR-10003651,6.56,Low,No
4213,CA-2015-166457,OFF-PA-10001363,24.56,Low,No
4214,CA-2017-164637,OFF-BI-10003876,128.4,Medium,No
4215,CA-2015-103590,OFF-EN-10004007,62.28,Low,No
4216,CA-2016-111234,OFF-LA-10002271,9.24,Low,No
4217,CA-2018-149881,FUR-BO-10003894,482.664,Medium,No
4218,CA-2018-149881,TEC-MA-10000418,4799.984,High,Yes
4219,CA-2018-134565,OFF-PA-10004243,37.94,Low,No
4220,CA-2018-134565,OFF-BI-10001759,18.288,Low,No
4221,CA-2018-134565,TEC-MA-10001570,385.8,Medium,No
4222,CA-2018-134565,OFF-ST-10004804,102.96,Medium,No
4223,CA-2018-134565,FUR-BO-10001519,174.42,Medium,No
4224,CA-2017-108644,OFF-BI-10000343,1.964,Low,No
4225,US-2015-102631,FUR-FU-10003930,94.428,Low,No
4226,CA-2018-120327,OFF-FA-10004854,45.92,Low,No
4227,CA-2016-154970,FUR-CH-10003396,61.584,Low,No
4228,CA-2017-113803,OFF-PA-10001994,22.48,Low,No
4229,CA-2018-100223,FUR-FU-10003601,332.028,Medium,No
4230,CA-2018-100223,OFF-BI-10003429,11.394,Low,No
4231,CA-2018-100223,OFF-PA-10000232,15.552,Low,No
4232,CA-2018-100223,OFF-PA-10002195,31.104,Low,No
4233,CA-2018-100223,OFF-BI-10004492,6.316,Low,No
4234,CA-2015-168823,OFF-PA-10004000,11.352,Low,No
4235,CA-2015-168823,OFF-LA-10004425,20.808,Low,No
4236,CA-2017-162404,OFF-BI-10000948,11.416,Low,No
4237,CA-2018-104024,OFF-AR-10001972,9.408,Low,No
4238,CA-2018-147144,OFF-AR-10004587,19.83,Low,No
4239,CA-2018-158673,OFF-PA-10000994,209.7,Medium,No
4240,CA-2015-133704,OFF-AP-10001366,43.92,Low,No
4241,CA-2015-133704,OFF-BI-10001636,20.232,Low,No
4242,CA-2017-159142,TEC-PH-10001448,149.97,Medium,No
4243,CA-2017-159142,OFF-PA-10001776,27.81,Low,No
4244,CA-2015-138436,TEC-AC-10002323,66.3,Low,No
4245,CA-2018-117702,OFF-AR-10004582,1.64,Low,No
4246,CA-2018-117702,FUR-FU-10000576,1049.2,High,Yes
4247,CA-2018-117702,FUR-FU-10004270,20.9,Low,No
4248,CA-2017-157336,OFF-BI-10004236,88.08,Low,No
4249,CA-2017-157336,FUR-CH-10004997,751.92,High,Yes
4250,CA-2015-168130,FUR-CH-10000988,887.103,High,Yes
4251,CA-2016-155068,TEC-PH-10004897,55.944,Low,No
4252,CA-2016-155068,OFF-AR-10002656,10.688,Low,No
4253,CA-2016-155068,TEC-PH-10004924,11.824,Low,No
4254,CA-2018-163160,OFF-PA-10003127,63.312,Low,No
4255,CA-2018-163160,OFF-BI-10000778,96.784,Low,No
4256,CA-2018-163160,FUR-FU-10001424,10.476,Low,No
4257,CA-2016-101924,OFF-BI-10000962,9.762,Low,No
4258,CA-2017-124793,FUR-CH-10002880,196.784,Medium,No
4259,CA-2018-118367,OFF-EN-10004386,47.98,Low,No
4260,CA-2018-164819,OFF-LA-10001045,13.05,Low,No
4261,CA-2018-158344,TEC-AC-10002006,63.96,Low,No
4262,CA-2018-123351,OFF-AP-10001242,80.48,Low,No
4263,CA-2018-110429,OFF-BI-10000216,11.673,Low,No
4264,US-2017-131611,FUR-TA-10002774,863.128,High,Yes
4265,US-2017-131611,OFF-BI-10004364,3.564,Low,No
4266,US-2017-131611,FUR-BO-10000780,956.6648,High,Yes
4267,US-2017-131611,OFF-BI-10001989,12.588,Low,No
4268,US-2017-131611,TEC-AC-10004001,171.96,Medium,No
4269,US-2018-124821,FUR-TA-10000688,871.4,High,Yes
4270,CA-2016-166975,FUR-FU-10003930,692.472,High,Yes
4271,CA-2017-123806,FUR-FU-10000965,207.76,Medium,No
4272,US-2018-158505,TEC-PH-10004071,71.928,Low,No
4273,US-2018-158505,OFF-AR-10001044,25.99,Low,No
4274,CA-2016-142692,OFF-BI-10004140,3.592,Low,No
4275,CA-2016-123456,OFF-AP-10002684,48.632,Low,No
4276,CA-2018-151358,OFF-ST-10000046,323.1,Medium,No
4277,US-2017-107440,TEC-MA-10001047,9099.93,High,Yes
4278,US-2017-107440,FUR-FU-10000550,9.96,Low,No
4279,US-2017-107440,OFF-BI-10002432,25.3,Low,No
4280,CA-2015-166989,OFF-PA-10004470,11.36,Low,No
4281,CA-2015-166989,FUR-CH-10001797,69.264,Low,No
4282,CA-2015-103100,OFF-LA-10003720,3.69,Low,No
4283,CA-2015-103100,OFF-BI-10004600,1103.97,High,Yes
4284,CA-2016-105690,FUR-BO-10003965,246.1328,Medium,No
4285,CA-2016-105690,OFF-LA-10000240,11.696,Low,No
4286,CA-2016-105690,TEC-CO-10001571,439.992,Medium,No
4287,CA-2018-127516,OFF-ST-10000736,64.784,Low,No
4288,US-2016-117184,OFF-BI-10002082,33.28,Low,No
4289,US-2016-117184,OFF-PA-10002250,14.088,Low,No
4290,CA-2018-102407,OFF-AR-10000122,11.16,Low,No
4291,CA-2018-102407,FUR-TA-10003748,896.328,High,Yes
4292,CA-2018-102407,OFF-AP-10001394,189.0,Medium,No
4293,CA-2018-130967,TEC-PH-10004896,53.982,Low,No
4294,CA-2018-101581,FUR-TA-10002607,177.225,Medium,No
4295,CA-2018-169124,FUR-FU-10001215,129.39,Medium,No
4296,CA-2018-117261,OFF-ST-10000419,54.32,Low,No
4297,CA-2018-129021,TEC-PH-10001459,4367.896,High,Yes
4298,CA-2018-129021,OFF-PA-10000241,49.568,Low,No
4299,CA-2018-129021,OFF-AP-10003040,161.376,Medium,No
4300,CA-2018-129021,FUR-FU-10001852,2.784,Low,No
4301,CA-2018-129021,OFF-PA-10000141,8.72,Low,No
4302,CA-2015-123253,OFF-AR-10002804,3.912,Low,No
4303,CA-2017-121601,OFF-EN-10003862,59.752,Low,No
4304,CA-2015-162278,FUR-FU-10000448,63.92,Low,No
4305,CA-2015-162278,TEC-PH-10000526,383.96,Medium,No
4306,CA-2017-161095,OFF-BI-10002764,7.752,Low,No
4307,CA-2017-161095,OFF-BI-10001524,33.568,Low,No
4308,CA-2015-125829,TEC-PH-10001079,666.344,High,Yes
4309,CA-2015-125829,FUR-TA-10002041,573.728,High,Yes
4310,CA-2015-125829,OFF-BI-10001036,21.936,Low,No
4311,CA-2015-125829,OFF-PA-10000223,19.44,Low,No
4312,CA-2015-125829,TEC-MA-10003246,447.968,Medium,No
4313,CA-2015-123127,OFF-AP-10001962,16.78,Low,No
4314,CA-2016-115945,OFF-AR-10004062,20.96,Low,No
4315,CA-2016-115945,OFF-BI-10004330,88.752,Low,No
4316,CA-2016-115945,OFF-ST-10001963,304.23,Medium,No
4317,CA-2016-136735,OFF-EN-10002230,167.86,Medium,No
4318,US-2018-136189,FUR-FU-10000175,82.38,Low,No
4319,CA-2015-152345,TEC-PH-10004897,23.976,Low,No
4320,CA-2015-152345,OFF-ST-10003123,33.29,Low,No
4321,US-2016-147662,OFF-BI-10001658,14.952,Low,No
4322,US-2016-147662,TEC-PH-10002834,323.982,Medium,No
4323,US-2016-147662,OFF-BI-10002160,2.286,Low,No
4324,US-2016-147662,OFF-AR-10004999,14.352,Low,No
4325,US-2016-147662,TEC-AC-10003280,71.976,Low,No
4326,CA-2017-153346,OFF-AR-10000315,9.21,Low,No
4327,CA-2017-153346,OFF-PA-10000007,18.0,Low,No
4328,CA-2018-118360,OFF-PA-10000791,42.93,Low,No
4329,CA-2018-149853,OFF-PA-10000556,15.552,Low,No
4330,CA-2018-149853,OFF-AP-10000804,17.92,Low,No
4331,CA-2018-107909,TEC-AC-10001998,19.99,Low,No
4332,CA-2018-107909,OFF-BI-10003476,22.92,Low,No
4333,CA-2016-112375,TEC-AC-10003237,50.88,Low,No
4334,CA-2016-112375,OFF-EN-10003798,27.312,Low,No
4335,CA-2016-154795,OFF-EN-10003068,7.92,Low,No
4336,CA-2016-154795,FUR-FU-10002088,14.368,Low,No
4337,CA-2016-125234,TEC-AC-10000158,107.97,Medium,No
4338,CA-2016-125234,OFF-PA-10000482,113.82,Medium,No
4339,CA-2018-133501,OFF-PA-10004888,5.184,Low,No
4340,US-2015-129609,OFF-AR-10003478,16.28,Low,No
4341,CA-2018-130309,OFF-ST-10003208,544.38,High,Yes
4342,CA-2018-105410,OFF-BI-10004970,19.824,Low,No
4343,CA-2018-105410,TEC-PH-10000038,657.504,High,Yes
4344,CA-2018-105410,TEC-AC-10001552,99.54,Low,No
4345,CA-2018-105410,TEC-AC-10002926,199.96,Medium,No
4346,CA-2017-120355,FUR-CH-10001394,631.782,High,Yes
4347,CA-2017-120355,FUR-FU-10004053,60.72,Low,No
4348,CA-2018-169894,OFF-BI-10004230,20.724,Low,No
4349,CA-2018-169894,OFF-ST-10000060,415.872,Medium,No
4350,US-2018-100482,OFF-ST-10001325,16.768,Low,No
4351,US-2018-100482,TEC-AC-10003441,27.12,Low,No
4352,CA-2018-107748,TEC-PH-10003215,95.84,Low,No
4353,CA-2018-107748,OFF-PA-10002005,12.96,Low,No
4354,CA-2018-153654,OFF-BI-10004465,19.008,Low,No
4355,CA-2016-155600,OFF-BI-10000545,1598.058,High,Yes
4356,CA-2016-155600,OFF-AR-10003752,36.96,Low,No
4357,CA-2018-162565,OFF-PA-10001937,10.368,Low,No
4358,CA-2018-162565,FUR-FU-10004306,77.72,Low,No
4359,CA-2018-162565,FUR-CH-10003973,520.464,High,Yes
4360,CA-2017-127642,OFF-PA-10000565,111.96,Medium,No
4361,US-2018-163195,TEC-PH-10003875,29.16,Low,No
4362,CA-2018-111332,OFF-AR-10001953,131.94,Medium,No
4363,CA-2018-111332,OFF-AR-10001374,25.92,Low,No
4364,CA-2018-111332,OFF-ST-10003816,704.76,High,Yes
4365,CA-2018-111332,OFF-FA-10001843,7.41,Low,No
4366,CA-2018-111332,OFF-AR-10000657,21.5,Low,No
4367,CA-2018-117044,OFF-FA-10000936,10.528,Low,No
4368,CA-2018-117044,OFF-PA-10003657,20.544,Low,No
4369,US-2017-165078,OFF-BI-10001989,104.9,Medium,No
4370,US-2017-165078,OFF-AR-10002987,39.68,Low,No
4371,US-2017-165078,OFF-LA-10000414,51.75,Low,No
4372,US-2018-169320,OFF-AR-10003602,11.68,Low,No
4373,US-2018-169320,TEC-AC-10002550,159.75,Medium,No
4374,CA-2017-158575,OFF-AP-10002998,103.968,Medium,No
4375,CA-2015-166954,FUR-FU-10003708,303.25,Medium,No
4376,CA-2015-166954,OFF-AP-10001391,270.72,Medium,No
4377,CA-2015-166954,FUR-CH-10003973,1487.04,High,Yes
4378,CA-2016-140830,OFF-EN-10000461,17.48,Low,No
4379,CA-2016-140830,OFF-EN-10002831,71.88,Low,No
4380,CA-2016-152891,OFF-AR-10004648,60.45,Low,No
4381,CA-2016-152891,FUR-TA-10001857,253.176,Medium,No
4382,US-2016-122784,OFF-BI-10000546,2.88,Low,No
4383,US-2016-122784,FUR-BO-10004690,384.944,Medium,No
4384,US-2016-122784,TEC-PH-10001557,153.584,Medium,No
4385,US-2016-122784,FUR-BO-10002545,913.43,High,Yes
4386,CA-2017-156811,OFF-AP-10001366,43.92,Low,No
4387,CA-2017-156811,OFF-BI-10001628,25.032,Low,No
4388,CA-2018-111556,OFF-PA-10003651,46.76,Low,No
4389,CA-2018-111556,FUR-BO-10003159,183.968,Medium,No
4390,CA-2018-111556,TEC-PH-10001459,1259.97,High,Yes
4391,CA-2018-111556,OFF-AR-10004602,68.97,Low,No
4392,CA-2017-108868,OFF-AR-10001953,70.368,Low,No
4393,CA-2017-108868,TEC-PH-10000923,59.96,Low,No
4394,CA-2015-142965,OFF-ST-10002583,25.984,Low,No
4395,CA-2015-142965,OFF-BI-10000977,27.36,Low,No
4396,CA-2017-148740,TEC-PH-10002549,361.376,Medium,No
4397,US-2015-138758,FUR-CH-10002880,172.186,Medium,No
4398,US-2015-138758,FUR-FU-10003039,69.008,Low,No
4399,CA-2017-131737,OFF-EN-10003055,199.9,Medium,No
4400,CA-2017-131737,OFF-AP-10002945,901.95,High,Yes
4401,CA-2017-131737,FUR-FU-10004306,971.5,High,Yes
4402,CA-2017-114538,OFF-AR-10002445,11.328,Low,No
4403,CA-2015-127936,OFF-AR-10002445,21.24,Low,No
4404,CA-2016-164336,TEC-AC-10002345,34.8,Low,No
4405,CA-2016-164336,OFF-ST-10001558,38.976,Low,No
4406,CA-2017-100041,OFF-PA-10001622,9.08,Low,No
4407,CA-2017-100041,OFF-PA-10000418,314.55,Medium,No
4408,CA-2017-100041,OFF-BI-10000343,4.91,Low,No
4409,US-2015-154879,OFF-LA-10004425,5.78,Low,No
4410,US-2015-154879,OFF-AR-10001897,107.94,Medium,No
4411,CA-2015-130624,OFF-PA-10003883,19.65,Low,No
4412,CA-2015-130624,TEC-PH-10003963,617.97,High,Yes
4413,CA-2015-130624,OFF-AP-10001303,59.7,Low,No
4414,CA-2018-132339,OFF-BI-10003925,387.99,Medium,No
4415,CA-2015-153983,TEC-PH-10004586,575.92,High,Yes
4416,CA-2015-153983,OFF-FA-10003495,30.4,Low,No
4417,CA-2018-112900,OFF-BI-10002867,478.24,Medium,No
4418,CA-2015-160157,FUR-FU-10003773,190.848,Medium,No
4419,CA-2015-139633,OFF-BI-10002954,5.484,Low,No
4420,CA-2016-163090,OFF-SU-10002537,40.92,Low,No
4421,CA-2015-117016,OFF-AR-10001374,15.552,Low,No
4422,CA-2018-159464,OFF-AP-10001492,17.24,Low,No
4423,CA-2018-159464,FUR-BO-10003546,302.94,Medium,No
4424,CA-2018-159464,TEC-PH-10002185,34.75,Low,No
4425,CA-2018-159464,OFF-BI-10000315,113.94,Medium,No
4426,CA-2018-159464,TEC-PH-10002350,55.98,Low,No
4427,US-2018-103226,OFF-PA-10002666,27.18,Low,No
4428,CA-2018-119452,FUR-CH-10004495,1805.88,High,Yes
4429,CA-2018-147725,OFF-AR-10001725,70.95,Low,No
4430,CA-2017-168893,OFF-FA-10002280,20.0,Low,No
4431,CA-2017-168893,OFF-AR-10001770,7.98,Low,No
4432,CA-2017-168893,FUR-FU-10002885,24.1,Low,No
4433,CA-2017-168893,OFF-AR-10003772,8.75,Low,No
4434,CA-2017-168893,FUR-TA-10003392,842.94,High,Yes
4435,CA-2017-163398,OFF-BI-10000014,2.182,Low,No
4436,CA-2017-163398,OFF-AR-10003217,27.384,Low,No
4437,CA-2017-163398,OFF-AP-10002403,26.406,Low,No
4438,CA-2017-162726,OFF-PA-10001972,10.368,Low,No
4439,CA-2017-162726,OFF-PA-10004041,23.68,Low,No
4440,US-2017-111290,TEC-AC-10004975,109.95,Medium,No
4441,US-2017-111290,OFF-ST-10001932,965.85,High,Yes
4442,US-2017-111290,OFF-AR-10001761,29.2,Low,No
4443,US-2017-111290,OFF-PA-10002262,32.4,Low,No
4444,US-2015-147704,OFF-EN-10004483,78.35,Low,No
4445,US-2015-147704,OFF-PA-10003270,31.68,Low,No
4446,US-2015-147704,OFF-BI-10001634,29.12,Low,No
4447,US-2015-147704,OFF-ST-10000675,169.45,Medium,No
4448,CA-2016-121965,FUR-FU-10000732,12.56,Low,No
4449,CA-2016-121965,OFF-PA-10004355,6.48,Low,No
4450,CA-2016-121965,OFF-EN-10000056,186.69,Medium,No
4451,CA-2017-147137,FUR-FU-10000221,25.4,Low,No
4452,CA-2017-147137,OFF-EN-10003567,43.96,Low,No
4453,CA-2017-147137,FUR-BO-10001811,1279.165,High,Yes
4454,CA-2017-147137,OFF-ST-10002486,27.92,Low,No
4455,US-2016-146745,FUR-CH-10002372,129.568,Medium,No
4456,US-2016-146745,OFF-BI-10003274,6.368,Low,No
4457,CA-2018-115175,OFF-PA-10001878,244.55,Medium,No
4458,CA-2018-105851,OFF-SU-10002881,1332.496,High,Yes
4459,US-2018-125717,FUR-FU-10001979,32.776,Low,No
4460,US-2018-125717,OFF-ST-10001522,147.184,Medium,No
4461,US-2018-125717,TEC-AC-10003657,54.384,Low,No
4462,US-2018-125717,OFF-BI-10001718,76.776,Low,No
4463,US-2018-125717,OFF-PA-10003022,14.352,Low,No
4464,US-2018-125717,OFF-AP-10000891,209.792,Medium,No
4465,CA-2016-163895,OFF-BI-10004970,3.304,Low,No
4466,CA-2018-168641,OFF-AR-10003759,16.38,Low,No
4467,CA-2018-168641,OFF-EN-10003001,167.96,Medium,No
4468,CA-2018-168641,FUR-BO-10000780,321.568,Medium,No
4469,CA-2018-168641,OFF-PA-10001972,12.96,Low,No
4470,CA-2018-156895,FUR-CH-10003535,128.058,Medium,No
4471,CA-2018-121300,FUR-CH-10003774,63.686,Low,No
4472,CA-2018-121300,TEC-AC-10004571,239.976,Medium,No
4473,CA-2018-121300,FUR-TA-10004442,344.22,Medium,No
4474,CA-2018-121300,OFF-PA-10002787,15.552,Low,No
4475,CA-2018-121300,FUR-FU-10004586,21.248,Low,No
4476,CA-2018-121300,OFF-PA-10002606,8.448,Low,No
4477,CA-2018-130211,OFF-ST-10000129,333.09,Medium,No
4478,CA-2018-130211,FUR-TA-10003748,248.98,Medium,No
4479,CA-2015-147235,OFF-PA-10004948,24.9,Low,No
4480,CA-2017-109365,OFF-FA-10001561,15.26,Low,No
4481,CA-2017-109365,OFF-AP-10002998,43.32,Low,No
4482,CA-2017-109365,OFF-BI-10003981,43.584,Low,No
4483,CA-2017-109365,OFF-PA-10001725,116.28,Medium,No
4484,CA-2017-109365,OFF-BI-10002071,9.296,Low,No
4485,CA-2017-109365,OFF-PA-10000477,19.44,Low,No
4486,CA-2017-109365,OFF-PA-10004359,314.55,Medium,No
4487,CA-2016-162621,OFF-BI-10000962,16.27,Low,No
4488,CA-2016-162621,OFF-SU-10003567,69.12,Low,No
4489,CA-2016-162621,OFF-BI-10003708,4.47,Low,No
4490,CA-2018-105921,FUR-TA-10001095,418.296,Medium,No
4491,CA-2015-150798,TEC-CO-10001571,659.988,High,Yes
4492,CA-2015-150798,FUR-FU-10000221,8.128,Low,No
4493,CA-2015-150798,OFF-PA-10001972,36.288,Low,No
4494,CA-2015-150798,FUR-CH-10000015,909.72,High,Yes
4495,CA-2018-112753,FUR-BO-10004015,917.9235,High,Yes
4496,CA-2018-112753,OFF-PA-10002036,38.88,Low,No
4497,CA-2018-155075,OFF-BI-10003650,631.176,High,Yes
4498,CA-2015-103401,OFF-PA-10003309,12.96,Low,No
4499,CA-2017-124814,OFF-PA-10002787,12.96,Low,No
4500,CA-2017-124814,OFF-BI-10000174,23.2,Low,No
4501,CA-2015-116757,OFF-PA-10002005,25.92,Low,No
4502,CA-2015-116757,OFF-FA-10002815,21.312,Low,No
4503,US-2015-138247,TEC-PH-10000213,173.656,Medium,No
4504,US-2015-138247,OFF-AP-10000828,361.96,Medium,No
4505,US-2015-138247,TEC-AC-10004708,62.85,Low,No
4506,US-2015-138247,TEC-PH-10001530,818.376,High,Yes
4507,US-2015-138247,OFF-ST-10002301,20.34,Low,No
4508,US-2015-138247,FUR-FU-10002554,23.99,Low,No
4509,CA-2018-167003,FUR-TA-10001520,171.288,Medium,No
4510,CA-2017-119935,FUR-FU-10001085,37.3,Low,No
4511,CA-2017-119935,OFF-BI-10001597,81.96,Low,No
4512,CA-2017-118969,OFF-BI-10002429,54.792,Low,No
4513,CA-2017-145240,OFF-ST-10001590,10.784,Low,No
4514,CA-2017-120873,FUR-CH-10000847,290.98,Medium,No
4515,US-2018-111920,OFF-AR-10003179,36.44,Low,No
4516,US-2017-128678,OFF-PA-10000807,21.4,Low,No
4517,US-2017-128678,OFF-BI-10002103,48.664,Low,No
4518,CA-2017-101385,OFF-AR-10004441,16.56,Low,No
4519,CA-2018-107167,OFF-ST-10003805,1347.52,High,Yes
4520,CA-2015-109491,TEC-AC-10001284,62.31,Low,No
4521,CA-2015-109491,FUR-FU-10000221,20.32,Low,No
4522,CA-2018-105445,OFF-FA-10001229,9.432,Low,No
4523,CA-2015-107454,OFF-LA-10001569,34.86,Low,No
4524,CA-2015-107454,FUR-FU-10004018,89.34,Low,No
4525,US-2018-105046,TEC-PH-10004536,269.98,Medium,No
4526,US-2018-105046,OFF-PA-10004353,99.9,Low,No
4527,US-2018-105046,FUR-FU-10004848,39.08,Low,No
4528,CA-2018-152856,TEC-AC-10004864,116.832,Medium,No
4529,CA-2017-134691,OFF-BI-10002393,2.296,Low,No
4530,CA-2017-118759,FUR-CH-10002335,408.006,Medium,No
4531,CA-2017-118759,OFF-ST-10001590,40.44,Low,No
4532,CA-2015-140403,FUR-CH-10002774,122.352,Medium,No
4533,CA-2015-140403,OFF-EN-10001219,15.28,Low,No
4534,CA-2016-163104,OFF-PA-10001947,11.96,Low,No
4535,CA-2018-138464,FUR-FU-10003142,15.84,Low,No
4536,CA-2018-138464,OFF-BI-10001543,86.376,Low,No
4537,CA-2018-138464,OFF-AR-10003560,18.24,Low,No
4538,CA-2018-138464,OFF-AR-10004757,13.12,Low,No
4539,CA-2016-104129,TEC-PH-10003800,105.98,Medium,No
4540,CA-2016-104129,FUR-TA-10004152,493.92,Medium,No
4541,US-2018-132206,OFF-BI-10000756,5.936,Low,No
4542,CA-2018-113474,OFF-EN-10004206,325.86,Medium,No
4543,CA-2016-126557,FUR-CH-10004477,383.607,Medium,No
4544,CA-2016-126557,TEC-PH-10003505,148.48,Medium,No
4545,CA-2016-126557,TEC-PH-10000526,537.544,High,Yes
4546,CA-2016-126557,OFF-BI-10003314,1.928,Low,No
4547,CA-2016-126557,OFF-AR-10003190,6.912,Low,No
4548,CA-2016-126557,FUR-FU-10001861,7.76,Low,No
4549,CA-2016-126557,TEC-PH-10003963,659.168,High,Yes
4550,US-2018-107636,OFF-LA-10003388,5.76,Low,No
4551,US-2015-165862,FUR-TA-10002855,351.216,Medium,No
4552,US-2015-106334,FUR-CH-10004886,230.28,Medium,No
4553,US-2015-106334,OFF-PA-10003657,12.84,Low,No
4554,CA-2017-101448,OFF-BI-10004738,56.82,Low,No
4555,CA-2016-130218,OFF-FA-10003112,31.56,Low,No
4556,CA-2016-130218,OFF-ST-10002486,27.92,Low,No
4557,US-2018-117331,OFF-BI-10003984,8.559,Low,No
4558,CA-2015-127383,OFF-EN-10004773,49.568,Low,No
4559,CA-2015-110219,FUR-CH-10001146,127.869,Medium,No
4560,CA-2016-118871,OFF-EN-10003296,271.44,Medium,No
4561,CA-2016-118871,TEC-PH-10000193,110.352,Medium,No
4562,CA-2016-118871,FUR-FU-10002111,36.4,Low,No
4563,CA-2018-129490,FUR-CH-10003298,419.136,Medium,No
4564,CA-2015-101175,OFF-ST-10004950,100.704,Medium,No
4565,US-2018-149510,OFF-AP-10002350,45.216,Low,No
4566,US-2018-149510,OFF-BI-10004233,28.782,Low,No
4567,US-2018-149510,OFF-PA-10001892,24.448,Low,No
4568,CA-2016-111990,OFF-BI-10003291,10.476,Low,No
4569,CA-2015-169460,FUR-FU-10004017,76.14,Low,No
4570,US-2016-152128,OFF-AR-10002445,21.24,Low,No
4571,US-2016-152128,OFF-BI-10001718,127.96,Medium,No
4572,CA-2018-126662,TEC-CO-10004202,479.984,Medium,No
4573,CA-2017-139395,TEC-PH-10002103,657.93,High,Yes
4574,CA-2017-139395,FUR-FU-10003724,33.48,Low,No
4575,CA-2017-139395,OFF-AR-10003732,13.9,Low,No
4576,CA-2017-139395,OFF-ST-10000885,26.86,Low,No
4577,US-2015-121734,OFF-BI-10004817,9.584,Low,No
4578,CA-2016-110947,OFF-BI-10001670,113.1,Medium,No
4579,US-2015-150126,OFF-PA-10002709,65.78,Low,No
4580,CA-2016-164427,TEC-AC-10004469,239.7,Medium,No
4581,CA-2017-120250,FUR-FU-10003424,25.632,Low,No
4582,CA-2017-121993,OFF-LA-10003720,23.616,Low,No
4583,US-2017-100405,OFF-AR-10000390,8.26,Low,No
4584,US-2018-163790,OFF-EN-10001335,76.58,Low,No
4585,US-2018-163790,OFF-AR-10003469,8.8,Low,No
4586,US-2018-163790,OFF-BI-10003718,590.352,High,Yes
4587,US-2018-163790,OFF-FA-10004838,5.58,Low,No
4588,US-2018-163790,FUR-FU-10002508,25.02,Low,No
4589,US-2018-163790,OFF-ST-10001511,452.55,Medium,No
4590,CA-2017-129868,OFF-SU-10000952,17.76,Low,No
4591,CA-2017-129868,TEC-PH-10002275,302.384,Medium,No
4592,CA-2017-129868,FUR-CH-10003535,146.352,Medium,No
4593,CA-2017-129868,OFF-AP-10004052,7.9,Low,No
4594,CA-2017-129868,FUR-TA-10003473,902.712,High,Yes
4595,CA-2017-129868,OFF-AR-10001897,53.97,Low,No
4596,CA-2017-140564,OFF-AR-10000034,33.92,Low,No
4597,US-2018-169502,OFF-SU-10004115,21.81,Low,No
4598,US-2018-169502,OFF-AP-10001947,91.6,Low,No
4599,CA-2016-146948,FUR-CH-10004853,150.98,Medium,No
4600,CA-2016-146948,OFF-EN-10000483,137.25,Medium,No
4601,CA-2016-146948,OFF-FA-10001332,11.52,Low,No
4602,US-2016-113327,OFF-PA-10003790,18.272,Low,No
4603,US-2016-113327,OFF-PA-10003134,153.728,Medium,No
4604,US-2016-113327,OFF-EN-10004459,12.224,Low,No
4605,US-2016-113327,TEC-AC-10003628,167.944,Medium,No
4606,CA-2016-135020,TEC-PH-10004093,45.99,Low,No
4607,CA-2016-135020,OFF-ST-10001490,535.41,High,Yes
4608,CA-2016-135020,OFF-BI-10000605,6.096,Low,No
4609,CA-2016-135020,OFF-PA-10004255,45.36,Low,No
4610,US-2018-141852,FUR-FU-10000023,47.12,Low,No
4611,CA-2017-109407,OFF-BI-10000285,31.36,Low,No
4612,US-2017-165953,OFF-AR-10000588,47.616,Low,No
4613,US-2017-165953,OFF-PA-10002250,23.48,Low,No
4614,CA-2017-144540,OFF-AP-10002457,62.79,Low,No
4615,CA-2017-144540,OFF-FA-10002763,28.44,Low,No
4616,CA-2016-159863,TEC-AC-10000109,134.376,Medium,No
4617,CA-2016-117800,TEC-PH-10002415,589.9,High,Yes
4618,CA-2016-117800,FUR-CH-10000785,542.94,High,Yes
4619,CA-2018-145219,TEC-CO-10001449,2879.952,High,Yes
4620,CA-2018-145219,OFF-BI-10001670,90.48,Low,No
4621,CA-2016-161214,OFF-ST-10001328,77.55,Low,No
4622,CA-2018-147228,OFF-SU-10001225,8.832,Low,No
4623,CA-2018-147228,OFF-PA-10000357,177.536,Medium,No
4624,CA-2018-147228,OFF-ST-10000046,258.48,Medium,No
4625,CA-2018-147228,FUR-FU-10000023,14.136,Low,No
4626,CA-2017-101336,OFF-ST-10003455,77.55,Low,No
4627,CA-2017-101336,OFF-ST-10000876,24.88,Low,No
4628,CA-2017-101336,OFF-AR-10003582,140.75,Medium,No
4629,CA-2017-101336,OFF-ST-10004258,36.63,Low,No
4630,US-2016-126235,FUR-FU-10000719,17.14,Low,No
4631,CA-2018-168396,OFF-LA-10001297,51.75,Low,No
4632,CA-2018-168396,FUR-FU-10000723,123.96,Medium,No
4633,CA-2016-130456,FUR-BO-10003893,586.398,High,Yes
4634,CA-2016-130456,OFF-ST-10000736,80.98,Low,No
4635,CA-2018-116288,OFF-ST-10000736,242.94,Medium,No
4636,CA-2018-168228,OFF-AR-10003373,123.92,Medium,No
4637,CA-2018-168228,OFF-AR-10000390,12.39,Low,No
4638,CA-2018-168228,OFF-AR-10001725,47.3,Low,No
4639,CA-2017-102162,TEC-CO-10001943,1599.92,High,Yes
4640,CA-2017-102162,OFF-EN-10002312,11.09,Low,No
4641,CA-2018-130141,OFF-BI-10000831,3.168,Low,No
4642,CA-2018-130141,FUR-CH-10000749,579.136,High,Yes
4643,CA-2016-147501,OFF-BI-10002003,6.368,Low,No
4644,CA-2016-147501,TEC-MA-10001972,558.4,High,Yes
4645,CA-2017-143910,FUR-CH-10000225,145.764,Medium,No
4646,CA-2015-146885,OFF-PA-10001622,13.62,Low,No
4647,CA-2017-139556,FUR-CH-10004983,434.646,Medium,No
4648,CA-2018-129357,OFF-PA-10003228,440.19,Medium,No
4649,CA-2018-129357,OFF-SU-10004498,64.4,Low,No
4650,CA-2018-150987,OFF-PA-10001878,244.55,Medium,No
4651,CA-2018-150987,OFF-PA-10002923,195.76,Medium,No
4652,CA-2018-132647,OFF-PA-10001838,11.76,Low,No
4653,CA-2018-132647,OFF-ST-10003123,166.45,Medium,No
4654,CA-2018-159107,OFF-FA-10001332,2.88,Low,No
4655,CA-2015-160738,OFF-ST-10003442,45.248,Low,No
4656,CA-2016-112130,OFF-AR-10001468,59.904,Low,No
4657,CA-2016-112130,OFF-AP-10003266,23.696,Low,No
4658,CA-2016-112130,OFF-PA-10002230,7.968,Low,No
4659,CA-2016-112130,OFF-AP-10003622,18.2,Low,No
4660,CA-2016-112130,TEC-AC-10001542,27.552,Low,No
4661,CA-2016-112130,FUR-CH-10002965,844.116,High,Yes
4662,CA-2016-112130,OFF-ST-10000563,76.752,Low,No
4663,CA-2017-111409,OFF-LA-10002787,3.0,Low,No
4664,CA-2017-116232,OFF-BI-10004022,7.506,Low,No
4665,CA-2017-116232,OFF-LA-10001158,16.56,Low,No
4666,CA-2017-116547,FUR-FU-10000076,79.92,Low,No
4667,CA-2017-116547,TEC-AC-10002335,69.98,Low,No
4668,US-2018-133200,OFF-BI-10002827,11.06,Low,No
4669,US-2018-133200,FUR-BO-10001601,623.4648,High,Yes
4670,US-2018-133200,OFF-ST-10001932,772.68,High,Yes
4671,CA-2017-133550,OFF-AP-10001005,283.14,Medium,No
4672,CA-2017-133550,TEC-PH-10004042,635.96,High,Yes
4673,CA-2017-133550,TEC-PH-10001079,118.99,Medium,No
4674,CA-2017-133550,FUR-FU-10002918,272.94,Medium,No
4675,CA-2018-139416,FUR-FU-10003832,15.008,Low,No
4676,CA-2015-114510,OFF-BI-10001617,33.088,Low,No
4677,CA-2015-114510,OFF-ST-10000736,80.98,Low,No
4678,CA-2015-114510,TEC-AC-10004877,82.8,Low,No
4679,CA-2015-114510,OFF-ST-10003221,21.36,Low,No
4680,CA-2015-114510,OFF-BI-10003007,62.048,Low,No
4681,CA-2017-169215,OFF-FA-10000936,29.61,Low,No
4682,CA-2017-127698,TEC-PH-10003811,863.928,High,Yes
4683,CA-2017-159912,FUR-TA-10004152,241.92,Medium,No
4684,CA-2017-159912,FUR-BO-10002853,163.88,Medium,No
4685,CA-2017-159912,OFF-BI-10002071,3.486,Low,No
4686,CA-2017-159912,OFF-FA-10000053,10.584,Low,No
4687,CA-2017-101987,TEC-PH-10001305,440.91,Medium,No
4688,US-2018-154851,OFF-BI-10001525,5.715,Low,No
4689,CA-2015-138681,FUR-FU-10001876,51.968,Low,No
4690,CA-2015-138681,TEC-AC-10003628,71.976,Low,No
4691,CA-2015-138681,FUR-CH-10004860,242.352,Medium,No
4692,CA-2015-138681,OFF-PA-10000357,221.92,Medium,No
4693,CA-2015-138681,OFF-PA-10003270,8.448,Low,No
4694,US-2016-138121,OFF-BI-10000320,29.52,Low,No
4695,US-2016-138121,FUR-CH-10003846,302.94,Medium,No
4696,US-2016-138121,FUR-CH-10004875,142.36,Medium,No
4697,US-2016-138121,FUR-CH-10003817,546.66,High,Yes
4698,US-2016-138121,FUR-FU-10002116,212.13,Medium,No
4699,CA-2018-140298,OFF-AR-10003481,5.248,Low,No
4700,CA-2018-140298,OFF-ST-10004180,74.416,Low,No
4701,CA-2018-140298,OFF-PA-10003657,6.848,Low,No
4702,CA-2018-140298,FUR-FU-10001967,7.996,Low,No
4703,CA-2017-166240,OFF-AP-10002082,8.712,Low,No
4704,CA-2017-158435,OFF-SU-10000381,65.17,Low,No
4705,CA-2017-158435,OFF-LA-10002475,14.62,Low,No
4706,CA-2017-158435,FUR-FU-10003975,173.24,Medium,No
4707,CA-2018-138149,OFF-BI-10003091,895.92,High,Yes
4708,CA-2018-138149,OFF-ST-10002974,130.71,Medium,No
4709,CA-2018-138149,OFF-AR-10000255,11.68,Low,No
4710,CA-2018-138149,TEC-AC-10001284,62.31,Low,No
4711,CA-2015-112403,OFF-BI-10003529,0.852,Low,No
4712,CA-2015-108273,OFF-PA-10000029,36.288,Low,No
4713,CA-2015-108273,FUR-FU-10002116,56.568,Low,No
4714,CA-2018-121643,TEC-PH-10002200,344.704,Medium,No
4715,US-2016-122910,TEC-PH-10000441,201.584,Medium,No
4716,CA-2018-143126,FUR-TA-10002958,521.96,High,Yes
4717,CA-2016-129042,OFF-AR-10001662,8.22,Low,No
4718,CA-2016-109736,OFF-PA-10004101,45.36,Low,No
4719,CA-2016-142601,OFF-ST-10002756,947.17,High,Yes
4720,CA-2016-142601,OFF-PA-10000483,61.96,Low,No
4721,CA-2015-106229,FUR-TA-10002041,268.935,Medium,No
4722,US-2018-135230,OFF-AR-10001166,7.58,Low,No
4723,CA-2017-159653,OFF-LA-10004345,14.73,Low,No
4724,CA-2017-131968,OFF-BI-10002852,9.888,Low,No
4725,CA-2017-131968,OFF-AP-10001058,671.544,High,Yes
4726,CA-2015-119151,OFF-ST-10003470,1117.92,High,Yes
4727,CA-2015-119151,FUR-BO-10003159,275.952,Medium,No
4728,CA-2015-123323,OFF-BI-10003684,123.144,Medium,No
4729,CA-2017-124681,TEC-AC-10000487,15.576,Low,No
4730,US-2016-103996,OFF-PA-10001736,212.64,Medium,No
4731,US-2016-103996,OFF-PA-10001609,9.87,Low,No
4732,US-2016-103996,TEC-AC-10003116,53.25,Low,No
4733,US-2016-103996,FUR-FU-10004586,19.92,Low,No
4734,CA-2017-120530,FUR-CH-10000454,658.746,High,Yes
4735,CA-2016-155054,OFF-BI-10004970,8.26,Low,No
4736,CA-2016-155054,OFF-BI-10002824,29.84,Low,No
4737,CA-2016-155054,TEC-AC-10003657,67.98,Low,No
4738,CA-2016-105725,OFF-LA-10003510,61.06,Low,No
4739,CA-2016-105725,FUR-TA-10001676,35.544,Low,No
4740,CA-2018-164364,OFF-LA-10004853,9.96,Low,No
4741,CA-2018-164364,OFF-AR-10000315,9.21,Low,No
4742,CA-2018-164364,OFF-SU-10000381,27.93,Low,No
4743,CA-2018-168123,OFF-FA-10002763,7.9,Low,No
4744,CA-2018-168123,OFF-ST-10000877,221.16,Medium,No
4745,CA-2018-168123,OFF-BI-10001071,127.96,Medium,No
4746,CA-2018-168123,OFF-BI-10001097,18.69,Low,No
4747,CA-2017-120005,OFF-SU-10004782,25.35,Low,No
4748,CA-2017-120005,FUR-FU-10000672,35.28,Low,No
4749,CA-2017-123526,OFF-PA-10002986,33.4,Low,No
4750,CA-2017-127649,TEC-MA-10001972,837.6,High,Yes
4751,CA-2017-159989,TEC-PH-10000169,40.68,Low,No
4752,CA-2018-103499,FUR-CH-10001482,209.568,Medium,No
4753,US-2016-167220,TEC-AC-10002018,22.368,Low,No
4754,CA-2018-126354,OFF-BI-10000301,3.882,Low,No
4755,CA-2018-126354,OFF-PA-10004381,115.296,Medium,No
4756,CA-2018-169817,OFF-BI-10004141,1.908,Low,No
4757,US-2018-144582,OFF-BI-10001575,43.372,Low,No
4758,CA-2015-121573,TEC-PH-10000984,783.96,High,Yes
4759,CA-2015-121573,OFF-BI-10000666,48.896,Low,No
4760,CA-2015-121573,OFF-BI-10003712,7.856,Low,No
4761,CA-2017-117660,OFF-LA-10003720,5.904,Low,No
4762,CA-2017-117660,OFF-SU-10001664,13.712,Low,No
4763,CA-2015-112851,OFF-EN-10001453,182.94,Medium,No
4764,CA-2018-123701,OFF-AR-10001860,27.76,Low,No
4765,CA-2016-118227,OFF-AR-10001044,25.99,Low,No
4766,CA-2016-123155,TEC-AC-10002473,113.52,Medium,No
4767,CA-2016-123155,TEC-PH-10001809,359.88,Medium,No
4768,CA-2018-158883,OFF-PA-10004733,25.344,Low,No
4769,US-2017-114888,OFF-BI-10003355,11.952,Low,No
4770,US-2017-114888,OFF-SU-10001212,6.24,Low,No
4771,US-2015-167262,TEC-PH-10000486,742.336,High,Yes
4772,CA-2018-119746,FUR-FU-10004909,6.464,Low,No
4773,CA-2018-119746,OFF-LA-10001613,11.52,Low,No
4774,CA-2018-119746,TEC-PH-10004447,222.384,Medium,No
4775,CA-2018-108091,OFF-AR-10000255,23.36,Low,No
4776,CA-2017-101630,OFF-LA-10004425,8.67,Low,No
4777,CA-2017-101630,OFF-SU-10001664,25.71,Low,No
4778,CA-2018-132346,OFF-AP-10000696,100.94,Medium,No
4779,CA-2015-150301,FUR-CH-10002647,63.882,Low,No
4780,CA-2015-159310,FUR-CH-10002758,683.144,High,Yes
4781,CA-2015-159310,OFF-BI-10000201,1.476,Low,No
4782,CA-2015-159310,OFF-SU-10004115,40.712,Low,No
4783,US-2018-147984,OFF-PA-10000806,279.9,Medium,No
4784,CA-2016-104346,OFF-AR-10001473,13.12,Low,No
4785,CA-2016-104346,FUR-BO-10003450,69.576,Low,No
4786,CA-2016-104346,OFF-AR-10001545,4.224,Low,No
4787,CA-2016-104346,TEC-AC-10004396,58.08,Low,No
4788,CA-2016-104346,FUR-FU-10002456,52.416,Low,No
4789,CA-2016-104346,FUR-FU-10001473,54.92,Low,No
4790,CA-2016-104346,FUR-TA-10000849,364.95,Medium,No
4791,CA-2016-104346,OFF-PA-10001166,85.056,Low,No
4792,CA-2016-104346,OFF-PA-10003256,27.696,Low,No
4793,US-2016-141684,OFF-PA-10002870,24.96,Low,No
4794,CA-2016-144722,FUR-FU-10001215,43.13,Low,No
4795,CA-2016-120516,OFF-BI-10004187,5.64,Low,No
4796,US-2017-148901,OFF-BI-10001718,57.582,Low,No
4797,US-2017-148901,OFF-PA-10004983,31.104,Low,No
4798,US-2017-148901,FUR-FU-10002396,30.192,Low,No
4799,US-2017-148901,TEC-PH-10003988,43.6,Low,No
4800,US-2017-148901,OFF-AR-10002467,4.768,Low,No
4801,US-2017-148901,OFF-BI-10004002,10.38,Low,No
4802,US-2017-148901,OFF-BI-10002309,13.392,Low,No
4803,CA-2018-136364,TEC-PH-10003885,39.594,Low,No
4804,CA-2018-136364,FUR-FU-10002501,91.008,Low,No
4805,CA-2016-137708,OFF-PA-10000176,37.94,Low,No
4806,CA-2016-137708,OFF-PA-10000327,42.8,Low,No
4807,CA-2016-137708,OFF-ST-10004634,33.63,Low,No
4808,CA-2015-149055,OFF-EN-10003040,62.808,Low,No
4809,CA-2016-151589,OFF-PA-10003228,195.64,Medium,No
4810,CA-2016-151589,TEC-PH-10004345,239.9,Medium,No
4811,CA-2017-121370,FUR-CH-10000785,380.058,Medium,No
4812,CA-2017-121370,TEC-CO-10004115,1199.976,High,Yes
4813,CA-2017-121370,FUR-FU-10002813,48.576,Low,No
4814,CA-2017-111696,OFF-PA-10002751,17.94,Low,No
4815,CA-2015-139598,OFF-PA-10004569,18.264,Low,No
4816,CA-2015-139598,OFF-AP-10002998,34.656,Low,No
4817,CA-2015-139598,OFF-AP-10003287,81.552,Low,No
4818,CA-2015-139598,OFF-ST-10001370,227.136,Medium,No
4819,CA-2018-117436,OFF-BI-10004040,10.36,Low,No
4820,CA-2016-140025,OFF-AP-10002651,463.248,Medium,No
4821,CA-2016-140025,TEC-AC-10002402,383.952,Medium,No
4822,CA-2017-134222,OFF-BI-10001658,44.856,Low,No
4823,CA-2017-140018,TEC-MA-10000752,30.345,Low,No
4824,CA-2017-140018,FUR-CH-10003817,127.554,Medium,No
4825,CA-2017-140018,FUR-FU-10001876,77.952,Low,No
4826,US-2018-136707,OFF-BI-10003460,14.016,Low,No
4827,CA-2015-152562,OFF-ST-10000464,69.52,Low,No
4828,CA-2015-152562,OFF-AR-10001919,5.64,Low,No
4829,CA-2017-152408,OFF-BI-10002393,13.776,Low,No
4830,CA-2015-120278,OFF-AP-10001293,245.88,Medium,No
4831,CA-2015-120278,OFF-ST-10004258,36.63,Low,No
4832,CA-2015-120278,OFF-ST-10002214,22.58,Low,No
4833,CA-2015-120278,OFF-BI-10004970,12.39,Low,No
4834,CA-2018-167661,OFF-BI-10002571,39.92,Low,No
4835,CA-2018-167661,OFF-PA-10002581,61.96,Low,No
4836,CA-2018-167661,OFF-BI-10001097,19.936,Low,No
4837,CA-2018-106831,OFF-BI-10003429,3.798,Low,No
4838,CA-2018-106831,OFF-PA-10000682,27.744,Low,No
4839,CA-2018-106831,TEC-PH-10001700,158.376,Medium,No
4840,CA-2018-154123,FUR-FU-10000629,27.58,Low,No
4841,CA-2017-136049,OFF-BI-10001267,5.553,Low,No
4842,CA-2018-118402,OFF-ST-10001418,243.92,Medium,No
4843,US-2017-139388,OFF-FA-10004968,14.96,Low,No
4844,US-2015-128685,OFF-BI-10004140,7.184,Low,No
4845,CA-2016-124044,OFF-BI-10003460,10.512,Low,No
4846,CA-2015-164469,TEC-PH-10002115,263.96,Medium,No
4847,CA-2015-164469,OFF-AR-10003478,71.632,Low,No
4848,CA-2015-164469,OFF-AR-10000475,9.328,Low,No
4849,CA-2015-107818,OFF-AR-10003045,5.88,Low,No
4850,CA-2015-107818,FUR-CH-10000454,975.92,High,Yes
4851,CA-2015-107818,OFF-AR-10000380,303.84,Medium,No
4852,CA-2015-107818,OFF-ST-10000736,485.88,Medium,No
4853,CA-2015-113320,FUR-FU-10004270,12.54,Low,No
4854,CA-2015-113320,OFF-ST-10000617,8.94,Low,No
4855,CA-2015-113320,FUR-FU-10001706,9.24,Low,No
4856,CA-2016-137526,OFF-BI-10003364,70.008,Low,No
4857,CA-2016-137526,FUR-FU-10001861,77.6,Low,No
4858,CA-2016-137526,FUR-FU-10004845,464.85,Medium,No
4859,CA-2018-136063,OFF-AR-10000823,10.192,Low,No
4860,CA-2017-101546,OFF-BI-10001359,1793.98,High,Yes
4861,CA-2015-138940,TEC-PH-10001835,758.352,High,Yes
4862,CA-2017-125164,OFF-BI-10001191,20.368,Low,No
4863,CA-2017-125164,OFF-BI-10003982,49.848,Low,No
4864,CA-2018-163531,TEC-PH-10001425,239.97,Medium,No
4865,CA-2018-122490,FUR-CH-10001215,2404.704,High,Yes
4866,CA-2018-122490,OFF-BI-10001718,563.024,High,Yes
4867,CA-2018-122490,OFF-ST-10000991,344.91,Medium,No
4868,CA-2018-122490,OFF-LA-10001613,8.64,Low,No
4869,CA-2018-131366,TEC-PH-10003437,89.988,Low,No
4870,CA-2018-131366,OFF-PA-10000675,229.544,Medium,No
4871,CA-2018-164042,OFF-FA-10000840,1.824,Low,No
4872,CA-2018-164042,OFF-AP-10001947,18.32,Low,No
4873,CA-2018-164042,OFF-ST-10002301,48.816,Low,No
4874,CA-2018-164042,OFF-BI-10001922,1.188,Low,No
4875,CA-2015-132864,TEC-AC-10001267,119.8,Medium,No
4876,US-2015-155817,OFF-ST-10000532,61.568,Low,No
4877,US-2015-155817,OFF-AR-10002335,6.192,Low,No
4878,US-2017-131891,OFF-BI-10000201,2.214,Low,No
4879,CA-2018-143567,OFF-EN-10004846,5.32,Low,No
4880,CA-2018-143567,FUR-CH-10000454,975.92,High,Yes
4881,CA-2018-143567,TEC-AC-10004145,2249.91,High,Yes
4882,CA-2018-143567,OFF-ST-10001580,59.92,Low,No
4883,CA-2018-104080,OFF-BI-10003876,171.2,Medium,No
4884,CA-2018-104080,OFF-AR-10001972,3.36,Low,No
4885,CA-2015-151379,OFF-PA-10000595,114.2,Medium,No
4886,CA-2017-163167,FUR-CH-10004477,182.67,Medium,No
4887,CA-2017-163167,TEC-AC-10003441,101.7,Medium,No
4888,CA-2017-163167,OFF-ST-10004459,1126.02,High,Yes
4889,CA-2017-163167,OFF-ST-10003805,1263.3,High,Yes
4890,CA-2017-135776,OFF-AR-10001246,8.82,Low,No
4891,CA-2017-135776,OFF-PA-10001295,37.94,Low,No
4892,CA-2017-135776,OFF-AR-10001231,4.2,Low,No
4893,CA-2017-135776,OFF-ST-10002743,227.28,Medium,No
4894,CA-2017-135776,OFF-PA-10004327,47.9,Low,No
4895,CA-2017-135776,OFF-EN-10004773,61.96,Low,No
4896,CA-2017-135776,OFF-ST-10003470,1117.92,High,Yes
4897,US-2015-122021,FUR-CH-10003761,183.372,Medium,No
4898,US-2015-122021,OFF-PA-10002230,7.968,Low,No
4899,CA-2017-130484,OFF-BI-10000088,26.352,Low,No
4900,CA-2018-120936,OFF-ST-10001526,481.32,Medium,No
4901,CA-2018-120936,OFF-SU-10002557,13.98,Low,No
4902,CA-2018-110884,OFF-BI-10003669,25.92,Low,No
4903,CA-2018-110884,OFF-LA-10003510,91.59,Low,No
4904,US-2015-161613,FUR-CH-10003746,674.058,High,Yes
4905,US-2015-146353,OFF-BI-10003476,22.92,Low,No
4906,US-2015-146353,OFF-ST-10001469,269.9,Medium,No
4907,CA-2015-133809,OFF-BI-10001757,11.808,Low,No
4908,CA-2015-133809,TEC-PH-10004875,9.588,Low,No
4909,CA-2018-127306,OFF-EN-10001219,18.336,Low,No
4910,CA-2018-127306,OFF-PA-10000019,36.288,Low,No
4911,CA-2018-127306,TEC-PH-10001924,111.984,Medium,No
4912,CA-2018-127306,OFF-BI-10002003,5.97,Low,No
4913,CA-2018-127306,OFF-BI-10003727,2.508,Low,No
4914,CA-2016-161830,OFF-AR-10004042,35.96,Low,No
4915,CA-2016-161830,OFF-BI-10001097,14.952,Low,No
4916,CA-2018-163125,OFF-AR-10004344,67.144,Low,No
4917,CA-2018-163125,FUR-CH-10001802,254.058,Medium,No
4918,CA-2017-160304,FUR-BO-10004709,173.94,Medium,No
4919,CA-2017-160304,TEC-PH-10000455,231.98,Medium,No
4920,CA-2018-101728,OFF-BI-10002393,2.296,Low,No
4921,CA-2018-114055,OFF-PA-10004381,96.08,Low,No
4922,CA-2018-114055,OFF-FA-10003059,3.62,Low,No
4923,CA-2018-114055,OFF-PA-10000994,629.1,High,Yes
4924,CA-2018-114055,TEC-PH-10002890,90.48,Low,No
4925,CA-2018-126438,OFF-AR-10003338,14.88,Low,No
4926,CA-2018-117653,FUR-TA-10003008,91.275,Low,No
4927,CA-2018-143245,OFF-PA-10001972,19.44,Low,No
4928,CA-2018-143245,FUR-CH-10000155,897.15,High,Yes
4929,US-2015-138828,OFF-AR-10000658,57.75,Low,No
4930,US-2015-138828,OFF-PA-10000349,14.94,Low,No
4931,CA-2018-143651,OFF-AR-10001446,23.1,Low,No
4932,CA-2016-106978,OFF-EN-10004483,12.536,Low,No
4933,CA-2016-106978,OFF-BI-10002012,1.08,Low,No
4934,CA-2016-106978,OFF-FA-10003021,4.512,Low,No
4935,CA-2016-155124,TEC-PH-10003356,16.776,Low,No
4936,CA-2018-150931,OFF-BI-10004728,33.74,Low,No
4937,CA-2015-157147,OFF-ST-10000078,1325.85,High,Yes
4938,CA-2015-157147,FUR-BO-10003034,333.999,Medium,No
4939,CA-2015-157147,OFF-AR-10003514,19.9,Low,No
4940,CA-2016-156482,FUR-CH-10001708,1268.82,High,Yes
4941,CA-2016-156482,FUR-BO-10002598,283.92,Medium,No
4942,CA-2016-156482,OFF-AR-10001022,5.68,Low,No
4943,CA-2018-106782,OFF-ST-10004459,375.34,Medium,No
4944,CA-2017-151372,OFF-PA-10004381,96.08,Low,No
4945,CA-2017-151372,OFF-BI-10000050,11.68,Low,No
4946,CA-2017-151372,OFF-FA-10000304,4.36,Low,No
4947,CA-2015-102085,OFF-LA-10002475,29.24,Low,No
4948,CA-2018-107125,OFF-BI-10001989,117.488,Medium,No
4949,CA-2018-107125,FUR-FU-10000732,18.84,Low,No
4950,CA-2017-125815,OFF-AR-10004441,12.42,Low,No
4951,CA-2016-144190,OFF-PA-10000304,12.96,Low,No
4952,CA-2018-117926,OFF-AP-10002670,69.48,Low,No
4953,CA-2016-153906,TEC-PH-10001527,85.9,Low,No
4954,CA-2015-160262,OFF-AR-10002335,18.06,Low,No
4955,CA-2015-160262,OFF-PA-10003641,79.14,Low,No
4956,CA-2015-160262,FUR-FU-10002685,37.4,Low,No
4957,CA-2016-127607,OFF-BI-10001308,2.512,Low,No
4958,CA-2016-127607,OFF-FA-10003485,18.864,Low,No
4959,CA-2017-166226,TEC-PH-10003357,61.192,Low,No
4960,CA-2017-166226,OFF-AP-10002867,67.84,Low,No
4961,CA-2015-156587,FUR-CH-10004477,48.712,Low,No
4962,CA-2015-156587,OFF-AR-10001427,17.94,Low,No
4963,CA-2015-156587,OFF-ST-10002344,242.94,Medium,No
4964,CA-2017-141180,OFF-BI-10000301,7.764,Low,No
4965,CA-2016-109708,TEC-PH-10001944,467.04,Medium,No
4966,CA-2016-122406,TEC-PH-10001527,128.85,Medium,No
4967,CA-2016-122406,OFF-PA-10001307,8.4,Low,No
4968,CA-2016-122406,TEC-AC-10004571,199.98,Medium,No
4969,CA-2016-122406,FUR-CH-10001973,110.98,Medium,No
4970,US-2017-153815,FUR-CH-10000513,207.984,Medium,No
4971,US-2017-153815,OFF-PA-10002421,36.112,Low,No
4972,US-2017-153815,FUR-FU-10004090,35.568,Low,No
4973,US-2017-153815,OFF-PA-10004071,88.768,Low,No
4974,CA-2017-164896,OFF-PA-10002246,12.9,Low,No
4975,CA-2016-142202,TEC-AC-10003198,717.12,High,Yes
4976,CA-2016-165050,OFF-BI-10001031,21.36,Low,No
4977,CA-2016-165050,OFF-BI-10003727,6.688,Low,No
4978,CA-2016-165050,TEC-PH-10001336,773.94,High,Yes
4979,US-2017-131114,OFF-SU-10001664,20.568,Low,No
4980,US-2017-131114,OFF-AP-10003971,4.356,Low,No
4981,US-2017-131114,TEC-AC-10000199,19.04,Low,No
4982,CA-2015-160066,OFF-LA-10001045,5.22,Low,No
4983,CA-2017-109925,OFF-ST-10003442,84.84,Low,No
4984,CA-2016-160696,OFF-FA-10003059,7.24,Low,No
4985,CA-2015-125171,OFF-LA-10001175,14.4,Low,No
4986,CA-2017-149279,OFF-PA-10003441,15.552,Low,No
4987,CA-2017-149279,FUR-CH-10004287,1325.76,High,Yes
4988,CA-2017-149279,OFF-BI-10004040,3.108,Low,No
4989,CA-2018-107321,OFF-BI-10004022,6.672,Low,No
4990,CA-2018-107321,TEC-PH-10002200,689.408,High,Yes
4991,US-2018-122714,OFF-BI-10001120,1889.99,High,Yes
4992,CA-2016-153038,OFF-EN-10000461,55.936,Low,No
4993,CA-2016-153038,OFF-LA-10004008,18.432,Low,No
4994,CA-2016-153038,FUR-FU-10000221,20.32,Low,No
4995,CA-2015-132227,OFF-BI-10000962,52.064,Low,No
4996,CA-2018-155824,OFF-AP-10000390,48.784,Low,No
4997,CA-2018-155824,OFF-BI-10000014,13.092,Low,No
4998,CA-2017-129238,TEC-PH-10004120,109.592,Medium,No
4999,CA-2017-129238,OFF-PA-10002764,56.7,Low,No
5000,CA-2018-159688,TEC-AC-10000736,79.99,Low,No
5001,CA-2017-136126,OFF-SU-10000898,69.5,Low,No
5002,CA-2017-136126,OFF-PA-10004327,191.6,Medium,No
5003,CA-2017-155033,OFF-PA-10000143,10.56,Low,No
5004,CA-2015-156006,TEC-AC-10002550,47.79,Low,No
5005,CA-2016-158659,OFF-ST-10003306,714.3,High,Yes
5006,CA-2016-169796,TEC-MA-10000045,2321.9,High,Yes
5007,CA-2016-169796,OFF-ST-10001505,17.94,Low,No
5008,CA-2016-102876,OFF-BI-10004781,9.522,Low,No
5009,CA-2016-102876,TEC-PH-10002680,791.964,High,Yes
5010,CA-2016-102876,OFF-BI-10000848,4.923,Low,No
5011,US-2018-139647,FUR-BO-10004467,209.979,Medium,No
5012,US-2018-160465,OFF-BI-10001670,33.93,Low,No
5013,US-2018-160465,OFF-ST-10000136,222.32,Medium,No
5014,US-2018-160465,TEC-PH-10004522,210.564,Medium,No
5015,CA-2015-153850,FUR-FU-10002960,35.168,Low,No
5016,CA-2015-153850,TEC-PH-10002584,1502.376,High,Yes
5017,CA-2015-127558,FUR-FU-10002505,10.11,Low,No
5018,CA-2015-127558,TEC-AC-10003832,772.47,High,Yes
5019,CA-2015-127558,OFF-SU-10002537,20.46,Low,No
5020,CA-2018-136511,OFF-SU-10003505,347.58,Medium,No
5021,CA-2017-133795,TEC-AC-10001465,72.64,Low,No
5022,CA-2017-133795,TEC-AC-10003832,772.47,High,Yes
5023,CA-2017-133795,FUR-FU-10003731,39.92,Low,No
5024,US-2018-130953,OFF-BI-10004828,33.48,Low,No
5025,US-2018-130953,TEC-PH-10003012,461.97,Medium,No
5026,US-2018-130953,OFF-AP-10002311,137.62,Medium,No
5027,US-2018-130953,FUR-CH-10004626,302.67,Medium,No
5028,CA-2015-151792,TEC-AC-10001606,239.976,Medium,No
5029,CA-2018-139304,OFF-AR-10001216,8.34,Low,No
5030,CA-2018-139304,OFF-SU-10001664,8.57,Low,No
5031,CA-2018-139304,OFF-BI-10002498,119.616,Medium,No
5032,CA-2017-155166,FUR-CH-10003968,212.94,Medium,No
5033,CA-2017-155166,OFF-AP-10002765,26.49,Low,No
5034,CA-2016-103954,FUR-BO-10004690,687.4,High,Yes
5035,CA-2015-169803,FUR-TA-10000688,653.55,High,Yes
5036,CA-2015-169803,TEC-AC-10003441,33.9,Low,No
5037,CA-2018-141719,TEC-AC-10003610,239.96,Medium,No
5038,CA-2016-136469,FUR-TA-10001520,199.836,Medium,No
5039,CA-2016-136469,TEC-PH-10001817,716.0,High,Yes
5040,CA-2016-136469,OFF-BI-10004492,221.06,Medium,No
5041,CA-2017-158694,OFF-PA-10002421,67.71,Low,No
5042,CA-2017-158694,OFF-AP-10000055,129.92,Medium,No
5043,CA-2017-158694,FUR-FU-10000965,467.46,Medium,No
5044,CA-2017-158694,OFF-PA-10001363,61.4,Low,No
5045,CA-2017-158694,OFF-ST-10001496,720.76,High,Yes
5046,CA-2017-158694,OFF-BI-10004656,5.184,Low,No
5047,CA-2017-158694,OFF-AR-10001227,14.7,Low,No
5048,US-2015-104759,OFF-BI-10002071,8.134,Low,No
5049,US-2015-104759,TEC-AC-10004901,79.984,Low,No
5050,CA-2016-150511,OFF-PA-10001776,18.54,Low,No
5051,CA-2016-134922,OFF-EN-10000483,24.4,Low,No
5052,US-2018-120607,OFF-PA-10003129,195.64,Medium,No
5053,CA-2016-141243,TEC-AC-10003198,398.4,Medium,No
5054,CA-2016-141243,OFF-AR-10001246,7.056,Low,No
5055,CA-2016-141243,FUR-BO-10003272,1352.3976,High,Yes
5056,CA-2016-162166,OFF-PA-10002606,26.4,Low,No
5057,CA-2016-162166,OFF-ST-10002486,41.88,Low,No
5058,CA-2017-120796,OFF-BI-10004330,99.846,Low,No
5059,CA-2017-109722,TEC-PH-10000560,699.98,High,Yes
5060,CA-2017-109722,OFF-ST-10000060,584.82,High,Yes
5061,CA-2016-136798,OFF-BI-10003684,43.98,Low,No
5062,CA-2016-136798,TEC-PH-10000441,377.97,Medium,No
5063,CA-2016-136798,FUR-FU-10000723,123.96,Medium,No
5064,CA-2018-122196,TEC-PH-10004977,391.98,Medium,No
5065,CA-2018-142090,TEC-AC-10002001,383.976,Medium,No
5066,CA-2018-142090,FUR-TA-10001889,1781.682,High,Yes
5067,CA-2018-160934,OFF-AR-10003504,21.4,Low,No
5068,CA-2015-124478,TEC-CO-10001571,549.99,High,Yes
5069,CA-2015-124478,OFF-AP-10002495,167.535,Medium,No
5070,CA-2015-124478,OFF-EN-10002500,38.34,Low,No
5071,CA-2015-124478,FUR-FU-10002088,53.88,Low,No
5072,CA-2015-124478,TEC-PH-10001128,299.98,Medium,No
5073,CA-2016-145485,OFF-ST-10000649,62.8,Low,No
5074,CA-2018-151071,OFF-BI-10002103,13.904,Low,No
5075,CA-2015-134572,FUR-TA-10001705,744.1,High,Yes
5076,CA-2015-134572,OFF-ST-10004634,44.84,Low,No
5077,CA-2015-134572,FUR-TA-10004442,401.59,Medium,No
5078,CA-2018-143217,OFF-BI-10002949,18.24,Low,No
5079,US-2018-133312,FUR-BO-10002213,359.499,Medium,No
5080,US-2018-133312,OFF-ST-10001325,10.48,Low,No
5081,US-2016-137533,OFF-PA-10003441,20.736,Low,No
5082,CA-2017-155138,TEC-AC-10004209,35.168,Low,No
5083,CA-2017-155138,OFF-PA-10000501,64.704,Low,No
5084,CA-2017-108350,OFF-PA-10003656,105.52,Medium,No
5085,CA-2016-144302,OFF-BI-10001107,5.792,Low,No
5086,CA-2016-109001,TEC-PH-10000562,466.158,Medium,No
5087,CA-2016-109001,TEC-AC-10001101,10.312,Low,No
5088,CA-2016-109001,OFF-BI-10003529,2.556,Low,No
5089,CA-2018-132738,OFF-PA-10001752,7.968,Low,No
5090,CA-2018-132738,OFF-EN-10001141,8.784,Low,No
5091,CA-2018-156720,OFF-FA-10003472,3.024,Low,No
5092,CA-2016-119102,OFF-ST-10004507,51.45,Low,No
5093,US-2015-140452,OFF-AP-10004036,14.016,Low,No
5094,US-2015-140452,FUR-TA-10004086,214.95,Medium,No
5095,US-2015-140452,TEC-PH-10000307,35.04,Low,No
5096,US-2015-140452,FUR-FU-10002088,10.776,Low,No
5097,US-2015-140452,OFF-BI-10004965,4.6,Low,No
5098,US-2015-140452,OFF-ST-10002485,35.168,Low,No
5099,CA-2016-141936,OFF-BI-10002194,19.152,Low,No
5100,CA-2015-158442,OFF-AR-10003732,4.448,Low,No
5101,CA-2015-158442,OFF-PA-10002195,5.184,Low,No
5102,CA-2015-158442,OFF-PA-10002365,15.552,Low,No
5103,CA-2016-167374,OFF-PA-10001950,40.032,Low,No
5104,CA-2016-167374,TEC-AC-10004633,16.776,Low,No
5105,CA-2015-116568,FUR-CH-10002439,186.304,Medium,No
5106,CA-2016-147102,TEC-AC-10000682,66.36,Low,No
5107,CA-2018-132213,OFF-AR-10004078,42.048,Low,No
5108,CA-2018-132213,OFF-AR-10001958,67.92,Low,No
5109,CA-2015-138450,OFF-EN-10001335,52.512,Low,No
5110,CA-2015-138450,OFF-ST-10003479,186.912,Medium,No
5111,CA-2015-138450,OFF-PA-10003016,10.048,Low,No
5112,CA-2016-153073,FUR-FU-10001025,17.496,Low,No
5113,CA-2017-147970,OFF-PA-10003936,15.552,Low,No
5114,CA-2017-150658,OFF-BI-10004140,10.776,Low,No
5115,CA-2018-125640,OFF-LA-10004178,3.304,Low,No
5116,CA-2018-154137,OFF-ST-10003324,35.48,Low,No
5117,CA-2016-127173,OFF-FA-10004854,34.44,Low,No
5118,CA-2016-127173,TEC-MA-10002859,629.93,High,Yes
5119,CA-2016-127173,OFF-BI-10000088,79.056,Low,No
5120,CA-2015-149538,OFF-ST-10004180,232.55,Medium,No
5121,CA-2015-149538,TEC-AC-10002926,99.98,Low,No
5122,CA-2015-149538,OFF-PA-10003797,19.44,Low,No
5123,CA-2015-149538,OFF-PA-10002195,12.96,Low,No
5124,CA-2015-160766,FUR-TA-10001039,464.292,Medium,No
5125,CA-2015-160766,OFF-EN-10001099,68.46,Low,No
5126,CA-2015-160766,TEC-MA-10003979,2799.96,High,Yes
5127,CA-2015-160766,OFF-AP-10002945,601.3,High,Yes
5128,CA-2015-160766,TEC-PH-10001536,16.99,Low,No
5129,CA-2015-160766,TEC-PH-10000526,287.97,Medium,No
5130,CA-2015-160766,OFF-PA-10000213,44.82,Low,No
5131,CA-2018-146626,FUR-FU-10002501,101.12,Medium,No
5132,CA-2016-123330,TEC-PH-10001819,107.976,Medium,No
5133,CA-2018-155607,OFF-AP-10001962,58.73,Low,No
5134,CA-2018-155607,OFF-BI-10003364,93.344,Low,No
5135,CA-2017-151323,OFF-FA-10002983,17.05,Low,No
5136,CA-2016-146696,OFF-BI-10002432,8.096,Low,No
5137,CA-2017-128972,FUR-FU-10003096,30.36,Low,No
5138,CA-2018-128335,OFF-EN-10001539,23.34,Low,No
5139,CA-2018-128335,OFF-PA-10004996,51.55,Low,No
5140,CA-2016-154886,TEC-AC-10001956,119.9,Medium,No
5141,CA-2017-111213,FUR-CH-10000454,1317.492,High,Yes
5142,CA-2017-111213,OFF-SU-10000946,63.84,Low,No
5143,CA-2017-111213,OFF-BI-10004140,3.592,Low,No
5144,CA-2018-161333,FUR-FU-10003039,86.26,Low,No
5145,CA-2018-161333,OFF-ST-10000464,139.04,Medium,No
5146,CA-2018-161333,OFF-AP-10000252,46.8,Low,No
5147,CA-2018-128734,FUR-FU-10001731,8.544,Low,No
5148,CA-2018-128734,FUR-CH-10001394,842.376,High,Yes
5149,CA-2015-141796,TEC-PH-10001578,1214.85,High,Yes
5150,CA-2018-125101,OFF-ST-10000675,67.78,Low,No
5151,CA-2018-169929,OFF-ST-10002352,39.9,Low,No
5152,US-2015-121566,OFF-BI-10004528,2.688,Low,No
5153,US-2015-121566,OFF-AR-10001026,6.6,Low,No
5154,US-2016-124219,OFF-BI-10002215,28.4,Low,No
5155,US-2016-124219,FUR-FU-10000305,212.94,Medium,No
5156,CA-2018-163006,TEC-PH-10002584,1001.584,High,Yes
5157,CA-2018-163006,FUR-CH-10000229,569.058,High,Yes
5158,CA-2018-163006,FUR-FU-10003799,14.224,Low,No
5159,CA-2016-156146,TEC-PH-10001700,105.584,Medium,No
5160,CA-2016-156146,TEC-PH-10001527,68.72,Low,No
5161,CA-2015-111192,FUR-BO-10002916,1367.84,High,Yes
5162,CA-2017-115378,FUR-CH-10000863,301.96,Medium,No
5163,CA-2016-161627,FUR-CH-10003968,170.352,Medium,No
5164,CA-2015-121006,OFF-AR-10001149,3.9,Low,No
5165,CA-2015-121006,OFF-PA-10000130,12.84,Low,No
5166,CA-2015-121006,OFF-PA-10002479,15.84,Low,No
5167,CA-2015-121006,FUR-CH-10004997,563.94,High,Yes
5168,CA-2015-121006,OFF-ST-10004950,62.94,Low,No
5169,CA-2015-121006,OFF-ST-10001490,535.41,High,Yes
5170,CA-2017-122903,FUR-CH-10002024,3504.9,High,Yes
5171,CA-2017-122903,OFF-PA-10001790,144.12,Medium,No
5172,CA-2017-122903,OFF-PA-10000994,314.55,Medium,No
5173,CA-2016-107741,OFF-AR-10002399,3.408,Low,No
5174,CA-2018-106432,OFF-BI-10002799,2.072,Low,No
5175,CA-2018-106432,FUR-BO-10004360,328.3992,Medium,No
5176,CA-2017-148908,OFF-BI-10002082,53.248,Low,No
5177,CA-2017-123015,OFF-BI-10004967,4.992,Low,No
5178,US-2016-120502,FUR-FU-10004973,37.68,Low,No
5179,US-2016-120502,TEC-PH-10003645,258.576,Medium,No
5180,US-2016-120502,OFF-AP-10004980,75.84,Low,No
5181,CA-2018-108749,OFF-PA-10003797,45.36,Low,No
5182,CA-2018-108749,OFF-BI-10003707,45.78,Low,No
5183,CA-2018-163335,OFF-ST-10000885,40.29,Low,No
5184,CA-2018-163335,OFF-BI-10002827,38.71,Low,No
5185,CA-2016-134719,OFF-ST-10004459,1801.632,High,Yes
5186,US-2016-154389,TEC-PH-10002789,748.752,High,Yes
5187,CA-2016-115567,TEC-AC-10001314,199.96,Medium,No
5188,CA-2016-115567,FUR-CH-10000015,1516.2,High,Yes
5189,US-2018-136679,TEC-AC-10004855,167.952,Medium,No
5190,US-2018-136679,OFF-AR-10003582,45.04,Low,No
5191,US-2018-141943,OFF-EN-10003448,23.16,Low,No
5192,CA-2015-101560,FUR-FU-10003773,397.6,Medium,No
5193,CA-2015-101560,OFF-PA-10001363,85.96,Low,No
5194,CA-2015-101560,OFF-AR-10004757,13.12,Low,No
5195,CA-2015-101560,OFF-BI-10000309,45.66,Low,No
5196,CA-2015-159709,OFF-EN-10001434,158.13,Medium,No
5197,CA-2015-159709,TEC-PH-10003988,43.6,Low,No
5198,CA-2017-103982,OFF-SU-10000151,3930.072,High,Yes
5199,CA-2017-103982,OFF-FA-10001332,2.304,Low,No
5200,CA-2017-103982,TEC-PH-10000895,431.976,Medium,No
5201,CA-2017-103982,TEC-AC-10002857,41.72,Low,No
5202,CA-2016-142454,FUR-FU-10004018,104.23,Medium,No
5203,CA-2016-142454,OFF-ST-10003638,70.26,Low,No
5204,CA-2016-102016,OFF-AR-10004685,9.26,Low,No
5205,CA-2016-102016,OFF-ST-10001713,105.98,Medium,No
5206,CA-2016-102016,OFF-FA-10000490,1.24,Low,No
5207,CA-2016-102016,OFF-LA-10002043,20.7,Low,No
5208,CA-2016-102016,OFF-PA-10002464,28.9,Low,No
5209,CA-2016-102016,OFF-EN-10002504,27.18,Low,No
5210,CA-2016-156755,OFF-ST-10002615,465.18,Medium,No
5211,CA-2016-130876,OFF-ST-10004258,36.63,Low,No
5212,CA-2017-145898,OFF-ST-10004507,51.45,Low,No
5213,CA-2017-145898,OFF-LA-10000262,7.83,Low,No
5214,CA-2017-145898,OFF-AR-10002445,35.4,Low,No
5215,CA-2017-145898,OFF-PA-10001667,29.9,Low,No
5216,US-2018-159562,OFF-EN-10000461,17.48,Low,No
5217,CA-2018-134635,OFF-PA-10002254,79.14,Low,No
5218,CA-2018-167080,OFF-AR-10001868,8.4,Low,No
5219,CA-2018-145653,FUR-CH-10004875,498.26,Medium,No
5220,CA-2015-140487,FUR-BO-10000711,212.94,Medium,No
5221,CA-2018-117401,OFF-AP-10000938,706.86,High,Yes
5222,CA-2018-117401,TEC-PH-10003555,114.95,Medium,No
5223,CA-2018-117401,OFF-BI-10001267,43.19,Low,No
5224,US-2018-109582,OFF-PA-10004071,166.44,Medium,No
5225,CA-2017-119865,OFF-BI-10001553,36.56,Low,No
5226,CA-2017-119865,OFF-BI-10003007,186.144,Medium,No
5227,CA-2017-119865,FUR-BO-10003272,353.568,Medium,No
5228,US-2015-147648,OFF-PA-10001033,81.98,Low,No
5229,CA-2018-124436,OFF-BI-10001553,14.624,Low,No
5230,CA-2018-124436,FUR-TA-10001095,697.16,High,Yes
5231,CA-2018-124436,FUR-FU-10001185,30.93,Low,No
5232,CA-2018-124436,OFF-BI-10000343,27.496,Low,No
5233,CA-2015-115084,FUR-CH-10004626,605.34,High,Yes
5234,CA-2018-131037,FUR-TA-10001768,210.008,Medium,No
5235,CA-2017-111143,OFF-AP-10001947,54.96,Low,No
5236,CA-2015-166744,FUR-FU-10004952,164.22,Medium,No
5237,CA-2015-166744,FUR-BO-10001337,362.94,Medium,No
5238,CA-2015-166744,TEC-AC-10003628,59.98,Low,No
5239,CA-2017-116561,OFF-ST-10004186,332.94,Medium,No
5240,CA-2017-116561,OFF-BI-10001658,39.872,Low,No
5241,CA-2017-110730,OFF-SU-10004737,13.68,Low,No
5242,CA-2018-146367,OFF-BI-10002827,3.318,Low,No
5243,CA-2017-149454,OFF-BI-10003694,10.44,Low,No
5244,CA-2017-156265,FUR-TA-10001691,136.464,Medium,No
5245,CA-2017-156265,TEC-PH-10001918,333.576,Medium,No
5246,CA-2017-156265,OFF-BI-10000285,12.544,Low,No
5247,US-2016-168914,OFF-AP-10000358,20.768,Low,No
5248,US-2018-110989,TEC-AC-10002345,43.5,Low,No
5249,CA-2016-106215,OFF-FA-10001229,12.576,Low,No
5250,US-2017-169369,TEC-AC-10001314,249.95,Medium,No
5251,US-2017-169369,OFF-PA-10004438,49.12,Low,No
5252,CA-2016-132318,OFF-AP-10000026,182.91,Medium,No
5253,US-2015-131982,OFF-BI-10004224,107.648,Medium,No
5254,CA-2016-125185,FUR-CH-10002647,99.372,Low,No
5255,CA-2016-125185,FUR-FU-10003247,33.568,Low,No
5256,CA-2017-130078,OFF-PA-10003270,10.56,Low,No
5257,US-2018-114034,OFF-PA-10004735,38.88,Low,No
5258,US-2018-115595,OFF-PA-10001745,35.2,Low,No
5259,CA-2018-158722,OFF-PA-10000176,45.528,Low,No
5260,CA-2015-105165,TEC-PH-10000675,196.776,Medium,No
5261,CA-2015-105165,OFF-BI-10000050,2.92,Low,No
5262,CA-2015-105165,FUR-TA-10004154,200.795,Medium,No
5263,CA-2015-105165,TEC-AC-10002718,46.688,Low,No
5264,CA-2015-105165,OFF-AR-10003179,21.864,Low,No
5265,CA-2018-147452,OFF-PA-10001838,11.76,Low,No
5266,CA-2018-147452,OFF-PA-10004039,167.94,Medium,No
5267,CA-2018-147452,OFF-AP-10001626,3.89,Low,No
5268,US-2018-114657,TEC-MA-10003173,52.44,Low,No
5269,CA-2018-144484,FUR-FU-10000260,32.36,Low,No
5270,CA-2018-144484,OFF-AP-10004487,406.6,Medium,No
5271,CA-2018-125913,FUR-FU-10001487,27.92,Low,No
5272,CA-2018-125913,FUR-TA-10001520,399.672,Medium,No
5273,US-2017-158309,OFF-BI-10000145,3.744,Low,No
5274,CA-2018-147333,TEC-AC-10004469,159.8,Medium,No
5275,CA-2018-147333,TEC-AC-10003038,44.75,Low,No
5276,CA-2015-113859,FUR-CH-10004698,340.116,Medium,No
5277,CA-2015-159681,OFF-PA-10003641,105.52,Medium,No
5278,US-2018-104094,TEC-AC-10002134,13.48,Low,No
5279,CA-2018-152709,OFF-ST-10001837,85.52,Low,No
5280,CA-2016-105158,FUR-FU-10001706,6.16,Low,No
5281,CA-2016-105158,OFF-PA-10001970,36.84,Low,No
5282,CA-2015-133424,OFF-ST-10002957,15.84,Low,No
5283,CA-2015-133424,OFF-LA-10002312,44.4,Low,No
5284,CA-2018-105991,OFF-EN-10002600,21.24,Low,No
5285,CA-2018-105991,OFF-BI-10003274,9.552,Low,No
5286,CA-2018-105991,FUR-BO-10004467,89.991,Low,No
5287,US-2018-136784,OFF-PA-10000675,163.96,Medium,No
5288,CA-2015-146283,OFF-PA-10002259,17.904,Low,No
5289,CA-2015-146283,FUR-CH-10004287,966.7,High,Yes
5290,CA-2015-146283,OFF-PA-10000482,182.112,Medium,No
5291,CA-2018-151218,OFF-ST-10004835,4.464,Low,No
5292,CA-2016-111073,FUR-TA-10004086,51.588,Low,No
5293,CA-2018-144883,OFF-LA-10000305,50.4,Low,No
5294,CA-2018-142174,OFF-PA-10000806,89.568,Low,No
5295,CA-2018-108791,FUR-FU-10004018,14.89,Low,No
5296,CA-2018-108791,TEC-PH-10002660,543.92,High,Yes
5297,CA-2017-106656,OFF-EN-10001509,4.08,Low,No
5298,CA-2017-106656,OFF-LA-10003148,18.9,Low,No
5299,CA-2017-113831,FUR-TA-10002645,2275.5,High,Yes
5300,CA-2017-113831,TEC-AC-10003033,1979.7,High,Yes
5301,CA-2017-113831,OFF-LA-10001297,62.1,Low,No
5302,US-2015-139500,FUR-CH-10002017,37.296,Low,No
5303,US-2015-166310,FUR-FU-10001546,8.544,Low,No
5304,US-2017-168410,FUR-FU-10000629,68.95,Low,No
5305,US-2017-168410,OFF-ST-10000036,296.37,Medium,No
5306,US-2017-168410,TEC-PH-10002583,39.98,Low,No
5307,CA-2018-131254,FUR-CH-10003774,191.058,Medium,No
5308,CA-2018-131254,OFF-AR-10003876,13.04,Low,No
5309,CA-2018-131254,OFF-BI-10003527,1525.188,High,Yes
5310,CA-2017-123414,OFF-LA-10004559,9.216,Low,No
5311,CA-2017-123414,OFF-SU-10002573,28.048,Low,No
5312,CA-2018-137876,FUR-FU-10000222,64.96,Low,No
5313,CA-2018-137876,OFF-EN-10001219,30.56,Low,No
5314,CA-2017-154060,FUR-CH-10002304,187.056,Medium,No
5315,US-2018-162558,FUR-FU-10002364,11.808,Low,No
5316,US-2018-162558,FUR-FU-10004864,9.656,Low,No
5317,US-2018-162558,OFF-PA-10003172,20.736,Low,No
5318,US-2018-162558,OFF-BI-10000977,27.36,Low,No
5319,US-2018-162558,FUR-TA-10000198,2314.116,High,Yes
5320,US-2018-162558,OFF-BI-10003984,34.236,Low,No
5321,US-2018-162558,FUR-FU-10003691,19.76,Low,No
5322,CA-2018-134439,OFF-PA-10004082,15.96,Low,No
5323,CA-2016-119508,OFF-AR-10003723,16.9,Low,No
5324,CA-2016-119508,FUR-FU-10004270,25.08,Low,No
5325,CA-2016-152681,OFF-AR-10003183,6.68,Low,No
5326,CA-2015-130813,OFF-PA-10002005,19.44,Low,No
5327,CA-2016-120320,TEC-PH-10000149,31.92,Low,No
5328,CA-2017-111941,OFF-BI-10001524,33.568,Low,No
5329,CA-2017-123120,FUR-FU-10004748,63.94,Low,No
5330,CA-2017-123120,OFF-BI-10001460,60.6,Low,No
5331,CA-2017-123120,OFF-SU-10002503,22.72,Low,No
5332,CA-2015-103331,FUR-FU-10001731,10.68,Low,No
5333,CA-2015-103331,OFF-PA-10002160,17.34,Low,No
5334,CA-2015-103331,OFF-PA-10002659,3.38,Low,No
5335,CA-2016-169278,OFF-BI-10001636,26.976,Low,No
5336,CA-2018-111577,OFF-PA-10000062,307.776,Medium,No
5337,CA-2016-146486,OFF-ST-10002554,244.55,Medium,No
5338,CA-2016-146486,OFF-EN-10001509,12.24,Low,No
5339,CA-2016-146486,TEC-AC-10002018,13.98,Low,No
5340,CA-2016-146486,TEC-AC-10002637,899.95,High,Yes
5341,US-2015-168501,OFF-EN-10001509,1.632,Low,No
5342,US-2015-168501,TEC-PH-10004922,267.96,Medium,No
5343,CA-2016-112053,TEC-AC-10002550,31.95,Low,No
5344,CA-2018-108539,OFF-ST-10003208,725.84,High,Yes
5345,CA-2018-108539,OFF-BI-10003981,10.896,Low,No
5346,CA-2018-108539,OFF-BI-10001031,8.544,Low,No
5347,CA-2016-149811,OFF-BI-10003676,32.34,Low,No
5348,CA-2016-149811,OFF-PA-10004082,39.9,Low,No
5349,US-2018-103814,OFF-PA-10001019,143.856,Medium,No
5350,CA-2017-123932,OFF-PA-10004665,41.92,Low,No
5351,CA-2017-123932,TEC-PH-10002447,329.584,Medium,No
5352,US-2017-101616,OFF-BI-10000014,87.28,Low,No
5353,CA-2015-113768,FUR-CH-10002439,279.456,Medium,No
5354,CA-2015-113768,OFF-PA-10003063,8.0,Low,No
5355,CA-2017-138037,OFF-BI-10002982,27.24,Low,No
5356,CA-2015-150490,TEC-AC-10004510,16.36,Low,No
5357,CA-2015-150490,OFF-ST-10000321,15.78,Low,No
5358,CA-2015-150490,OFF-AR-10004602,45.98,Low,No
5359,US-2018-126060,FUR-BO-10003433,198.272,Medium,No
5360,CA-2018-100951,OFF-ST-10001496,720.76,High,Yes
5361,CA-2017-122017,FUR-FU-10000672,70.56,Low,No
5362,CA-2017-122017,OFF-AP-10001293,81.96,Low,No
5363,CA-2015-123477,OFF-AP-10000692,64.864,Low,No
5364,CA-2017-107790,TEC-PH-10004539,151.192,Medium,No
5365,CA-2018-158071,TEC-PH-10002923,88.776,Low,No
5366,CA-2018-158071,OFF-LA-10004689,11.56,Low,No
5367,CA-2018-158071,OFF-ST-10001228,15.58,Low,No
5368,CA-2018-147403,OFF-PA-10003302,85.056,Low,No
5369,US-2018-136721,FUR-FU-10004665,273.96,Medium,No
5370,US-2018-136721,FUR-FU-10004188,306.9,Medium,No
5371,CA-2016-118738,OFF-PA-10003177,15.552,Low,No
5372,CA-2016-118738,FUR-TA-10002607,347.361,Medium,No
5373,CA-2016-118738,OFF-PA-10001166,10.368,Low,No
5374,CA-2018-134152,TEC-AC-10004510,98.16,Low,No
5375,CA-2018-134152,OFF-AR-10004062,31.44,Low,No
5376,CA-2015-125542,OFF-EN-10000056,348.488,Medium,No
5377,CA-2015-125542,OFF-ST-10001469,172.736,Medium,No
5378,CA-2017-136021,OFF-PA-10000551,15.54,Low,No
5379,CA-2017-136021,TEC-MA-10000423,105.552,Medium,No
5380,CA-2017-149195,OFF-PA-10001870,25.92,Low,No
5381,CA-2017-149195,OFF-FA-10001843,15.808,Low,No
5382,CA-2017-149195,OFF-PA-10002036,10.368,Low,No
5383,CA-2018-161410,TEC-PH-10001760,358.2,Medium,No
5384,CA-2018-161410,TEC-PH-10000673,545.916,High,Yes
5385,CA-2018-152786,OFF-BI-10000829,40.41,Low,No
5386,CA-2018-164707,TEC-PH-10001924,167.976,Medium,No
5387,CA-2018-164707,TEC-AC-10004864,109.53,Medium,No
5388,CA-2018-164707,OFF-LA-10004345,9.82,Low,No
5389,CA-2018-163874,OFF-BI-10000088,26.352,Low,No
5390,US-2015-123183,OFF-LA-10002787,22.5,Low,No
5391,US-2015-123183,OFF-LA-10001569,9.96,Low,No
5392,US-2015-123183,OFF-BI-10002429,213.08,Medium,No
5393,US-2015-123183,FUR-BO-10000362,1025.88,High,Yes
5394,CA-2015-104829,OFF-PA-10003016,21.98,Low,No
5395,US-2017-147340,FUR-FU-10002501,63.2,Low,No
5396,CA-2017-145492,OFF-AP-10003622,39.0,Low,No
5397,CA-2017-163202,OFF-BI-10002764,2.907,Low,No
5398,CA-2017-117681,FUR-BO-10001798,556.665,High,Yes
5399,CA-2018-132262,TEC-AC-10000158,71.98,Low,No
5400,CA-2018-132262,TEC-AC-10000303,79.98,Low,No
5401,CA-2018-123043,OFF-BI-10003910,24.672,Low,No
5402,CA-2018-123043,OFF-BI-10000138,3.744,Low,No
5403,US-2017-143280,TEC-PH-10002398,445.96,Medium,No
5404,US-2017-143280,TEC-AC-10003399,36.24,Low,No
5405,US-2017-143280,OFF-FA-10000992,10.65,Low,No
5406,CA-2018-108854,OFF-PA-10003022,87.92,Low,No
5407,CA-2018-108854,OFF-BI-10002854,22.424,Low,No
5408,CA-2018-108854,OFF-BI-10001670,90.48,Low,No
5409,CA-2018-108854,OFF-ST-10001837,42.76,Low,No
5410,CA-2018-166856,OFF-BI-10002012,10.08,Low,No
5411,CA-2018-166856,TEC-AC-10004992,101.34,Medium,No
5412,CA-2017-153157,TEC-PH-10003171,224.75,Medium,No
5413,US-2018-125647,OFF-AP-10000390,73.176,Low,No
5414,US-2018-125647,OFF-PA-10004888,20.736,Low,No
5415,US-2018-125647,TEC-PH-10004188,39.984,Low,No
5416,CA-2015-132542,OFF-BI-10004099,15.36,Low,No
5417,CA-2016-110877,OFF-PA-10004621,36.288,Low,No
5418,CA-2016-110877,TEC-PH-10002103,150.384,Medium,No
5419,US-2017-151827,TEC-PH-10002789,280.782,Medium,No
5420,US-2017-151827,TEC-AC-10003289,31.984,Low,No
5421,US-2017-163258,OFF-BI-10000138,11.232,Low,No
5422,CA-2018-103009,OFF-PA-10001215,26.4,Low,No
5423,US-2018-120649,OFF-AR-10001545,3.52,Low,No
5424,CA-2017-153598,TEC-AC-10003870,1649.95,High,Yes
5425,CA-2017-153598,FUR-FU-10001085,111.9,Medium,No
5426,US-2017-108497,FUR-BO-10004218,599.165,High,Yes
5427,CA-2017-113096,OFF-ST-10003455,46.53,Low,No
5428,CA-2015-136861,FUR-FU-10001967,31.984,Low,No
5429,CA-2018-117422,OFF-AP-10000938,161.568,Medium,No
5430,CA-2018-117422,OFF-PA-10002195,4.064,Low,No
5431,CA-2018-117422,OFF-BI-10002799,6.216,Low,No
5432,CA-2018-129707,OFF-AR-10000246,8.896,Low,No
5433,CA-2016-160171,OFF-AP-10000275,1640.7,High,Yes
5434,CA-2016-160171,TEC-AC-10000892,270.0,Medium,No
5435,CA-2015-103317,FUR-FU-10001591,19.52,Low,No
5436,CA-2015-103317,OFF-BI-10001787,9.81,Low,No
5437,CA-2015-103317,FUR-FU-10003192,213.216,Medium,No
5438,CA-2017-167115,OFF-BI-10004600,588.784,High,Yes
5439,US-2018-153633,OFF-AR-10002335,2.064,Low,No
5440,CA-2018-155929,OFF-PA-10000859,6.368,Low,No
5441,CA-2016-148712,TEC-AC-10003198,99.6,Low,No
5442,CA-2016-148712,OFF-BI-10001900,62.296,Low,No
5443,CA-2016-148712,OFF-AR-10000614,10.71,Low,No
5444,CA-2017-128307,OFF-EN-10003040,20.936,Low,No
5445,US-2017-127425,TEC-PH-10003442,33.0,Low,No
5446,US-2017-127425,TEC-AC-10002800,249.95,Medium,No
5447,US-2015-119081,OFF-SU-10000157,357.93,Medium,No
5448,US-2015-119081,TEC-AC-10001542,57.4,Low,No
5449,US-2015-119081,OFF-BI-10004519,331.96,Medium,No
5450,US-2015-119081,FUR-FU-10003464,40.56,Low,No
5451,CA-2017-140613,OFF-SU-10004261,86.2,Low,No
5452,US-2018-108700,OFF-PA-10004733,38.016,Low,No
5453,CA-2018-160962,OFF-ST-10001325,8.384,Low,No
5454,CA-2018-160962,OFF-AR-10003056,6.848,Low,No
5455,CA-2018-130631,OFF-FA-10000089,19.6,Low,No
5456,CA-2018-130631,FUR-FU-10004093,68.46,Low,No
5457,CA-2018-116680,OFF-BI-10004022,13.344,Low,No
5458,CA-2018-116680,FUR-TA-10001771,1478.272,High,Yes
5459,US-2015-107405,OFF-ST-10002301,16.272,Low,No
5460,CA-2018-101574,FUR-FU-10001706,9.24,Low,No
5461,CA-2015-146591,OFF-BI-10003676,32.34,Low,No
5462,CA-2015-146591,OFF-PA-10000659,56.064,Low,No
5463,CA-2015-146591,OFF-EN-10002504,108.72,Medium,No
5464,CA-2015-146591,FUR-BO-10001972,181.47,Medium,No
5465,CA-2015-107706,OFF-PA-10000466,16.176,Low,No
5466,CA-2017-122448,FUR-CH-10002774,122.352,Medium,No
5467,CA-2015-132451,FUR-CH-10000454,585.552,High,Yes
5468,CA-2015-132451,OFF-PA-10004888,19.44,Low,No
5469,CA-2017-158547,OFF-AP-10003842,123.92,Medium,No
5470,CA-2018-116946,FUR-FU-10000320,13.36,Low,No
5471,CA-2018-116946,OFF-ST-10002554,78.256,Low,No
5472,CA-2018-116946,FUR-BO-10000468,102.018,Medium,No
5473,CA-2018-121741,OFF-ST-10004459,750.68,High,Yes
5474,CA-2018-169691,OFF-LA-10002312,44.4,Low,No
5475,CA-2018-169691,OFF-ST-10001291,84.55,Low,No
5476,CA-2018-169691,OFF-PA-10003022,17.94,Low,No
5477,CA-2017-121356,OFF-BI-10002133,128.4,Medium,No
5478,CA-2015-101770,OFF-BI-10001097,1.869,Low,No
5479,CA-2018-105487,TEC-PH-10001336,103.192,Medium,No
5480,CA-2018-105487,TEC-AC-10002305,36.0,Low,No
5481,CA-2018-105487,TEC-AC-10003610,239.96,Medium,No
5482,CA-2018-105487,OFF-ST-10002301,40.68,Low,No
5483,CA-2018-148999,FUR-CH-10002044,419.136,Medium,No
5484,CA-2015-107573,OFF-EN-10001099,23.472,Low,No
5485,CA-2016-156608,OFF-BI-10004140,3.592,Low,No
5486,CA-2018-134495,TEC-PH-10004897,23.976,Low,No
5487,CA-2018-134495,OFF-LA-10000262,6.264,Low,No
5488,CA-2018-134495,OFF-AP-10002222,20.808,Low,No
5489,CA-2018-134495,FUR-CH-10003774,218.352,Medium,No
5490,CA-2018-164098,OFF-ST-10000615,18.16,Low,No
5491,CA-2015-105249,OFF-SU-10001225,7.36,Low,No
5492,CA-2015-105249,OFF-LA-10002043,41.4,Low,No
5493,CA-2015-105249,FUR-BO-10000330,411.332,Medium,No
5494,CA-2016-113523,OFF-BI-10001249,7.656,Low,No
5495,CA-2018-117821,TEC-AC-10004469,63.92,Low,No
5496,CA-2018-164378,OFF-AR-10001177,6.56,Low,No
5497,CA-2018-164378,OFF-LA-10000634,7.83,Low,No
5498,CA-2018-164378,TEC-AC-10004708,41.9,Low,No
5499,CA-2018-164378,FUR-CH-10002084,664.146,High,Yes
5500,CA-2018-164378,OFF-PA-10004519,8.96,Low,No
5501,CA-2018-127782,FUR-FU-10001847,3.312,Low,No
5502,CA-2018-127782,OFF-AP-10001962,20.136,Low,No
5503,CA-2018-127782,OFF-EN-10003845,8.856,Low,No
5504,CA-2018-127782,TEC-PH-10001817,859.2,High,Yes
5505,US-2017-162026,OFF-PA-10000167,61.96,Low,No
5506,CA-2017-150000,OFF-EN-10002973,17.92,Low,No
5507,CA-2016-168529,FUR-FU-10001588,145.9,Medium,No
5508,US-2018-152569,OFF-PA-10001736,56.704,Low,No
5509,US-2018-152569,TEC-PH-10002185,11.12,Low,No
5510,US-2015-137680,OFF-PA-10000174,32.896,Low,No
5511,US-2015-137680,OFF-PA-10000069,22.776,Low,No
5512,CA-2016-103177,TEC-PH-10001795,239.97,Medium,No
5513,CA-2016-103177,OFF-AP-10004540,160.32,Medium,No
5514,CA-2016-103177,TEC-PH-10001527,128.85,Medium,No
5515,US-2017-138408,TEC-AC-10003870,1319.96,High,Yes
5516,CA-2018-117667,FUR-CH-10004540,239.96,Medium,No
5517,CA-2018-117667,FUR-FU-10004093,54.768,Low,No
5518,CA-2018-117667,OFF-AR-10000716,13.392,Low,No
5519,CA-2018-117667,OFF-PA-10002709,23.92,Low,No
5520,CA-2018-117667,TEC-AC-10000580,255.968,Medium,No
5521,CA-2017-110982,OFF-BI-10000829,21.552,Low,No
5522,CA-2017-110982,OFF-AP-10004859,58.24,Low,No
5523,CA-2017-147123,OFF-PA-10000575,80.28,Low,No
5524,CA-2018-154501,OFF-AR-10002804,9.78,Low,No
5525,CA-2018-166933,OFF-FA-10002676,1.81,Low,No
5526,CA-2016-142055,OFF-PA-10003465,37.94,Low,No
5527,CA-2016-137106,TEC-PH-10000011,79.96,Low,No
5528,CA-2018-136609,OFF-PA-10004381,115.296,Medium,No
5529,CA-2018-160885,TEC-PH-10001795,2479.96,High,Yes
5530,US-2017-167472,TEC-AC-10001109,179.94,Medium,No
5531,US-2017-167472,TEC-AC-10003038,26.85,Low,No
5532,US-2017-167472,TEC-AC-10003174,323.37,Medium,No
5533,US-2017-167472,OFF-PA-10000157,59.94,Low,No
5534,US-2017-167472,OFF-BI-10001721,64.14,Low,No
5535,US-2017-167472,OFF-BI-10000591,11.67,Low,No
5536,US-2017-167472,OFF-PA-10001534,12.96,Low,No
5537,CA-2016-120551,OFF-BI-10002071,17.43,Low,No
5538,US-2018-150595,FUR-CH-10000513,181.986,Medium,No
5539,US-2018-150595,OFF-BI-10003274,1.592,Low,No
5540,US-2018-150595,OFF-SU-10000381,22.344,Low,No
5541,CA-2017-134936,FUR-TA-10001086,455.97,Medium,No
5542,CA-2017-134936,OFF-BI-10000174,10.44,Low,No
5543,CA-2017-134936,OFF-BI-10002103,5.214,Low,No
5544,CA-2018-102967,OFF-ST-10001590,67.4,Low,No
5545,CA-2018-151008,FUR-FU-10002396,25.16,Low,No
5546,CA-2018-151008,TEC-PH-10002807,126.56,Medium,No
5547,CA-2015-159800,OFF-AP-10004859,43.68,Low,No
5548,CA-2015-159800,TEC-AC-10003447,139.93,Medium,No
5549,US-2015-159618,OFF-AR-10003183,2.672,Low,No
5550,US-2015-159618,OFF-SU-10000432,16.656,Low,No
5551,US-2015-159618,TEC-AC-10003832,79.512,Low,No
5552,US-2015-159618,OFF-PA-10004100,36.288,Low,No
5553,US-2015-159618,FUR-BO-10004467,67.9932,Low,No
5554,CA-2018-116113,FUR-FU-10002963,10.16,Low,No
5555,CA-2016-125066,FUR-FU-10003829,6.16,Low,No
5556,CA-2016-125066,OFF-AR-10003582,56.3,Low,No
5557,US-2016-114741,OFF-PA-10000048,6.48,Low,No
5558,US-2016-114741,OFF-ST-10000078,1325.85,High,Yes
5559,US-2016-114741,OFF-LA-10004853,14.94,Low,No
5560,CA-2018-133263,OFF-BI-10001153,34.54,Low,No
5561,CA-2018-133263,TEC-CO-10001449,2999.95,High,Yes
5562,CA-2018-133263,OFF-BI-10000474,64.12,Low,No
5563,CA-2018-157966,OFF-AR-10000799,19.456,Low,No
5564,CA-2018-157966,TEC-MA-10002109,209.986,Medium,No
5565,CA-2018-157966,OFF-AR-10003338,29.76,Low,No
5566,CA-2018-157966,FUR-CH-10003606,89.768,Low,No
5567,CA-2018-157966,TEC-CO-10001449,959.984,High,Yes
5568,CA-2018-157966,OFF-PA-10001934,15.552,Low,No
5569,CA-2018-157966,TEC-PH-10001527,34.36,Low,No
5570,CA-2015-151162,OFF-PA-10001033,98.376,Low,No
5571,CA-2015-151162,OFF-BI-10003719,29.94,Low,No
5572,CA-2015-151162,OFF-PA-10003036,17.472,Low,No
5573,CA-2015-151162,TEC-PH-10001870,36.738,Low,No
5574,CA-2015-151162,TEC-PH-10001809,179.94,Medium,No
5575,CA-2017-136686,FUR-FU-10004864,383.64,Medium,No
5576,CA-2017-136686,OFF-AP-10002350,56.52,Low,No
5577,CA-2018-137498,OFF-AR-10003829,6.56,Low,No
5578,CA-2018-137498,FUR-CH-10003833,243.92,Medium,No
5579,CA-2018-137498,OFF-PA-10000143,47.52,Low,No
5580,CA-2018-163818,FUR-FU-10000076,19.98,Low,No
5581,CA-2017-161158,OFF-AR-10000462,8.0,Low,No
5582,CA-2015-116673,FUR-FU-10003829,6.16,Low,No
5583,CA-2018-105333,OFF-ST-10002182,83.56,Low,No
5584,CA-2018-105333,TEC-PH-10001468,546.06,High,Yes
5585,CA-2018-105333,OFF-ST-10001809,269.49,Medium,No
5586,CA-2016-149993,OFF-FA-10001561,10.9,Low,No
5587,CA-2015-168158,OFF-BI-10001759,6.096,Low,No
5588,CA-2017-115224,OFF-ST-10000615,34.05,Low,No
5589,CA-2017-115224,OFF-ST-10003816,352.38,Medium,No
5590,CA-2015-164742,FUR-CH-10002880,245.98,Medium,No
5591,CA-2015-164742,OFF-BI-10004738,18.94,Low,No
5592,US-2018-108014,OFF-BI-10003984,59.913,Low,No
5593,CA-2018-160325,TEC-PH-10000984,391.98,Medium,No
5594,CA-2018-160325,TEC-PH-10001944,437.85,Medium,No
5595,CA-2016-159779,OFF-BI-10002735,68.62,Low,No
5596,CA-2018-151176,OFF-SU-10001165,25.02,Low,No
5597,CA-2018-151176,OFF-AR-10000614,10.71,Low,No
5598,CA-2015-108903,OFF-AR-10004010,55.984,Low,No
5599,CA-2015-108903,OFF-EN-10004030,14.48,Low,No
5600,CA-2015-108903,TEC-AC-10003023,142.488,Medium,No
5601,CA-2017-117919,OFF-ST-10003572,14.16,Low,No
5602,CA-2017-117919,OFF-PA-10004353,79.92,Low,No
5603,CA-2016-142475,OFF-BI-10003718,590.352,High,Yes
5604,CA-2017-134516,FUR-FU-10001546,17.088,Low,No
5605,CA-2017-134516,FUR-CH-10002880,98.392,Low,No
5606,CA-2018-105193,OFF-AR-10001547,11.05,Low,No
5607,CA-2016-168634,OFF-AP-10001626,7.78,Low,No
5608,CA-2018-117198,TEC-AC-10003033,659.9,High,Yes
5609,CA-2016-145828,TEC-AC-10002323,53.04,Low,No
5610,CA-2018-121027,TEC-AC-10002049,843.9,High,Yes
5611,CA-2018-121027,TEC-AC-10002253,1496.16,High,Yes
5612,CA-2017-147431,OFF-ST-10003994,117.96,Medium,No
5613,CA-2017-158001,OFF-AR-10002399,21.3,Low,No
5614,CA-2017-158001,OFF-AP-10002118,1040.8,High,Yes
5615,CA-2017-158001,OFF-AR-10001954,29.34,Low,No
5616,CA-2018-125745,FUR-FU-10001591,19.52,Low,No
5617,CA-2016-101154,OFF-ST-10004186,443.92,Medium,No
5618,US-2017-124163,TEC-AC-10001908,499.95,Medium,No
5619,US-2017-124163,OFF-AR-10000817,3.04,Low,No
5620,US-2017-124163,FUR-CH-10004218,201.96,Medium,No
5621,US-2017-124163,FUR-FU-10000755,68.64,Low,No
5622,CA-2017-121748,TEC-AC-10003063,100.0,Medium,No
5623,CA-2017-121748,TEC-AC-10002637,359.98,Medium,No
5624,CA-2015-126683,FUR-FU-10001706,6.16,Low,No
5625,CA-2015-126683,FUR-TA-10002958,2348.82,High,Yes
5626,CA-2018-148810,OFF-LA-10004689,13.872,Low,No
5627,CA-2018-148810,FUR-CH-10001545,273.552,Medium,No
5628,US-2017-146066,FUR-TA-10002530,815.292,High,Yes
5629,CA-2015-127614,TEC-AC-10001432,234.45,Medium,No
5630,CA-2015-127614,FUR-TA-10003715,1256.22,High,Yes
5631,CA-2015-127614,OFF-BI-10003291,17.46,Low,No
5632,CA-2017-101742,OFF-BI-10004187,10.528,Low,No
5633,CA-2016-134943,OFF-BI-10000666,152.8,Medium,No
5634,CA-2018-123022,OFF-BI-10002225,82.56,Low,No
5635,CA-2018-123022,TEC-AC-10000474,284.97,Medium,No
5636,CA-2018-113208,FUR-FU-10004245,60.84,Low,No
5637,CA-2015-154893,FUR-CH-10004287,1325.76,High,Yes
5638,CA-2015-154893,FUR-CH-10000595,572.16,High,Yes
5639,CA-2015-147900,OFF-PA-10003063,28.8,Low,No
5640,CA-2018-106355,OFF-AR-10000246,11.12,Low,No
5641,CA-2017-127985,FUR-FU-10003274,7.04,Low,No
5642,CA-2016-166604,OFF-EN-10004147,17.94,Low,No
5643,CA-2018-120719,OFF-BI-10002103,34.76,Low,No
5644,CA-2018-127117,FUR-FU-10004018,74.45,Low,No
5645,CA-2016-104241,FUR-FU-10001473,192.22,Medium,No
5646,CA-2018-168179,OFF-PA-10001800,19.44,Low,No
5647,CA-2018-142342,OFF-PA-10004609,32.4,Low,No
5648,CA-2018-142342,OFF-EN-10002592,57.9,Low,No
5649,CA-2018-142342,OFF-ST-10002957,10.56,Low,No
5650,CA-2018-142342,FUR-BO-10002613,1194.165,High,Yes
5651,CA-2018-109099,OFF-PA-10001033,40.99,Low,No
5652,US-2015-134187,OFF-AR-10000940,2.94,Low,No
5653,CA-2017-145261,OFF-BI-10001670,45.24,Low,No
5654,CA-2017-145261,OFF-AR-10004078,18.688,Low,No
5655,CA-2017-145261,OFF-PA-10003036,11.648,Low,No
5656,CA-2017-145261,TEC-AC-10000991,112.776,Medium,No
5657,CA-2017-145261,FUR-TA-10002530,377.45,Medium,No
5658,CA-2017-145261,OFF-LA-10000407,15.936,Low,No
5659,CA-2017-145261,TEC-PH-10004833,28.68,Low,No
5660,CA-2017-108875,FUR-FU-10002671,21.44,Low,No
5661,CA-2017-108875,OFF-ST-10001370,511.056,High,Yes
5662,CA-2017-141957,OFF-AR-10000914,18.656,Low,No
5663,CA-2017-141957,OFF-BI-10001116,11.088,Low,No
5664,CA-2017-141957,OFF-ST-10002276,66.688,Low,No
5665,CA-2017-141957,OFF-ST-10004340,99.488,Low,No
5666,CA-2017-142405,OFF-LA-10004093,14.62,Low,No
5667,CA-2017-142405,OFF-BI-10004728,53.984,Low,No
5668,CA-2017-142405,TEC-AC-10003095,389.97,Medium,No
5669,CA-2016-141012,FUR-FU-10003192,355.36,Medium,No
5670,CA-2016-141012,TEC-PH-10004522,140.376,Medium,No
5671,CA-2018-127922,OFF-EN-10003068,15.84,Low,No
5672,CA-2018-127922,OFF-PA-10001204,8.448,Low,No
5673,CA-2017-146318,OFF-PA-10003953,12.96,Low,No
5674,CA-2015-135993,TEC-PH-10001552,57.408,Low,No
5675,CA-2015-135993,TEC-AC-10004877,27.6,Low,No
5676,CA-2015-126802,FUR-FU-10000193,38.976,Low,No
5677,CA-2017-143924,OFF-FA-10000735,20.44,Low,No
5678,CA-2017-143924,OFF-PA-10002120,109.92,Medium,No
5679,CA-2017-141551,OFF-BI-10001249,6.38,Low,No
5680,CA-2017-141551,OFF-PA-10001569,6.48,Low,No
5681,CA-2015-164315,OFF-PA-10004248,15.84,Low,No
5682,CA-2015-164315,TEC-PH-10001128,1049.93,High,Yes
5683,CA-2015-164315,OFF-AP-10003842,154.9,Medium,No
5684,CA-2016-131072,OFF-BI-10002794,98.352,Low,No
5685,CA-2015-131541,OFF-FA-10000621,14.32,Low,No
5686,CA-2015-131541,FUR-FU-10003623,129.888,Medium,No
5687,CA-2015-131541,OFF-EN-10000781,48.944,Low,No
5688,CA-2016-119550,FUR-CH-10002044,275.058,Medium,No
5689,US-2016-138093,OFF-AR-10000817,27.36,Low,No
5690,US-2016-138093,OFF-PA-10001509,44.75,Low,No
5691,US-2016-138093,TEC-PH-10004667,134.99,Medium,No
5692,US-2016-138093,OFF-PA-10000143,26.4,Low,No
5693,US-2016-138093,FUR-CH-10000785,542.94,High,Yes
5694,CA-2017-126165,FUR-TA-10001676,71.088,Low,No
5695,CA-2018-126123,OFF-BI-10000309,27.396,Low,No
5696,CA-2018-126123,OFF-BI-10004224,13.456,Low,No
5697,CA-2017-143441,OFF-LA-10002312,11.84,Low,No
5698,CA-2018-148320,OFF-PA-10003022,35.88,Low,No
5699,CA-2017-125661,OFF-EN-10001532,40.752,Low,No
5700,CA-2017-125661,TEC-AC-10004855,139.96,Medium,No
5701,US-2015-123519,OFF-AR-10003829,2.624,Low,No
5702,US-2015-123519,FUR-TA-10002645,136.53,Medium,No
5703,US-2015-123519,TEC-AC-10003033,263.96,Medium,No
5704,CA-2015-155593,OFF-SU-10002522,11.64,Low,No
5705,CA-2018-136000,OFF-BI-10004828,40.176,Low,No
5706,US-2016-160857,FUR-FU-10001095,79.44,Low,No
5707,US-2016-160857,OFF-SU-10000157,357.93,Medium,No
5708,US-2016-160857,FUR-CH-10002647,127.764,Medium,No
5709,US-2016-160857,TEC-CO-10004115,2799.944,High,Yes
5710,US-2016-160857,OFF-PA-10003363,19.44,Low,No
5711,CA-2018-115805,TEC-PH-10003092,36.792,Low,No
5712,US-2015-143707,TEC-PH-10003655,5.94,Low,No
5713,CA-2018-116939,OFF-ST-10001476,177.55,Medium,No
5714,CA-2016-124107,TEC-AC-10002049,619.95,High,Yes
5715,CA-2016-124107,TEC-PH-10003875,29.16,Low,No
5716,CA-2016-124107,OFF-EN-10003286,57.96,Low,No
5717,CA-2016-124107,OFF-AP-10003971,29.403,Low,No
5718,CA-2018-126550,OFF-ST-10001031,81.4,Low,No
5719,CA-2016-138674,OFF-FA-10000304,8.72,Low,No
5720,CA-2016-138674,TEC-AC-10000358,91.176,Low,No
5721,CA-2016-138674,TEC-AC-10002800,159.968,Medium,No
5722,CA-2017-165820,OFF-PA-10004735,12.96,Low,No
5723,CA-2015-103191,OFF-ST-10002574,331.536,Medium,No
5724,CA-2016-103933,TEC-AC-10004171,899.91,High,Yes
5725,CA-2016-110548,TEC-PH-10002922,946.344,High,Yes
5726,CA-2018-117324,TEC-AC-10003023,178.11,Medium,No
5727,CA-2018-117324,OFF-AP-10003590,1089.75,High,Yes
5728,CA-2018-117324,OFF-LA-10003510,61.06,Low,No
5729,CA-2018-117324,FUR-BO-10003159,459.92,Medium,No
5730,CA-2018-117324,OFF-PA-10002713,27.52,Low,No
5731,CA-2018-143574,FUR-BO-10002598,638.82,High,Yes
5732,CA-2018-143574,OFF-SU-10002537,30.69,Low,No
5733,CA-2018-143574,FUR-FU-10003976,25.16,Low,No
5734,CA-2015-111773,OFF-BI-10000174,13.92,Low,No
5735,CA-2015-148614,OFF-PA-10002893,19.36,Low,No
5736,CA-2015-148614,FUR-FU-10003194,19.3,Low,No
5737,CA-2017-156139,OFF-BI-10004233,38.376,Low,No
5738,US-2018-147886,OFF-PA-10000232,12.96,Low,No
5739,US-2018-147886,FUR-FU-10001095,26.48,Low,No
5740,US-2018-147886,TEC-MA-10004679,532.72,High,Yes
5741,US-2018-147886,OFF-PA-10003651,26.72,Low,No
5742,US-2018-147886,OFF-PA-10000743,20.04,Low,No
5743,US-2018-147886,OFF-ST-10002743,795.48,High,Yes
5744,US-2018-147886,FUR-FU-10003829,21.56,Low,No
5745,CA-2017-113733,TEC-PH-10002496,249.584,Medium,No
5746,CA-2017-113733,TEC-AC-10002473,68.112,Low,No
5747,CA-2017-113733,TEC-AC-10004877,16.56,Low,No
5748,CA-2018-104913,TEC-PH-10000923,74.95,Low,No
5749,CA-2015-145800,FUR-TA-10001539,355.455,Medium,No
5750,CA-2017-125850,OFF-LA-10003498,44.4,Low,No
5751,CA-2017-125850,OFF-LA-10004484,20.65,Low,No
5752,CA-2017-118514,FUR-CH-10000015,866.4,High,Yes
5753,CA-2016-150749,OFF-AR-10003732,5.56,Low,No
5754,CA-2015-163748,OFF-AP-10004052,3.16,Low,No
5755,CA-2015-163748,TEC-CO-10002095,1999.96,High,Yes
5756,CA-2016-119634,FUR-FU-10004270,46.152,Low,No
5757,CA-2016-149300,TEC-MA-10000423,32.985,Low,No
5758,US-2017-111528,OFF-ST-10001526,481.32,Medium,No
5759,US-2017-111528,OFF-BI-10002194,6.384,Low,No
5760,CA-2018-158169,OFF-AP-10000828,542.94,High,Yes
5761,CA-2018-158169,FUR-FU-10001473,54.92,Low,No
5762,CA-2016-162047,FUR-CH-10004983,1448.82,High,Yes
5763,CA-2016-117772,OFF-ST-10003994,353.88,Medium,No
5764,US-2015-126340,TEC-PH-10004447,333.576,Medium,No
5765,CA-2017-149685,OFF-LA-10004545,60.144,Low,No
5766,CA-2018-126396,TEC-AC-10003116,85.2,Low,No
5767,CA-2016-154900,OFF-LA-10001641,3.15,Low,No
5768,CA-2016-154900,OFF-PA-10002377,22.72,Low,No
5769,CA-2016-103835,FUR-FU-10000010,14.91,Low,No
5770,CA-2016-103835,OFF-AP-10002651,1158.12,High,Yes
5771,CA-2016-158939,TEC-CO-10002313,599.99,High,Yes
5772,CA-2017-117408,OFF-ST-10001580,23.968,Low,No
5773,CA-2017-142398,FUR-CH-10001545,638.288,High,Yes
5774,CA-2017-142398,OFF-BI-10004826,13.208,Low,No
5775,CA-2017-105277,OFF-BI-10000301,15.528,Low,No
5776,CA-2017-112060,OFF-PA-10000994,104.85,Medium,No
5777,CA-2015-105270,OFF-AR-10003156,30.48,Low,No
5778,CA-2015-105270,FUR-CH-10000988,112.648,Medium,No
5779,US-2016-159513,TEC-MA-10003329,71.976,Low,No
5780,CA-2016-155586,OFF-AR-10001547,2.21,Low,No
5781,CA-2016-155586,OFF-EN-10003072,15.52,Low,No
5782,CA-2016-155586,OFF-PA-10000726,36.44,Low,No
5783,CA-2018-141117,FUR-BO-10001972,217.764,Medium,No
5784,CA-2018-141117,OFF-SU-10004664,39.072,Low,No
5785,CA-2018-141117,OFF-BI-10003676,22.638,Low,No
5786,CA-2018-141117,OFF-AR-10003727,95.144,Low,No
5787,CA-2018-115070,FUR-FU-10003829,12.32,Low,No
5788,CA-2018-115070,OFF-BI-10003712,4.419,Low,No
5789,CA-2018-140186,OFF-FA-10002280,35.0,Low,No
5790,CA-2018-140186,FUR-CH-10002961,72.784,Low,No
5791,CA-2018-140186,OFF-AP-10002578,97.84,Low,No
5792,CA-2018-140186,FUR-FU-10004848,51.75,Low,No
5793,CA-2018-140186,OFF-BI-10003364,46.672,Low,No
5794,CA-2015-124856,OFF-ST-10002615,1395.54,High,Yes
5795,CA-2015-124856,FUR-FU-10000521,117.36,Medium,No
5796,CA-2015-124856,OFF-LA-10000121,18.9,Low,No
5797,CA-2015-124856,OFF-PA-10001289,77.52,Low,No
5798,CA-2015-166716,FUR-CH-10004495,421.372,Medium,No
5799,CA-2015-123225,TEC-PH-10000895,575.968,High,Yes
5800,CA-2015-123225,OFF-PA-10000552,10.368,Low,No
5801,CA-2016-163440,TEC-PH-10000376,15.984,Low,No
5802,US-2018-106796,OFF-AR-10003504,10.272,Low,No
5803,CA-2018-113873,OFF-ST-10000943,61.792,Low,No
5804,CA-2018-113873,FUR-BO-10003441,205.9992,Medium,No
5805,CA-2017-149783,OFF-PA-10002195,12.192,Low,No
5806,CA-2017-149783,OFF-AP-10001205,87.168,Low,No
5807,CA-2017-149783,OFF-AR-10002987,31.744,Low,No
5808,CA-2017-125017,FUR-FU-10000723,132.224,Medium,No
5809,US-2016-163279,OFF-PA-10003127,105.52,Medium,No
5810,US-2016-163279,FUR-FU-10000747,91.96,Low,No
5811,US-2016-163279,TEC-PH-10001795,1487.976,High,Yes
5812,CA-2016-150196,OFF-PA-10003797,19.44,Low,No
5813,US-2016-106495,TEC-AC-10002718,11.672,Low,No
5814,CA-2015-124730,TEC-PH-10002170,279.96,Medium,No
5815,CA-2015-124730,OFF-BI-10001078,12.912,Low,No
5816,CA-2015-124730,OFF-BI-10001031,17.088,Low,No
5817,CA-2015-124730,OFF-LA-10001158,93.15,Low,No
5818,CA-2015-124730,OFF-LA-10001613,11.52,Low,No
5819,CA-2018-117632,OFF-SU-10000157,238.62,Medium,No
5820,CA-2018-117632,OFF-AP-10004868,7.77,Low,No
5821,CA-2018-117632,FUR-TA-10001520,285.48,Medium,No
5822,CA-2018-117632,OFF-BI-10001900,19.168,Low,No
5823,CA-2015-115056,OFF-AP-10003971,26.136,Low,No
5824,CA-2018-161067,OFF-PA-10000418,419.4,Medium,No
5825,CA-2018-161067,FUR-CH-10004626,90.801,Low,No
5826,CA-2018-161067,FUR-CH-10004860,181.764,Medium,No
5827,CA-2018-161067,OFF-AR-10003251,5.56,Low,No
5828,CA-2017-122063,FUR-TA-10004575,581.96,High,Yes
5829,CA-2017-122063,FUR-CH-10004754,29.98,Low,No
5830,CA-2016-111206,TEC-AC-10003095,519.96,High,Yes
5831,CA-2017-142895,OFF-LA-10000262,6.264,Low,No
5832,CA-2017-142895,FUR-CH-10002961,363.92,Medium,No
5833,CA-2016-101868,OFF-BI-10003876,64.2,Low,No
5834,CA-2016-101868,OFF-BI-10002133,38.52,Low,No
5835,CA-2016-101868,TEC-AC-10004396,72.6,Low,No
5836,CA-2018-133207,TEC-PH-10004100,57.568,Low,No
5837,CA-2016-132948,OFF-ST-10000636,83.7,Low,No
5838,CA-2016-134992,OFF-PA-10001972,32.4,Low,No
5839,CA-2016-134992,FUR-FU-10002554,47.98,Low,No
5840,CA-2016-126725,TEC-PH-10003174,415.968,Medium,No
5841,CA-2016-126725,OFF-ST-10001418,304.9,Medium,No
5842,CA-2016-126725,FUR-FU-10002813,80.96,Low,No
5843,CA-2016-126725,OFF-ST-10000129,777.21,High,Yes
5844,CA-2016-126725,OFF-PA-10001639,32.4,Low,No
5845,CA-2016-126725,FUR-CH-10001708,225.568,Medium,No
5846,CA-2016-126725,FUR-FU-10001591,36.6,Low,No
5847,CA-2016-121783,OFF-AP-10003849,715.64,High,Yes
5848,CA-2016-121783,OFF-ST-10000078,795.51,High,Yes
5849,CA-2016-121783,TEC-CO-10001571,549.99,High,Yes
5850,CA-2016-121783,OFF-BI-10001658,74.76,Low,No
5851,CA-2016-121783,FUR-FU-10004351,29.22,Low,No
5852,US-2015-138835,OFF-BI-10003314,9.64,Low,No
5853,CA-2016-112214,OFF-ST-10001505,33.488,Low,No
5854,CA-2016-112214,OFF-SU-10003567,23.04,Low,No
5855,CA-2016-112214,OFF-BI-10002982,1.362,Low,No
5856,CA-2016-112214,FUR-FU-10002364,14.76,Low,No
5857,US-2018-153255,FUR-BO-10004218,239.666,Medium,No
5858,CA-2016-108119,FUR-TA-10002530,301.96,Medium,No
5859,CA-2016-157434,OFF-PA-10001526,7.968,Low,No
5860,CA-2017-101525,OFF-PA-10001497,109.92,Medium,No
5861,CA-2017-101525,OFF-PA-10003936,19.44,Low,No
5862,CA-2017-101525,OFF-AR-10000716,11.16,Low,No
5863,US-2015-117968,OFF-AP-10002765,79.47,Low,No
5864,US-2015-117968,OFF-AR-10004165,4.56,Low,No
5865,US-2015-117968,FUR-CH-10002335,1133.35,High,Yes
5866,CA-2017-158211,OFF-AR-10004078,4.672,Low,No
5867,CA-2017-158211,OFF-BI-10002026,104.58,Medium,No
5868,CA-2017-152247,FUR-CH-10001215,1603.136,High,Yes
5869,CA-2017-128223,FUR-TA-10001771,1293.488,High,Yes
5870,CA-2017-154235,FUR-FU-10004006,127.95,Medium,No
5871,CA-2018-129910,OFF-ST-10003282,59.76,Low,No
5872,CA-2018-133095,OFF-BI-10002353,108.08,Medium,No
5873,CA-2018-133095,OFF-BI-10004141,9.54,Low,No
5874,CA-2016-130554,OFF-AR-10001954,11.736,Low,No
5875,CA-2015-152443,OFF-BI-10001071,447.86,Medium,No
5876,CA-2015-152443,OFF-PA-10003022,17.94,Low,No
5877,CA-2015-152443,OFF-AP-10001293,245.88,Medium,No
5878,CA-2017-133319,OFF-PA-10001815,192.16,Medium,No
5879,CA-2017-133935,FUR-CH-10001215,801.568,High,Yes
5880,CA-2017-133935,OFF-PA-10000100,368.91,Medium,No
5881,CA-2017-133935,FUR-CH-10002880,885.528,High,Yes
5882,CA-2017-136301,FUR-FU-10004712,28.28,Low,No
5883,CA-2017-136301,OFF-SU-10000151,4912.59,High,Yes
5884,US-2015-109456,OFF-BI-10000136,14.352,Low,No
5885,US-2015-109456,TEC-AC-10003610,179.97,Medium,No
5886,CA-2018-151596,OFF-ST-10001837,42.76,Low,No
5887,CA-2016-147879,OFF-PA-10001952,45.68,Low,No
5888,CA-2017-166625,OFF-BI-10002414,25.06,Low,No
5889,CA-2017-146157,OFF-PA-10001790,38.432,Low,No
5890,CA-2017-146157,OFF-ST-10001590,21.568,Low,No
5891,CA-2017-146157,TEC-AC-10003657,81.576,Low,No
5892,CA-2018-159954,OFF-BI-10004876,2.78,Low,No
5893,CA-2018-100825,OFF-ST-10003123,99.87,Low,No
5894,CA-2015-168305,OFF-LA-10003498,44.4,Low,No
5895,CA-2015-168305,OFF-PA-10004947,21.4,Low,No
5896,CA-2017-167682,FUR-FU-10003799,71.12,Low,No
5897,CA-2017-167682,TEC-PH-10000673,259.96,Medium,No
5898,CA-2018-108000,OFF-EN-10002621,9.78,Low,No
5899,CA-2016-146465,OFF-BI-10004528,24.192,Low,No
5900,CA-2017-159639,FUR-FU-10001889,31.56,Low,No
5901,US-2018-153948,OFF-PA-10000157,59.94,Low,No
5902,US-2018-153948,OFF-PA-10002764,45.36,Low,No
5903,US-2018-153948,OFF-PA-10000143,26.4,Low,No
5904,US-2018-153948,OFF-LA-10000414,41.4,Low,No
5905,US-2018-153948,TEC-AC-10003441,16.95,Low,No
5906,US-2017-113985,OFF-BI-10002353,24.704,Low,No
5907,US-2017-113985,OFF-AP-10001303,59.7,Low,No
5908,US-2017-113985,FUR-FU-10003026,14.52,Low,No
5909,US-2017-113985,OFF-BI-10000632,104.184,Medium,No
5910,CA-2017-155383,OFF-ST-10001328,46.53,Low,No
5911,CA-2015-120432,OFF-SU-10004661,25.5,Low,No
5912,US-2016-126977,OFF-ST-10000617,14.9,Low,No
5913,US-2016-126977,OFF-LA-10002762,87.71,Low,No
5914,US-2016-126977,FUR-CH-10001973,199.764,Medium,No
5915,US-2016-126977,OFF-ST-10003058,94.6,Low,No
5916,US-2016-126977,FUR-BO-10004834,4228.704,High,Yes
5917,US-2016-126977,FUR-BO-10002213,2003.92,High,Yes
5918,US-2016-126977,TEC-PH-10002170,209.97,Medium,No
5919,US-2016-126977,TEC-AC-10003033,659.9,High,Yes
5920,US-2016-126977,OFF-PA-10004071,110.96,Medium,No
5921,US-2016-126977,TEC-PH-10000169,67.8,Low,No
5922,CA-2017-130288,FUR-TA-10002958,313.176,Medium,No
5923,CA-2018-146458,OFF-AR-10001177,22.96,Low,No
5924,CA-2018-150420,TEC-AC-10004975,1099.5,High,Yes
5925,US-2015-118997,FUR-TA-10001086,1215.92,High,Yes
5926,CA-2015-114314,OFF-LA-10000240,7.31,Low,No
5927,CA-2015-114314,FUR-FU-10002107,8.92,Low,No
5928,US-2018-169551,FUR-BO-10001519,87.21,Low,No
5929,US-2018-169551,OFF-PA-10004100,15.552,Low,No
5930,US-2018-169551,TEC-PH-10001363,683.988,High,Yes
5931,US-2018-169551,OFF-ST-10004835,13.392,Low,No
5932,US-2018-169551,TEC-AC-10002018,16.776,Low,No
5933,US-2018-169551,TEC-AC-10003033,527.92,High,Yes
5934,CA-2017-103107,FUR-FU-10000221,25.4,Low,No
5935,CA-2017-103107,TEC-PH-10001198,177.48,Medium,No
5936,CA-2017-103107,TEC-PH-10002564,71.976,Low,No
5937,CA-2018-122077,TEC-PH-10003811,95.992,Low,No
5938,CA-2018-122077,OFF-LA-10004178,13.216,Low,No
5939,CA-2018-112431,TEC-AC-10001465,435.84,Medium,No
5940,CA-2018-112431,OFF-AR-10000940,5.88,Low,No
5941,CA-2017-151092,TEC-PH-10001700,211.168,Medium,No
5942,CA-2015-104178,FUR-FU-10000771,6.28,Low,No
5943,CA-2015-104178,TEC-AC-10002399,95.1,Low,No
5944,CA-2015-104178,OFF-PA-10004983,25.92,Low,No
5945,CA-2015-104178,OFF-ST-10004258,48.84,Low,No
5946,CA-2016-115924,OFF-BI-10004040,25.9,Low,No
5947,CA-2018-161046,OFF-EN-10003862,42.68,Low,No
5948,CA-2018-161046,TEC-AC-10004571,299.97,Medium,No
5949,CA-2018-161046,OFF-AP-10000891,262.24,Medium,No
5950,CA-2018-161046,OFF-BI-10002026,234.36,Medium,No
5951,US-2018-141698,OFF-PA-10001826,20.736,Low,No
5952,US-2015-105151,OFF-AR-10001231,10.5,Low,No
5953,CA-2015-155796,FUR-FU-10000409,23.968,Low,No
5954,CA-2015-155796,FUR-BO-10002545,521.96,High,Yes
5955,CA-2017-127138,OFF-ST-10002756,676.55,High,Yes
5956,CA-2017-127138,OFF-AP-10003842,154.9,Medium,No
5957,CA-2017-127138,OFF-EN-10004459,30.56,Low,No
5958,CA-2017-127138,FUR-CH-10003746,770.352,High,Yes
5959,CA-2018-150602,FUR-FU-10003142,21.12,Low,No
5960,CA-2015-140732,TEC-PH-10001425,575.928,High,Yes
5961,CA-2015-140732,OFF-AP-10001626,7.78,Low,No
5962,CA-2015-140732,OFF-PA-10003625,123.92,Medium,No
5963,CA-2018-119011,OFF-SU-10004768,17.22,Low,No
5964,CA-2018-119011,OFF-ST-10000777,226.56,Medium,No
5965,CA-2018-119011,TEC-PH-10003171,107.88,Medium,No
5966,CA-2017-166912,OFF-PA-10001033,81.98,Low,No
5967,CA-2015-141726,OFF-PA-10000418,104.85,Medium,No
5968,CA-2015-141726,OFF-BI-10001982,8.704,Low,No
5969,CA-2015-141726,OFF-PA-10002230,19.92,Low,No
5970,CA-2015-141726,FUR-FU-10003577,43.02,Low,No
5971,CA-2018-115105,FUR-BO-10001811,240.784,Medium,No
5972,CA-2016-143980,OFF-AP-10003779,414.96,Medium,No
5973,CA-2017-135636,OFF-ST-10000676,387.72,Medium,No
5974,CA-2018-102155,OFF-ST-10001496,360.38,Medium,No
5975,CA-2018-102155,OFF-PA-10003673,13.56,Low,No
5976,CA-2018-116953,TEC-PH-10004614,552.0,High,Yes
5977,CA-2015-117765,FUR-TA-10001039,429.9,Medium,No
5978,CA-2015-117765,OFF-BI-10000474,32.06,Low,No
5979,CA-2015-117765,FUR-CH-10004698,161.96,Medium,No
5980,CA-2015-117765,OFF-ST-10003327,19.86,Low,No
5981,CA-2017-114895,OFF-PA-10000232,12.96,Low,No
5982,CA-2018-112984,OFF-PA-10003657,20.544,Low,No
5983,CA-2017-163776,FUR-FU-10001185,185.58,Medium,No
5984,CA-2017-163776,OFF-BI-10003007,77.56,Low,No
5985,CA-2017-163776,OFF-ST-10002485,87.92,Low,No
5986,CA-2017-163776,OFF-PA-10001033,245.94,Medium,No
5987,CA-2017-163776,OFF-BI-10000404,8.6,Low,No
5988,CA-2017-163776,FUR-BO-10003546,504.9,High,Yes
5989,US-2018-163300,OFF-BI-10004390,2357.488,High,Yes
5990,US-2018-163300,TEC-PH-10001700,369.544,Medium,No
5991,US-2018-163300,FUR-CH-10003396,184.752,Medium,No
5992,CA-2017-162187,OFF-ST-10001558,64.96,Low,No
5993,CA-2017-162187,OFF-SU-10004782,13.52,Low,No
5994,CA-2017-162187,FUR-CH-10003298,458.43,Medium,No
5995,CA-2017-162187,OFF-AP-10000576,387.136,Medium,No
5996,CA-2017-162187,FUR-TA-10003008,328.59,Medium,No
5997,US-2015-112991,FUR-CH-10001708,338.352,Medium,No
5998,US-2015-112991,OFF-PA-10000019,25.92,Low,No
5999,US-2015-112991,OFF-PA-10002222,91.36,Low,No
6000,CA-2015-124079,FUR-FU-10002553,87.96,Low,No
6001,CA-2015-124079,OFF-BI-10002103,5.214,Low,No
6002,US-2018-146878,OFF-BI-10002794,12.294,Low,No
6003,CA-2018-107244,FUR-FU-10002597,19.76,Low,No
6004,CA-2016-100657,FUR-CH-10003535,109.764,Medium,No
6005,CA-2018-129581,TEC-PH-10001527,128.85,Medium,No
6006,CA-2018-129028,FUR-FU-10004006,127.95,Medium,No
6007,CA-2016-135580,OFF-PA-10000595,68.52,Low,No
6008,CA-2016-135580,OFF-ST-10000798,74.94,Low,No
6009,CA-2016-135580,TEC-MA-10004002,2548.56,High,Yes
6010,CA-2016-135580,OFF-EN-10003296,271.44,Medium,No
6011,CA-2016-135580,TEC-PH-10004345,287.88,Medium,No
6012,CA-2017-159016,OFF-PA-10004405,14.9,Low,No
6013,CA-2017-159016,TEC-PH-10002885,4158.912,High,Yes
6014,CA-2015-102652,FUR-FU-10000747,91.96,Low,No
6015,CA-2015-102652,FUR-FU-10001918,33.11,Low,No
6016,CA-2015-102652,OFF-PA-10003309,19.44,Low,No
6017,CA-2015-102652,OFF-PA-10001977,55.48,Low,No
6018,CA-2015-152422,OFF-AP-10002892,91.92,Low,No
6019,US-2017-156692,OFF-AP-10002222,17.34,Low,No
6020,US-2017-156692,TEC-AC-10000158,71.98,Low,No
6021,CA-2015-130869,OFF-EN-10002600,7.08,Low,No
6022,US-2018-128832,TEC-AC-10004855,69.98,Low,No
6023,CA-2018-139717,OFF-AP-10000938,646.272,High,Yes
6024,CA-2018-139717,OFF-PA-10002195,10.368,Low,No
6025,CA-2018-136007,OFF-FA-10002701,8.4,Low,No
6026,CA-2018-136007,TEC-PH-10003589,71.96,Low,No
6027,CA-2017-157364,OFF-AR-10003752,18.48,Low,No
6028,US-2017-112970,OFF-AR-10003829,9.84,Low,No
6029,US-2018-152492,FUR-CH-10000155,239.24,Medium,No
6030,CA-2017-101168,FUR-FU-10003142,21.12,Low,No
6031,CA-2018-104010,OFF-SU-10001218,54.9,Low,No
6032,CA-2016-130253,FUR-FU-10002963,15.24,Low,No
6033,US-2016-155369,OFF-AP-10002578,19.568,Low,No
6034,US-2016-155369,OFF-BI-10003925,310.392,Medium,No
6035,CA-2017-131205,FUR-FU-10003347,42.6,Low,No
6036,CA-2017-131205,OFF-BI-10000315,113.94,Medium,No
6037,CA-2017-131205,OFF-ST-10002583,129.92,Medium,No
6038,CA-2017-131205,OFF-AR-10003469,5.28,Low,No
6039,CA-2018-122364,TEC-PH-10001817,859.2,High,Yes
6040,CA-2018-122364,TEC-MA-10001031,506.28,High,Yes
6041,CA-2017-117912,FUR-FU-10002088,14.368,Low,No
6042,CA-2018-145702,FUR-CH-10001482,314.352,Medium,No
6043,CA-2018-145702,OFF-PA-10001526,27.888,Low,No
6044,CA-2016-113215,FUR-FU-10002937,238.152,Medium,No
6045,CA-2017-154662,FUR-TA-10001771,692.94,High,Yes
6046,CA-2016-105571,OFF-BI-10003305,16.146,Low,No
6047,CA-2016-105571,OFF-BI-10001359,1345.485,High,Yes
6048,CA-2017-152765,OFF-PA-10000483,173.488,Medium,No
6049,CA-2016-153878,OFF-AR-10000658,57.75,Low,No
6050,CA-2016-153878,OFF-AP-10001205,272.4,Medium,No
6051,CA-2017-124016,OFF-PA-10002586,11.952,Low,No
6052,CA-2017-124016,FUR-FU-10004963,28.0,Low,No
6053,CA-2017-124016,OFF-BI-10002071,12.201,Low,No
6054,CA-2017-113551,OFF-BI-10001617,2.068,Low,No
6055,CA-2017-113551,OFF-PA-10004665,83.84,Low,No
6056,CA-2015-107524,OFF-EN-10001990,11.36,Low,No
6057,CA-2015-107524,OFF-PA-10000587,36.4,Low,No
6058,CA-2015-138072,TEC-AC-10004859,27.968,Low,No
6059,CA-2016-134201,OFF-ST-10001476,142.04,Medium,No
6060,CA-2016-134201,OFF-AR-10002804,14.67,Low,No
6061,CA-2016-111780,TEC-CO-10004202,1199.96,High,Yes
6062,CA-2016-111780,OFF-PA-10001307,12.6,Low,No
6063,CA-2016-111780,OFF-PA-10001667,17.94,Low,No
6064,CA-2016-119942,OFF-LA-10001569,23.904,Low,No
6065,CA-2016-151547,OFF-SU-10000898,88.96,Low,No
6066,CA-2018-166695,FUR-CH-10000225,518.272,High,Yes
6067,CA-2018-166695,FUR-FU-10002191,6.98,Low,No
6068,CA-2018-166695,TEC-MA-10003176,343.2,Medium,No
6069,CA-2018-167542,OFF-LA-10004093,17.544,Low,No
6070,CA-2016-120901,OFF-ST-10000025,152.688,Medium,No
6071,CA-2016-120901,OFF-FA-10001561,3.488,Low,No
6072,CA-2016-120901,OFF-SU-10001225,5.888,Low,No
6073,CA-2018-121398,OFF-BI-10001718,153.552,Medium,No
6074,CA-2018-121398,OFF-ST-10002756,270.62,Medium,No
6075,CA-2017-151561,TEC-AC-10001432,468.9,Medium,No
6076,CA-2017-151561,TEC-AC-10003399,72.48,Low,No
6077,CA-2017-151561,OFF-SU-10001574,10.95,Low,No
6078,CA-2017-151561,FUR-FU-10004864,191.82,Medium,No
6079,CA-2018-154676,OFF-ST-10001172,151.056,Medium,No
6080,US-2015-165589,FUR-FU-10002396,25.16,Low,No
6081,US-2017-132577,OFF-BI-10004040,6.216,Low,No
6082,US-2017-132577,OFF-AR-10003481,23.616,Low,No
6083,US-2017-132577,TEC-AC-10000387,24.032,Low,No
6084,US-2017-132577,OFF-LA-10000262,2.088,Low,No
6085,US-2017-132577,OFF-BI-10003196,4.488,Low,No
6086,CA-2016-114048,FUR-FU-10004351,29.22,Low,No
6087,CA-2016-137281,OFF-PA-10001870,6.48,Low,No
6088,US-2018-162068,OFF-BI-10002813,1.188,Low,No
6089,CA-2018-100111,FUR-CH-10003846,272.646,Medium,No
6090,CA-2018-100111,TEC-AC-10002647,212.8,Medium,No
6091,CA-2018-100111,OFF-PA-10000807,38.52,Low,No
6092,CA-2018-100111,TEC-AC-10001465,72.64,Low,No
6093,CA-2018-100111,OFF-ST-10000615,45.4,Low,No
6094,CA-2018-100111,OFF-PA-10002713,13.76,Low,No
6095,CA-2018-100111,FUR-CH-10003061,80.991,Low,No
6096,CA-2018-100111,OFF-BI-10000343,11.784,Low,No
6097,CA-2018-100111,OFF-FA-10000304,4.36,Low,No
6098,CA-2018-100111,FUR-CH-10004086,2888.127,High,Yes
6099,CA-2018-100111,TEC-PH-10002885,1299.66,High,Yes
6100,CA-2018-100111,FUR-CH-10001215,2254.41,High,Yes
6101,CA-2018-100111,TEC-PH-10000215,104.85,Medium,No
6102,CA-2018-100111,TEC-AC-10001998,59.97,Low,No
6103,US-2018-132381,FUR-TA-10002356,314.532,Medium,No
6104,CA-2016-147011,OFF-AR-10002399,13.632,Low,No
6105,CA-2015-120852,OFF-AP-10001563,19.432,Low,No
6106,CA-2015-120852,TEC-AC-10004510,65.44,Low,No
6107,CA-2017-150007,OFF-LA-10001982,6.0,Low,No
6108,CA-2017-150007,OFF-BI-10004141,1.908,Low,No
6109,CA-2017-124590,FUR-CH-10004495,1474.802,High,Yes
6110,CA-2017-124590,OFF-AP-10002311,110.096,Medium,No
6111,CA-2017-124590,OFF-FA-10000585,16.752,Low,No
6112,CA-2017-124590,FUR-CH-10000454,1537.074,High,Yes
6113,CA-2017-124590,FUR-CH-10003746,449.372,Medium,No
6114,CA-2017-133802,OFF-BI-10003291,41.904,Low,No
6115,US-2017-113677,TEC-PH-10002114,2279.96,High,Yes
6116,US-2017-113677,OFF-LA-10001569,14.94,Low,No
6117,CA-2018-143378,TEC-PH-10001425,191.976,Medium,No
6118,CA-2018-143378,OFF-AR-10001915,23.832,Low,No
6119,CA-2018-143378,FUR-FU-10004864,409.216,Medium,No
6120,CA-2018-143378,FUR-BO-10001972,72.588,Low,No
6121,CA-2018-152660,OFF-ST-10000532,61.568,Low,No
6122,CA-2016-142139,OFF-PA-10003883,20.96,Low,No
6123,CA-2018-145772,TEC-AC-10003038,44.75,Low,No
6124,CA-2018-145772,OFF-PA-10001593,11.96,Low,No
6125,CA-2018-145772,OFF-BI-10002049,3.912,Low,No
6126,CA-2017-124100,FUR-CH-10003817,327.996,Medium,No
6127,US-2015-158400,OFF-BI-10002353,49.408,Low,No
6128,CA-2018-162033,TEC-AC-10003116,53.25,Low,No
6129,CA-2018-162033,OFF-FA-10003021,3.76,Low,No
6130,CA-2015-163447,FUR-CH-10004477,767.214,High,Yes
6131,CA-2018-145737,OFF-PA-10001033,163.96,Medium,No
6132,CA-2017-148096,FUR-TA-10004152,161.28,Medium,No
6133,CA-2017-146766,OFF-AR-10002135,192.8,Medium,No
6134,CA-2016-105613,TEC-AC-10000521,27.696,Low,No
6135,CA-2016-105613,OFF-AP-10000026,73.164,Low,No
6136,US-2017-142251,OFF-PA-10002986,32.064,Low,No
6137,CA-2015-131247,FUR-BO-10001337,205.666,Medium,No
6138,US-2016-113593,OFF-ST-10000532,115.44,Medium,No
6139,CA-2018-121083,OFF-PA-10001497,274.8,Medium,No
6140,CA-2018-121083,OFF-ST-10002554,195.64,Medium,No
6141,CA-2018-121083,TEC-PH-10001336,257.98,Medium,No
6142,CA-2018-121083,OFF-AR-10002987,119.04,Medium,No
6143,CA-2018-151190,OFF-PA-10000575,20.07,Low,No
6144,CA-2015-133543,OFF-AR-10003394,11.76,Low,No
6145,CA-2018-105130,OFF-AR-10003394,11.76,Low,No
6146,CA-2018-105130,OFF-BI-10001191,40.736,Low,No
6147,CA-2017-161928,TEC-PH-10003484,201.584,Medium,No
6148,CA-2018-101322,FUR-CH-10003968,340.704,Medium,No
6149,US-2017-106600,FUR-BO-10001608,354.9,Medium,No
6150,CA-2015-111871,FUR-BO-10004218,1198.33,High,Yes
6151,CA-2018-139437,OFF-ST-10002485,87.92,Low,No
6152,CA-2018-151484,FUR-FU-10001876,51.968,Low,No
6153,CA-2018-151484,OFF-ST-10002370,51.336,Low,No
6154,CA-2018-151484,OFF-ST-10000142,332.704,Medium,No
6155,CA-2018-151484,FUR-FU-10004671,42.408,Low,No
6156,CA-2017-104150,OFF-EN-10002504,81.54,Low,No
6157,CA-2017-104150,TEC-AC-10004803,167.28,Medium,No
6158,CA-2017-161025,OFF-ST-10001932,772.68,High,Yes
6159,CA-2015-103989,TEC-PH-10004667,323.976,Medium,No
6160,CA-2015-103989,OFF-LA-10000443,11.808,Low,No
6161,CA-2015-103989,OFF-ST-10000918,26.16,Low,No
6162,CA-2015-103989,OFF-BI-10001196,33.57,Low,No
6163,CA-2015-103989,FUR-FU-10003981,4.992,Low,No
6164,CA-2015-103989,FUR-FU-10002508,20.016,Low,No
6165,CA-2015-103989,TEC-AC-10002647,170.24,Medium,No
6166,CA-2016-142433,OFF-PA-10002377,117.456,Medium,No
6167,CA-2016-132815,OFF-PA-10004530,22.96,Low,No
6168,CA-2015-101266,OFF-PA-10002986,13.36,Low,No
6169,CA-2017-141523,OFF-BI-10000948,34.248,Low,No
6170,CA-2017-141523,OFF-AR-10001545,3.52,Low,No
6171,US-2015-106299,OFF-BI-10001758,26.7,Low,No
6172,US-2015-106299,TEC-AC-10003237,21.2,Low,No
6173,US-2015-106299,OFF-ST-10002011,838.38,High,Yes
6174,CA-2016-158421,FUR-CH-10000309,1690.04,High,Yes
6175,CA-2016-158421,OFF-ST-10002444,85.96,Low,No
6176,CA-2016-158421,OFF-EN-10001453,121.96,Medium,No
6177,CA-2016-158421,OFF-PA-10001801,23.92,Low,No
6178,CA-2016-158421,OFF-ST-10000563,63.96,Low,No
6179,CA-2016-158421,TEC-PH-10000369,629.95,High,Yes
6180,CA-2016-158421,TEC-PH-10002538,113.73,Medium,No
6181,CA-2016-158421,OFF-BI-10000050,14.6,Low,No
6182,CA-2016-158421,OFF-ST-10004186,887.84,High,Yes
6183,CA-2017-143609,FUR-CH-10004218,403.92,Medium,No
6184,CA-2016-138331,OFF-AR-10002952,106.8,Medium,No
6185,CA-2016-138954,OFF-ST-10003058,70.95,Low,No
6186,CA-2016-138954,OFF-BI-10003963,34.944,Low,No
6187,CA-2016-138954,OFF-AR-10001955,119.04,Medium,No
6188,CA-2018-157903,TEC-PH-10004345,383.84,Medium,No
6189,CA-2017-157259,FUR-FU-10003192,799.56,High,Yes
6190,CA-2018-107986,OFF-ST-10001325,31.44,Low,No
6191,CA-2018-104927,OFF-PA-10000019,25.92,Low,No
6192,CA-2018-104927,OFF-BI-10003429,6.33,Low,No
6193,CA-2018-104927,OFF-PA-10000176,75.88,Low,No
6194,CA-2018-113453,TEC-PH-10004165,329.988,Medium,No
6195,CA-2018-113453,OFF-ST-10000352,71.376,Low,No
6196,CA-2016-149909,OFF-PA-10000726,63.77,Low,No
6197,CA-2016-149909,TEC-PH-10001536,50.97,Low,No
6198,CA-2016-149909,OFF-PA-10001790,96.08,Low,No
6199,CA-2016-146675,TEC-CO-10001766,1439.968,High,Yes
6200,CA-2016-146675,TEC-AC-10004396,43.56,Low,No
6201,CA-2017-118332,FUR-CH-10001708,563.92,High,Yes
6202,CA-2017-133669,TEC-PH-10001305,235.152,Medium,No
6203,CA-2018-145660,FUR-FU-10002885,7.712,Low,No
6204,CA-2017-133697,OFF-PA-10000726,51.016,Low,No
6205,CA-2017-133697,OFF-FA-10003112,25.248,Low,No
6206,CA-2017-133697,FUR-CH-10002372,56.686,Low,No
6207,CA-2018-148138,OFF-ST-10000563,51.168,Low,No
6208,CA-2018-119809,OFF-BI-10003925,2793.528,High,Yes
6209,CA-2018-119809,OFF-ST-10003306,1000.02,High,Yes
6210,CA-2018-119809,FUR-FU-10001475,65.94,Low,No
6211,CA-2018-149944,OFF-FA-10003495,18.24,Low,No
6212,CA-2018-149944,OFF-AP-10004708,76.12,Low,No
6213,CA-2015-128538,OFF-EN-10001219,7.64,Low,No
6214,CA-2016-161711,FUR-FU-10000087,68.16,Low,No
6215,CA-2016-161711,OFF-EN-10001539,62.24,Low,No
6216,US-2016-129553,TEC-PH-10004897,29.97,Low,No
6217,CA-2017-160220,TEC-PH-10001300,125.7,Medium,No
6218,CA-2017-160220,TEC-PH-10001557,191.98,Medium,No
6219,CA-2017-160220,OFF-ST-10000617,20.86,Low,No
6220,US-2018-157224,OFF-LA-10000121,56.7,Low,No
6221,CA-2018-140627,FUR-FU-10000087,72.704,Low,No
6222,CA-2018-140627,OFF-AR-10000422,12.264,Low,No
6223,CA-2018-140627,OFF-ST-10004123,218.352,Medium,No
6224,CA-2016-133445,FUR-BO-10003660,66.294,Low,No
6225,CA-2016-133445,FUR-CH-10000422,291.168,Medium,No
6226,CA-2015-148782,TEC-PH-10002923,88.776,Low,No
6227,CA-2017-148208,TEC-PH-10004093,110.376,Medium,No
6228,CA-2017-148208,TEC-AC-10000171,55.176,Low,No
6229,CA-2018-127656,OFF-AR-10001166,30.32,Low,No
6230,US-2018-142188,FUR-CH-10003199,177.568,Medium,No
6231,US-2018-142188,OFF-PA-10002005,19.44,Low,No
6232,US-2018-142188,OFF-PA-10004101,71.28,Low,No
6233,US-2018-142188,OFF-BI-10004600,1471.96,High,Yes
6234,US-2018-142188,TEC-PH-10000127,79.96,Low,No
6235,CA-2017-144400,OFF-EN-10004386,57.576,Low,No
6236,US-2017-155180,OFF-BI-10004506,26.336,Low,No
6237,CA-2016-134075,FUR-FU-10004597,166.5,Medium,No
6238,CA-2016-134075,OFF-ST-10001496,360.38,Medium,No
6239,US-2017-131912,OFF-BI-10004236,11.744,Low,No
6240,CA-2018-141572,FUR-FU-10001185,247.44,Medium,No
6241,CA-2015-134621,OFF-BI-10000977,18.24,Low,No
6242,CA-2017-165561,OFF-SU-10004782,25.35,Low,No
6243,CA-2016-112305,OFF-AR-10002067,119.04,Medium,No
6244,CA-2016-112305,FUR-FU-10002364,22.14,Low,No
6245,CA-2016-112305,TEC-AC-10002018,13.98,Low,No
6246,CA-2018-121580,OFF-BI-10000632,43.41,Low,No
6247,CA-2018-121580,FUR-FU-10003981,6.24,Low,No
6248,CA-2018-121580,OFF-AP-10001564,465.16,Medium,No
6249,CA-2018-121580,OFF-PA-10004082,7.98,Low,No
6250,CA-2015-101147,OFF-AP-10004249,2.394,Low,No
6251,CA-2015-165806,OFF-PA-10003441,58.32,Low,No
6252,CA-2015-165806,TEC-PH-10004922,200.97,Medium,No
6253,CA-2016-151624,FUR-FU-10001731,21.36,Low,No
6254,CA-2018-139444,OFF-LA-10000134,9.856,Low,No
6255,CA-2016-133977,OFF-BI-10003166,3.444,Low,No
6256,CA-2018-141425,OFF-SU-10000646,384.592,Medium,No
6257,CA-2016-133536,OFF-EN-10004459,22.92,Low,No
6258,CA-2016-150441,OFF-BI-10003529,11.36,Low,No
6259,CA-2016-162607,OFF-BI-10002949,14.592,Low,No
6260,CA-2018-103506,OFF-LA-10001158,41.4,Low,No
6261,CA-2017-132479,OFF-BI-10004584,442.372,Medium,No
6262,CA-2018-160724,OFF-BI-10004965,34.5,Low,No
6263,US-2017-115952,OFF-BI-10004654,28.85,Low,No
6264,CA-2015-146731,OFF-PA-10000141,3.488,Low,No
6265,CA-2015-146731,OFF-PA-10001019,143.856,Medium,No
6266,CA-2016-115392,TEC-PH-10002496,311.98,Medium,No
6267,CA-2016-115392,OFF-BI-10000829,22.45,Low,No
6268,CA-2018-102379,TEC-PH-10001448,39.992,Low,No
6269,CA-2018-102379,FUR-CH-10004983,1159.056,High,Yes
6270,CA-2018-102379,OFF-AR-10004022,179.9,Medium,No
6271,CA-2018-149706,TEC-AC-10001284,116.312,Medium,No
6272,US-2017-139087,FUR-FU-10001847,12.42,Low,No
6273,US-2017-139087,TEC-AC-10004595,428.4,Medium,No
6274,US-2017-139087,FUR-FU-10004164,24.75,Low,No
6275,US-2017-139087,OFF-LA-10001074,87.71,Low,No
6276,US-2017-139087,OFF-ST-10000604,69.52,Low,No
6277,US-2017-139087,TEC-PH-10000148,20.784,Low,No
6278,US-2017-139087,OFF-BI-10000042,12.816,Low,No
6279,CA-2018-152226,OFF-LA-10000443,5.904,Low,No
6280,CA-2016-116484,FUR-FU-10002874,63.824,Low,No
6281,CA-2016-116484,OFF-ST-10003994,141.552,Medium,No
6282,CA-2017-100944,OFF-EN-10001453,304.9,Medium,No
6283,CA-2017-100944,FUR-CH-10000988,563.24,High,Yes
6284,CA-2017-125080,FUR-TA-10003238,661.176,High,Yes
6285,CA-2017-121020,TEC-PH-10001061,239.976,Medium,No
6286,CA-2015-100090,FUR-TA-10003715,502.488,High,Yes
6287,CA-2015-100090,OFF-BI-10001597,196.704,Medium,No
6288,US-2016-139675,FUR-CH-10004063,915.136,High,Yes
6289,US-2016-139675,FUR-FU-10001979,327.76,Medium,No
6290,CA-2018-143756,FUR-CH-10001854,701.96,High,Yes
6291,CA-2016-151253,TEC-PH-10002923,88.776,Low,No
6292,CA-2016-151253,OFF-AR-10004691,64.14,Low,No
6293,CA-2015-141152,OFF-BI-10002931,33.552,Low,No
6294,CA-2015-141313,OFF-AP-10002651,1737.18,High,Yes
6295,CA-2015-141313,OFF-ST-10000689,704.25,High,Yes
6296,CA-2015-141313,OFF-PA-10003302,141.76,Medium,No
6297,CA-2015-169852,OFF-BI-10001460,36.36,Low,No
6298,CA-2018-107314,FUR-FU-10003489,25.83,Low,No
6299,US-2015-161305,OFF-BI-10002794,24.588,Low,No
6300,US-2015-161305,OFF-EN-10000461,13.984,Low,No
6301,CA-2018-166919,TEC-PH-10001305,195.96,Medium,No
6302,CA-2018-162712,OFF-PA-10000167,74.352,Low,No
6303,CA-2018-107552,OFF-PA-10002947,6.68,Low,No
6304,CA-2017-163328,OFF-SU-10002301,17.584,Low,No
6305,CA-2017-163328,FUR-CH-10003298,104.784,Medium,No
6306,CA-2017-163328,OFF-PA-10004353,47.952,Low,No
6307,CA-2017-163328,FUR-CH-10000229,650.352,High,Yes
6308,CA-2017-163328,OFF-LA-10003930,629.184,High,Yes
6309,CA-2017-163328,OFF-PA-10000176,15.176,Low,No
6310,CA-2015-112837,FUR-FU-10004006,127.95,Medium,No
6311,CA-2018-120019,OFF-ST-10001932,579.51,High,Yes
6312,CA-2018-120019,TEC-PH-10000923,14.99,Low,No
6313,CA-2015-100762,OFF-AR-10000380,151.92,Medium,No
6314,CA-2015-100762,OFF-LA-10003930,196.62,Medium,No
6315,CA-2015-100762,OFF-PA-10001815,144.12,Medium,No
6316,CA-2015-100762,OFF-PA-10004082,15.96,Low,No
6317,CA-2018-161459,TEC-PH-10004071,39.96,Low,No
6318,CA-2018-161459,OFF-PA-10002377,34.08,Low,No
6319,CA-2018-160017,OFF-PA-10001800,10.368,Low,No
6320,CA-2015-123316,OFF-BI-10002764,7.752,Low,No
6321,CA-2015-141299,OFF-EN-10004459,15.28,Low,No
6322,CA-2015-104402,TEC-MA-10000423,65.97,Low,No
6323,CA-2016-110289,OFF-PA-10002986,33.4,Low,No
6324,CA-2016-110289,OFF-EN-10001434,210.84,Medium,No
6325,CA-2015-167927,OFF-ST-10000760,13.98,Low,No
6326,CA-2015-167927,FUR-FU-10002918,272.94,Medium,No
6327,CA-2015-167927,OFF-BI-10000605,19.05,Low,No
6328,CA-2015-167927,OFF-AP-10002311,247.716,Medium,No
6329,CA-2015-167927,OFF-ST-10003123,66.58,Low,No
6330,CA-2015-167927,OFF-AR-10004456,43.92,Low,No
6331,CA-2015-167927,FUR-FU-10002268,14.73,Low,No
6332,CA-2015-167927,OFF-BI-10004364,29.7,Low,No
6333,CA-2015-133305,OFF-PA-10001970,49.12,Low,No
6334,CA-2015-133305,OFF-BI-10002954,18.28,Low,No
6335,CA-2017-165995,FUR-FU-10000672,47.04,Low,No
6336,CA-2017-165995,TEC-PH-10004908,339.96,Medium,No
6337,CA-2018-143112,TEC-PH-10003095,87.8,Low,No
6338,CA-2018-143112,FUR-CH-10002880,221.382,Medium,No
6339,CA-2018-143112,TEC-MA-10001047,5199.96,High,Yes
6340,US-2017-105830,OFF-ST-10002554,156.512,Medium,No
6341,CA-2016-146255,TEC-AC-10004469,119.85,Medium,No
6342,CA-2016-146255,OFF-BI-10000309,30.44,Low,No
6343,CA-2016-146255,OFF-BI-10001765,69.28,Low,No
6344,CA-2016-146255,TEC-PH-10001619,587.97,High,Yes
6345,CA-2018-104822,OFF-LA-10002034,24.55,Low,No
6346,CA-2016-104486,OFF-BI-10000309,12.176,Low,No
6347,CA-2016-104486,OFF-ST-10000876,37.32,Low,No
6348,CA-2016-104486,OFF-SU-10002573,35.06,Low,No
6349,CA-2018-161557,FUR-FU-10004622,108.4,Medium,No
6350,CA-2018-161130,TEC-PH-10002549,361.376,Medium,No
6351,US-2016-161347,OFF-BI-10004209,2.412,Low,No
6352,US-2016-109015,OFF-AP-10001962,8.39,Low,No
6353,US-2016-109015,TEC-PH-10002922,337.98,Medium,No
6354,CA-2015-110611,OFF-ST-10000642,83.92,Low,No
6355,CA-2018-139080,OFF-BI-10001757,19.68,Low,No
6356,CA-2018-139080,OFF-PA-10004621,25.92,Low,No
6357,CA-2018-139080,OFF-PA-10002262,6.48,Low,No
6358,CA-2018-139080,TEC-PH-10004100,86.352,Low,No
6359,CA-2016-115693,OFF-AR-10003582,56.3,Low,No
6360,US-2015-107993,OFF-AR-10003179,51.016,Low,No
6361,CA-2018-110443,OFF-BI-10001670,150.8,Medium,No
6362,CA-2018-110443,TEC-MA-10002073,1039.992,High,Yes
6363,CA-2018-110443,OFF-PA-10003797,51.84,Low,No
6364,CA-2018-144848,TEC-PH-10004006,41.22,Low,No
6365,CA-2018-144848,OFF-SU-10000646,240.37,Medium,No
6366,CA-2018-144848,TEC-PH-10002262,119.02,Medium,No
6367,US-2018-147998,OFF-BI-10002082,133.12,Medium,No
6368,CA-2017-103919,FUR-FU-10001756,38.08,Low,No
6369,CA-2017-113425,FUR-BO-10002598,113.568,Medium,No
6370,CA-2018-143035,FUR-FU-10001934,83.92,Low,No
6371,CA-2018-143035,OFF-AR-10001130,6.63,Low,No
6372,CA-2018-143035,TEC-AC-10002049,371.97,Medium,No
6373,CA-2015-107811,FUR-CH-10001394,561.584,High,Yes
6374,CA-2015-107811,OFF-ST-10000798,99.92,Low,No
6375,CA-2017-163216,OFF-LA-10000134,4.928,Low,No
6376,US-2017-116442,FUR-FU-10002364,14.76,Low,No
6377,CA-2018-150623,TEC-AC-10004571,99.99,Low,No
6378,CA-2018-150623,OFF-ST-10003692,286.15,Medium,No
6379,US-2015-163797,OFF-FA-10001883,49.792,Low,No
6380,CA-2017-127236,FUR-BO-10004015,299.975,Medium,No
6381,CA-2017-127236,TEC-PH-10000141,158.376,Medium,No
6382,US-2018-104661,OFF-BI-10001597,32.784,Low,No
6383,US-2018-104661,TEC-AC-10003628,47.984,Low,No
6384,US-2018-104661,TEC-AC-10002331,62.592,Low,No
6385,US-2018-104661,OFF-BI-10001098,4.276,Low,No
6386,CA-2015-134103,OFF-PA-10001204,10.56,Low,No
6387,CA-2015-134103,OFF-ST-10000991,229.94,Medium,No
6388,CA-2016-147529,OFF-EN-10000056,311.15,Medium,No
6389,CA-2016-147529,OFF-PA-10003349,12.96,Low,No
6390,CA-2017-129126,OFF-PA-10001471,14.62,Low,No
6391,CA-2017-129126,OFF-LA-10003190,5.76,Low,No
6392,CA-2017-129126,OFF-FA-10000621,21.48,Low,No
6393,CA-2017-129126,FUR-FU-10002937,396.92,Medium,No
6394,CA-2017-129126,OFF-ST-10004507,17.15,Low,No
6395,CA-2017-129126,OFF-BI-10000279,23.12,Low,No
6396,CA-2018-131632,OFF-AR-10003651,5.248,Low,No
6397,CA-2018-151981,TEC-PH-10003601,824.95,High,Yes
6398,CA-2018-151981,OFF-LA-10002195,24.64,Low,No
6399,CA-2018-151981,OFF-AR-10000380,227.88,Medium,No
6400,CA-2018-125472,FUR-BO-10000330,241.96,Medium,No
6401,CA-2018-125472,OFF-BI-10000591,3.89,Low,No
6402,CA-2018-125472,FUR-FU-10001731,8.01,Low,No
6403,CA-2016-156328,TEC-PH-10001198,177.48,Medium,No
6404,CA-2018-154074,FUR-CH-10002331,569.568,High,Yes
6405,CA-2018-154074,OFF-ST-10002370,149.73,Medium,No
6406,CA-2018-161774,FUR-CH-10003981,899.43,High,Yes
6407,CA-2018-161774,OFF-AR-10001446,46.2,Low,No
6408,CA-2018-161774,OFF-PA-10000300,47.952,Low,No
6409,CA-2018-161774,TEC-PH-10004071,7.992,Low,No
6410,CA-2018-161774,OFF-PA-10003134,76.864,Low,No
6411,CA-2018-151211,OFF-BI-10002735,102.93,Medium,No
6412,CA-2018-151211,TEC-AC-10004510,98.16,Low,No
6413,CA-2018-142671,OFF-BI-10004099,11.52,Low,No
6414,CA-2018-144750,OFF-PA-10003395,83.88,Low,No
6415,CA-2017-111976,TEC-PH-10002890,108.576,Medium,No
6416,CA-2017-111976,OFF-FA-10004968,5.984,Low,No
6417,CA-2017-140130,OFF-SU-10001218,21.96,Low,No
6418,CA-2017-140130,FUR-CH-10002084,368.97,Medium,No
6419,CA-2017-140130,OFF-AR-10004269,12.39,Low,No
6420,CA-2017-140130,OFF-ST-10001128,332.94,Medium,No
6421,CA-2015-159121,TEC-AC-10002006,111.93,Medium,No
6422,CA-2016-149650,FUR-CH-10003956,454.272,Medium,No
6423,CA-2018-115777,OFF-PA-10000552,19.44,Low,No
6424,CA-2017-143714,TEC-CO-10004722,8399.976,High,Yes
6425,CA-2017-143714,OFF-BI-10004308,6.294,Low,No
6426,CA-2017-143714,OFF-PA-10000029,10.368,Low,No
6427,CA-2017-143714,TEC-PH-10004080,122.382,Medium,No
6428,CA-2015-165764,OFF-ST-10001558,25.984,Low,No
6429,CA-2015-165764,FUR-TA-10001768,945.036,High,Yes
6430,CA-2015-165764,OFF-BI-10002982,14.301,Low,No
6431,CA-2015-165764,FUR-FU-10001468,410.352,Medium,No
6432,CA-2016-121405,OFF-PA-10001838,23.52,Low,No
6433,CA-2016-121405,TEC-PH-10002890,180.96,Medium,No
6434,US-2018-116897,FUR-FU-10004963,35.0,Low,No
6435,US-2018-116897,OFF-ST-10000025,477.15,Medium,No
6436,US-2018-116897,TEC-PH-10004389,302.376,Medium,No
6437,US-2018-113992,FUR-TA-10000577,974.988,High,Yes
6438,CA-2015-166891,FUR-CH-10003298,589.41,High,Yes
6439,CA-2017-101161,OFF-AR-10001860,34.7,Low,No
6440,CA-2017-101161,OFF-ST-10003123,99.87,Low,No
6441,CA-2017-101161,OFF-PA-10001295,37.94,Low,No
6442,CA-2017-101161,OFF-LA-10000407,24.9,Low,No
6443,CA-2017-101161,FUR-FU-10003535,82.26,Low,No
6444,CA-2016-151785,OFF-FA-10000611,7.104,Low,No
6445,US-2018-119816,FUR-FU-10004848,103.5,Medium,No
6446,US-2018-119816,OFF-LA-10002381,2.464,Low,No
6447,US-2018-119816,OFF-ST-10000918,8.72,Low,No
6448,CA-2016-156510,OFF-BI-10000822,10.76,Low,No
6449,CA-2016-156510,OFF-PA-10002222,45.68,Low,No
6450,CA-2016-156510,OFF-AR-10004930,6.7,Low,No
6451,US-2016-110261,TEC-PH-10001750,158.376,Medium,No
6452,CA-2016-125710,OFF-AR-10000657,3.44,Low,No
6453,CA-2018-161102,OFF-ST-10003442,56.56,Low,No
6454,CA-2018-161102,FUR-FU-10003142,36.96,Low,No
6455,CA-2015-110065,TEC-PH-10002468,135.99,Medium,No
6456,CA-2015-110065,OFF-AR-10004165,15.96,Low,No
6457,US-2018-133361,OFF-AR-10001919,3.76,Low,No
6458,US-2018-133361,OFF-AR-10003045,14.7,Low,No
6459,US-2018-133361,OFF-AR-10003338,37.2,Low,No
6460,US-2018-133361,TEC-AC-10003280,89.97,Low,No
6461,US-2018-133361,FUR-CH-10003298,261.96,Medium,No
6462,US-2018-133361,OFF-LA-10004544,74.0,Low,No
6463,US-2017-155404,FUR-FU-10004586,13.28,Low,No
6464,CA-2016-114503,OFF-ST-10003572,84.96,Low,No
6465,CA-2018-153080,TEC-AC-10002331,68.46,Low,No
6466,CA-2017-163804,OFF-ST-10000142,2079.4,High,Yes
6467,CA-2017-163804,TEC-PH-10000441,629.95,High,Yes
6468,CA-2017-163804,FUR-FU-10004864,72.42,Low,No
6469,CA-2016-108532,TEC-PH-10001750,131.98,Medium,No
6470,CA-2016-108532,TEC-AC-10004510,114.52,Medium,No
6471,CA-2015-151897,OFF-LA-10001074,100.24,Medium,No
6472,CA-2017-113292,OFF-AP-10003590,871.8,High,Yes
6473,CA-2015-149524,FUR-BO-10003433,61.96,Low,No
6474,CA-2018-140872,OFF-BI-10002432,4.554,Low,No
6475,CA-2018-140872,OFF-AP-10003622,5.2,Low,No
6476,CA-2018-140872,TEC-AC-10003832,205.992,Medium,No
6477,CA-2018-140872,OFF-PA-10000809,15.552,Low,No
6478,CA-2018-140872,TEC-PH-10000441,503.96,High,Yes
6479,CA-2018-140872,OFF-AP-10002287,24.472,Low,No
6480,CA-2018-140872,FUR-BO-10002824,241.568,Medium,No
6481,CA-2018-140872,TEC-AC-10002942,110.4,Medium,No
6482,CA-2018-113908,FUR-TA-10001932,384.768,Medium,No
6483,CA-2018-113908,TEC-MA-10003173,78.66,Low,No
6484,CA-2018-113908,OFF-PA-10004156,45.36,Low,No
6485,CA-2016-120621,OFF-AP-10002945,962.08,High,Yes
6486,CA-2016-120621,OFF-BI-10000948,12.843,Low,No
6487,CA-2016-120621,OFF-PA-10002254,295.456,Medium,No
6488,US-2018-148866,OFF-PA-10004782,32.4,Low,No
6489,CA-2015-149594,FUR-FU-10000222,103.936,Medium,No
6490,CA-2017-113845,FUR-BO-10004695,289.568,Medium,No
6491,CA-2017-113845,OFF-ST-10003327,39.72,Low,No
6492,CA-2017-113845,TEC-PH-10003357,244.768,Medium,No
6493,CA-2018-111262,TEC-AC-10002167,24.0,Low,No
6494,CA-2018-111262,OFF-PA-10001937,15.552,Low,No
6495,CA-2018-111262,TEC-AC-10004510,26.176,Low,No
6496,CA-2016-103135,FUR-FU-10001487,20.94,Low,No
6497,CA-2016-103135,OFF-BI-10000069,135.09,Medium,No
6498,CA-2016-103135,TEC-AC-10003289,279.86,Medium,No
6499,CA-2016-103135,OFF-BI-10000069,90.06,Low,No
6500,CA-2015-129147,TEC-PH-10001299,539.964,High,Yes
6501,CA-2015-129147,TEC-PH-10001552,50.232,Low,No
6502,CA-2015-129147,OFF-BI-10001098,19.242,Low,No
6503,CA-2018-128265,OFF-ST-10000142,1247.64,High,Yes
6504,CA-2017-152331,OFF-AR-10001547,5.304,Low,No
6505,US-2017-128909,OFF-PA-10001593,19.136,Low,No
6506,US-2017-128909,FUR-FU-10004071,332.832,Medium,No
6507,CA-2018-102197,OFF-PA-10001970,279.9,Medium,No
6508,CA-2018-102197,OFF-BI-10001524,50.352,Low,No
6509,CA-2018-102197,OFF-PA-10004156,34.02,Low,No
6510,CA-2018-167640,OFF-AR-10003158,23.88,Low,No
6511,CA-2018-167640,OFF-LA-10004559,11.52,Low,No
6512,CA-2018-167640,OFF-PA-10001033,286.93,Medium,No
6513,CA-2018-167640,TEC-PH-10001336,206.384,Medium,No
6514,US-2018-116652,FUR-CH-10002961,218.352,Medium,No
6515,US-2018-116652,FUR-FU-10001488,529.9,High,Yes
6516,US-2018-116652,OFF-AR-10001915,99.3,Low,No
6517,US-2018-116652,OFF-AP-10001205,108.96,Medium,No
6518,US-2018-116652,OFF-BI-10004528,2.688,Low,No
6519,CA-2018-138289,OFF-BI-10004995,5443.96,High,Yes
6520,CA-2018-138289,FUR-CH-10004626,302.67,Medium,No
6521,CA-2018-138289,OFF-PA-10001260,56.07,Low,No
6522,CA-2017-129308,OFF-LA-10002945,10.08,Low,No
6523,CA-2017-129308,TEC-PH-10002310,59.994,Low,No
6524,CA-2017-129308,OFF-BI-10001525,5.715,Low,No
6525,CA-2017-129308,OFF-BI-10001308,9.42,Low,No
6526,CA-2017-157791,TEC-CO-10002095,1999.96,High,Yes
6527,CA-2015-146864,OFF-ST-10004946,216.4,Medium,No
6528,CA-2015-103744,OFF-LA-10004425,6.936,Low,No
6529,CA-2015-103744,OFF-BI-10000320,4.428,Low,No
6530,US-2018-107384,OFF-AR-10001315,8.8,Low,No
6531,US-2018-107384,TEC-AC-10004595,142.8,Medium,No
6532,US-2018-107384,TEC-AC-10001539,399.95,Medium,No
6533,CA-2015-128209,OFF-BI-10001359,2152.776,High,Yes
6534,CA-2015-128209,FUR-BO-10002213,4007.84,High,Yes
6535,CA-2015-169684,FUR-TA-10003008,328.59,Medium,No
6536,CA-2015-169684,OFF-ST-10000934,98.352,Low,No
6537,CA-2016-109862,TEC-PH-10004042,158.99,Medium,No
6538,CA-2016-109862,FUR-CH-10002439,291.1,Medium,No
6539,US-2018-107888,OFF-PA-10001363,73.68,Low,No
6540,US-2018-107888,FUR-FU-10003394,139.92,Medium,No
6541,US-2018-107888,TEC-PH-10003171,107.88,Medium,No
6542,US-2018-107888,OFF-ST-10003123,33.29,Low,No
6543,US-2018-154872,OFF-BI-10003007,58.17,Low,No
6544,US-2018-154872,OFF-LA-10000973,5.04,Low,No
6545,US-2018-154872,OFF-PA-10000483,24.784,Low,No
6546,CA-2015-113880,FUR-CH-10000863,634.116,High,Yes
6547,CA-2015-113880,OFF-PA-10003036,17.472,Low,No
6548,US-2016-164966,FUR-CH-10002304,155.88,Medium,No
6549,CA-2016-126739,FUR-CH-10000422,327.564,Medium,No
6550,CA-2018-161578,OFF-PA-10002986,13.36,Low,No
6551,CA-2018-161578,OFF-ST-10002289,158.9,Medium,No
6552,CA-2015-137092,TEC-AC-10001606,319.968,Medium,No
6553,CA-2015-137092,OFF-ST-10003805,505.32,High,Yes
6554,CA-2015-137092,OFF-PA-10002109,3.808,Low,No
6555,CA-2015-137092,OFF-BI-10000632,8.682,Low,No
6556,CA-2015-137092,OFF-LA-10003510,24.424,Low,No
6557,CA-2016-166947,FUR-CH-10004997,1522.638,High,Yes
6558,CA-2017-160941,OFF-EN-10003001,419.9,Medium,No
6559,CA-2017-160941,OFF-LA-10003766,3.15,Low,No
6560,CA-2018-144680,OFF-AP-10003040,33.62,Low,No
6561,CA-2015-166086,OFF-BI-10001078,16.14,Low,No
6562,CA-2015-166086,FUR-TA-10003469,194.25,Medium,No
6563,CA-2015-166086,OFF-AR-10002578,8.64,Low,No
6564,CA-2015-166086,FUR-CH-10004675,872.32,High,Yes
6565,CA-2018-131282,OFF-BI-10004632,243.992,Medium,No
6566,CA-2018-131282,OFF-AR-10003087,7.12,Low,No
6567,CA-2015-100678,OFF-AR-10001868,2.688,Low,No
6568,CA-2015-100678,FUR-CH-10002602,317.058,Medium,No
6569,CA-2015-100678,OFF-EN-10000056,149.352,Medium,No
6570,CA-2015-100678,TEC-AC-10000474,227.976,Medium,No
6571,CA-2017-161543,OFF-PA-10003971,11.96,Low,No
6572,CA-2017-160535,OFF-ST-10000689,563.4,High,Yes
6573,CA-2017-160535,TEC-MA-10004255,319.92,Medium,No
6574,CA-2018-123085,TEC-AC-10000990,1049.44,High,Yes
6575,CA-2018-123085,FUR-CH-10003968,170.352,Medium,No
6576,CA-2016-153752,TEC-PH-10001615,173.94,Medium,No
6577,CA-2015-103660,TEC-PH-10000895,1007.944,High,Yes
6578,CA-2017-169887,OFF-PA-10003001,6.68,Low,No
6579,CA-2017-169887,OFF-AR-10002766,8.34,Low,No
6580,CA-2017-169887,FUR-FU-10003095,101.94,Medium,No
6581,CA-2017-148516,TEC-AC-10003610,179.97,Medium,No
6582,CA-2018-104731,OFF-AR-10003727,101.94,Medium,No
6583,CA-2018-104731,TEC-PH-10002660,271.96,Medium,No
6584,CA-2018-104731,FUR-FU-10003274,8.8,Low,No
6585,CA-2018-104731,OFF-AR-10003829,19.68,Low,No
6586,CA-2018-104731,FUR-BO-10003441,302.94,Medium,No
6587,CA-2018-104731,OFF-BI-10003355,14.94,Low,No
6588,CA-2018-104731,OFF-SU-10003505,231.72,Medium,No
6589,CA-2015-164749,OFF-LA-10004484,9.912,Low,No
6590,CA-2016-103716,OFF-AR-10000658,34.65,Low,No
6591,CA-2016-103716,TEC-PH-10000347,19.8,Low,No
6592,CA-2017-126795,OFF-BI-10001989,33.568,Low,No
6593,CA-2016-146290,OFF-AR-10001897,125.93,Medium,No
6594,CA-2018-157112,OFF-BI-10000285,11.76,Low,No
6595,CA-2018-157112,OFF-PA-10001804,5.344,Low,No
6596,CA-2015-169257,OFF-BI-10002557,1.365,Low,No
6597,CA-2015-169257,OFF-PA-10002319,62.016,Low,No
6598,CA-2015-154095,FUR-FU-10003849,60.72,Low,No
6599,CA-2015-154095,OFF-PA-10002923,146.82,Medium,No
6600,CA-2015-154095,FUR-CH-10004754,239.84,Medium,No
6601,CA-2015-154095,OFF-LA-10000634,15.66,Low,No
6602,CA-2018-146346,OFF-ST-10001418,146.352,Medium,No
6603,CA-2017-148852,OFF-FA-10003467,5.94,Low,No
6604,CA-2017-148852,OFF-PA-10001293,45.36,Low,No
6605,CA-2017-148852,TEC-PH-10003885,211.168,Medium,No
6606,CA-2017-148852,FUR-CH-10004860,484.704,Medium,No
6607,CA-2017-148852,TEC-MA-10002428,371.976,Medium,No
6608,US-2016-118906,OFF-ST-10002406,89.82,Low,No
6609,CA-2017-168921,OFF-BI-10004209,19.296,Low,No
6610,CA-2016-107678,FUR-CH-10001891,191.96,Medium,No
6611,CA-2016-107678,OFF-BI-10002215,21.3,Low,No
6612,CA-2016-107678,TEC-PH-10002103,469.95,Medium,No
6613,CA-2016-107678,FUR-FU-10003394,209.88,Medium,No
6614,CA-2017-123512,FUR-BO-10004218,239.666,Medium,No
6615,CA-2017-123512,OFF-LA-10000081,22.5,Low,No
6616,CA-2017-123512,OFF-PA-10001497,219.84,Medium,No
6617,US-2018-167402,OFF-PA-10004983,32.4,Low,No
6618,US-2018-167402,OFF-AR-10004010,209.94,Medium,No
6619,US-2018-167402,OFF-SU-10002881,4164.05,High,Yes
6620,US-2018-167402,FUR-BO-10001608,212.94,Medium,No
6621,CA-2015-130449,FUR-FU-10001487,41.88,Low,No
6622,CA-2015-130449,OFF-LA-10001934,58.48,Low,No
6623,CA-2016-141250,FUR-TA-10002855,102.438,Medium,No
6624,CA-2016-141250,FUR-CH-10004875,199.304,Medium,No
6625,CA-2015-145541,TEC-MA-10001127,6999.96,High,Yes
6626,CA-2015-138513,OFF-PA-10003177,12.96,Low,No
6627,CA-2016-135489,TEC-PH-10000011,279.86,Medium,No
6628,CA-2016-125696,OFF-BI-10001757,7.38,Low,No
6629,CA-2017-105081,FUR-CH-10000847,698.352,High,Yes
6630,CA-2017-105081,FUR-TA-10001307,1747.25,High,Yes
6631,US-2017-146857,OFF-AP-10001205,54.48,Low,No
6632,CA-2017-166275,TEC-AC-10001838,199.99,Medium,No
6633,CA-2018-144498,OFF-BI-10003982,68.541,Low,No
6634,CA-2018-144498,TEC-PH-10004977,627.168,High,Yes
6635,CA-2018-144498,OFF-LA-10003510,122.12,Medium,No
6636,CA-2018-103352,OFF-AR-10001573,6.99,Low,No
6637,CA-2018-103352,OFF-BI-10001196,107.424,Medium,No
6638,CA-2015-108609,FUR-TA-10003954,1421.664,High,Yes
6639,CA-2018-128328,OFF-BI-10001989,125.88,Medium,No
6640,CA-2018-128328,TEC-AC-10001714,79.78,Low,No
6641,CA-2018-128328,OFF-LA-10003498,133.2,Medium,No
6642,US-2016-156496,TEC-PH-10000576,438.368,Medium,No
6643,US-2016-156496,TEC-PH-10004188,139.944,Medium,No
6644,US-2016-156496,OFF-AP-10001469,133.472,Medium,No
6645,US-2017-127334,FUR-TA-10003473,564.195,High,Yes
6646,US-2017-127334,OFF-AP-10001205,87.168,Low,No
6647,US-2018-124779,OFF-BI-10002429,42.616,Low,No
6648,US-2018-124779,TEC-CO-10001943,319.984,Medium,No
6649,US-2018-124779,OFF-FA-10004854,45.92,Low,No
6650,US-2018-124779,FUR-FU-10001095,21.184,Low,No
6651,US-2018-124779,OFF-PA-10000061,20.736,Low,No
6652,US-2018-124779,FUR-CH-10003535,213.43,Medium,No
6653,CA-2018-135937,TEC-PH-10004447,333.576,Medium,No
6654,CA-2018-135937,TEC-AC-10001114,31.992,Low,No
6655,CA-2018-135937,OFF-ST-10000563,51.168,Low,No
6656,CA-2018-135937,OFF-EN-10004846,10.64,Low,No
6657,CA-2018-135937,FUR-FU-10002253,68.704,Low,No
6658,CA-2018-135937,FUR-TA-10001039,386.91,Medium,No
6659,CA-2016-129322,OFF-AR-10004587,39.66,Low,No
6660,CA-2016-129322,OFF-AP-10004336,113.92,Medium,No
6661,CA-2016-129322,OFF-BI-10001718,447.86,Medium,No
6662,CA-2018-162173,FUR-TA-10001520,356.85,Medium,No
6663,CA-2018-162173,OFF-EN-10002831,251.58,Medium,No
6664,CA-2017-115483,OFF-PA-10001497,219.84,Medium,No
6665,CA-2018-122175,FUR-FU-10000719,42.85,Low,No
6666,CA-2018-122175,OFF-LA-10002271,6.16,Low,No
6667,CA-2018-122175,OFF-SU-10004661,17.0,Low,No
6668,CA-2018-122175,TEC-AC-10004859,87.4,Low,No
6669,CA-2018-161088,OFF-BI-10002824,29.84,Low,No
6670,CA-2015-154837,OFF-BI-10001575,49.568,Low,No
6671,CA-2016-153794,OFF-AR-10000380,265.86,Medium,No
6672,CA-2016-135510,FUR-FU-10000820,67.96,Low,No
6673,CA-2016-109337,OFF-AR-10003759,10.92,Low,No
6674,CA-2016-109337,TEC-MA-10002930,83.9,Low,No
6675,CA-2016-109337,OFF-AP-10004052,19.75,Low,No
6676,CA-2016-109337,TEC-AC-10000990,393.54,Medium,No
6677,CA-2015-150329,FUR-FU-10003724,46.872,Low,No
6678,CA-2018-145037,OFF-ST-10000918,10.9,Low,No
6679,CA-2018-145037,OFF-PA-10000157,79.92,Low,No
6680,CA-2018-145037,OFF-PA-10002499,146.82,Medium,No
6681,CA-2018-154466,OFF-BI-10002012,3.6,Low,No
6682,CA-2015-109134,FUR-FU-10000320,20.04,Low,No
6683,US-2016-129637,OFF-ST-10003716,180.016,Medium,No
6684,US-2016-129637,FUR-FU-10000965,41.552,Low,No
6685,US-2016-129637,OFF-AR-10003829,13.12,Low,No
6686,CA-2016-165162,OFF-ST-10003470,1117.92,High,Yes
6687,CA-2018-140494,TEC-AC-10004568,111.96,Medium,No
6688,CA-2018-104108,OFF-AR-10000817,12.16,Low,No
6689,US-2018-165869,OFF-BI-10003460,17.52,Low,No
6690,US-2018-165869,OFF-AP-10002472,155.88,Medium,No
6691,CA-2018-160899,OFF-BI-10000632,477.51,Medium,No
6692,CA-2018-144225,OFF-PA-10000062,164.88,Medium,No
6693,US-2017-163538,TEC-AC-10002006,47.97,Low,No
6694,US-2017-155103,OFF-BI-10004318,415.176,Medium,No
6695,US-2017-155103,OFF-BI-10004236,35.232,Low,No
6696,US-2017-155103,OFF-PA-10000062,54.96,Low,No
6697,CA-2018-145429,OFF-PA-10003205,16.34,Low,No
6698,CA-2018-145429,FUR-CH-10000988,225.296,Medium,No
6699,CA-2018-145429,OFF-BI-10001524,50.352,Low,No
6700,CA-2016-153535,FUR-FU-10001986,163.136,Medium,No
6701,CA-2016-153535,OFF-BI-10001031,6.408,Low,No
6702,CA-2016-139164,TEC-PH-10002468,217.584,Medium,No
6703,CA-2016-139164,OFF-FA-10003059,5.43,Low,No
6704,CA-2016-139164,TEC-PH-10003931,143.976,Medium,No
6705,CA-2017-112277,TEC-PH-10003505,519.68,High,Yes
6706,CA-2015-167724,OFF-LA-10002368,7.83,Low,No
6707,CA-2016-123141,FUR-CH-10004287,883.84,High,Yes
6708,CA-2016-123141,FUR-CH-10001891,230.352,Medium,No
6709,CA-2017-149503,OFF-BI-10002133,273.92,Medium,No
6710,CA-2018-163069,OFF-AR-10001419,9.912,Low,No
6711,CA-2018-107629,FUR-FU-10002298,266.352,Medium,No
6712,CA-2018-107629,FUR-FU-10004091,56.328,Low,No
6713,CA-2018-107629,TEC-AC-10004510,39.264,Low,No
6714,CA-2018-107629,OFF-AR-10002987,95.232,Low,No
6715,CA-2017-134789,OFF-FA-10002280,30.0,Low,No
6716,CA-2017-134789,OFF-PA-10001934,25.92,Low,No
6717,CA-2017-134789,FUR-FU-10003268,159.92,Medium,No
6718,CA-2017-130442,OFF-AP-10004859,34.944,Low,No
6719,CA-2018-102974,TEC-AC-10000057,149.95,Medium,No
6720,CA-2018-102974,OFF-AR-10000914,23.32,Low,No
6721,CA-2018-102974,OFF-AR-10004956,16.74,Low,No
6722,US-2018-166394,OFF-FA-10001843,14.82,Low,No
6723,CA-2017-128811,OFF-FA-10000585,10.47,Low,No
6724,CA-2017-128811,OFF-LA-10003720,11.07,Low,No
6725,CA-2017-128811,OFF-BI-10000301,20.704,Low,No
6726,CA-2018-145443,OFF-PA-10003302,177.2,Medium,No
6727,CA-2017-165827,FUR-FU-10001889,50.496,Low,No
6728,CA-2016-156734,OFF-BI-10002982,6.129,Low,No
6729,CA-2016-156734,FUR-CH-10002965,643.136,High,Yes
6730,CA-2016-156734,OFF-PA-10001937,20.736,Low,No
6731,CA-2015-120096,OFF-PA-10001977,177.536,Medium,No
6732,CA-2015-120096,OFF-AP-10000692,32.432,Low,No
6733,CA-2016-141754,OFF-LA-10004093,11.696,Low,No
6734,CA-2017-123358,OFF-AP-10004980,113.76,Medium,No
6735,CA-2017-123358,OFF-ST-10001932,579.51,High,Yes
6736,CA-2017-123358,OFF-ST-10000636,150.66,Medium,No
6737,CA-2017-123358,OFF-BI-10000069,48.032,Low,No
6738,CA-2015-144029,OFF-ST-10001837,102.624,Medium,No
6739,CA-2015-144029,FUR-CH-10003981,359.772,Medium,No
6740,CA-2015-144029,OFF-AR-10000716,13.392,Low,No
6741,US-2018-101784,FUR-CH-10001146,122.136,Medium,No
6742,CA-2016-156923,OFF-PA-10002751,35.88,Low,No
6743,CA-2018-111269,TEC-AC-10001606,479.952,Medium,No
6744,CA-2018-111269,OFF-AR-10001427,23.92,Low,No
6745,CA-2018-159156,TEC-PH-10004389,629.95,High,Yes
6746,CA-2018-100230,OFF-BI-10002498,14.952,Low,No
6747,CA-2018-100230,OFF-PA-10002245,17.94,Low,No
6748,CA-2018-100230,TEC-PH-10004522,116.98,Medium,No
6749,CA-2017-154767,FUR-CH-10003535,121.96,Medium,No
6750,CA-2017-154767,OFF-AP-10000595,8.74,Low,No
6751,CA-2017-154767,OFF-PA-10003039,61.96,Low,No
6752,CA-2017-154767,OFF-BI-10002003,7.96,Low,No
6753,CA-2017-154767,OFF-AP-10002311,275.24,Medium,No
6754,CA-2018-124205,FUR-FU-10002445,47.4,Low,No
6755,CA-2018-124205,FUR-CH-10003606,512.96,High,Yes
6756,CA-2018-124205,TEC-PH-10002115,395.94,Medium,No
6757,CA-2018-124205,OFF-ST-10000934,81.96,Low,No
6758,CA-2018-165715,OFF-AR-10003903,32.776,Low,No
6759,CA-2018-100636,OFF-ST-10004123,272.94,Medium,No
6760,CA-2017-162943,FUR-CH-10001708,253.764,Medium,No
6761,CA-2017-144764,OFF-LA-10000240,29.24,Low,No
6762,CA-2017-144764,OFF-ST-10002485,35.168,Low,No
6763,CA-2017-144764,TEC-MA-10003230,1362.9,High,Yes
6764,CA-2018-100615,FUR-CH-10002602,317.058,Medium,No
6765,CA-2018-100615,OFF-AR-10001683,15.76,Low,No
6766,CA-2018-100615,FUR-FU-10002456,14.56,Low,No
6767,CA-2015-109302,OFF-BI-10002854,196.21,Medium,No
6768,CA-2018-139787,OFF-AR-10002445,35.4,Low,No
6769,CA-2018-139402,OFF-PA-10004359,419.4,Medium,No
6770,CA-2018-139402,OFF-BI-10000279,13.005,Low,No
6771,CA-2017-119018,OFF-BI-10003314,7.712,Low,No
6772,CA-2017-119018,OFF-BI-10000494,4.176,Low,No
6773,CA-2017-119018,OFF-PA-10000295,38.88,Low,No
6774,CA-2016-105361,OFF-PA-10002615,17.64,Low,No
6775,US-2017-152373,OFF-ST-10003479,93.456,Low,No
6776,US-2018-166037,TEC-AC-10002800,449.91,Medium,No
6777,US-2017-147711,FUR-BO-10003159,344.94,Medium,No
6778,US-2017-147711,FUR-FU-10002364,14.76,Low,No
6779,US-2017-147711,OFF-BI-10003350,12.76,Low,No
6780,US-2017-147711,OFF-LA-10004093,58.48,Low,No
6781,CA-2018-121293,FUR-FU-10000732,20.096,Low,No
6782,CA-2018-121293,OFF-SU-10004884,37.752,Low,No
6783,CA-2018-121293,FUR-TA-10001771,138.588,Medium,No
6784,CA-2018-121293,OFF-ST-10000060,259.92,Medium,No
6785,CA-2018-121293,OFF-PA-10004100,20.736,Low,No
6786,CA-2016-118843,FUR-FU-10003975,129.93,Medium,No
6787,CA-2016-118843,OFF-PA-10001712,69.93,Low,No
6788,CA-2016-161445,OFF-AR-10001953,140.736,Medium,No
6789,CA-2017-124527,OFF-BI-10004967,8.32,Low,No
6790,CA-2017-162348,FUR-FU-10003731,9.98,Low,No
6791,CA-2015-141005,OFF-BI-10001989,62.94,Low,No
6792,CA-2016-145394,OFF-ST-10000344,21.488,Low,No
6793,CA-2016-145394,TEC-PH-10001051,239.976,Medium,No
6794,CA-2016-145394,FUR-FU-10001215,34.504,Low,No
6795,CA-2016-168809,FUR-FU-10001473,20.104,Low,No
6796,CA-2016-168809,OFF-BI-10000315,3.798,Low,No
6797,CA-2016-168809,FUR-FU-10002240,7.88,Low,No
6798,CA-2017-109827,FUR-TA-10002607,35.445,Low,No
6799,CA-2017-109827,TEC-MA-10003356,269.97,Medium,No
6800,CA-2017-109827,TEC-AC-10002217,45.12,Low,No
6801,CA-2017-109827,TEC-AC-10004353,100.8,Medium,No
6802,CA-2017-109827,FUR-CH-10004754,47.968,Low,No
6803,CA-2015-152233,TEC-AC-10002800,99.98,Low,No
6804,CA-2015-125682,OFF-PA-10001752,9.96,Low,No
6805,CA-2018-162880,OFF-BI-10003314,3.856,Low,No
6806,CA-2016-128125,OFF-PA-10000357,98.376,Low,No
6807,CA-2016-128125,FUR-FU-10001085,22.38,Low,No
6808,CA-2018-156237,OFF-BI-10000301,3.882,Low,No
6809,CA-2018-156237,TEC-MA-10002930,12.585,Low,No
6810,CA-2018-156237,FUR-CH-10002372,113.372,Medium,No
6811,CA-2018-156237,OFF-BI-10003707,18.312,Low,No
6812,CA-2018-156237,FUR-FU-10001057,127.936,Medium,No
6813,CA-2018-156237,TEC-MA-10001681,241.17,Medium,No
6814,CA-2015-144414,FUR-FU-10003981,6.24,Low,No
6815,CA-2015-144414,OFF-FA-10000624,17.9,Low,No
6816,CA-2015-144414,OFF-BI-10004995,3266.376,High,Yes
6817,CA-2018-163860,OFF-BI-10003784,1.68,Low,No
6818,CA-2018-163860,FUR-FU-10004586,7.968,Low,No
6819,CA-2018-163860,FUR-CH-10004698,113.372,Medium,No
6820,CA-2018-163860,FUR-FU-10001935,2.96,Low,No
6821,US-2018-115609,OFF-AP-10003040,168.1,Medium,No
6822,CA-2016-154291,OFF-EN-10001335,98.46,Low,No
6823,CA-2016-154291,FUR-TA-10002041,358.58,Medium,No
6824,CA-2017-118689,OFF-ST-10001558,32.48,Low,No
6825,CA-2017-118689,TEC-CO-10004722,17499.95,High,Yes
6826,CA-2017-118689,OFF-BI-10004600,735.98,High,Yes
6827,CA-2017-118689,OFF-BI-10003712,34.37,Low,No
6828,CA-2017-118689,OFF-AR-10001958,33.96,Low,No
6829,CA-2017-140438,TEC-PH-10001750,197.97,Medium,No
6830,US-2018-123204,OFF-AP-10002287,17.48,Low,No
6831,CA-2016-112522,OFF-AR-10003183,8.016,Low,No
6832,CA-2017-153101,FUR-TA-10003008,146.04,Medium,No
6833,CA-2017-142615,TEC-AC-10004803,27.88,Low,No
6834,CA-2018-142643,OFF-LA-10003510,152.65,Medium,No
6835,CA-2018-142643,FUR-FU-10000087,22.72,Low,No
6836,CA-2016-116260,OFF-AR-10003732,11.12,Low,No
6837,CA-2018-107517,OFF-AP-10000275,1640.7,High,Yes
6838,CA-2018-107517,TEC-PH-10003505,371.2,Medium,No
6839,CA-2016-166338,OFF-BI-10002852,14.832,Low,No
6840,CA-2017-123946,TEC-AC-10004877,20.7,Low,No
6841,CA-2017-123946,OFF-FA-10002975,11.34,Low,No
6842,CA-2017-123946,OFF-ST-10000419,67.9,Low,No
6843,CA-2017-123946,FUR-CH-10002073,1059.12,High,Yes
6844,CA-2015-147543,FUR-CH-10000155,478.48,Medium,No
6845,US-2017-159093,OFF-PA-10001260,32.04,Low,No
6846,CA-2017-162110,TEC-PH-10001924,55.992,Low,No
6847,US-2017-163461,OFF-PA-10003134,76.864,Low,No
6848,CA-2015-101462,FUR-FU-10000409,59.92,Low,No
6849,US-2017-100461,FUR-BO-10002545,1565.88,High,Yes
6850,US-2017-100461,OFF-BI-10001460,106.05,Medium,No
6851,US-2018-162670,OFF-ST-10001328,62.04,Low,No
6852,US-2018-162670,TEC-PH-10003601,494.97,Medium,No
6853,US-2018-162670,OFF-ST-10001522,367.96,Medium,No
6854,US-2018-162670,OFF-PA-10001994,44.96,Low,No
6855,US-2018-162670,OFF-EN-10001453,182.94,Medium,No
6856,CA-2018-128965,OFF-PA-10004911,28.14,Low,No
6857,CA-2018-128965,OFF-LA-10001404,7.38,Low,No
6858,CA-2018-128965,OFF-FA-10001561,10.9,Low,No
6859,CA-2018-128965,TEC-AC-10001383,274.89,Medium,No
6860,CA-2018-128965,OFF-LA-10003190,23.04,Low,No
6861,CA-2018-128965,FUR-CH-10003774,218.352,Medium,No
6862,CA-2018-138618,OFF-PA-10000520,10.368,Low,No
6863,US-2017-126452,OFF-BI-10004465,12.672,Low,No
6864,US-2017-126452,TEC-PH-10003555,91.96,Low,No
6865,US-2017-126452,TEC-AC-10000844,254.97,Medium,No
6866,US-2017-126452,TEC-PH-10003187,31.984,Low,No
6867,US-2017-126452,FUR-TA-10003569,2887.056,High,Yes
6868,US-2017-126452,OFF-PA-10003848,12.96,Low,No
6869,US-2017-126452,OFF-PA-10002606,47.52,Low,No
6870,CA-2017-145009,OFF-LA-10004853,11.952,Low,No
6871,CA-2016-162544,OFF-PA-10004948,4.98,Low,No
6872,CA-2015-124394,OFF-BI-10003676,10.78,Low,No
6873,CA-2015-124394,TEC-AC-10001314,119.976,Medium,No
6874,US-2017-121013,OFF-LA-10004545,25.06,Low,No
6875,US-2017-121013,FUR-TA-10003238,1652.94,High,Yes
6876,US-2016-123918,FUR-FU-10004952,131.376,Medium,No
6877,US-2016-123918,OFF-PA-10003001,5.344,Low,No
6878,CA-2016-137113,FUR-CH-10001215,2003.92,High,Yes
6879,CA-2016-137113,OFF-PA-10004255,32.4,Low,No
6880,CA-2016-137113,FUR-TA-10001705,1913.4,High,Yes
6881,CA-2016-137113,OFF-ST-10002554,146.73,Medium,No
6882,CA-2016-137113,OFF-PA-10002222,114.2,Medium,No
6883,CA-2016-120677,FUR-CH-10002320,2567.84,High,Yes
6884,CA-2018-123036,TEC-AC-10003499,37.056,Low,No
6885,CA-2018-123036,TEC-PH-10003580,259.896,Medium,No
6886,CA-2018-120222,OFF-PA-10004675,19.05,Low,No
6887,CA-2018-120222,OFF-BI-10000666,73.344,Low,No
6888,CA-2018-164756,TEC-PH-10001552,95.68,Low,No
6889,CA-2018-164756,OFF-PA-10000673,50.96,Low,No
6890,CA-2018-164756,OFF-AR-10000380,113.94,Medium,No
6891,CA-2018-164756,OFF-PA-10003848,25.92,Low,No
6892,CA-2018-164756,FUR-FU-10002963,20.32,Low,No
6893,CA-2018-164756,TEC-PH-10002447,411.98,Medium,No
6894,CA-2018-164756,OFF-SU-10004261,34.48,Low,No
6895,CA-2018-164756,OFF-PA-10003228,244.55,Medium,No
6896,CA-2018-122028,OFF-BI-10004817,10.782,Low,No
6897,US-2016-165512,FUR-CH-10002880,602.651,High,Yes
6898,US-2016-165512,OFF-BI-10001249,7.656,Low,No
6899,CA-2016-140557,TEC-AC-10002402,559.93,High,Yes
6900,US-2018-135013,TEC-CO-10001449,2399.96,High,Yes
6901,CA-2018-111220,OFF-FA-10002280,16.0,Low,No
6902,CA-2018-111220,OFF-AP-10003278,5.588,Low,No
6903,CA-2018-111220,OFF-ST-10003994,235.92,Medium,No
6904,US-2018-149006,OFF-ST-10003221,10.68,Low,No
6905,CA-2018-149468,OFF-BI-10002225,41.28,Low,No
6906,CA-2017-140249,TEC-PH-10002584,1001.584,High,Yes
6907,US-2018-135503,FUR-FU-10002364,14.76,Low,No
6908,CA-2015-126277,OFF-BI-10004022,2.502,Low,No
6909,US-2018-115301,FUR-BO-10004709,115.96,Medium,No
6910,CA-2018-168942,OFF-ST-10004340,186.54,Medium,No
6911,US-2018-128398,TEC-AC-10001714,159.56,Medium,No
6912,CA-2016-104115,TEC-PH-10002844,55.984,Low,No
6913,CA-2015-142510,OFF-ST-10000585,132.16,Medium,No
6914,CA-2015-142510,OFF-BI-10002824,17.904,Low,No
6915,CA-2015-142510,OFF-PA-10001289,124.032,Medium,No
6916,CA-2015-124247,FUR-CH-10001854,1403.92,High,Yes
6917,CA-2017-105473,OFF-SU-10003567,28.8,Low,No
6918,CA-2016-102806,OFF-BI-10001597,24.588,Low,No
6919,CA-2018-121706,OFF-AP-10003287,356.79,Medium,No
6920,CA-2018-109211,OFF-EN-10001532,16.98,Low,No
6921,CA-2016-134257,OFF-LA-10003930,491.55,Medium,No
6922,CA-2016-134257,OFF-EN-10003845,7.38,Low,No
6923,CA-2016-137925,OFF-PA-10002659,23.66,Low,No
6924,CA-2016-137925,FUR-BO-10001608,681.408,High,Yes
6925,CA-2017-140046,OFF-LA-10000305,18.9,Low,No
6926,CA-2017-140382,OFF-ST-10003638,93.68,Low,No
6927,CA-2017-140382,OFF-LA-10001934,21.93,Low,No
6928,CA-2017-140382,TEC-PH-10003012,862.344,High,Yes
6929,CA-2017-140382,OFF-PA-10001019,19.98,Low,No
6930,CA-2015-164182,TEC-PH-10002070,13.494,Low,No
6931,CA-2015-164182,TEC-PH-10002583,23.988,Low,No
6932,CA-2015-164182,FUR-FU-10001057,31.984,Low,No
6933,CA-2015-164182,OFF-AR-10001044,41.584,Low,No
6934,CA-2018-137365,TEC-AC-10001767,95.976,Low,No
6935,CA-2017-129847,FUR-FU-10000277,84.272,Low,No
6936,CA-2015-126963,OFF-PA-10001952,36.544,Low,No
6937,CA-2017-125094,TEC-AC-10004420,479.72,Medium,No
6938,CA-2018-107132,OFF-BI-10001071,102.368,Medium,No
6939,CA-2018-107132,OFF-SU-10002503,28.4,Low,No
6940,CA-2018-107132,OFF-ST-10001490,713.88,High,Yes
6941,CA-2018-107132,OFF-PA-10003790,68.52,Low,No
6942,CA-2016-139248,TEC-PH-10004094,623.96,High,Yes
6943,CA-2015-148369,OFF-BI-10004876,11.12,Low,No
6944,CA-2017-106243,FUR-BO-10003034,523.92,High,Yes
6945,CA-2016-126466,OFF-FA-10000490,2.48,Low,No
6946,CA-2016-130365,OFF-ST-10002574,221.024,Medium,No
6947,CA-2016-130365,FUR-CH-10003535,128.058,Medium,No
6948,CA-2018-143021,OFF-BI-10001628,58.408,Low,No
6949,CA-2018-143021,FUR-TA-10001676,79.974,Low,No
6950,CA-2016-161767,TEC-MA-10002790,479.988,Medium,No
6951,CA-2016-129917,OFF-BI-10001757,11.808,Low,No
6952,CA-2016-129917,OFF-BI-10004828,53.568,Low,No
6953,CA-2016-129917,TEC-PH-10000369,503.96,High,Yes
6954,CA-2016-115420,OFF-EN-10003862,21.34,Low,No
6955,CA-2017-157588,OFF-BI-10003963,36.4,Low,No
6956,CA-2017-157588,FUR-FU-10004848,51.75,Low,No
6957,CA-2016-167255,OFF-ST-10001328,15.51,Low,No
6958,CA-2016-167255,OFF-PA-10002377,146.82,Medium,No
6959,CA-2016-167255,OFF-PA-10003441,12.96,Low,No
6960,CA-2018-162096,OFF-AR-10002221,7.8,Low,No
6961,CA-2017-157161,OFF-EN-10001509,10.2,Low,No
6962,CA-2017-157161,OFF-AR-10003338,22.32,Low,No
6963,CA-2017-157161,OFF-BI-10004728,24.1,Low,No
6964,CA-2017-157161,TEC-AC-10000358,75.98,Low,No
6965,CA-2017-157161,OFF-BI-10002764,6.46,Low,No
6966,CA-2017-157161,OFF-PA-10001461,60.12,Low,No
6967,CA-2016-110765,TEC-PH-10004165,824.97,High,Yes
6968,CA-2017-163937,FUR-FU-10000010,24.85,Low,No
6969,CA-2018-153822,OFF-ST-10000321,12.624,Low,No
6970,CA-2018-153822,TEC-AC-10000109,89.584,Low,No
6971,CA-2018-153822,TEC-PH-10002415,471.92,Medium,No
6972,CA-2018-153822,OFF-BI-10001460,18.18,Low,No
6973,CA-2018-146185,OFF-AR-10002987,31.744,Low,No
6974,CA-2016-112144,OFF-LA-10000443,5.904,Low,No
6975,CA-2016-112144,FUR-FU-10004306,621.76,High,Yes
6976,US-2017-119298,TEC-PH-10002564,59.98,Low,No
6977,CA-2018-155159,OFF-PA-10003724,48.87,Low,No
6978,CA-2018-149076,OFF-PA-10000483,154.9,Medium,No
6979,CA-2015-146990,OFF-FA-10000611,5.92,Low,No
6980,CA-2015-146990,OFF-PA-10000246,30.18,Low,No
6981,CA-2017-116526,OFF-BI-10004728,24.1,Low,No
6982,CA-2017-116526,TEC-PH-10002365,8.78,Low,No
6983,CA-2017-116526,OFF-AP-10002457,376.74,Medium,No
6984,CA-2017-116526,OFF-BI-10000320,29.52,Low,No
6985,CA-2017-116526,OFF-AR-10004999,11.96,Low,No
6986,CA-2017-116526,OFF-BI-10001116,26.4,Low,No
6987,CA-2018-158561,OFF-AP-10002651,1158.12,High,Yes
6988,CA-2018-165099,OFF-AP-10001634,1.392,Low,No
6989,CA-2016-109386,OFF-AP-10003266,44.43,Low,No
6990,CA-2016-109386,TEC-PH-10002890,226.2,Medium,No
6991,CA-2016-109386,FUR-FU-10000308,186.54,Medium,No
6992,CA-2016-109386,OFF-AR-10000380,265.86,Medium,No
6993,CA-2016-109386,OFF-AR-10000122,27.9,Low,No
6994,CA-2016-166800,OFF-AP-10004868,31.08,Low,No
6995,CA-2018-117443,OFF-BI-10004002,13.84,Low,No
6996,CA-2018-117443,OFF-PA-10004475,175.872,Medium,No
6997,US-2017-134369,OFF-PA-10002195,12.96,Low,No
6998,CA-2018-123687,OFF-AP-10002670,208.44,Medium,No
6999,CA-2018-123687,OFF-SU-10004498,25.76,Low,No
7000,CA-2016-104871,FUR-CH-10003298,366.744,Medium,No
7001,CA-2015-133158,FUR-FU-10000723,289.24,Medium,No
7002,CA-2015-133158,OFF-BI-10000632,69.456,Low,No
7003,CA-2015-126333,OFF-PA-10000223,5.184,Low,No
7004,CA-2016-141740,FUR-CH-10001545,205.164,Medium,No
7005,CA-2015-119466,FUR-FU-10001546,8.544,Low,No
7006,CA-2016-154823,OFF-BI-10001098,12.828,Low,No
7007,CA-2016-154823,FUR-CH-10003379,598.458,High,Yes
7008,CA-2016-154823,FUR-FU-10000193,25.984,Low,No
7009,US-2015-135881,OFF-BI-10000829,17.96,Low,No
7010,US-2015-135881,OFF-SU-10003002,5.04,Low,No
7011,US-2015-135881,OFF-AP-10002118,208.16,Medium,No
7012,CA-2018-141201,FUR-BO-10001519,148.257,Medium,No
7013,CA-2015-114790,OFF-AP-10002578,146.76,Medium,No
7014,CA-2015-114790,TEC-AC-10000710,32.96,Low,No
7015,CA-2015-114790,TEC-PH-10000984,587.97,High,Yes
7016,CA-2015-114790,OFF-PA-10000213,14.94,Low,No
7017,US-2017-154256,OFF-LA-10003720,25.83,Low,No
7018,CA-2015-124737,OFF-PA-10001837,15.552,Low,No
7019,CA-2015-124737,OFF-SU-10004661,6.8,Low,No
7020,CA-2015-124737,FUR-FU-10003274,4.224,Low,No
7021,CA-2015-124737,TEC-PH-10000149,143.64,Medium,No
7022,CA-2015-124737,OFF-PA-10000019,31.104,Low,No
7023,CA-2015-124737,OFF-PA-10001125,223.056,Medium,No
7024,US-2018-101840,TEC-PH-10002538,227.46,Medium,No
7025,US-2018-101840,OFF-BI-10000279,46.24,Low,No
7026,CA-2018-131653,OFF-LA-10001045,5.22,Low,No
7027,US-2017-157840,OFF-PA-10003673,33.9,Low,No
7028,CA-2017-145548,OFF-ST-10002562,28.14,Low,No
7029,CA-2017-145548,TEC-AC-10002305,36.0,Low,No
7030,CA-2017-145548,OFF-AR-10003373,92.94,Low,No
7031,CA-2017-145548,FUR-CH-10003774,245.646,Medium,No
7032,CA-2017-145548,OFF-BI-10001510,55.008,Low,No
7033,CA-2017-145548,OFF-BI-10004236,35.232,Low,No
7034,CA-2018-119494,FUR-CH-10004675,523.392,High,Yes
7035,CA-2015-124618,TEC-CO-10004202,479.984,Medium,No
7036,CA-2018-161970,OFF-PA-10004255,12.96,Low,No
7037,CA-2018-161970,OFF-AR-10003896,17.94,Low,No
7038,CA-2018-103443,OFF-ST-10002276,166.72,Medium,No
7039,CA-2018-103443,OFF-BI-10001617,24.816,Low,No
7040,CA-2018-103443,FUR-FU-10000308,124.36,Medium,No
7041,US-2018-165358,TEC-CO-10001943,599.97,High,Yes
7042,US-2018-165358,FUR-CH-10002647,198.744,Medium,No
7043,US-2018-165358,OFF-SU-10004768,9.184,Low,No
7044,CA-2017-160136,OFF-PA-10002160,9.248,Low,No
7045,CA-2015-150581,FUR-TA-10003748,99.592,Low,No
7046,CA-2015-150581,TEC-AC-10001908,399.96,Medium,No
7047,CA-2017-119515,OFF-PA-10000552,15.552,Low,No
7048,CA-2015-141355,OFF-AR-10003179,14.576,Low,No
7049,CA-2017-165330,OFF-BI-10004593,209.6,Medium,No
7050,CA-2017-165330,OFF-AR-10000914,23.32,Low,No
7051,CA-2017-165330,OFF-PA-10000241,30.98,Low,No
7052,CA-2017-165330,TEC-AC-10000057,119.96,Medium,No
7053,CA-2017-165330,FUR-CH-10003774,363.92,Medium,No
7054,CA-2017-165330,OFF-BI-10002824,35.808,Low,No
7055,CA-2017-165330,OFF-BI-10004001,122.688,Medium,No
7056,CA-2017-165330,FUR-TA-10004619,892.136,High,Yes
7057,CA-2017-165330,OFF-ST-10000636,50.22,Low,No
7058,CA-2017-165330,OFF-AP-10001469,83.42,Low,No
7059,CA-2017-165330,OFF-BI-10002897,5.872,Low,No
7060,CA-2016-132633,OFF-BI-10002432,12.144,Low,No
7061,CA-2017-157742,OFF-EN-10002592,27.792,Low,No
7062,CA-2018-127712,OFF-SU-10002522,6.208,Low,No
7063,CA-2018-169474,OFF-AP-10003971,32.67,Low,No
7064,CA-2015-106726,OFF-ST-10001496,1261.33,High,Yes
7065,CA-2017-147473,OFF-PA-10004782,38.88,Low,No
7066,CA-2017-114209,OFF-BI-10000343,1.964,Low,No
7067,CA-2017-114209,OFF-PA-10003591,82.656,Low,No
7068,CA-2015-141901,OFF-PA-10001667,5.98,Low,No
7069,CA-2017-164490,OFF-PA-10004971,9.248,Low,No
7070,CA-2017-112256,OFF-AR-10001216,4.448,Low,No
7071,CA-2017-112256,OFF-PA-10004355,5.184,Low,No
7072,CA-2017-112256,OFF-AR-10001953,175.92,Medium,No
7073,CA-2017-112256,OFF-BI-10004364,4.752,Low,No
7074,CA-2017-112256,OFF-SU-10001165,13.344,Low,No
7075,CA-2017-167416,OFF-EN-10001141,54.9,Low,No
7076,CA-2017-106950,OFF-BI-10000014,22.911,Low,No
7077,CA-2017-106950,OFF-AP-10000159,309.456,Medium,No
7078,CA-2017-106950,OFF-AR-10003560,19.456,Low,No
7079,CA-2017-106950,FUR-TA-10001768,472.518,Medium,No
7080,CA-2017-106950,TEC-AC-10002049,1012.68,High,Yes
7081,CA-2017-106950,OFF-BI-10003166,17.22,Low,No
7082,CA-2018-118724,OFF-AR-10003469,3.52,Low,No
7083,CA-2018-118724,TEC-PH-10002549,1626.192,High,Yes
7084,CA-2018-112004,OFF-BI-10003476,8.595,Low,No
7085,CA-2018-112004,OFF-SU-10000157,190.896,Medium,No
7086,US-2018-143175,OFF-ST-10003123,99.87,Low,No
7087,CA-2016-105844,OFF-AR-10001955,79.36,Low,No
7088,CA-2018-118864,TEC-PH-10001809,119.96,Medium,No
7089,CA-2016-119480,OFF-PA-10000474,106.32,Medium,No
7090,CA-2016-119480,OFF-AP-10001205,163.44,Medium,No
7091,CA-2016-119480,OFF-AR-10004691,42.76,Low,No
7092,CA-2016-119480,OFF-PA-10004996,51.55,Low,No
7093,US-2016-153374,TEC-AC-10001908,479.952,Medium,No
7094,CA-2017-101980,OFF-BI-10000666,146.688,Medium,No
7095,CA-2017-101980,OFF-BI-10004318,276.784,Medium,No
7096,CA-2017-101980,OFF-BI-10003429,25.32,Low,No
7097,CA-2018-144596,OFF-PA-10003302,318.96,Medium,No
7098,CA-2016-124933,OFF-PA-10003302,212.64,Medium,No
7099,CA-2015-159625,OFF-EN-10002621,23.472,Low,No
7100,CA-2017-144337,OFF-PA-10000249,19.648,Low,No
7101,CA-2015-117478,OFF-BI-10000050,6.57,Low,No
7102,CA-2018-147410,OFF-ST-10003805,421.1,Medium,No
7103,CA-2018-128944,FUR-CH-10000785,760.116,High,Yes
7104,CA-2018-128944,FUR-FU-10004909,38.784,Low,No
7105,CA-2018-128944,TEC-AC-10001553,122.328,Medium,No
7106,CA-2017-109666,TEC-PH-10004774,25.98,Low,No
7107,CA-2017-109666,OFF-AR-10004582,3.28,Low,No
7108,CA-2017-109666,OFF-ST-10000991,459.88,Medium,No
7109,CA-2017-109666,OFF-SU-10002522,7.76,Low,No
7110,CA-2017-109666,OFF-AR-10004022,71.96,Low,No
7111,CA-2017-109666,OFF-SU-10001218,54.9,Low,No
7112,CA-2017-109666,OFF-BI-10000174,9.28,Low,No
7113,US-2017-102239,FUR-TA-10003392,1685.88,High,Yes
7114,US-2017-102239,OFF-BI-10001890,5.728,Low,No
7115,CA-2015-143168,OFF-PA-10000167,61.96,Low,No
7116,CA-2015-143168,OFF-BI-10003784,1.344,Low,No
7117,CA-2018-104906,OFF-PA-10001184,17.94,Low,No
7118,CA-2018-118122,OFF-BI-10002103,13.904,Low,No
7119,US-2015-147774,OFF-BI-10003091,67.194,Low,No
7120,CA-2018-166926,OFF-PA-10001593,41.86,Low,No
7121,CA-2018-166926,FUR-BO-10002598,141.96,Medium,No
7122,CA-2016-128013,FUR-FU-10000320,10.02,Low,No
7123,CA-2016-128013,OFF-PA-10001815,144.12,Medium,No
7124,CA-2017-123176,OFF-PA-10003971,17.94,Low,No
7125,CA-2017-123176,OFF-AR-10004685,13.89,Low,No
7126,US-2017-117541,OFF-PA-10001609,16.45,Low,No
7127,US-2017-117541,FUR-FU-10000550,19.92,Low,No
7128,CA-2017-166282,TEC-AC-10004209,35.168,Low,No
7129,CA-2017-166282,OFF-PA-10003022,123.088,Medium,No
7130,CA-2018-141439,FUR-TA-10001039,257.94,Medium,No
7131,CA-2018-141439,TEC-PH-10002624,1879.96,High,Yes
7132,CA-2018-141439,FUR-FU-10001473,27.46,Low,No
7133,CA-2018-141439,TEC-PH-10001819,89.98,Low,No
7134,CA-2018-141439,FUR-CH-10004287,828.6,High,Yes
7135,CA-2016-163965,OFF-BI-10004728,7.23,Low,No
7136,CA-2016-163965,OFF-ST-10000918,17.44,Low,No
7137,CA-2016-163965,OFF-BI-10004593,62.88,Low,No
7138,CA-2016-163965,FUR-BO-10001337,290.352,Medium,No
7139,CA-2018-128783,TEC-AC-10002473,113.52,Medium,No
7140,CA-2018-128783,FUR-FU-10003623,135.3,Medium,No
7141,CA-2015-122217,FUR-FU-10002045,111.15,Medium,No
7142,US-2018-141558,TEC-PH-10002555,776.85,High,Yes
7143,US-2018-141558,OFF-BI-10002794,12.294,Low,No
7144,US-2018-141558,FUR-TA-10004086,154.764,Medium,No
7145,US-2018-141558,OFF-ST-10004946,43.28,Low,No
7146,CA-2017-139941,OFF-PA-10000241,92.94,Low,No
7147,CA-2017-139941,OFF-AP-10004036,52.56,Low,No
7148,CA-2016-166583,TEC-PH-10001578,971.88,High,Yes
7149,CA-2018-100412,FUR-CH-10002647,141.96,Medium,No
7150,CA-2018-142909,FUR-TA-10003008,182.55,Medium,No
7151,CA-2015-137911,OFF-PA-10004071,88.768,Low,No
7152,CA-2016-106208,OFF-AP-10004980,53.088,Low,No
7153,US-2016-136749,FUR-FU-10000747,275.88,Medium,No
7154,US-2016-136749,OFF-BI-10004492,157.9,Medium,No
7155,CA-2018-126718,OFF-LA-10004055,4.91,Low,No
7156,CA-2017-131380,OFF-ST-10002485,87.92,Low,No
7157,CA-2017-131380,OFF-PA-10001243,5.98,Low,No
7158,CA-2016-145835,TEC-PH-10004447,222.384,Medium,No
7159,CA-2016-145835,OFF-FA-10002280,16.0,Low,No
7160,CA-2015-138709,OFF-PA-10004734,21.84,Low,No
7161,CA-2015-138709,OFF-BI-10000145,15.6,Low,No
7162,CA-2015-122070,OFF-EN-10004773,247.84,Medium,No
7163,CA-2015-122070,OFF-BI-10004970,9.912,Low,No
7164,CA-2017-158610,OFF-ST-10000604,69.52,Low,No
7165,CA-2015-117464,OFF-AR-10003190,11.52,Low,No
7166,CA-2015-117464,FUR-CH-10000155,717.72,High,Yes
7167,CA-2015-117464,OFF-ST-10003058,236.5,Medium,No
7168,CA-2015-117464,FUR-TA-10004767,170.352,Medium,No
7169,US-2018-168613,FUR-CH-10002372,145.764,Medium,No
7170,CA-2018-125381,TEC-AC-10000158,107.97,Medium,No
7171,US-2018-141677,TEC-AC-10000158,143.96,Medium,No
7172,US-2018-141677,TEC-CO-10002313,2399.96,High,Yes
7173,US-2018-141677,OFF-PA-10002581,74.352,Low,No
7174,US-2018-141677,OFF-AP-10001205,87.168,Low,No
7175,US-2018-141677,OFF-ST-10000344,32.232,Low,No
7176,CA-2018-133067,OFF-BI-10002897,2.202,Low,No
7177,CA-2018-133067,OFF-BI-10003694,9.396,Low,No
7178,US-2017-144351,TEC-PH-10001644,89.97,Low,No
7179,CA-2015-106054,OFF-AR-10002399,12.78,Low,No
7180,CA-2017-138667,TEC-AC-10003063,40.0,Low,No
7181,CA-2018-150609,OFF-BI-10002071,23.24,Low,No
7182,CA-2018-128853,FUR-CH-10004218,908.82,High,Yes
7183,CA-2018-133102,OFF-SU-10000432,5.552,Low,No
7184,CA-2018-133102,OFF-AR-10003183,8.016,Low,No
7185,CA-2018-133102,FUR-CH-10002017,74.592,Low,No
7186,CA-2018-133102,FUR-FU-10003247,16.784,Low,No
7187,CA-2018-133102,OFF-AP-10001563,38.864,Low,No
7188,CA-2017-164399,TEC-PH-10004908,203.976,Medium,No
7189,CA-2017-164399,FUR-TA-10003392,674.352,High,Yes
7190,CA-2017-116918,OFF-BI-10004140,5.388,Low,No
7191,CA-2017-116918,OFF-AR-10003631,30.976,Low,No
7192,CA-2017-110492,OFF-ST-10003716,1350.12,High,Yes
7193,CA-2017-110492,OFF-BI-10003274,15.92,Low,No
7194,CA-2017-147683,FUR-FU-10004848,19.54,Low,No
7195,CA-2015-116785,OFF-AR-10003504,21.4,Low,No
7196,CA-2015-116785,OFF-LA-10000305,12.6,Low,No
7197,US-2016-156797,OFF-AR-10001427,11.96,Low,No
7198,US-2016-156797,TEC-PH-10004614,138.0,Medium,No
7199,CA-2017-104276,TEC-PH-10001944,116.76,Medium,No
7200,CA-2017-104276,FUR-TA-10001039,331.023,Medium,No
7201,CA-2017-120369,FUR-FU-10003806,756.8,High,Yes
7202,CA-2015-118276,FUR-FU-10002111,8.736,Low,No
7203,CA-2016-136658,OFF-AR-10000817,6.08,Low,No
7204,CA-2018-137414,FUR-FU-10001424,17.46,Low,No
7205,CA-2018-137414,TEC-MA-10002930,369.16,Medium,No
7206,CA-2017-143476,OFF-AR-10003759,2.912,Low,No
7207,CA-2017-143476,OFF-PA-10001837,20.736,Low,No
7208,CA-2017-143476,OFF-PA-10001667,9.568,Low,No
7209,US-2017-119046,OFF-PA-10000246,30.18,Low,No
7210,US-2017-119046,OFF-BI-10001078,51.648,Low,No
7211,US-2017-119046,OFF-BI-10000138,11.232,Low,No
7212,CA-2018-154949,OFF-LA-10002034,14.73,Low,No
7213,CA-2016-103072,OFF-AR-10000127,16.4,Low,No
7214,CA-2016-103072,OFF-PA-10003172,25.92,Low,No
7215,CA-2016-150770,OFF-AR-10001246,8.82,Low,No
7216,CA-2016-150770,OFF-BI-10002026,62.496,Low,No
7217,CA-2016-150770,TEC-AC-10000844,339.96,Medium,No
7218,CA-2016-150770,OFF-BI-10001575,49.568,Low,No
7219,CA-2018-154760,OFF-BI-10004632,274.491,Medium,No
7220,US-2018-104437,TEC-PH-10000193,137.94,Medium,No
7221,CA-2018-113075,TEC-AC-10003441,40.68,Low,No
7222,CA-2017-109953,TEC-PH-10004093,110.376,Medium,No
7223,CA-2017-109953,OFF-AP-10002998,151.62,Medium,No
7224,CA-2017-109953,FUR-FU-10000073,30.8,Low,No
7225,CA-2018-127397,OFF-PA-10001125,123.92,Medium,No
7226,CA-2018-127397,TEC-AC-10003033,1319.8,High,Yes
7227,CA-2015-157546,OFF-BI-10002498,89.712,Low,No
7228,CA-2015-157546,OFF-PA-10004569,22.83,Low,No
7229,CA-2018-153843,OFF-BI-10002353,30.88,Low,No
7230,CA-2018-153843,OFF-AP-10001564,465.16,Medium,No
7231,CA-2018-153843,OFF-PA-10003673,27.12,Low,No
7232,CA-2017-137337,FUR-FU-10003347,113.6,Medium,No
7233,CA-2017-137337,OFF-PA-10001934,12.96,Low,No
7234,CA-2017-137337,OFF-BI-10000632,69.456,Low,No
7235,CA-2015-138737,OFF-AR-10003190,8.64,Low,No
7236,CA-2017-164924,TEC-MA-10000904,341.991,Medium,No
7237,CA-2017-101651,FUR-FU-10000771,43.96,Low,No
7238,CA-2017-101651,OFF-EN-10001990,39.76,Low,No
7239,CA-2018-136651,FUR-FU-10002445,66.36,Low,No
7240,CA-2018-136651,OFF-BI-10003638,92.88,Low,No
7241,CA-2018-136651,FUR-FU-10004864,24.14,Low,No
7242,CA-2018-118892,FUR-CH-10002024,4416.174,High,Yes
7243,US-2018-151127,OFF-AR-10002445,49.56,Low,No
7244,CA-2018-145807,OFF-ST-10001370,354.9,Medium,No
7245,US-2015-127978,OFF-LA-10000305,15.12,Low,No
7246,US-2015-127978,FUR-BO-10001972,302.45,Medium,No
7247,US-2015-127978,OFF-ST-10002486,44.672,Low,No
7248,CA-2016-158491,TEC-AC-10001874,119.98,Medium,No
7249,CA-2016-158491,TEC-AC-10003870,989.97,High,Yes
7250,CA-2017-116764,OFF-LA-10002473,9.216,Low,No
7251,CA-2017-152457,OFF-PA-10003790,68.52,Low,No
7252,CA-2017-152730,OFF-AP-10002684,364.74,Medium,No
7253,CA-2017-152730,FUR-FU-10001037,47.4,Low,No
7254,CA-2017-152730,OFF-ST-10000876,49.76,Low,No
7255,CA-2017-152730,OFF-AR-10003732,5.56,Low,No
7256,CA-2017-152730,OFF-PA-10000994,629.1,High,Yes
7257,CA-2017-152730,OFF-AR-10000940,14.7,Low,No
7258,CA-2017-152730,OFF-PA-10004888,45.36,Low,No
7259,CA-2017-152730,TEC-PH-10000441,125.99,Medium,No
7260,CA-2018-137001,OFF-AR-10001231,14.7,Low,No
7261,CA-2018-156363,TEC-PH-10003988,32.7,Low,No
7262,CA-2018-156363,OFF-EN-10003068,31.68,Low,No
7263,CA-2018-122056,OFF-AR-10004260,181.86,Medium,No
7264,US-2015-143721,FUR-CH-10001973,155.372,Medium,No
7265,CA-2018-122987,OFF-BI-10002824,13.428,Low,No
7266,CA-2018-122987,OFF-ST-10004950,67.136,Low,No
7267,CA-2017-133368,OFF-PA-10004039,89.568,Low,No
7268,CA-2017-133368,FUR-FU-10003374,315.776,Medium,No
7269,CA-2017-123337,FUR-BO-10001918,273.666,Medium,No
7270,CA-2017-123337,OFF-AP-10002287,17.48,Low,No
7271,US-2017-150357,OFF-SU-10004498,20.608,Low,No
7272,US-2017-150357,OFF-BI-10002557,4.095,Low,No
7273,CA-2016-144519,TEC-PH-10004908,339.96,Medium,No
7274,CA-2016-144519,FUR-FU-10000794,63.98,Low,No
7275,CA-2015-120670,TEC-AC-10004171,799.92,High,Yes
7276,CA-2017-157217,TEC-PH-10002070,35.984,Low,No
7277,CA-2017-157217,TEC-AC-10003095,389.97,Medium,No
7278,CA-2017-108224,TEC-AC-10003832,185.528,Medium,No
7279,CA-2016-162782,OFF-BI-10003527,2541.98,High,Yes
7280,CA-2018-159282,TEC-MA-10001148,599.985,High,Yes
7281,CA-2018-155936,OFF-BI-10002432,3.036,Low,No
7282,CA-2018-169439,OFF-AR-10001374,25.92,Low,No
7283,CA-2018-169439,FUR-FU-10000723,66.112,Low,No
7284,CA-2018-151183,TEC-AC-10003614,46.36,Low,No
7285,CA-2017-149965,TEC-AC-10004877,6.9,Low,No
7286,CA-2017-149965,FUR-FU-10004270,57.69,Low,No
7287,CA-2015-158281,TEC-MA-10002210,559.71,High,Yes
7288,CA-2017-153661,OFF-ST-10000675,305.01,Medium,No
7289,CA-2017-153661,OFF-BI-10004781,50.784,Low,No
7290,CA-2017-153661,OFF-LA-10004689,26.01,Low,No
7291,CA-2018-109183,TEC-MA-10001856,649.0,High,Yes
7292,CA-2017-113656,FUR-FU-10000719,59.99,Low,No
7293,CA-2016-148964,FUR-FU-10003849,20.24,Low,No
7294,CA-2015-111899,OFF-AR-10001725,37.84,Low,No
7295,CA-2015-111899,OFF-FA-10000840,5.472,Low,No
7296,CA-2016-101126,OFF-ST-10000943,77.24,Low,No
7297,CA-2015-163468,FUR-TA-10002533,292.1,Medium,No
7298,CA-2015-163468,FUR-FU-10001546,8.544,Low,No
7299,CA-2015-163468,FUR-BO-10003546,424.116,Medium,No
7300,CA-2015-163468,OFF-BI-10004728,2.892,Low,No
7301,CA-2015-163468,OFF-ST-10000025,381.72,Medium,No
7302,US-2018-117450,FUR-CH-10003817,97.184,Low,No
7303,US-2018-117450,OFF-PA-10000289,10.368,Low,No
7304,CA-2015-137274,FUR-TA-10001889,890.841,High,Yes
7305,CA-2017-144092,TEC-AC-10002305,72.0,Low,No
7306,CA-2017-144092,FUR-CH-10004875,113.888,Medium,No
7307,CA-2017-144092,OFF-EN-10001434,158.13,Medium,No
7308,CA-2018-112172,OFF-FA-10004395,14.13,Low,No
7309,CA-2016-121699,OFF-BI-10004632,64.75,Low,No
7310,CA-2016-162761,OFF-BI-10000145,1.872,Low,No
7311,CA-2016-162761,OFF-BI-10002498,11.214,Low,No
7312,CA-2016-162761,OFF-AR-10001761,37.376,Low,No
7313,CA-2017-121377,TEC-PH-10001817,286.4,Medium,No
7314,CA-2018-115322,OFF-AR-10004456,43.92,Low,No
7315,CA-2017-132066,FUR-TA-10001539,142.182,Medium,No
7316,CA-2018-158120,OFF-PA-10003205,19.608,Low,No
7317,CA-2018-158120,OFF-BI-10002813,4.158,Low,No
7318,CA-2018-100097,TEC-PH-10002310,979.95,High,Yes
7319,CA-2018-100097,FUR-FU-10003623,135.3,Medium,No
7320,CA-2018-167626,OFF-PA-10003424,8.904,Low,No
7321,CA-2018-167626,TEC-AC-10004353,100.8,Medium,No
7322,US-2018-126053,FUR-FU-10001934,41.96,Low,No
7323,US-2018-126053,OFF-LA-10003766,9.45,Low,No
7324,US-2018-128447,OFF-AP-10004540,400.8,Medium,No
7325,US-2018-128447,OFF-BI-10001543,28.792,Low,No
7326,US-2015-131275,FUR-FU-10004597,111.0,Medium,No
7327,US-2015-131275,TEC-MA-10001148,1279.968,High,Yes
7328,US-2015-131275,OFF-ST-10000078,1856.19,High,Yes
7329,CA-2017-149349,FUR-FU-10001037,22.752,Low,No
7330,CA-2018-115119,TEC-PH-10001433,61.542,Low,No
7331,CA-2018-115119,OFF-BI-10003007,81.438,Low,No
7332,CA-2016-125563,FUR-FU-10001290,67.36,Low,No
7333,CA-2016-125563,FUR-FU-10000087,54.528,Low,No
7334,CA-2016-113152,TEC-AC-10002049,843.9,High,Yes
7335,CA-2016-113152,FUR-BO-10002613,449.568,Medium,No
7336,CA-2018-165155,OFF-ST-10004950,15.51,Low,No
7337,CA-2015-163412,FUR-CH-10004875,192.186,Medium,No
7338,CA-2016-159590,OFF-AR-10003190,5.76,Low,No
7339,CA-2015-116190,FUR-CH-10000553,67.88,Low,No
7340,CA-2015-116190,OFF-LA-10002762,162.89,Medium,No
7341,CA-2015-116190,FUR-FU-10000719,25.71,Low,No
7342,CA-2015-168473,OFF-ST-10000563,191.88,Medium,No
7343,CA-2018-168389,FUR-TA-10004289,721.875,High,Yes
7344,CA-2018-168389,TEC-PH-10003555,73.568,Low,No
7345,CA-2018-168389,OFF-AR-10001958,13.584,Low,No
7346,CA-2018-168389,FUR-CH-10000225,64.784,Low,No
7347,CA-2015-130421,OFF-AP-10002534,176.772,Medium,No
7348,CA-2018-142125,OFF-BI-10000301,38.82,Low,No
7349,CA-2018-142125,OFF-BI-10003460,21.9,Low,No
7350,CA-2018-141138,TEC-AC-10001772,111.79,Medium,No
7351,CA-2018-152135,TEC-PH-10003505,445.44,Medium,No
7352,CA-2017-151974,OFF-LA-10004484,16.52,Low,No
7353,CA-2018-154102,OFF-PA-10001593,29.9,Low,No
7354,CA-2016-139780,OFF-BI-10004139,116.4,Medium,No
7355,CA-2017-114748,OFF-AR-10001315,1.408,Low,No
7356,CA-2017-114748,FUR-FU-10001488,169.568,Medium,No
7357,US-2015-115189,TEC-PH-10002170,251.964,Medium,No
7358,US-2015-115189,FUR-TA-10004575,523.764,High,Yes
7359,CA-2017-163594,OFF-PA-10000809,19.44,Low,No
7360,CA-2017-163594,FUR-CH-10000225,194.352,Medium,No
7361,CA-2017-163594,OFF-BI-10003707,36.624,Low,No
7362,CA-2017-127243,TEC-PH-10004539,340.182,Medium,No
7363,CA-2017-127243,OFF-FA-10004076,12.672,Low,No
7364,CA-2017-127243,OFF-BI-10003166,6.888,Low,No
7365,CA-2017-127243,OFF-ST-10002301,32.544,Low,No
7366,CA-2017-127243,FUR-CH-10002647,347.802,Medium,No
7367,CA-2018-161851,OFF-BI-10004654,15.57,Low,No
7368,CA-2016-110345,OFF-LA-10001175,4.608,Low,No
7369,CA-2015-107769,TEC-PH-10001336,257.98,Medium,No
7370,US-2018-123862,OFF-ST-10000760,153.78,Medium,No
7371,US-2018-123862,OFF-ST-10002301,61.02,Low,No
7372,US-2018-123862,OFF-SU-10004884,110.11,Medium,No
7373,US-2018-123862,OFF-FA-10003112,7.89,Low,No
7374,CA-2018-100580,OFF-BI-10000069,36.024,Low,No
7375,US-2018-145597,OFF-AR-10001958,54.336,Low,No
7376,CA-2015-132787,OFF-ST-10001321,92.52,Low,No
7377,CA-2016-136224,OFF-AR-10003504,10.272,Low,No
7378,CA-2017-105732,OFF-ST-10000419,40.74,Low,No
7379,CA-2017-105732,OFF-LA-10004559,14.4,Low,No
7380,CA-2017-105732,TEC-PH-10001644,149.95,Medium,No
7381,CA-2017-105732,OFF-SU-10004782,16.9,Low,No
7382,CA-2017-105732,OFF-PA-10002250,17.61,Low,No
7383,CA-2017-105732,OFF-AP-10001394,378.0,Medium,No
7384,CA-2017-105732,OFF-PA-10001838,17.64,Low,No
7385,CA-2017-105732,OFF-ST-10004340,373.08,Medium,No
7386,CA-2017-105732,FUR-FU-10003664,1336.44,High,Yes
7387,CA-2017-105732,TEC-PH-10004897,29.97,Low,No
7388,CA-2018-108035,FUR-CH-10000454,390.368,Medium,No
7389,CA-2018-108035,FUR-FU-10004017,101.52,Medium,No
7390,CA-2018-160031,OFF-PA-10000241,74.352,Low,No
7391,CA-2018-147844,OFF-PA-10003016,15.7,Low,No
7392,CA-2018-147844,OFF-AR-10001615,59.52,Low,No
7393,CA-2018-147844,OFF-PA-10002713,34.4,Low,No
7394,CA-2017-110975,FUR-TA-10002958,313.176,Medium,No
7395,CA-2017-110975,FUR-CH-10003746,866.646,High,Yes
7396,CA-2015-141649,OFF-AP-10003217,795.408,High,Yes
7397,CA-2015-124807,OFF-PA-10001526,35.856,Low,No
7398,CA-2015-124807,TEC-AC-10002857,23.84,Low,No
7399,CA-2017-110009,FUR-FU-10003039,43.13,Low,No
7400,CA-2017-110009,OFF-PA-10002615,30.87,Low,No
7401,CA-2018-168172,OFF-SU-10002573,70.12,Low,No
7402,CA-2016-100146,FUR-BO-10004015,509.9575,High,Yes
7403,CA-2016-100146,FUR-FU-10001979,122.91,Medium,No
7404,CA-2016-100146,FUR-CH-10003833,97.568,Low,No
7405,CA-2016-100146,FUR-CH-10004495,722.352,High,Yes
7406,CA-2018-152079,OFF-LA-10001613,11.52,Low,No
7407,CA-2017-129728,FUR-FU-10003247,167.84,Medium,No
7408,CA-2015-121769,FUR-TA-10004442,172.11,Medium,No
7409,CA-2015-103058,TEC-AC-10001314,99.98,Low,No
7410,CA-2018-121125,TEC-PH-10001619,156.792,Medium,No
7411,CA-2018-121125,TEC-AC-10002323,35.36,Low,No
7412,CA-2018-121125,FUR-FU-10000820,13.592,Low,No
7413,US-2017-114013,FUR-CH-10004287,386.68,Medium,No
7414,US-2017-114013,TEC-AC-10000474,379.96,Medium,No
7415,US-2017-114013,TEC-PH-10001494,539.91,High,Yes
7416,US-2017-114013,OFF-PA-10004996,41.24,Low,No
7417,US-2017-114013,OFF-BI-10004318,51.897,Low,No
7418,US-2017-114013,OFF-ST-10002574,552.56,High,Yes
7419,US-2017-114013,OFF-BI-10002353,23.16,Low,No
7420,US-2017-114013,OFF-ST-10003641,126.08,Medium,No
7421,US-2017-114013,TEC-MA-10001148,449.1,Medium,No
7422,CA-2018-135069,OFF-AP-10000026,195.104,Medium,No
7423,CA-2018-135069,FUR-FU-10003878,36.672,Low,No
7424,CA-2017-101693,FUR-CH-10001146,85.246,Low,No
7425,CA-2017-101693,FUR-FU-10003919,32.712,Low,No
7426,US-2015-164763,OFF-BI-10000605,11.43,Low,No
7427,US-2015-164763,OFF-BI-10000309,30.44,Low,No
7428,US-2015-164763,OFF-PA-10003349,12.96,Low,No
7429,US-2015-164763,OFF-PA-10003063,16.0,Low,No
7430,US-2015-164763,OFF-AP-10003971,32.67,Low,No
7431,CA-2015-161249,OFF-FA-10004838,4.464,Low,No
7432,CA-2015-161249,OFF-BI-10001097,9.345,Low,No
7433,CA-2016-148180,OFF-BI-10000605,9.144,Low,No
7434,CA-2016-148180,OFF-BI-10003314,23.136,Low,No
7435,CA-2016-148180,OFF-AR-10002067,99.2,Low,No
7436,CA-2015-165568,OFF-BI-10001031,21.36,Low,No
7437,CA-2016-145457,FUR-FU-10003832,46.9,Low,No
7438,US-2018-163657,OFF-BI-10000138,18.72,Low,No
7439,US-2018-163657,FUR-TA-10004607,236.528,Medium,No
7440,CA-2016-120446,OFF-LA-10003148,18.9,Low,No
7441,CA-2015-109932,OFF-PA-10001804,10.688,Low,No
7442,CA-2015-109932,OFF-ST-10000036,237.096,Medium,No
7443,CA-2018-127474,OFF-PA-10001166,5.184,Low,No
7444,CA-2018-127474,OFF-PA-10001033,65.584,Low,No
7445,CA-2018-127474,FUR-FU-10004597,22.2,Low,No
7446,CA-2018-127474,OFF-PA-10000418,419.4,Medium,No
7447,CA-2018-115448,FUR-FU-10004090,88.92,Low,No
7448,CA-2018-105669,OFF-AR-10000390,9.912,Low,No
7449,CA-2018-105669,FUR-CH-10003774,318.43,Medium,No
7450,CA-2018-105669,OFF-BI-10002412,5.8,Low,No
7451,CA-2018-105669,TEC-PH-10002415,1415.76,High,Yes
7452,CA-2018-134796,TEC-PH-10003505,148.48,Medium,No
7453,CA-2017-137743,OFF-LA-10003663,9.248,Low,No
7454,CA-2017-137743,OFF-ST-10001780,1036.624,High,Yes
7455,CA-2016-137974,TEC-PH-10002033,569.64,High,Yes
7456,CA-2016-137974,OFF-BI-10001036,9.14,Low,No
7457,CA-2016-137974,FUR-FU-10001468,1196.86,High,Yes
7458,CA-2016-137974,FUR-BO-10001519,523.26,High,Yes
7459,US-2016-136987,TEC-CO-10001943,639.968,High,Yes
7460,US-2016-136987,OFF-PA-10003127,52.76,Low,No
7461,CA-2016-138485,TEC-AC-10002076,538.92,High,Yes
7462,CA-2017-103709,OFF-AR-10003338,14.88,Low,No
7463,CA-2017-103709,OFF-PA-10004610,34.24,Low,No
7464,CA-2017-103709,OFF-ST-10001272,261.74,Medium,No
7465,CA-2017-138282,OFF-AP-10001366,87.84,Low,No
7466,CA-2018-148985,FUR-FU-10001424,34.92,Low,No
7467,CA-2015-138100,OFF-PA-10000349,14.94,Low,No
7468,CA-2015-138100,FUR-FU-10002456,14.56,Low,No
7469,CA-2016-100734,OFF-BI-10002609,3.576,Low,No
7470,CA-2016-100734,OFF-ST-10001522,147.184,Medium,No
7471,CA-2017-139997,TEC-CO-10000971,1499.95,High,Yes
7472,CA-2017-109652,OFF-AR-10000034,13.568,Low,No
7473,CA-2015-167199,FUR-CH-10004063,2573.82,High,Yes
7474,CA-2015-167199,OFF-BI-10004632,609.98,High,Yes
7475,CA-2015-167199,OFF-AR-10001662,5.48,Low,No
7476,CA-2015-167199,TEC-PH-10004977,391.98,Medium,No
7477,CA-2015-167199,TEC-PH-10004539,755.96,High,Yes
7478,CA-2015-167199,OFF-FA-10001883,31.12,Low,No
7479,CA-2015-167199,OFF-PA-10000955,6.54,Low,No
7480,CA-2017-124583,OFF-EN-10002500,12.78,Low,No
7481,CA-2015-113964,OFF-BI-10004654,18.464,Low,No
7482,CA-2015-129938,FUR-CH-10003774,445.802,Medium,No
7483,CA-2018-135111,OFF-AR-10004707,2.48,Low,No
7484,CA-2018-135111,OFF-BI-10004040,25.9,Low,No
7485,US-2016-134558,OFF-PA-10001184,29.9,Low,No
7486,US-2016-134558,TEC-AC-10004145,2249.91,High,Yes
7487,US-2016-134558,FUR-TA-10003473,1053.164,High,Yes
7488,CA-2018-157196,OFF-PA-10003172,12.96,Low,No
7489,CA-2016-108672,FUR-FU-10003799,106.68,Medium,No
7490,US-2018-118598,TEC-PH-10002583,119.94,Medium,No
7491,US-2018-160836,OFF-PA-10004239,10.272,Low,No
7492,US-2018-160836,FUR-TA-10002855,512.19,High,Yes
7493,US-2018-160836,OFF-AP-10001626,1.556,Low,No
7494,CA-2018-121048,OFF-BI-10004022,4.448,Low,No
7495,CA-2018-121048,FUR-FU-10003601,276.69,Medium,No
7496,CA-2018-121048,OFF-FA-10000490,4.96,Low,No
7497,CA-2018-121048,OFF-AR-10004042,71.92,Low,No
7498,CA-2018-121048,FUR-FU-10002960,18.84,Low,No
7499,CA-2018-121048,TEC-AC-10000991,140.97,Medium,No
7500,CA-2018-121048,TEC-PH-10004977,470.376,Medium,No
7501,US-2018-120147,OFF-AR-10000817,6.08,Low,No
7502,US-2018-120147,TEC-PH-10002447,164.792,Medium,No
7503,CA-2017-158043,OFF-EN-10003134,23.36,Low,No
7504,US-2018-106579,OFF-BI-10000309,12.176,Low,No
7505,CA-2015-115889,TEC-PH-10001615,46.384,Low,No
7506,CA-2015-115889,OFF-ST-10003208,362.92,Medium,No
7507,US-2018-161935,OFF-PA-10000605,9.248,Low,No
7508,US-2018-161935,TEC-PH-10000560,1889.946,High,Yes
7509,US-2018-161935,OFF-ST-10003455,62.04,Low,No
7510,US-2018-161935,FUR-FU-10002937,396.92,Medium,No
7511,US-2018-161935,OFF-ST-10001837,239.456,Medium,No
7512,US-2018-161935,OFF-AR-10004757,13.12,Low,No
7513,US-2018-167920,OFF-BI-10004236,29.36,Low,No
7514,US-2018-167920,OFF-AP-10000159,214.9,Medium,No
7515,US-2018-167920,OFF-BI-10003274,15.92,Low,No
7516,US-2018-167920,TEC-AC-10001013,146.45,Medium,No
7517,US-2018-167920,OFF-ST-10004963,15.14,Low,No
7518,US-2018-167920,OFF-LA-10004409,5.76,Low,No
7519,US-2018-167920,TEC-CO-10001046,1399.98,High,Yes
7520,CA-2017-162383,OFF-BI-10002824,8.952,Low,No
7521,CA-2017-162383,OFF-BI-10001757,8.856,Low,No
7522,CA-2017-162383,FUR-CH-10004477,85.246,Low,No
7523,CA-2015-125731,OFF-EN-10003072,21.728,Low,No
7524,CA-2015-125731,FUR-CH-10003973,1487.04,High,Yes
7525,US-2018-106145,OFF-EN-10001028,71.88,Low,No
7526,US-2018-106145,FUR-FU-10003829,9.24,Low,No
7527,US-2018-106145,OFF-PA-10002245,35.88,Low,No
7528,US-2018-106145,OFF-BI-10002215,17.04,Low,No
7529,US-2018-106145,OFF-BI-10003925,931.176,High,Yes
7530,CA-2017-107146,FUR-FU-10002298,266.352,Medium,No
7531,CA-2017-107146,FUR-CH-10004853,483.136,Medium,No
7532,US-2018-134642,FUR-CH-10002880,196.784,Medium,No
7533,US-2018-134642,FUR-BO-10004709,231.92,Medium,No
7534,US-2018-160143,OFF-SU-10004231,29.7,Low,No
7535,CA-2018-103415,FUR-FU-10000820,13.592,Low,No
7536,CA-2017-106460,OFF-PA-10001736,70.88,Low,No
7537,US-2018-112347,OFF-ST-10003306,114.288,Medium,No
7538,US-2018-112347,OFF-BI-10003707,36.624,Low,No
7539,US-2018-112347,FUR-BO-10003546,242.352,Medium,No
7540,US-2018-112347,TEC-PH-10000213,49.616,Low,No
7541,US-2018-112347,FUR-FU-10001488,508.704,High,Yes
7542,US-2018-112347,TEC-PH-10004833,57.36,Low,No
7543,US-2018-112347,FUR-CH-10002335,906.68,High,Yes
7544,CA-2015-103492,TEC-PH-10001128,719.952,High,Yes
7545,CA-2015-103492,TEC-PH-10004667,755.944,High,Yes
7546,CA-2015-103492,OFF-BI-10004817,11.98,Low,No
7547,CA-2015-103492,OFF-BI-10004140,0.898,Low,No
7548,CA-2017-136595,FUR-FU-10004671,21.204,Low,No
7549,CA-2015-140396,OFF-EN-10002592,34.74,Low,No
7550,CA-2015-140396,TEC-PH-10004447,833.94,High,Yes
7551,CA-2015-140396,OFF-BI-10003669,12.96,Low,No
7552,CA-2015-140396,OFF-PA-10000223,25.92,Low,No
7553,CA-2015-114181,FUR-BO-10004467,349.965,Medium,No
7554,CA-2015-114181,OFF-AR-10000716,22.32,Low,No
7555,CA-2018-159506,OFF-PA-10003641,158.28,Medium,No
7556,CA-2018-159506,OFF-BI-10004519,497.94,Medium,No
7557,US-2015-137155,OFF-AP-10002518,533.94,High,Yes
7558,US-2015-137155,OFF-PA-10000806,167.94,Medium,No
7559,US-2015-137155,FUR-FU-10003142,31.68,Low,No
7560,CA-2017-105746,FUR-CH-10000454,170.786,Medium,No
7561,US-2017-104815,FUR-BO-10003894,198.744,Medium,No
7562,CA-2018-157672,TEC-AC-10001714,63.824,Low,No
7563,US-2017-166660,FUR-CH-10001190,435.168,Medium,No
7564,US-2017-166660,FUR-BO-10000468,48.58,Low,No
7565,CA-2018-140802,TEC-AC-10001998,47.976,Low,No
7566,CA-2018-140802,OFF-PA-10001534,20.736,Low,No
7567,CA-2015-133830,OFF-AR-10003045,26.46,Low,No
7568,CA-2015-133830,OFF-PA-10001363,49.12,Low,No
7569,CA-2015-133830,OFF-FA-10002280,15.0,Low,No
7570,CA-2015-100916,OFF-ST-10003479,194.7,Medium,No
7571,CA-2015-100916,FUR-TA-10004607,591.32,High,Yes
7572,CA-2015-100916,OFF-AR-10001022,2.84,Low,No
7573,CA-2016-129532,OFF-ST-10004186,221.96,Medium,No
7574,CA-2016-129532,TEC-AC-10000865,236.0,Medium,No
7575,CA-2015-134726,TEC-AC-10000023,41.94,Low,No
7576,CA-2015-134726,TEC-PH-10001750,52.792,Low,No
7577,CA-2017-138597,FUR-CH-10004997,563.94,High,Yes
7578,CA-2016-123113,OFF-AP-10000275,2625.12,High,Yes
7579,CA-2016-123113,OFF-AR-10004999,17.94,Low,No
7580,CA-2016-169656,OFF-ST-10003816,422.856,Medium,No
7581,CA-2016-142734,FUR-CH-10003968,127.764,Medium,No
7582,CA-2015-163223,TEC-PH-10000730,3499.93,High,Yes
7583,CA-2015-163223,OFF-LA-10004409,14.4,Low,No
7584,CA-2015-163223,OFF-PA-10000675,122.97,Medium,No
7585,CA-2015-163223,OFF-AR-10001573,9.32,Low,No
7586,CA-2015-163223,OFF-BI-10001597,122.94,Medium,No
7587,CA-2018-122945,FUR-FU-10001196,17.31,Low,No
7588,CA-2016-139738,OFF-AR-10004602,128.744,Medium,No
7589,CA-2017-158778,FUR-FU-10000260,58.248,Low,No
7590,CA-2017-158778,FUR-CH-10001146,71.246,Low,No
7591,CA-2017-158778,OFF-AR-10000896,7.872,Low,No
7592,CA-2017-158778,FUR-CH-10000309,887.271,High,Yes
7593,CA-2018-119655,OFF-BI-10001989,146.86,Medium,No
7594,CA-2018-119655,OFF-BI-10001036,36.56,Low,No
7595,CA-2016-164567,TEC-PH-10002103,225.576,Medium,No
7596,CA-2015-131947,OFF-AR-10001473,5.248,Low,No
7597,CA-2015-131947,OFF-AR-10000411,38.256,Low,No
7598,CA-2015-131947,OFF-PA-10000246,40.24,Low,No
7599,CA-2015-131947,TEC-MA-10004086,29.925,Low,No
7600,CA-2015-131947,OFF-PA-10003039,148.704,Medium,No
7601,CA-2015-131947,TEC-AC-10004633,55.92,Low,No
7602,CA-2017-152520,OFF-PA-10000289,12.96,Low,No
7603,CA-2017-101791,FUR-FU-10003247,25.176,Low,No
7604,CA-2017-101791,FUR-FU-10002191,5.584,Low,No
7605,CA-2017-101791,OFF-ST-10001496,1297.368,High,Yes
7606,CA-2018-121195,OFF-ST-10000585,264.32,Medium,No
7607,CA-2018-163209,OFF-PA-10001166,25.92,Low,No
7608,CA-2018-163209,OFF-AR-10003651,22.96,Low,No
7609,CA-2015-133354,OFF-PA-10001800,19.44,Low,No
7610,US-2016-130491,OFF-PA-10000791,9.54,Low,No
7611,US-2016-130491,OFF-FA-10000134,5.81,Low,No
7612,US-2016-130491,OFF-AR-10001149,5.76,Low,No
7613,CA-2016-113740,FUR-FU-10000010,14.91,Low,No
7614,CA-2015-148425,OFF-BI-10000201,6.642,Low,No
7615,CA-2017-144309,OFF-PA-10001776,18.54,Low,No
7616,CA-2017-144309,OFF-BI-10003656,679.96,High,Yes
7617,CA-2018-151225,FUR-TA-10001539,189.576,Medium,No
7618,CA-2018-151225,TEC-PH-10004100,71.96,Low,No
7619,US-2015-144078,TEC-PH-10001580,539.92,High,Yes
7620,US-2015-144078,FUR-CH-10002335,725.344,High,Yes
7621,US-2015-144078,OFF-AR-10004707,7.44,Low,No
7622,CA-2015-124464,OFF-AP-10000576,39.48,Low,No
7623,CA-2016-136805,OFF-AP-10001394,850.5,High,Yes
7624,CA-2016-136805,FUR-FU-10003724,75.33,Low,No
7625,US-2016-159499,OFF-AP-10002867,325.632,Medium,No
7626,US-2016-159499,TEC-AC-10002718,23.344,Low,No
7627,US-2016-159499,OFF-LA-10003121,16.52,Low,No
7628,CA-2015-162089,OFF-EN-10002230,335.72,Medium,No
7629,CA-2015-162089,TEC-PH-10001819,251.944,Medium,No
7630,CA-2015-162089,FUR-CH-10002304,127.302,Medium,No
7631,US-2018-158526,FUR-CH-10002602,1207.84,High,Yes
7632,US-2018-158526,OFF-BI-10002414,12.53,Low,No
7633,US-2018-158526,OFF-AR-10003696,34.58,Low,No
7634,US-2018-158526,FUR-CH-10004495,300.98,Medium,No
7635,US-2018-158526,FUR-CH-10001270,258.75,Medium,No
7636,CA-2018-104885,OFF-AR-10001615,59.52,Low,No
7637,CA-2018-104885,OFF-EN-10003286,57.96,Low,No
7638,CA-2018-104885,FUR-BO-10003660,441.96,Medium,No
7639,CA-2018-104885,OFF-PA-10002764,68.04,Low,No
7640,US-2017-157490,TEC-MA-10001695,703.71,High,Yes
7641,US-2017-157490,OFF-BI-10002824,17.904,Low,No
7642,US-2017-157490,OFF-BI-10002571,11.976,Low,No
7643,US-2017-157490,TEC-AC-10001553,67.96,Low,No
7644,CA-2016-161452,FUR-CH-10003973,892.224,High,Yes
7645,US-2015-115196,TEC-MA-10002073,1299.99,High,Yes
7646,CA-2017-138968,OFF-BI-10003529,4.544,Low,No
7647,CA-2017-138968,FUR-CH-10000309,1352.032,High,Yes
7648,CA-2016-101889,FUR-TA-10004154,1548.99,High,Yes
7649,CA-2016-101889,OFF-EN-10003286,19.872,Low,No
7650,CA-2018-110821,TEC-AC-10001552,119.448,Medium,No
7651,CA-2018-110821,OFF-ST-10002790,118.16,Medium,No
7652,CA-2016-121552,OFF-AR-10003217,19.56,Low,No
7653,CA-2016-107685,FUR-FU-10002813,80.96,Low,No
7654,CA-2016-107685,OFF-PA-10003848,25.92,Low,No
7655,US-2015-120740,OFF-AP-10000240,106.96,Medium,No
7656,US-2015-120740,FUR-FU-10004091,187.76,Medium,No
7657,CA-2018-155740,OFF-BI-10001071,76.776,Low,No
7658,CA-2018-146493,OFF-BI-10003676,53.9,Low,No
7659,CA-2015-105417,FUR-FU-10004864,76.728,Low,No
7660,CA-2015-105417,OFF-BI-10003708,10.43,Low,No
7661,US-2018-141509,OFF-AR-10002067,99.2,Low,No
7662,CA-2018-139493,OFF-AR-10003158,15.92,Low,No
7663,CA-2015-151967,FUR-FU-10000193,129.92,Medium,No
7664,US-2017-140158,OFF-BI-10000977,30.4,Low,No
7665,US-2017-140158,TEC-CO-10001449,5399.91,High,Yes
7666,US-2017-140158,OFF-ST-10000136,119.1,Medium,No
7667,CA-2016-130974,OFF-PA-10000743,40.08,Low,No
7668,CA-2016-130974,OFF-PA-10001019,59.94,Low,No
7669,CA-2016-130974,TEC-AC-10003095,259.98,Medium,No
7670,CA-2016-130974,FUR-BO-10002916,170.98,Medium,No
7671,CA-2016-130974,FUR-FU-10002506,38.97,Low,No
7672,CA-2016-130974,OFF-PA-10003823,154.9,Medium,No
7673,CA-2016-130974,FUR-TA-10004619,446.068,Medium,No
7674,CA-2018-133487,OFF-AP-10001271,152.94,Medium,No
7675,CA-2015-142951,TEC-AC-10002331,23.472,Low,No
7676,CA-2015-133592,OFF-PA-10003228,195.64,Medium,No
7677,CA-2015-133592,OFF-PA-10002586,14.94,Low,No
7678,CA-2015-133592,TEC-AC-10002049,1687.8,High,Yes
7679,CA-2015-133592,FUR-BO-10000362,341.96,Medium,No
7680,CA-2015-133592,FUR-CH-10004218,605.88,High,Yes
7681,CA-2016-120782,OFF-AP-10003779,186.732,Medium,No
7682,CA-2016-120782,OFF-BI-10003527,3812.97,High,Yes
7683,CA-2016-116876,OFF-BI-10002897,26.424,Low,No
7684,CA-2016-116876,TEC-PH-10002584,625.99,High,Yes
7685,CA-2017-169838,FUR-TA-10001095,1568.61,High,Yes
7686,CA-2017-169838,OFF-BI-10004002,17.3,Low,No
7687,CA-2017-169838,TEC-AC-10004518,160.0,Medium,No
7688,US-2018-128951,OFF-AP-10002191,179.94,Medium,No
7689,US-2018-128951,FUR-TA-10004575,872.94,High,Yes
7690,US-2018-128951,OFF-PA-10003177,12.96,Low,No
7691,CA-2015-102330,OFF-LA-10003923,88.8,Low,No
7692,CA-2015-102330,TEC-PH-10001051,319.968,Medium,No
7693,CA-2017-118899,FUR-CH-10004754,167.888,Medium,No
7694,CA-2018-107958,OFF-PA-10000357,163.96,Medium,No
7695,CA-2018-107958,OFF-BI-10001787,5.232,Low,No
7696,CA-2018-151799,TEC-CO-10002313,1199.98,High,Yes
7697,CA-2018-151799,OFF-ST-10002790,73.85,Low,No
7698,CA-2018-151799,OFF-SU-10001664,25.71,Low,No
7699,CA-2018-151799,OFF-FA-10001332,17.28,Low,No
7700,CA-2018-151799,FUR-TA-10003473,526.582,High,Yes
7701,CA-2017-114601,OFF-PA-10000605,11.56,Low,No
7702,CA-2017-114601,TEC-PH-10002170,209.97,Medium,No
7703,CA-2017-114601,FUR-TA-10004147,447.84,Medium,No
7704,CA-2017-114601,TEC-AC-10003911,479.97,Medium,No
7705,CA-2017-114601,OFF-AR-10002578,8.64,Low,No
7706,CA-2018-100237,OFF-AR-10001761,11.68,Low,No
7707,CA-2015-139542,TEC-AC-10001553,40.776,Low,No
7708,CA-2015-139542,OFF-BI-10000309,13.698,Low,No
7709,US-2016-142811,TEC-PH-10003095,87.8,Low,No
7710,CA-2018-139353,FUR-FU-10001876,77.952,Low,No
7711,CA-2018-139353,OFF-ST-10001522,147.184,Medium,No
7712,CA-2018-139353,OFF-PA-10000300,47.952,Low,No
7713,CA-2015-150203,OFF-AP-10001469,250.26,Medium,No
7714,US-2018-101518,TEC-AC-10001553,40.776,Low,No
7715,CA-2016-149636,OFF-PA-10004041,29.6,Low,No
7716,CA-2016-149636,OFF-BI-10002764,1.938,Low,No
7717,US-2018-146213,TEC-AC-10001114,159.96,Medium,No
7718,CA-2016-108588,OFF-AR-10001615,59.52,Low,No
7719,CA-2016-108588,OFF-EN-10000461,17.48,Low,No
7720,CA-2016-108588,OFF-BI-10004506,13.168,Low,No
7721,US-2018-138086,OFF-AP-10000027,40.74,Low,No
7722,CA-2016-139374,FUR-CH-10003981,179.886,Medium,No
7723,CA-2017-113978,OFF-AP-10003849,286.256,Medium,No
7724,CA-2017-113978,OFF-ST-10004963,24.224,Low,No
7725,CA-2017-113978,OFF-ST-10002574,331.536,Medium,No
7726,US-2016-150231,OFF-AR-10001761,17.52,Low,No
7727,CA-2017-106915,OFF-AR-10000716,17.856,Low,No
7728,US-2017-109260,TEC-AC-10002637,431.976,Medium,No
7729,CA-2018-104850,FUR-CH-10003774,291.136,Medium,No
7730,CA-2018-140508,OFF-EN-10000927,114.848,Medium,No
7731,CA-2018-143294,OFF-PA-10000743,10.688,Low,No
7732,CA-2017-165673,OFF-PA-10000697,15.232,Low,No
7733,CA-2018-134418,OFF-AR-10004441,12.42,Low,No
7734,US-2017-106313,OFF-PA-10001870,19.44,Low,No
7735,CA-2015-105872,OFF-BI-10003684,70.368,Low,No
7736,CA-2018-108287,OFF-AR-10001315,12.672,Low,No
7737,CA-2018-141103,TEC-PH-10003589,89.95,Low,No
7738,CA-2015-154781,OFF-PA-10001609,6.58,Low,No
7739,CA-2015-154781,TEC-AC-10000474,94.99,Low,No
7740,CA-2016-147816,TEC-PH-10003095,35.12,Low,No
7741,CA-2018-105326,OFF-PA-10001639,25.92,Low,No
7742,CA-2017-133613,OFF-BI-10002003,7.96,Low,No
7743,CA-2017-133613,TEC-PH-10004539,566.97,High,Yes
7744,CA-2017-133613,OFF-AR-10003829,9.84,Low,No
7745,CA-2016-109113,TEC-AC-10004761,25.488,Low,No
7746,CA-2016-156153,OFF-FA-10003472,7.56,Low,No
7747,CA-2016-133242,FUR-FU-10003464,60.84,Low,No
7748,CA-2016-133242,OFF-ST-10003716,450.04,Medium,No
7749,CA-2016-133242,OFF-BI-10004002,34.6,Low,No
7750,CA-2016-133242,TEC-PH-10002496,467.97,Medium,No
7751,CA-2016-133242,OFF-BI-10004826,33.02,Low,No
7752,CA-2016-158323,FUR-FU-10001546,17.088,Low,No
7753,CA-2016-161795,OFF-AR-10001919,3.008,Low,No
7754,CA-2018-100902,OFF-PA-10002558,268.24,Medium,No
7755,CA-2018-100902,TEC-AC-10003174,431.16,Medium,No
7756,CA-2018-112844,TEC-PH-10003988,43.6,Low,No
7757,CA-2018-112844,FUR-FU-10004845,154.95,Medium,No
7758,CA-2017-158925,OFF-PA-10003072,15.552,Low,No
7759,CA-2015-155390,OFF-PA-10003641,42.208,Low,No
7760,CA-2018-123071,OFF-PA-10003729,10.368,Low,No
7761,CA-2018-156391,OFF-AR-10003251,2.224,Low,No
7762,CA-2016-103093,OFF-EN-10003286,74.52,Low,No
7763,US-2018-118941,OFF-AR-10004078,17.52,Low,No
7764,US-2018-118941,FUR-CH-10002331,1779.9,High,Yes
7765,US-2018-118941,OFF-AR-10001953,219.9,Medium,No
7766,CA-2016-169299,OFF-AR-10002053,7.152,Low,No
7767,CA-2018-154088,OFF-PA-10003651,26.72,Low,No
7768,CA-2017-155978,TEC-PH-10002885,1039.728,High,Yes
7769,CA-2017-155978,OFF-AP-10002892,45.96,Low,No
7770,CA-2017-108196,OFF-BI-10000545,456.588,Medium,No
7771,CA-2017-108196,TEC-MA-10000418,4499.985,High,Yes
7772,CA-2017-108196,TEC-AC-10000926,59.976,Low,No
7773,CA-2017-152800,OFF-EN-10001509,6.12,Low,No
7774,CA-2015-166961,OFF-AP-10001366,10.98,Low,No
7775,CA-2015-166961,OFF-FA-10003485,7.86,Low,No
7776,CA-2015-166961,OFF-ST-10004507,51.45,Low,No
7777,CA-2015-166961,OFF-BI-10002353,37.056,Low,No
7778,CA-2017-139381,OFF-AP-10001271,203.92,Medium,No
7779,CA-2017-139381,TEC-PH-10004924,29.56,Low,No
7780,CA-2016-132136,OFF-BI-10002706,8.568,Low,No
7781,CA-2017-162236,OFF-ST-10003442,45.248,Low,No
7782,CA-2017-162236,FUR-TA-10002533,876.3,High,Yes
7783,CA-2017-162236,OFF-SU-10003505,185.376,Medium,No
7784,US-2015-111353,OFF-LA-10002762,25.06,Low,No
7785,US-2017-117037,OFF-BI-10000279,2.89,Low,No
7786,US-2017-117037,OFF-FA-10000936,7.896,Low,No
7787,US-2017-117037,FUR-FU-10004973,22.608,Low,No
7788,US-2017-117037,OFF-PA-10000791,30.528,Low,No
7789,CA-2018-160801,OFF-BI-10001132,4.842,Low,No
7790,CA-2017-108364,OFF-BI-10002012,1.8,Low,No
7791,CA-2018-169362,TEC-AC-10001383,39.984,Low,No
7792,CA-2016-127481,OFF-PA-10002036,32.4,Low,No
7793,CA-2016-127481,OFF-PA-10002377,97.88,Low,No
7794,CA-2016-112711,TEC-PH-10000526,307.168,Medium,No
7795,US-2016-145121,OFF-BI-10001078,26.9,Low,No
7796,CA-2018-166184,OFF-EN-10004483,47.01,Low,No
7797,CA-2018-166184,TEC-PH-10002624,469.99,Medium,No
7798,CA-2018-166184,FUR-CH-10003396,207.846,Medium,No
7799,CA-2018-157413,OFF-ST-10002756,324.744,Medium,No
7800,CA-2015-143637,FUR-FU-10002813,40.48,Low,No
7801,CA-2016-102260,OFF-LA-10003714,12.0,Low,No
7802,CA-2016-102260,OFF-ST-10003716,720.064,High,Yes
7803,CA-2016-102260,OFF-ST-10002289,25.424,Low,No
7804,CA-2016-102260,OFF-AR-10001315,2.816,Low,No
7805,CA-2016-102260,OFF-BI-10000042,3.204,Low,No
7806,US-2017-137295,OFF-BI-10004236,30.828,Low,No
7807,US-2017-137295,OFF-AR-10001955,47.616,Low,No
7808,US-2017-137295,TEC-PH-10004080,108.784,Medium,No
7809,CA-2017-134334,OFF-PA-10000791,4.77,Low,No
7810,CA-2017-134334,OFF-AR-10001770,7.98,Low,No
7811,CA-2017-134334,FUR-TA-10002356,550.431,High,Yes
7812,CA-2017-134334,FUR-FU-10003274,10.56,Low,No
7813,US-2018-109316,FUR-BO-10004834,1497.666,High,Yes
7814,US-2018-109316,TEC-PH-10000307,17.52,Low,No
7815,CA-2017-138478,OFF-AR-10002240,113.22,Medium,No
7816,CA-2017-138478,OFF-PA-10001801,35.88,Low,No
7817,CA-2017-138478,OFF-BI-10001120,4535.976,High,Yes
7818,CA-2018-150469,OFF-FA-10000611,11.84,Low,No
7819,CA-2018-152436,OFF-ST-10000036,592.74,High,Yes
7820,CA-2017-169334,OFF-ST-10004950,111.672,Medium,No
7821,US-2015-115413,OFF-AR-10003770,8.64,Low,No
7822,US-2015-115413,TEC-AC-10002800,149.97,Medium,No
7823,CA-2015-125150,FUR-CH-10002439,232.88,Medium,No
7824,CA-2016-127327,FUR-CH-10004218,90.882,Low,No
7825,CA-2018-117114,TEC-PH-10004042,508.768,High,Yes
7826,CA-2018-117114,OFF-EN-10001137,9.912,Low,No
7827,CA-2016-137302,FUR-CH-10002017,63.936,Low,No
7828,CA-2016-137302,OFF-AR-10000588,59.52,Low,No
7829,CA-2016-137302,TEC-PH-10003174,311.976,Medium,No
7830,CA-2016-137302,OFF-BI-10001524,50.352,Low,No
7831,CA-2017-112382,TEC-PH-10001552,19.136,Low,No
7832,CA-2016-128958,OFF-AR-10004757,13.12,Low,No
7833,CA-2016-106257,FUR-TA-10002530,241.568,Medium,No
7834,CA-2016-106257,TEC-PH-10001494,479.92,Medium,No
7835,CA-2016-149083,FUR-CH-10004289,307.136,Medium,No
7836,CA-2016-149083,OFF-LA-10002945,12.6,Low,No
7837,CA-2016-149083,TEC-AC-10002567,159.98,Medium,No
7838,US-2015-137869,OFF-EN-10001509,6.12,Low,No
7839,US-2015-137869,FUR-TA-10003954,1184.72,High,Yes
7840,CA-2017-116603,OFF-AP-10002892,45.96,Low,No
7841,CA-2015-158470,OFF-BI-10003638,58.05,Low,No
7842,CA-2015-158470,OFF-PA-10001569,71.28,Low,No
7843,US-2018-123834,FUR-TA-10001676,124.404,Medium,No
7844,CA-2016-125976,OFF-PA-10001125,154.9,Medium,No
7845,CA-2016-125976,TEC-PH-10002496,1871.88,High,Yes
7846,CA-2017-128706,FUR-FU-10004053,16.192,Low,No
7847,CA-2017-104311,OFF-ST-10000321,18.936,Low,No
7848,CA-2017-104311,OFF-ST-10002957,12.672,Low,No
7849,CA-2017-104311,OFF-LA-10000973,5.04,Low,No
7850,CA-2015-169649,OFF-PA-10000143,8.448,Low,No
7851,CA-2015-169649,OFF-AP-10003287,20.388,Low,No
7852,CA-2016-144890,OFF-PA-10001526,9.96,Low,No
7853,CA-2018-135587,OFF-AP-10004540,320.64,Medium,No
7854,CA-2018-135587,TEC-AC-10001266,52.0,Low,No
7855,CA-2015-103429,OFF-BI-10004233,25.584,Low,No
7856,CA-2015-103429,TEC-PH-10003505,464.0,Medium,No
7857,CA-2015-103429,OFF-AP-10001005,235.95,Medium,No
7858,CA-2015-103429,OFF-PA-10001712,39.96,Low,No
7859,CA-2018-152261,OFF-BI-10002353,18.528,Low,No
7860,CA-2016-142993,TEC-AC-10003038,17.9,Low,No
7861,CA-2016-142993,OFF-ST-10000934,81.96,Low,No
7862,CA-2016-143364,OFF-ST-10002743,272.736,Medium,No
7863,CA-2016-143364,OFF-PA-10001846,18.496,Low,No
7864,CA-2016-143364,FUR-CH-10004287,441.92,Medium,No
7865,CA-2016-143364,FUR-BO-10001608,127.764,Medium,No
7866,CA-2015-100972,OFF-PA-10000357,166.44,Medium,No
7867,CA-2017-136994,OFF-PA-10000575,13.38,Low,No
7868,US-2018-166233,TEC-AC-10002167,24.0,Low,No
7869,CA-2018-122112,OFF-EN-10004459,24.448,Low,No
7870,CA-2017-101672,OFF-LA-10002271,6.16,Low,No
7871,CA-2017-101672,FUR-CH-10004063,915.136,High,Yes
7872,CA-2017-101672,OFF-PA-10004610,8.56,Low,No
7873,CA-2017-101672,OFF-PA-10001878,97.82,Low,No
7874,CA-2018-168403,OFF-PA-10002036,31.104,Low,No
7875,CA-2018-168403,OFF-AP-10003278,11.176,Low,No
7876,CA-2016-148705,OFF-LA-10001641,5.04,Low,No
7877,CA-2017-160241,FUR-FU-10003806,242.176,Medium,No
7878,CA-2017-155747,FUR-TA-10003392,337.176,Medium,No
7879,CA-2018-118017,OFF-AR-10003856,13.344,Low,No
7880,CA-2018-118017,TEC-AC-10002006,76.752,Low,No
7881,CA-2018-118017,TEC-AC-10002006,102.336,Medium,No
7882,CA-2018-118017,OFF-PA-10002246,10.32,Low,No
7883,CA-2018-118017,OFF-SU-10004782,47.32,Low,No
7884,CA-2018-118017,FUR-FU-10004351,23.376,Low,No
7885,CA-2018-118017,FUR-FU-10004270,16.72,Low,No
7886,CA-2018-118017,FUR-FU-10004053,16.192,Low,No
7887,CA-2017-113117,OFF-PA-10000019,32.4,Low,No
7888,CA-2017-148684,OFF-AR-10003811,19.89,Low,No
7889,CA-2017-148684,TEC-AC-10001838,399.98,Medium,No
7890,CA-2017-148684,FUR-FU-10003553,343.85,Medium,No
7891,CA-2017-148684,OFF-PA-10003302,106.32,Medium,No
7892,CA-2018-125367,OFF-BI-10002412,13.92,Low,No
7893,CA-2018-124744,OFF-BI-10002852,82.4,Low,No
7894,CA-2018-124744,OFF-BI-10000145,6.24,Low,No
7895,CA-2018-124744,OFF-PA-10001970,447.84,Medium,No
7896,CA-2018-128363,OFF-AP-10001563,272.048,Medium,No
7897,CA-2018-128363,OFF-BI-10001359,1614.582,High,Yes
7898,CA-2018-128363,OFF-FA-10003495,24.32,Low,No
7899,CA-2018-128363,TEC-AC-10003709,1.584,Low,No
7900,CA-2018-128363,FUR-FU-10003268,31.984,Low,No
7901,CA-2018-128363,OFF-EN-10003845,14.76,Low,No
7902,CA-2018-128363,FUR-CH-10002073,423.648,Medium,No
7903,CA-2016-126669,OFF-PA-10001357,76.64,Low,No
7904,US-2016-118766,OFF-EN-10001415,4.464,Low,No
7905,US-2016-118766,OFF-BI-10002813,3.96,Low,No
7906,CA-2017-112585,OFF-AP-10003849,715.64,High,Yes
7907,CA-2017-149762,FUR-TA-10004147,268.704,Medium,No
7908,CA-2017-149762,OFF-AR-10001662,21.92,Low,No
7909,CA-2017-149762,OFF-ST-10001558,48.72,Low,No
7910,CA-2017-149762,FUR-BO-10001337,205.666,Medium,No
7911,CA-2017-167605,FUR-FU-10001602,30.344,Low,No
7912,US-2018-105697,OFF-ST-10003996,25.696,Low,No
7913,CA-2018-165323,TEC-MA-10003673,3404.5,High,Yes
7914,CA-2018-165323,TEC-AC-10004992,101.34,Medium,No
7915,CA-2016-110891,FUR-CH-10002880,344.372,Medium,No
7916,CA-2018-100783,OFF-AR-10000380,30.384,Low,No
7917,CA-2016-152513,OFF-BI-10002706,22.848,Low,No
7918,CA-2018-139822,OFF-ST-10000943,38.62,Low,No
7919,CA-2018-139822,TEC-AC-10001090,59.98,Low,No
7920,CA-2018-107713,OFF-BI-10002026,174.3,Medium,No
7921,CA-2018-134096,TEC-PH-10000526,383.96,Medium,No
7922,CA-2018-134096,OFF-BI-10004002,15.57,Low,No
7923,CA-2017-125843,OFF-BI-10002309,22.32,Low,No
7924,CA-2017-125843,OFF-LA-10003923,103.6,Medium,No
7925,CA-2018-120404,TEC-AC-10003433,2.97,Low,No
7926,CA-2018-120404,TEC-PH-10001363,569.99,High,Yes
7927,CA-2018-120404,FUR-FU-10000820,50.97,Low,No
7928,CA-2018-167549,FUR-TA-10004767,298.116,Medium,No
7929,CA-2017-120082,OFF-AR-10001955,59.52,Low,No
7930,US-2017-168095,FUR-CH-10004886,230.28,Medium,No
7931,US-2017-168095,OFF-PA-10003641,105.52,Medium,No
7932,CA-2018-166093,OFF-EN-10003134,23.36,Low,No
7933,CA-2018-166093,TEC-PH-10002564,71.976,Low,No
7934,CA-2018-166093,OFF-PA-10003893,8.56,Low,No
7935,CA-2018-166093,OFF-BI-10000174,13.92,Low,No
7936,CA-2018-166093,OFF-AP-10001058,2518.29,High,Yes
7937,CA-2018-166093,OFF-ST-10001496,540.57,High,Yes
7938,CA-2018-166093,OFF-BI-10004230,221.056,Medium,No
7939,CA-2017-146325,FUR-CH-10001146,81.424,Low,No
7940,CA-2017-146325,OFF-ST-10001590,134.8,Medium,No
7941,CA-2018-134194,OFF-BI-10003684,39.582,Low,No
7942,CA-2018-134194,OFF-SU-10000946,44.688,Low,No
7943,CA-2018-134194,OFF-AR-10001615,31.744,Low,No
7944,CA-2018-134194,OFF-BI-10001597,40.98,Low,No
7945,CA-2018-134194,OFF-BI-10001116,3.168,Low,No
7946,CA-2015-131009,OFF-FA-10004395,18.84,Low,No
7947,CA-2015-131009,FUR-CH-10001270,362.25,Medium,No
7948,CA-2015-131009,FUR-FU-10001095,63.552,Low,No
7949,CA-2015-131009,OFF-ST-10001469,129.552,Medium,No
7950,CA-2016-145814,OFF-BI-10003196,5.984,Low,No
7951,CA-2016-145814,TEC-PH-10002200,861.76,High,Yes
7952,CA-2015-138359,OFF-ST-10000636,66.96,Low,No
7953,CA-2015-138359,OFF-BI-10000145,6.24,Low,No
7954,CA-2018-131807,FUR-CH-10001190,435.168,Medium,No
7955,CA-2018-131807,OFF-FA-10002780,14.9,Low,No
7956,CA-2018-131807,OFF-AP-10004052,15.8,Low,No
7957,CA-2018-131807,FUR-FU-10004666,72.9,Low,No
7958,CA-2018-131807,FUR-TA-10004086,206.352,Medium,No
7959,CA-2018-131807,TEC-PH-10000702,7.992,Low,No
7960,CA-2018-104864,OFF-ST-10002301,81.36,Low,No
7961,CA-2018-104864,OFF-BI-10001636,20.232,Low,No
7962,CA-2018-104864,OFF-AP-10002684,389.056,Medium,No
7963,CA-2018-104864,OFF-PA-10004609,20.736,Low,No
7964,CA-2018-104864,OFF-PA-10003309,41.472,Low,No
7965,CA-2016-138219,OFF-PA-10000380,33.36,Low,No
7966,CA-2017-157707,FUR-BO-10001567,90.882,Low,No
7967,CA-2017-157707,TEC-PH-10002583,15.992,Low,No
7968,CA-2017-157707,FUR-CH-10004853,120.784,Medium,No
7969,US-2016-126753,TEC-PH-10003580,519.792,High,Yes
7970,US-2016-126753,TEC-AC-10004227,31.176,Low,No
7971,US-2016-126753,OFF-PA-10002787,10.368,Low,No
7972,US-2016-126753,OFF-BI-10003981,2.724,Low,No
7973,US-2016-126753,FUR-FU-10001488,254.352,Medium,No
7974,US-2016-126753,OFF-BI-10003727,3.762,Low,No
7975,US-2016-126753,OFF-PA-10000130,10.272,Low,No
7976,CA-2015-166051,TEC-PH-10002680,659.97,High,Yes
7977,CA-2015-166051,TEC-PH-10002538,113.73,Medium,No
7978,CA-2016-113040,OFF-BI-10001249,5.104,Low,No
7979,CA-2015-103800,OFF-PA-10000174,16.448,Low,No
7980,CA-2015-113383,OFF-AP-10004532,81.92,Low,No
7981,CA-2015-113383,FUR-FU-10001986,254.9,Medium,No
7982,CA-2018-152499,OFF-FA-10002975,15.12,Low,No
7983,CA-2018-152499,OFF-AR-10003481,7.872,Low,No
7984,CA-2017-151498,OFF-BI-10004967,8.32,Low,No
7985,CA-2017-137939,TEC-PH-10003589,89.95,Low,No
7986,US-2017-117793,OFF-LA-10002945,25.2,Low,No
7987,US-2017-117793,OFF-LA-10003537,37.59,Low,No
7988,US-2017-117793,OFF-ST-10002406,14.97,Low,No
7989,US-2017-117793,TEC-AC-10003433,1.98,Low,No
7990,CA-2017-133872,OFF-BI-10002082,39.936,Low,No
7991,CA-2017-133872,TEC-AC-10000521,18.464,Low,No
7992,US-2016-165743,OFF-BI-10001982,4.896,Low,No
7993,US-2016-165743,FUR-BO-10002268,145.764,Medium,No
7994,US-2016-165743,OFF-BI-10001758,9.612,Low,No
7995,US-2018-105998,TEC-AC-10004469,199.75,Medium,No
7996,US-2018-105998,FUR-TA-10001095,1673.184,High,Yes
7997,US-2015-148194,FUR-FU-10001852,12.18,Low,No
7998,US-2015-148194,OFF-AP-10000696,57.68,Low,No
7999,US-2016-151407,TEC-PH-10003885,263.96,Medium,No
8000,CA-2016-110870,TEC-AC-10002926,299.94,Medium,No
8001,CA-2016-110870,OFF-SU-10001225,25.76,Low,No
8002,CA-2015-143210,TEC-PH-10004434,271.9,Medium,No
8003,CA-2015-143210,FUR-FU-10003878,45.84,Low,No
8004,CA-2015-143210,FUR-FU-10002268,9.82,Low,No
8005,CA-2017-139808,OFF-FA-10001883,93.36,Low,No
8006,CA-2016-110863,OFF-ST-10002756,541.24,High,Yes
8007,CA-2016-110863,OFF-PA-10000474,106.32,Medium,No
8008,CA-2016-110863,FUR-CH-10002073,1323.9,High,Yes
8009,CA-2015-127859,OFF-PA-10003641,126.624,Medium,No
8010,US-2016-136427,TEC-PH-10002070,125.944,Medium,No
8011,CA-2018-120168,OFF-BI-10004519,663.92,High,Yes
8012,CA-2018-120168,TEC-AC-10002167,120.0,Medium,No
8013,CA-2018-120168,OFF-FA-10000936,3.29,Low,No
8014,CA-2018-120168,FUR-FU-10000732,18.84,Low,No
8015,US-2015-131870,FUR-FU-10002501,60.672,Low,No
8016,US-2015-131870,OFF-AR-10000634,30.816,Low,No
8017,CA-2018-114804,TEC-PH-10001700,52.792,Low,No
8018,CA-2018-167227,OFF-AP-10001962,83.9,Low,No
8019,CA-2018-167227,OFF-PA-10001838,11.76,Low,No
8020,CA-2015-129189,OFF-AP-10000124,4.992,Low,No
8021,CA-2015-129189,OFF-EN-10003567,87.92,Low,No
8022,CA-2015-129189,FUR-CH-10004997,657.93,High,Yes
8023,CA-2015-129189,OFF-BI-10000494,1.044,Low,No
8024,CA-2016-132465,FUR-FU-10000277,210.68,Medium,No
8025,CA-2016-132465,OFF-ST-10003641,78.8,Low,No
8026,CA-2016-132465,TEC-AC-10001998,19.99,Low,No
8027,CA-2016-132465,OFF-ST-10001932,772.68,High,Yes
8028,CA-2017-166373,TEC-AC-10002323,106.08,Medium,No
8029,CA-2017-158806,FUR-FU-10004270,23.076,Low,No
8030,CA-2017-158806,OFF-PA-10004621,25.92,Low,No
8031,CA-2016-119690,OFF-PA-10001019,47.952,Low,No
8032,CA-2016-119690,OFF-BI-10000201,0.984,Low,No
8033,CA-2016-119690,FUR-FU-10004587,75.384,Low,No
8034,CA-2016-119690,OFF-LA-10001613,4.608,Low,No
8035,CA-2016-153738,OFF-BI-10001308,37.68,Low,No
8036,CA-2018-169012,OFF-AP-10003278,41.91,Low,No
8037,CA-2018-109393,FUR-BO-10003966,435.999,Medium,No
8038,CA-2018-121489,FUR-CH-10004698,388.704,Medium,No
8039,CA-2018-121489,OFF-ST-10000025,572.58,High,Yes
8040,CA-2018-121489,TEC-AC-10000682,33.18,Low,No
8041,US-2018-133081,TEC-AC-10001772,63.88,Low,No
8042,US-2018-133081,FUR-FU-10001379,26.72,Low,No
8043,CA-2018-165008,OFF-BI-10002794,295.056,Medium,No
8044,CA-2017-145611,OFF-AP-10001005,393.25,Medium,No
8045,CA-2017-113600,OFF-BI-10000201,2.214,Low,No
8046,CA-2018-130834,OFF-PA-10003673,16.272,Low,No
8047,CA-2017-168543,OFF-AP-10000938,706.86,High,Yes
8048,CA-2015-144974,OFF-BI-10003274,5.97,Low,No
8049,CA-2015-144974,FUR-FU-10001095,21.184,Low,No
8050,CA-2015-144974,OFF-AP-10001492,41.376,Low,No
8051,CA-2015-109904,OFF-AR-10004999,17.94,Low,No
8052,CA-2018-152205,OFF-BI-10004094,2.655,Low,No
8053,CA-2016-121188,OFF-ST-10001490,892.35,High,Yes
8054,CA-2016-121188,FUR-BO-10004695,307.666,Medium,No
8055,CA-2016-121188,OFF-ST-10000736,728.82,High,Yes
8056,CA-2016-121188,OFF-BI-10001617,41.36,Low,No
8057,CA-2016-121188,TEC-PH-10003589,43.176,Low,No
8058,CA-2016-121188,FUR-FU-10003981,4.16,Low,No
8059,CA-2016-156013,OFF-PA-10001970,61.4,Low,No
8060,CA-2016-156013,OFF-BI-10002437,24.448,Low,No
8061,CA-2017-132997,TEC-PH-10000586,263.96,Medium,No
8062,CA-2017-132997,TEC-PH-10003811,359.97,Medium,No
8063,CA-2017-132997,OFF-PA-10004983,12.96,Low,No
8064,CA-2017-132997,OFF-ST-10003479,116.82,Medium,No
8065,CA-2017-132997,OFF-BI-10004318,276.784,Medium,No
8066,US-2016-160563,TEC-AC-10002567,239.97,Medium,No
8067,US-2016-160563,FUR-FU-10001731,16.02,Low,No
8068,CA-2018-151750,OFF-ST-10002743,454.56,Medium,No
8069,CA-2018-151750,FUR-FU-10002116,141.42,Medium,No
8070,CA-2018-151750,FUR-CH-10003199,310.744,Medium,No
8071,CA-2018-151750,OFF-AR-10003158,12.736,Low,No
8072,CA-2018-151750,OFF-BI-10000301,6.47,Low,No
8073,CA-2018-151750,OFF-BI-10000343,13.748,Low,No
8074,CA-2018-151750,OFF-AP-10004708,15.224,Low,No
8075,CA-2016-106187,FUR-FU-10000794,27.42,Low,No
8076,CA-2016-106187,OFF-BI-10004519,165.98,Medium,No
8077,CA-2016-106187,TEC-AC-10001590,75.0,Low,No
8078,US-2017-164945,OFF-BI-10001524,134.272,Medium,No
8079,CA-2016-150714,OFF-LA-10001474,146.544,Medium,No
8080,CA-2016-150714,OFF-PA-10001497,131.904,Medium,No
8081,CA-2016-150714,OFF-AP-10003287,203.88,Medium,No
8082,CA-2016-150714,OFF-BI-10002982,14.301,Low,No
8083,CA-2016-150714,OFF-ST-10001809,718.64,High,Yes
8084,CA-2017-105753,FUR-FU-10000246,61.1,Low,No
8085,CA-2018-120894,OFF-AP-10000252,28.08,Low,No
8086,CA-2017-106621,OFF-AR-10002375,10.496,Low,No
8087,CA-2016-107020,OFF-BI-10003719,39.92,Low,No
8088,US-2016-117492,OFF-AP-10001492,77.58,Low,No
8089,CA-2015-101392,OFF-ST-10000532,269.36,Medium,No
8090,CA-2016-127502,OFF-LA-10001613,5.76,Low,No
8091,CA-2018-143658,OFF-AR-10002818,109.9,Medium,No
8092,CA-2018-133046,FUR-FU-10001940,23.88,Low,No
8093,CA-2018-133046,OFF-PA-10003883,26.2,Low,No
8094,CA-2018-133046,OFF-PA-10002787,12.96,Low,No
8095,CA-2018-133046,TEC-AC-10000991,234.95,Medium,No
8096,CA-2018-122798,OFF-ST-10003058,118.25,Medium,No
8097,CA-2018-122798,OFF-PA-10004239,4.28,Low,No
8098,CA-2017-169663,TEC-AC-10003038,26.85,Low,No
8099,CA-2017-169663,TEC-MA-10000984,3357.6,High,Yes
8100,CA-2016-149846,OFF-LA-10004484,8.26,Low,No
8101,CA-2016-149846,TEC-MA-10004002,2973.32,High,Yes
8102,CA-2016-149846,OFF-ST-10002406,104.79,Medium,No
8103,CA-2016-149846,TEC-PH-10003645,775.728,High,Yes
8104,CA-2018-159149,FUR-BO-10001601,89.0664,Low,No
8105,CA-2018-159149,OFF-AR-10000937,175.44,Medium,No
8106,CA-2018-159149,TEC-PH-10000038,438.336,Medium,No
8107,US-2018-167570,FUR-CH-10003396,215.544,Medium,No
8108,CA-2018-160122,OFF-EN-10002592,55.584,Low,No
8109,CA-2018-160122,FUR-CH-10000422,127.386,Medium,No
8110,CA-2017-130393,FUR-CH-10002647,248.43,Medium,No
8111,CA-2017-130393,OFF-AP-10004859,11.648,Low,No
8112,CA-2017-130393,FUR-CH-10004477,85.246,Low,No
8113,CA-2018-144820,OFF-AR-10004817,20.64,Low,No
8114,CA-2018-101014,FUR-FU-10003374,148.02,Medium,No
8115,CA-2018-105543,OFF-ST-10003123,33.29,Low,No
8116,US-2018-113201,OFF-PA-10000675,204.95,Medium,No
8117,US-2018-106551,FUR-CH-10004997,526.344,High,Yes
8118,CA-2017-116722,FUR-FU-10001934,41.96,Low,No
8119,CA-2017-116722,FUR-CH-10004997,451.152,Medium,No
8120,CA-2017-116722,OFF-BI-10001890,31.504,Low,No
8121,CA-2015-138128,OFF-EN-10002500,30.672,Low,No
8122,CA-2015-138128,TEC-CO-10001766,1079.976,High,Yes
8123,US-2018-150070,FUR-CH-10004860,161.568,Medium,No
8124,CA-2016-137064,OFF-BI-10002049,2.934,Low,No
8125,CA-2016-137064,TEC-AC-10003499,18.528,Low,No
8126,CA-2016-137064,OFF-ST-10003470,670.752,High,Yes
8127,CA-2018-157350,FUR-FU-10000222,64.96,Low,No
8128,CA-2015-127866,TEC-AC-10000023,41.94,Low,No
8129,CA-2015-127866,OFF-PA-10003971,11.96,Low,No
8130,CA-2015-127866,OFF-AR-10003481,13.12,Low,No
8131,CA-2015-127866,OFF-ST-10001490,535.41,High,Yes
8132,CA-2016-131352,FUR-FU-10003708,72.78,Low,No
8133,CA-2016-121776,OFF-PA-10001970,36.84,Low,No
8134,CA-2016-121776,OFF-LA-10002762,87.71,Low,No
8135,CA-2017-118073,FUR-TA-10002533,562.2925,High,Yes
8136,CA-2015-103219,FUR-FU-10004091,56.52,Low,No
8137,CA-2017-102561,OFF-AR-10001545,11.264,Low,No
8138,CA-2017-102561,OFF-ST-10001476,284.08,Medium,No
8139,CA-2017-102561,OFF-PA-10004971,18.496,Low,No
8140,CA-2017-100993,OFF-LA-10003223,14.73,Low,No
8141,CA-2017-100993,OFF-ST-10004340,186.54,Medium,No
8142,CA-2017-100993,FUR-TA-10001095,557.728,High,Yes
8143,CA-2017-100993,TEC-PH-10001448,159.968,Medium,No
8144,US-2015-112949,OFF-AP-10001005,471.9,Medium,No
8145,US-2015-112949,OFF-AR-10003469,3.52,Low,No
8146,US-2018-146822,OFF-PA-10000249,49.12,Low,No
8147,US-2017-131058,OFF-LA-10001613,20.16,Low,No
8148,CA-2015-167997,OFF-BI-10001758,10.68,Low,No
8149,CA-2015-167997,FUR-BO-10004409,141.96,Medium,No
8150,CA-2018-140151,OFF-ST-10001558,32.48,Low,No
8151,CA-2018-140151,OFF-PA-10002986,20.04,Low,No
8152,CA-2018-140151,TEC-CO-10004722,13999.96,High,Yes
8153,US-2018-143770,TEC-AC-10002842,238.0,Medium,No
8154,US-2018-143770,OFF-PA-10001125,61.96,Low,No
8155,CA-2017-131296,FUR-TA-10002622,239.372,Medium,No
8156,CA-2017-103464,TEC-AC-10002842,595.0,High,Yes
8157,CA-2018-136238,OFF-PA-10004285,16.032,Low,No
8158,CA-2017-120803,TEC-AC-10004469,199.75,Medium,No
8159,CA-2017-134138,FUR-CH-10001545,227.96,Medium,No
8160,CA-2016-120915,OFF-AP-10002578,293.52,Medium,No
8161,CA-2016-120915,TEC-PH-10003012,307.98,Medium,No
8162,CA-2016-168207,FUR-FU-10004909,96.96,Low,No
8163,CA-2016-168207,OFF-BI-10001524,117.488,Medium,No
8164,CA-2016-168207,OFF-BI-10003355,11.952,Low,No
8165,CA-2016-168207,FUR-BO-10004357,512.499,High,Yes
8166,CA-2017-144148,FUR-TA-10002774,863.128,High,Yes
8167,CA-2018-107174,FUR-TA-10004575,2036.86,High,Yes
8168,CA-2018-107174,FUR-CH-10003312,449.568,Medium,No
8169,CA-2018-107174,TEC-AC-10001465,108.96,Medium,No
8170,CA-2017-146150,OFF-AR-10002240,264.18,Medium,No
8171,CA-2015-114125,OFF-LA-10004559,2.88,Low,No
8172,CA-2015-114125,OFF-BI-10003291,41.904,Low,No
8173,CA-2015-114125,OFF-ST-10001505,23.92,Low,No
8174,CA-2017-114944,OFF-PA-10003892,156.512,Medium,No
8175,CA-2017-135965,OFF-ST-10002370,128.34,Medium,No
8176,CA-2018-149699,TEC-AC-10000474,474.95,Medium,No
8177,CA-2017-166429,TEC-CO-10002095,999.98,High,Yes
8178,CA-2016-112767,FUR-TA-10003469,277.5,Medium,No
8179,CA-2016-119879,FUR-TA-10002958,1252.704,High,Yes
8180,CA-2016-119879,TEC-PH-10002923,110.97,Medium,No
8181,CA-2018-155642,FUR-FU-10004973,22.608,Low,No
8182,CA-2018-155642,FUR-FU-10001918,1.892,Low,No
8183,US-2018-101721,OFF-PA-10003641,63.312,Low,No
8184,CA-2016-136728,OFF-EN-10002621,7.824,Low,No
8185,CA-2016-136728,FUR-CH-10003817,170.072,Medium,No
8186,CA-2017-127194,OFF-PA-10000659,62.82,Low,No
8187,CA-2016-140375,OFF-PA-10001870,19.44,Low,No
8188,CA-2016-140375,OFF-BI-10000320,7.38,Low,No
8189,US-2018-155866,OFF-PA-10004735,38.88,Low,No
8190,US-2018-155866,FUR-FU-10004091,187.76,Medium,No
8191,CA-2016-141327,OFF-BI-10000546,6.048,Low,No
8192,CA-2016-141327,OFF-AP-10001293,98.352,Low,No
8193,CA-2016-141327,FUR-FU-10000576,335.744,Medium,No
8194,CA-2016-136700,OFF-PA-10004519,8.96,Low,No
8195,CA-2018-102736,TEC-AC-10004568,89.568,Low,No
8196,CA-2018-102736,OFF-AR-10001897,71.96,Low,No
8197,CA-2018-102736,OFF-PA-10001800,15.552,Low,No
8198,CA-2018-125269,OFF-BI-10001628,10.43,Low,No
8199,CA-2018-125269,OFF-ST-10004123,72.784,Low,No
8200,CA-2016-114811,OFF-ST-10000885,67.15,Low,No
8201,CA-2016-114811,TEC-PH-10004165,549.98,High,Yes
8202,CA-2016-114811,FUR-FU-10002240,11.82,Low,No
8203,CA-2016-114811,TEC-MA-10000045,4643.8,High,Yes
8204,CA-2016-114811,FUR-CH-10003746,577.764,High,Yes
8205,CA-2016-122266,FUR-TA-10000577,191.5155,Medium,No
8206,CA-2016-122266,OFF-AR-10004757,2.624,Low,No
8207,CA-2016-141565,OFF-BI-10000545,1369.764,High,Yes
8208,CA-2016-141565,OFF-ST-10001522,294.368,Medium,No
8209,CA-2018-128769,OFF-AP-10001271,81.568,Low,No
8210,CA-2017-116337,FUR-FU-10002030,44.46,Low,No
8211,CA-2017-116337,OFF-ST-10001272,314.088,Medium,No
8212,CA-2016-120845,OFF-BI-10001116,6.336,Low,No
8213,CA-2016-120845,OFF-PA-10004665,10.48,Low,No
8214,CA-2016-120845,OFF-BI-10004506,2.469,Low,No
8215,CA-2016-120845,OFF-BI-10001982,3.264,Low,No
8216,CA-2015-120775,OFF-FA-10002676,4.344,Low,No
8217,CA-2015-120775,FUR-FU-10000758,31.776,Low,No
8218,CA-2015-120775,OFF-LA-10002271,4.928,Low,No
8219,CA-2015-120775,OFF-BI-10002609,1.788,Low,No
8220,CA-2015-120775,OFF-FA-10000254,15.072,Low,No
8221,CA-2015-152905,OFF-ST-10000321,12.624,Low,No
8222,CA-2017-104633,OFF-PA-10000241,185.88,Medium,No
8223,CA-2017-104633,OFF-PA-10004782,12.96,Low,No
8224,CA-2018-104136,OFF-PA-10004243,189.7,Medium,No
8225,CA-2018-104136,OFF-PA-10001033,40.99,Low,No
8226,CA-2017-123050,FUR-FU-10000723,82.64,Low,No
8227,CA-2017-123050,OFF-ST-10003455,31.02,Low,No
8228,CA-2017-123050,TEC-AC-10001109,89.97,Low,No
8229,CA-2017-162355,OFF-AR-10004344,35.97,Low,No
8230,CA-2017-162355,FUR-BO-10004695,1266.86,High,Yes
8231,CA-2015-158225,OFF-ST-10000675,169.45,Medium,No
8232,CA-2015-158225,OFF-ST-10002301,40.68,Low,No
8233,CA-2018-102204,OFF-SU-10001212,3.328,Low,No
8234,CA-2018-102204,FUR-TA-10001889,933.262,High,Yes
8235,CA-2018-102204,FUR-CH-10002024,2803.92,High,Yes
8236,CA-2018-103065,OFF-ST-10000617,4.768,Low,No
8237,CA-2018-103065,OFF-PA-10000380,6.672,Low,No
8238,CA-2018-103065,OFF-AR-10003251,4.448,Low,No
8239,CA-2018-103065,FUR-FU-10000175,43.936,Low,No
8240,CA-2015-109855,OFF-BI-10004716,23.744,Low,No
8241,CA-2015-109855,TEC-AC-10002842,357.0,Medium,No
8242,CA-2015-109897,TEC-PH-10003691,806.336,High,Yes
8243,CA-2015-109897,FUR-FU-10002878,85.44,Low,No
8244,US-2015-143581,OFF-ST-10000991,344.91,Medium,No
8245,CA-2016-129217,OFF-AP-10002439,70.97,Low,No
8246,CA-2016-129217,OFF-AR-10004602,36.784,Low,No
8247,CA-2017-133816,TEC-PH-10001795,743.988,High,Yes
8248,CA-2016-140221,OFF-BI-10002854,11.212,Low,No
8249,CA-2016-140221,FUR-FU-10000023,4.712,Low,No
8250,CA-2016-140221,OFF-AP-10000828,180.98,Medium,No
8251,CA-2016-140221,OFF-ST-10000777,60.416,Low,No
8252,CA-2018-152310,TEC-CO-10000971,299.99,Medium,No
8253,CA-2018-152310,OFF-PA-10003134,192.16,Medium,No
8254,CA-2018-152310,TEC-PH-10002538,242.624,Medium,No
8255,CA-2018-152310,OFF-ST-10001228,46.74,Low,No
8256,CA-2018-152310,TEC-AC-10000397,174.95,Medium,No
8257,CA-2018-152310,OFF-BI-10004308,100.704,Medium,No
8258,CA-2017-118101,OFF-PA-10000357,368.91,Medium,No
8259,CA-2017-118101,OFF-BI-10000773,8.02,Low,No
8260,CA-2017-118101,OFF-ST-10001837,171.04,Medium,No
8261,CA-2017-100307,OFF-PA-10002552,19.44,Low,No
8262,CA-2016-138457,OFF-BI-10000014,13.092,Low,No
8263,CA-2015-131800,OFF-AP-10004136,122.94,Medium,No
8264,CA-2015-131800,OFF-BI-10003429,35.448,Low,No
8265,CA-2015-118304,TEC-PH-10000376,19.98,Low,No
8266,CA-2018-121790,FUR-TA-10003469,69.375,Low,No
8267,CA-2018-121790,OFF-SU-10004231,31.68,Low,No
8268,CA-2018-121790,TEC-PH-10002584,2003.168,High,Yes
8269,CA-2018-121790,OFF-AR-10003602,9.344,Low,No
8270,CA-2017-169670,FUR-CH-10002331,2563.056,High,Yes
8271,CA-2017-139549,FUR-CH-10001802,387.136,Medium,No
8272,CA-2016-104059,OFF-AR-10000634,3.424,Low,No
8273,CA-2018-164112,OFF-ST-10002615,1085.42,High,Yes
8274,CA-2016-143882,OFF-PA-10004040,43.056,Low,No
8275,US-2017-139262,OFF-BI-10003727,3.762,Low,No
8276,US-2017-139262,OFF-BI-10002026,34.86,Low,No
8277,US-2017-139262,OFF-ST-10001496,432.456,Medium,No
8278,CA-2018-146192,OFF-ST-10003716,675.06,High,Yes
8279,CA-2018-134810,OFF-EN-10002504,65.232,Low,No
8280,CA-2018-134810,FUR-CH-10001270,207.0,Medium,No
8281,CA-2016-154284,TEC-MA-10004241,600.53,High,Yes
8282,CA-2016-154284,OFF-AR-10001468,59.904,Low,No
8283,CA-2016-154284,TEC-AC-10003198,637.44,High,Yes
8284,CA-2016-154284,FUR-FU-10003039,51.756,Low,No
8285,CA-2015-156244,OFF-PA-10000295,31.104,Low,No
8286,CA-2015-156244,OFF-AR-10004344,47.96,Low,No
8287,CA-2015-156244,TEC-AC-10002473,158.928,Medium,No
8288,CA-2015-156244,OFF-AP-10002403,211.248,Medium,No
8289,CA-2015-156244,OFF-SU-10000432,5.552,Low,No
8290,CA-2015-156244,OFF-LA-10000443,2.952,Low,No
8291,CA-2016-106362,OFF-BI-10003166,10.332,Low,No
8292,US-2018-168802,OFF-BI-10002393,18.368,Low,No
8293,US-2018-146906,TEC-PH-10001809,299.9,Medium,No
8294,CA-2017-166380,OFF-EN-10002600,26.55,Low,No
8295,CA-2017-166380,TEC-AC-10000109,111.98,Medium,No
8296,US-2016-158911,FUR-FU-10003829,4.928,Low,No
8297,US-2016-158911,OFF-LA-10003223,11.784,Low,No
8298,US-2015-103338,OFF-AR-10001770,7.98,Low,No
8299,CA-2016-109169,OFF-EN-10003296,180.96,Medium,No
8300,US-2018-167318,TEC-AC-10003870,1649.95,High,Yes
8301,US-2018-167318,FUR-CH-10000665,362.352,Medium,No
8302,US-2015-120313,TEC-PH-10003092,73.584,Low,No
8303,CA-2018-135419,FUR-TA-10001086,486.368,Medium,No
8304,CA-2017-128671,OFF-PA-10001870,32.4,Low,No
8305,CA-2017-128671,OFF-BI-10003305,41.86,Low,No
8306,CA-2017-128671,OFF-BI-10003007,77.56,Low,No
8307,CA-2017-149335,OFF-AR-10001419,37.17,Low,No
8308,CA-2015-168312,OFF-ST-10003692,137.352,Medium,No
8309,CA-2015-168312,FUR-TA-10001866,376.509,Medium,No
8310,US-2018-105935,FUR-FU-10002157,62.72,Low,No
8311,US-2018-105935,TEC-PH-10001459,2939.93,High,Yes
8312,CA-2015-161508,FUR-CH-10002126,512.358,High,Yes
8313,CA-2015-161508,OFF-FA-10001561,3.488,Low,No
8314,CA-2015-161508,OFF-AR-10003158,22.288,Low,No
8315,CA-2015-161508,OFF-PA-10001804,16.032,Low,No
8316,CA-2018-130904,OFF-AR-10000422,1.752,Low,No
8317,CA-2018-130904,OFF-AR-10000127,20.992,Low,No
8318,CA-2018-133620,OFF-ST-10004634,11.21,Low,No
8319,CA-2016-142937,OFF-AR-10003582,45.04,Low,No
8320,US-2017-149790,OFF-BI-10002026,15.624,Low,No
8321,CA-2017-130778,OFF-AP-10000595,8.74,Low,No
8322,CA-2017-130778,OFF-PA-10001509,44.75,Low,No
8323,CA-2018-144456,OFF-ST-10001321,61.68,Low,No
8324,CA-2018-144456,TEC-PH-10001750,158.376,Medium,No
8325,CA-2018-103478,OFF-BI-10001890,2.864,Low,No
8326,CA-2018-103478,OFF-BI-10004224,94.192,Low,No
8327,CA-2018-118577,OFF-PA-10001357,143.7,Medium,No
8328,CA-2018-118577,OFF-PA-10004888,6.48,Low,No
8329,CA-2018-113572,TEC-AC-10002370,7.88,Low,No
8330,CA-2017-153269,OFF-ST-10004634,11.21,Low,No
8331,CA-2017-153269,FUR-CH-10002647,354.9,Medium,No
8332,CA-2017-153269,OFF-PA-10001801,17.94,Low,No
8333,CA-2017-153269,OFF-BI-10004632,51.8,Low,No
8334,CA-2018-161655,OFF-BI-10002082,299.52,Medium,No
8335,CA-2017-101469,OFF-AR-10003986,7.7,Low,No
8336,CA-2015-153087,OFF-PA-10001243,23.92,Low,No
8337,CA-2015-153087,TEC-AC-10003198,498.0,Medium,No
8338,CA-2018-135076,FUR-CH-10003774,436.704,Medium,No
8339,CA-2015-161634,OFF-PA-10002262,32.4,Low,No
8340,CA-2018-141481,OFF-AP-10004532,61.44,Low,No
8341,CA-2017-132549,OFF-ST-10001325,73.36,Low,No
8342,US-2015-155544,OFF-LA-10004544,59.2,Low,No
8343,US-2015-155544,FUR-FU-10001473,32.952,Low,No
8344,US-2015-155544,FUR-CH-10000422,218.376,Medium,No
8345,US-2016-115238,FUR-FU-10002960,31.4,Low,No
8346,US-2016-115238,FUR-FU-10002445,9.48,Low,No
8347,US-2016-115238,TEC-PH-10001300,209.5,Medium,No
8348,US-2016-115238,FUR-FU-10001025,24.3,Low,No
8349,US-2016-115238,OFF-PA-10002689,6.48,Low,No
8350,CA-2018-132199,FUR-FU-10004245,32.448,Low,No
8351,CA-2018-132199,OFF-BI-10003684,26.388,Low,No
8352,CA-2018-132199,FUR-TA-10003748,373.47,Medium,No
8353,CA-2018-132199,OFF-BI-10002133,64.2,Low,No
8354,CA-2018-132199,OFF-FA-10002280,8.0,Low,No
8355,CA-2017-163174,FUR-FU-10000308,186.54,Medium,No
8356,CA-2015-110555,OFF-ST-10000876,87.08,Low,No
8357,CA-2015-110555,TEC-PH-10000586,105.584,Medium,No
8358,CA-2015-110555,TEC-AC-10003399,217.44,Medium,No
8359,CA-2018-147207,OFF-AR-10001955,31.744,Low,No
8360,CA-2018-147207,OFF-AP-10000027,5.432,Low,No
8361,CA-2018-147207,FUR-TA-10002958,913.43,High,Yes
8362,CA-2018-147207,OFF-ST-10002615,372.144,Medium,No
8363,CA-2018-137631,TEC-PH-10002624,751.984,High,Yes
8364,CA-2018-157273,TEC-PH-10002275,604.768,High,Yes
8365,CA-2015-109918,OFF-SU-10004290,27.36,Low,No
8366,CA-2015-109918,OFF-PA-10000174,20.56,Low,No
8367,CA-2015-109918,OFF-BI-10004308,83.92,Low,No
8368,CA-2017-118745,FUR-TA-10003473,902.712,High,Yes
8369,CA-2017-163972,FUR-BO-10003894,120.666,Medium,No
8370,CA-2015-165393,OFF-BI-10001658,4.984,Low,No
8371,CA-2017-113726,FUR-FU-10003535,82.26,Low,No
8372,CA-2017-152940,OFF-ST-10000352,29.74,Low,No
8373,CA-2016-158701,OFF-AP-10004859,87.36,Low,No
8374,CA-2016-158701,OFF-BI-10001294,56.16,Low,No
8375,CA-2018-156272,OFF-AP-10001242,64.384,Low,No
8376,CA-2016-162964,OFF-ST-10002344,64.784,Low,No
8377,CA-2016-162964,OFF-PA-10003349,15.552,Low,No
8378,CA-2016-162964,OFF-EN-10003055,223.888,Medium,No
8379,CA-2015-103527,OFF-PA-10001622,10.896,Low,No
8380,CA-2017-134544,TEC-PH-10003800,84.784,Low,No
8381,CA-2017-163048,FUR-CH-10001270,241.5,Medium,No
8382,CA-2017-145135,TEC-AC-10003447,59.97,Low,No
8383,CA-2017-145135,OFF-PA-10004285,13.36,Low,No
8384,CA-2018-137582,OFF-BI-10001757,11.808,Low,No
8385,CA-2016-149601,OFF-ST-10001558,16.24,Low,No
8386,CA-2016-149601,OFF-ST-10001328,77.55,Low,No
8387,CA-2015-139423,OFF-AP-10004708,76.12,Low,No
8388,CA-2017-102596,OFF-FA-10000621,17.184,Low,No
8389,CA-2018-153227,OFF-PA-10001838,11.76,Low,No
8390,CA-2018-110625,FUR-FU-10001473,27.46,Low,No
8391,CA-2017-142594,TEC-PH-10000193,137.94,Medium,No
8392,CA-2017-142594,FUR-FU-10002045,111.15,Medium,No
8393,CA-2017-142594,OFF-AP-10002945,901.95,High,Yes
8394,CA-2017-142594,FUR-TA-10001095,366.009,Medium,No
8395,CA-2015-152254,OFF-PA-10001144,310.688,Medium,No
8396,US-2015-120236,OFF-BI-10004099,7.68,Low,No
8397,CA-2018-120061,FUR-CH-10001973,155.372,Medium,No
8398,CA-2016-133837,OFF-ST-10000344,10.744,Low,No
8399,CA-2016-110814,OFF-BI-10002026,232.4,Medium,No
8400,CA-2016-110814,FUR-CH-10003535,164.646,Medium,No
8401,CA-2016-110814,OFF-PA-10004156,22.68,Low,No
8402,CA-2017-154067,OFF-PA-10002254,105.52,Medium,No
8403,CA-2018-140480,FUR-FU-10003247,83.92,Low,No
8404,CA-2018-140480,TEC-AC-10002473,141.9,Medium,No
8405,CA-2018-140480,FUR-FU-10001057,39.98,Low,No
8406,CA-2018-140480,OFF-AR-10001419,28.91,Low,No
8407,CA-2018-140480,OFF-AR-10004010,174.95,Medium,No
8408,CA-2016-134082,OFF-BI-10004230,110.528,Medium,No
8409,CA-2017-130820,FUR-TA-10001768,630.024,High,Yes
8410,CA-2017-159765,OFF-AR-10003514,27.86,Low,No
8411,CA-2018-132290,FUR-TA-10002228,933.408,High,Yes
8412,CA-2017-147109,OFF-PA-10001972,51.84,Low,No
8413,CA-2017-147109,TEC-AC-10002942,165.6,Medium,No
8414,CA-2018-107265,OFF-PA-10000474,106.32,Medium,No
8415,CA-2018-118199,OFF-BI-10004330,147.92,Medium,No
8416,CA-2018-118199,OFF-ST-10000604,104.28,Medium,No
8417,CA-2018-118199,FUR-TA-10004154,286.85,Medium,No
8418,CA-2018-118199,OFF-ST-10000636,66.96,Low,No
8419,CA-2018-118199,TEC-AC-10004171,199.98,Medium,No
8420,CA-2018-150091,TEC-AC-10002167,45.0,Low,No
8421,CA-2018-150091,OFF-FA-10000621,17.9,Low,No
8422,CA-2018-150091,FUR-FU-10004053,40.48,Low,No
8423,CA-2018-150091,FUR-BO-10003404,2154.9,High,Yes
8424,CA-2017-137652,OFF-BI-10004099,18.432,Low,No
8425,CA-2016-128356,OFF-SU-10004290,10.944,Low,No
8426,CA-2018-167017,OFF-SU-10001935,4.36,Low,No
8427,US-2018-132220,TEC-AC-10004227,62.352,Low,No
8428,CA-2017-118129,FUR-FU-10004904,303.92,Medium,No
8429,US-2015-113124,OFF-ST-10001511,129.3,Medium,No
8430,CA-2018-155621,FUR-FU-10003535,274.2,Medium,No
8431,US-2015-127635,OFF-FA-10000053,6.048,Low,No
8432,US-2015-127635,OFF-PA-10004610,6.848,Low,No
8433,US-2015-127635,FUR-FU-10000550,9.96,Low,No
8434,US-2015-127635,OFF-BI-10001721,8.552,Low,No
8435,CA-2016-151470,OFF-BI-10004040,45.584,Low,No
8436,CA-2016-112823,TEC-AC-10002550,25.488,Low,No
8437,CA-2015-108861,OFF-BI-10003876,136.96,Medium,No
8438,CA-2018-114370,TEC-PH-10000213,49.616,Low,No
8439,CA-2017-158302,OFF-PA-10002615,10.584,Low,No
8440,CA-2018-145779,OFF-PA-10002254,84.416,Low,No
8441,US-2017-155173,TEC-PH-10004586,431.94,Medium,No
8442,US-2017-155173,OFF-BI-10002982,2.043,Low,No
8443,US-2017-155173,TEC-PH-10002538,68.238,Low,No
8444,CA-2018-125451,FUR-TA-10001039,240.744,Medium,No
8445,CA-2018-125451,FUR-FU-10004963,35.0,Low,No
8446,CA-2018-125451,FUR-FU-10000277,210.68,Medium,No
8447,CA-2018-125451,FUR-TA-10004915,637.896,High,Yes
8448,CA-2018-125451,OFF-PA-10003724,43.44,Low,No
8449,CA-2018-125451,OFF-AP-10002906,2.22,Low,No
8450,CA-2015-131387,TEC-PH-10001459,1679.96,High,Yes
8451,CA-2017-125087,FUR-CH-10002880,344.372,Medium,No
8452,CA-2017-125087,OFF-ST-10001780,1554.936,High,Yes
8453,CA-2017-125087,FUR-FU-10004748,127.88,Medium,No
8454,CA-2017-154081,TEC-PH-10001918,222.384,Medium,No
8455,US-2018-118556,FUR-CH-10001146,106.869,Medium,No
8456,US-2018-118556,OFF-BI-10004364,3.564,Low,No
8457,CA-2015-126200,OFF-BI-10002133,25.68,Low,No
8458,CA-2015-126200,OFF-BI-10002225,12.384,Low,No
8459,CA-2015-146500,OFF-BI-10002432,25.3,Low,No
8460,CA-2015-146500,OFF-ST-10000563,95.94,Low,No
8461,CA-2016-169537,OFF-LA-10001982,7.5,Low,No
8462,CA-2015-100881,TEC-PH-10003273,302.376,Medium,No
8463,CA-2016-144043,TEC-AC-10002718,46.688,Low,No
8464,CA-2016-116512,OFF-ST-10001505,17.94,Low,No
8465,CA-2016-101000,OFF-AP-10000179,370.14,Medium,No
8466,CA-2017-168557,OFF-BI-10002309,8.928,Low,No
8467,US-2017-164196,FUR-TA-10001950,2678.94,High,Yes
8468,US-2018-132031,FUR-BO-10001972,387.136,Medium,No
8469,US-2018-132031,TEC-AC-10002473,45.408,Low,No
8470,US-2018-132031,FUR-FU-10000193,77.952,Low,No
8471,US-2018-132031,OFF-LA-10000081,3.0,Low,No
8472,CA-2016-169733,OFF-ST-10000876,9.952,Low,No
8473,CA-2018-169404,OFF-BI-10004492,37.896,Low,No
8474,CA-2018-169404,OFF-PA-10001033,65.584,Low,No
8475,CA-2018-134880,OFF-PA-10004039,44.784,Low,No
8476,CA-2016-145758,TEC-MA-10004552,1035.8,High,Yes
8477,CA-2018-158736,OFF-AR-10002578,5.76,Low,No
8478,US-2017-119270,OFF-PA-10004022,19.98,Low,No
8479,CA-2015-109890,TEC-PH-10004100,35.98,Low,No
8480,CA-2017-138583,OFF-AR-10001860,16.656,Low,No
8481,US-2018-118535,OFF-LA-10001297,20.7,Low,No
8482,CA-2017-126284,OFF-BI-10004828,83.7,Low,No
8483,CA-2018-142391,FUR-FU-10002759,199.8,Medium,No
8484,CA-2018-124716,OFF-PA-10000740,45.68,Low,No
8485,CA-2018-124716,OFF-PA-10001144,110.96,Medium,No
8486,CA-2018-124716,OFF-PA-10000859,11.94,Low,No
8487,CA-2017-158841,TEC-MA-10001127,8749.95,High,Yes
8488,CA-2017-158841,OFF-BI-10002557,36.4,Low,No
8489,CA-2017-158841,FUR-FU-10001731,18.69,Low,No
8490,CA-2018-106824,OFF-FA-10001135,5.94,Low,No
8491,CA-2016-109190,OFF-PA-10000069,60.736,Low,No
8492,CA-2016-109190,TEC-CO-10001943,479.976,Medium,No
8493,CA-2016-109190,OFF-BI-10000977,6.08,Low,No
8494,CA-2017-143154,TEC-AC-10002942,165.6,Medium,No
8495,CA-2015-169061,OFF-AR-10000588,59.52,Low,No
8496,CA-2015-169061,TEC-AC-10002001,479.97,Medium,No
8497,CA-2015-169061,OFF-SU-10000381,18.62,Low,No
8498,CA-2015-169061,OFF-BI-10001617,49.632,Low,No
8499,CA-2015-169061,OFF-PA-10001878,97.82,Low,No
8500,CA-2016-102316,TEC-PH-10000376,15.984,Low,No
8501,CA-2016-102316,FUR-CH-10003396,184.752,Medium,No
8502,CA-2015-164903,OFF-PA-10003363,12.96,Low,No
8503,CA-2017-109400,FUR-CH-10003298,366.744,Medium,No
8504,CA-2017-130400,OFF-BI-10001757,8.856,Low,No
8505,CA-2017-130400,TEC-AC-10004633,27.96,Low,No
8506,CA-2017-130400,OFF-EN-10001453,146.352,Medium,No
8507,CA-2016-135853,TEC-AC-10004761,175.23,Medium,No
8508,CA-2016-135853,TEC-PH-10003691,125.99,Medium,No
8509,CA-2016-135853,OFF-BI-10004965,23.0,Low,No
8510,CA-2017-103359,OFF-BI-10004233,25.584,Low,No
8511,CA-2017-144645,FUR-FU-10003601,73.784,Low,No
8512,CA-2018-141614,OFF-PA-10002787,20.736,Low,No
8513,CA-2016-122168,OFF-AR-10003602,17.52,Low,No
8514,CA-2016-122168,OFF-AR-10002053,35.76,Low,No
8515,CA-2017-132899,OFF-AR-10002833,3.64,Low,No
8516,CA-2018-149720,FUR-FU-10002501,30.336,Low,No
8517,CA-2018-118003,FUR-FU-10002506,12.99,Low,No
8518,CA-2018-118003,FUR-CH-10003817,182.22,Medium,No
8519,CA-2018-118003,FUR-CH-10004860,302.94,Medium,No
8520,CA-2017-141887,FUR-FU-10002268,54.992,Low,No
8521,US-2017-160206,TEC-PH-10000148,12.99,Low,No
8522,CA-2018-133074,OFF-PA-10004082,55.86,Low,No
8523,CA-2018-161172,TEC-PH-10004348,44.376,Low,No
8524,CA-2018-161172,FUR-FU-10003424,51.264,Low,No
8525,CA-2018-161172,OFF-BI-10004654,5.193,Low,No
8526,CA-2018-161172,TEC-AC-10004571,159.984,Medium,No
8527,CA-2018-161172,OFF-ST-10000675,54.224,Low,No
8528,CA-2018-137624,FUR-CH-10001714,241.424,Medium,No
8529,CA-2017-156748,OFF-PA-10000380,33.36,Low,No
8530,CA-2017-156748,OFF-PA-10002713,13.76,Low,No
8531,CA-2017-156748,OFF-ST-10001370,496.86,Medium,No
8532,CA-2017-156748,FUR-CH-10000513,389.97,Medium,No
8533,CA-2016-169677,OFF-LA-10003223,9.82,Low,No
8534,US-2015-163146,TEC-AC-10002217,56.4,Low,No
8535,CA-2016-157343,OFF-BI-10003707,18.312,Low,No
8536,CA-2016-157343,OFF-PA-10000552,25.92,Low,No
8537,CA-2016-157343,OFF-AR-10003183,8.016,Low,No
8538,CA-2018-147354,TEC-CO-10000971,479.984,Medium,No
8539,CA-2018-147354,OFF-BI-10003910,30.84,Low,No
8540,CA-2016-157287,OFF-ST-10001172,33.568,Low,No
8541,CA-2016-157287,FUR-CH-10001270,422.625,Medium,No
8542,CA-2015-137575,TEC-AC-10004571,199.98,Medium,No
8543,CA-2017-119074,FUR-FU-10004053,20.24,Low,No
8544,CA-2017-119074,FUR-FU-10003731,39.92,Low,No
8545,CA-2017-119074,OFF-BI-10000962,32.54,Low,No
8546,CA-2016-149566,TEC-AC-10001266,39.0,Low,No
8547,CA-2016-149566,OFF-LA-10000452,12.6,Low,No
8548,CA-2016-126186,FUR-FU-10000073,24.64,Low,No
8549,CA-2016-121132,OFF-LA-10002368,6.264,Low,No
8550,CA-2016-121132,OFF-FA-10004248,14.432,Low,No
8551,CA-2015-140473,TEC-CO-10004202,719.976,High,Yes
8552,US-2018-102904,TEC-AC-10000927,239.92,Medium,No
8553,CA-2017-102092,FUR-TA-10002530,1056.86,High,Yes
8554,CA-2016-117884,TEC-AC-10002567,447.944,Medium,No
8555,CA-2016-117884,OFF-ST-10002182,150.408,Medium,No
8556,CA-2017-132829,TEC-PH-10004539,453.576,Medium,No
8557,CA-2017-132829,OFF-LA-10002945,45.36,Low,No
8558,CA-2017-132829,TEC-PH-10004345,287.88,Medium,No
8559,CA-2017-132829,TEC-PH-10004912,131.88,Medium,No
8560,CA-2017-132829,FUR-FU-10000206,2.328,Low,No
8561,CA-2017-123540,FUR-CH-10000847,1454.9,High,Yes
8562,US-2018-108315,OFF-BI-10000822,4.842,Low,No
8563,US-2018-108315,FUR-FU-10000747,220.704,Medium,No
8564,CA-2017-134110,TEC-PH-10002350,67.176,Low,No
8565,CA-2017-134110,OFF-PA-10000697,15.232,Low,No
8566,US-2017-136581,OFF-PA-10002787,31.104,Low,No
8567,CA-2017-162390,OFF-BI-10004318,968.744,High,Yes
8568,CA-2017-162390,OFF-BI-10001721,222.352,Medium,No
8569,CA-2017-162390,TEC-CO-10004202,479.984,Medium,No
8570,CA-2017-162222,OFF-PA-10003893,10.272,Low,No
8571,CA-2015-121629,TEC-MA-10004679,998.85,High,Yes
8572,CA-2016-164623,OFF-PA-10000249,24.56,Low,No
8573,CA-2015-159849,OFF-FA-10000053,5.67,Low,No
8574,CA-2018-101273,OFF-AP-10000804,14.336,Low,No
8575,CA-2018-106747,FUR-FU-10004188,102.3,Medium,No
8576,CA-2018-146164,FUR-TA-10004915,607.52,High,Yes
8577,CA-2018-146164,OFF-ST-10001228,31.16,Low,No
8578,CA-2017-111605,OFF-LA-10002368,2.61,Low,No
8579,CA-2015-130673,FUR-FU-10003489,10.332,Low,No
8580,CA-2015-130673,OFF-PA-10000289,10.368,Low,No
8581,CA-2015-130673,TEC-AC-10004227,20.784,Low,No
8582,CA-2015-130673,OFF-ST-10000636,66.96,Low,No
8583,CA-2015-104808,OFF-BI-10003676,17.248,Low,No
8584,US-2018-132927,OFF-BI-10001116,11.088,Low,No
8585,CA-2018-162015,TEC-AC-10003832,1287.45,High,Yes
8586,CA-2018-162015,OFF-AP-10003040,168.1,Medium,No
8587,CA-2016-138492,OFF-ST-10002583,51.968,Low,No
8588,CA-2018-145338,OFF-AR-10002053,4.768,Low,No
8589,CA-2018-126676,OFF-EN-10004846,7.98,Low,No
8590,CA-2018-101700,OFF-EN-10003134,18.688,Low,No
8591,CA-2018-101700,FUR-FU-10001025,11.664,Low,No
8592,CA-2018-159667,TEC-AC-10002567,191.976,Medium,No
8593,CA-2018-159667,TEC-PH-10004094,499.168,Medium,No
8594,CA-2015-111934,OFF-BI-10004364,11.88,Low,No
8595,CA-2015-111934,OFF-PA-10000474,35.44,Low,No
8596,US-2017-117387,OFF-BI-10004308,67.136,Low,No
8597,CA-2015-141110,OFF-BI-10002012,4.32,Low,No
8598,CA-2015-141110,OFF-PA-10002586,14.94,Low,No
8599,CA-2015-141110,OFF-AP-10000692,40.54,Low,No
8600,CA-2015-141110,OFF-BI-10001553,7.312,Low,No
8601,US-2015-133949,TEC-PH-10004908,475.944,Medium,No
8602,US-2017-116365,TEC-AC-10002217,30.08,Low,No
8603,US-2017-116365,TEC-AC-10002942,165.6,Medium,No
8604,US-2017-116365,TEC-PH-10002890,180.96,Medium,No
8605,CA-2018-162936,TEC-AC-10003614,23.18,Low,No
8606,CA-2015-151946,FUR-FU-10002878,56.96,Low,No
8607,CA-2015-151946,OFF-AP-10001626,15.56,Low,No
8608,CA-2015-151946,FUR-BO-10003272,353.568,Medium,No
8609,CA-2015-151946,FUR-FU-10002191,13.96,Low,No
8610,CA-2018-123624,TEC-AC-10000682,82.95,Low,No
8611,CA-2017-146437,OFF-AR-10000588,39.68,Low,No
8612,CA-2017-138233,TEC-AC-10002001,479.97,Medium,No
8613,CA-2017-165918,OFF-LA-10003720,7.38,Low,No
8614,CA-2017-165918,OFF-BI-10004364,14.256,Low,No
8615,CA-2017-165918,OFF-PA-10000100,81.98,Low,No
8616,CA-2017-165918,OFF-BI-10004826,39.624,Low,No
8617,CA-2018-117513,FUR-TA-10001520,399.672,Medium,No
8618,CA-2018-132437,OFF-ST-10001031,65.12,Low,No
8619,US-2018-119319,FUR-FU-10003878,30.56,Low,No
8620,CA-2018-104318,OFF-AP-10000358,20.768,Low,No
8621,US-2017-114230,OFF-ST-10000876,39.808,Low,No
8622,CA-2016-136147,OFF-BI-10004224,121.104,Medium,No
8623,CA-2016-136147,TEC-AC-10004568,111.96,Medium,No
8624,CA-2016-156118,OFF-PA-10000533,15.696,Low,No
8625,CA-2016-164084,OFF-ST-10003638,70.26,Low,No
8626,CA-2016-164084,TEC-AC-10002305,90.0,Low,No
8627,CA-2016-164084,OFF-BI-10000605,6.096,Low,No
8628,CA-2016-164084,FUR-TA-10003569,481.176,Medium,No
8629,CA-2016-164084,OFF-FA-10003059,7.24,Low,No
8630,CA-2017-107783,FUR-BO-10004409,177.45,Medium,No
8631,CA-2017-107783,OFF-BI-10000545,1369.764,High,Yes
8632,CA-2017-107783,OFF-AP-10004052,9.48,Low,No
8633,CA-2018-159793,FUR-BO-10001798,130.98,Medium,No
8634,CA-2015-160094,OFF-AR-10004010,174.95,Medium,No
8635,CA-2015-160094,OFF-ST-10000585,826.0,High,Yes
8636,CA-2018-151281,FUR-FU-10000397,139.58,Medium,No
8637,CA-2018-118346,TEC-AC-10000736,399.95,Medium,No
8638,CA-2015-129819,OFF-BI-10004970,12.39,Low,No
8639,US-2018-148551,OFF-BI-10000545,760.98,High,Yes
8640,CA-2018-147767,OFF-BI-10001670,67.86,Low,No
8641,CA-2016-108259,OFF-FA-10000624,31.504,Low,No
8642,CA-2016-108259,OFF-LA-10002945,5.04,Low,No
8643,CA-2016-108259,OFF-BI-10000315,39.879,Low,No
8644,CA-2016-108259,FUR-FU-10000023,4.712,Low,No
8645,CA-2017-113341,FUR-CH-10004698,194.352,Medium,No
8646,US-2016-131842,FUR-CH-10004477,97.424,Low,No
8647,CA-2017-164574,OFF-ST-10003816,704.76,High,Yes
8648,CA-2017-164574,OFF-BI-10002429,27.396,Low,No
8649,CA-2015-142769,OFF-FA-10000840,5.7,Low,No
8650,CA-2015-142769,FUR-FU-10001918,14.19,Low,No
8651,CA-2015-142769,OFF-SU-10001574,7.3,Low,No
8652,CA-2015-142769,TEC-AC-10001606,199.98,Medium,No
8653,CA-2015-142769,TEC-AC-10003399,144.96,Medium,No
8654,CA-2015-142769,TEC-AC-10000865,118.0,Medium,No
8655,CA-2015-142769,OFF-PA-10002923,48.94,Low,No
8656,CA-2015-142769,OFF-AP-10004785,22.66,Low,No
8657,CA-2017-168361,OFF-BI-10003727,0.836,Low,No
8658,CA-2017-153185,OFF-PA-10002246,30.96,Low,No
8659,CA-2018-124765,FUR-BO-10003965,723.92,High,Yes
8660,CA-2016-131856,FUR-FU-10000175,21.968,Low,No
8661,CA-2016-131856,TEC-PH-10001336,619.152,High,Yes
8662,CA-2016-131856,OFF-PA-10001954,127.904,Medium,No
8663,CA-2018-126634,FUR-FU-10004973,94.2,Low,No
8664,CA-2017-118500,OFF-SU-10004231,49.5,Low,No
8665,CA-2017-163951,OFF-AR-10004269,16.52,Low,No
8666,CA-2017-149916,OFF-BI-10004002,55.36,Low,No
8667,CA-2017-149916,TEC-MA-10000752,11.56,Low,No
8668,CA-2016-158918,OFF-PA-10004947,17.12,Low,No
8669,US-2015-159611,FUR-FU-10004904,182.352,Medium,No
8670,US-2015-159611,OFF-ST-10002790,118.16,Medium,No
8671,CA-2018-163265,OFF-FA-10004854,18.368,Low,No
8672,CA-2018-163265,FUR-CH-10004063,600.558,High,Yes
8673,CA-2018-163265,OFF-ST-10000642,50.352,Low,No
8674,CA-2018-163265,OFF-AR-10004078,28.032,Low,No
8675,CA-2018-163265,FUR-FU-10004270,7.692,Low,No
8676,CA-2018-141705,FUR-TA-10004607,517.405,High,Yes
8677,CA-2017-112739,OFF-BI-10001132,8.608,Low,No
8678,CA-2017-112739,TEC-AC-10001714,159.56,Medium,No
8679,CA-2017-143805,OFF-AP-10002945,2104.55,High,Yes
8680,CA-2017-143805,OFF-SU-10004664,40.7,Low,No
8681,CA-2015-133634,TEC-AC-10002550,47.79,Low,No
8682,CA-2018-101665,OFF-AR-10002335,5.16,Low,No
8683,CA-2017-155446,TEC-AC-10001445,21.21,Low,No
8684,CA-2018-137323,OFF-ST-10003996,96.36,Low,No
8685,CA-2017-144015,OFF-SU-10003505,231.72,Medium,No
8686,CA-2017-144015,OFF-FA-10000624,17.9,Low,No
8687,CA-2017-144015,OFF-PA-10002870,12.48,Low,No
8688,CA-2015-101427,OFF-AR-10002257,8.016,Low,No
8689,CA-2017-136770,TEC-PH-10003580,259.896,Medium,No
8690,CA-2017-136770,TEC-PH-10001530,247.188,Medium,No
8691,CA-2017-136770,TEC-AC-10000420,279.96,Medium,No
8692,CA-2017-118311,TEC-AC-10000892,450.0,Medium,No
8693,US-2015-112795,OFF-PA-10001934,19.44,Low,No
8694,CA-2018-127096,FUR-TA-10003473,300.904,Medium,No
8695,CA-2018-119284,TEC-PH-10001051,239.976,Medium,No
8696,CA-2018-119284,FUR-FU-10004351,31.168,Low,No
8697,CA-2018-119284,FUR-TA-10004152,120.96,Medium,No
8698,CA-2018-119284,TEC-PH-10000560,2239.936,High,Yes
8699,CA-2018-119284,OFF-AP-10004249,76.608,Low,No
8700,CA-2018-119284,OFF-ST-10001490,142.776,Medium,No
8701,CA-2018-119284,OFF-PA-10000312,91.36,Low,No
8702,CA-2016-133494,OFF-AP-10002906,3.552,Low,No
8703,CA-2017-111318,TEC-PH-10004100,115.136,Medium,No
8704,US-2015-132745,OFF-FA-10000254,4.71,Low,No
8705,CA-2015-146815,FUR-CH-10004289,172.764,Medium,No
8706,CA-2015-146815,OFF-AR-10003469,3.52,Low,No
8707,CA-2015-119144,TEC-PH-10004188,79.968,Low,No
8708,CA-2015-119144,FUR-BO-10004015,305.9745,Medium,No
8709,CA-2015-119144,OFF-ST-10000991,344.91,Medium,No
8710,CA-2015-105648,FUR-TA-10002958,626.352,High,Yes
8711,US-2016-145422,FUR-BO-10002213,359.499,Medium,No
8712,CA-2018-136623,TEC-PH-10000004,71.952,Low,No
8713,CA-2018-136623,OFF-BI-10003708,29.8,Low,No
8714,CA-2018-121678,OFF-BI-10002949,1.824,Low,No
8715,CA-2017-120824,OFF-AP-10001242,64.384,Low,No
8716,CA-2017-120824,FUR-FU-10001424,6.984,Low,No
8717,CA-2017-120824,OFF-AR-10003469,11.264,Low,No
8718,CA-2017-120824,OFF-PA-10000232,15.552,Low,No
8719,CA-2017-120824,FUR-CH-10000229,379.372,Medium,No
8720,CA-2017-120824,OFF-ST-10002562,67.536,Low,No
8721,CA-2017-120824,OFF-BI-10001525,1.524,Low,No
8722,US-2017-135209,OFF-PA-10002986,37.408,Low,No
8723,US-2017-135209,OFF-PA-10000143,25.344,Low,No
8724,CA-2018-148145,OFF-AR-10003752,46.2,Low,No
8725,CA-2016-103870,TEC-AC-10002370,4.728,Low,No
8726,CA-2016-103870,FUR-FU-10002030,53.352,Low,No
8727,CA-2016-103870,FUR-BO-10002853,131.104,Medium,No
8728,CA-2016-103870,OFF-ST-10002562,22.512,Low,No
8729,CA-2016-103870,TEC-AC-10004227,72.744,Low,No
8730,CA-2016-111017,OFF-SU-10002573,52.59,Low,No
8731,CA-2018-116988,OFF-PA-10003848,19.44,Low,No
8732,CA-2018-116988,FUR-FU-10001290,126.3,Medium,No
8733,CA-2018-116988,TEC-AC-10003832,1287.45,High,Yes
8734,US-2015-169390,OFF-ST-10001558,64.96,Low,No
8735,CA-2017-168774,OFF-ST-10001490,535.41,High,Yes
8736,CA-2018-161592,OFF-BI-10003669,8.1,Low,No
8737,US-2018-131961,OFF-AR-10004441,13.248,Low,No
8738,US-2018-131961,TEC-PH-10001924,83.988,Low,No
8739,CA-2017-102498,OFF-AR-10004456,73.2,Low,No
8740,CA-2016-113222,OFF-BI-10001890,10.74,Low,No
8741,US-2016-144771,FUR-FU-10000629,11.032,Low,No
8742,US-2016-144771,TEC-AC-10002323,53.04,Low,No
8743,CA-2016-162376,OFF-AR-10003056,17.12,Low,No
8744,CA-2016-162376,OFF-PA-10000300,59.94,Low,No
8745,CA-2018-128076,FUR-FU-10000293,210.58,Medium,No
8746,CA-2018-128076,OFF-BI-10003638,30.96,Low,No
8747,CA-2018-128076,TEC-MA-10002109,239.984,Medium,No
8748,US-2016-163825,OFF-BI-10003527,3050.376,High,Yes
8749,US-2016-163825,TEC-PH-10004922,133.98,Medium,No
8750,CA-2017-105662,OFF-PA-10001001,93.248,Low,No
8751,CA-2017-105662,TEC-PH-10001198,177.48,Medium,No
8752,CA-2018-152198,OFF-LA-10000443,17.712,Low,No
8753,CA-2018-152198,OFF-BI-10003669,4.86,Low,No
8754,CA-2018-152198,OFF-BI-10001628,6.258,Low,No
8755,CA-2017-114307,OFF-AP-10002350,37.68,Low,No
8756,CA-2017-114307,OFF-PA-10004100,51.84,Low,No
8757,CA-2017-114307,FUR-FU-10000794,27.42,Low,No
8758,CA-2017-114307,OFF-BI-10002012,5.4,Low,No
8759,CA-2017-159891,OFF-BI-10003527,1270.99,High,Yes
8760,CA-2017-159891,OFF-EN-10004483,125.36,Medium,No
8761,CA-2017-112578,OFF-ST-10003722,14.03,Low,No
8762,CA-2017-112578,OFF-SU-10002557,27.96,Low,No
8763,CA-2016-107083,OFF-AR-10002257,5.344,Low,No
8764,CA-2016-107083,OFF-BI-10000756,1.696,Low,No
8765,CA-2016-107083,OFF-AP-10004136,24.588,Low,No
8766,CA-2016-107083,OFF-BI-10002194,7.98,Low,No
8767,CA-2016-151722,TEC-AC-10000892,288.0,Medium,No
8768,CA-2017-151148,TEC-PH-10001870,146.952,Medium,No
8769,CA-2017-151148,FUR-CH-10002304,83.136,Low,No
8770,CA-2018-115882,OFF-AP-10002534,942.784,High,Yes
8771,CA-2018-115882,OFF-PA-10001125,74.352,Low,No
8772,CA-2016-132276,OFF-AP-10000804,26.88,Low,No
8773,CA-2016-132276,OFF-BI-10002982,10.896,Low,No
8774,CA-2017-163636,OFF-AR-10001547,3.536,Low,No
8775,CA-2017-102813,FUR-CH-10000665,528.43,High,Yes
8776,CA-2017-102813,OFF-PA-10000520,41.472,Low,No
8777,CA-2018-135377,FUR-BO-10004015,287.976,Medium,No
8778,CA-2016-165813,OFF-ST-10004258,29.304,Low,No
8779,CA-2016-133585,OFF-AR-10003696,55.328,Low,No
8780,CA-2016-133585,FUR-BO-10001811,1227.9984,High,Yes
8781,CA-2017-116911,OFF-BI-10001249,20.416,Low,No
8782,CA-2017-116911,FUR-TA-10003473,1128.39,High,Yes
8783,US-2018-129224,OFF-LA-10003190,4.608,Low,No
8784,CA-2018-145765,TEC-PH-10001305,195.96,Medium,No
8785,CA-2018-145765,OFF-PA-10001534,15.552,Low,No
8786,CA-2018-145765,TEC-AC-10000844,271.968,Medium,No
8787,CA-2018-126914,FUR-CH-10000847,698.352,High,Yes
8788,CA-2018-126914,FUR-BO-10000468,77.728,Low,No
8789,CA-2016-169572,OFF-BI-10002799,46.62,Low,No
8790,CA-2018-162075,TEC-PH-10001557,537.544,High,Yes
8791,CA-2015-162992,OFF-LA-10001934,14.62,Low,No
8792,CA-2015-162992,OFF-FA-10004248,22.55,Low,No
8793,CA-2015-162992,TEC-PH-10001944,583.8,High,Yes
8794,CA-2015-162992,TEC-PH-10002085,211.168,Medium,No
8795,CA-2017-106397,OFF-PA-10003441,12.96,Low,No
8796,CA-2017-106397,OFF-AR-10004602,45.98,Low,No
8797,CA-2015-116666,TEC-CO-10001449,1799.97,High,Yes
8798,CA-2018-148992,OFF-PA-10004285,10.688,Low,No
8799,CA-2017-140935,TEC-PH-10000562,221.98,Medium,No
8800,CA-2017-140935,FUR-BO-10003966,341.96,Medium,No
8801,CA-2015-157644,TEC-AC-10003614,34.77,Low,No
8802,CA-2015-157644,OFF-LA-10003148,18.9,Low,No
8803,US-2018-100398,OFF-BI-10002133,102.72,Medium,No
8804,CA-2017-113082,FUR-FU-10002813,40.48,Low,No
8805,US-2018-110646,OFF-BI-10004330,33.282,Low,No
8806,US-2018-110646,TEC-PH-10002807,118.65,Medium,No
8807,US-2018-110646,OFF-LA-10001404,14.76,Low,No
8808,CA-2018-120614,OFF-PA-10004911,37.52,Low,No
8809,US-2017-140172,OFF-AP-10004233,207.144,Medium,No
8810,US-2017-140172,OFF-AR-10002766,13.9,Low,No
8811,CA-2016-127754,FUR-CH-10003199,266.352,Medium,No
8812,CA-2016-144274,TEC-PH-10003012,307.98,Medium,No
8813,CA-2016-144274,OFF-PA-10001583,44.1,Low,No
8814,CA-2016-144274,OFF-AR-10001940,13.12,Low,No
8815,CA-2016-144274,OFF-EN-10003286,16.56,Low,No
8816,CA-2016-144274,OFF-PA-10003441,38.88,Low,No
8817,CA-2016-142930,OFF-PA-10003395,335.52,Medium,No
8818,CA-2018-100622,TEC-CO-10003236,959.984,High,Yes
8819,CA-2018-100622,OFF-BI-10002982,4.086,Low,No
8820,CA-2018-100622,OFF-AR-10004010,55.984,Low,No
8821,CA-2018-100622,OFF-PA-10002947,10.688,Low,No
8822,CA-2018-117156,OFF-EN-10003845,8.856,Low,No
8823,CA-2016-115399,OFF-LA-10003190,6.912,Low,No
8824,US-2015-157847,OFF-PA-10002986,26.72,Low,No
8825,US-2015-157847,OFF-PA-10001593,33.488,Low,No
8826,CA-2016-115168,OFF-PA-10000528,10.56,Low,No
8827,CA-2015-109680,OFF-ST-10001932,386.34,Medium,No
8828,CA-2017-167983,OFF-BI-10003727,33.44,Low,No
8829,CA-2016-145324,FUR-FU-10002759,39.96,Low,No
8830,CA-2016-153423,OFF-BI-10000545,1217.568,High,Yes
8831,US-2018-132675,OFF-ST-10004950,15.51,Low,No
8832,US-2018-132675,TEC-PH-10003171,89.9,Low,No
8833,US-2018-132675,OFF-AR-10000614,14.28,Low,No
8834,US-2018-132675,OFF-AR-10000034,12.72,Low,No
8835,US-2018-132675,OFF-LA-10003766,15.75,Low,No
8836,CA-2015-153808,OFF-AR-10001725,70.95,Low,No
8837,CA-2015-153808,OFF-BI-10002794,65.568,Low,No
8838,CA-2015-153808,TEC-AC-10004171,299.97,Medium,No
8839,US-2017-112396,TEC-AC-10003628,89.97,Low,No
8840,US-2017-112396,TEC-AC-10004761,31.86,Low,No
8841,CA-2015-141173,OFF-ST-10000885,67.15,Low,No
8842,CA-2018-156664,OFF-BI-10004209,7.236,Low,No
8843,CA-2018-156664,OFF-FA-10002988,4.824,Low,No
8844,CA-2018-156664,OFF-PA-10002222,91.36,Low,No
8845,CA-2018-156664,OFF-AP-10004487,130.112,Medium,No
8846,CA-2016-140718,TEC-PH-10003505,74.24,Low,No
8847,CA-2016-140718,FUR-FU-10000076,159.84,Medium,No
8848,CA-2016-140718,OFF-BI-10004728,2.892,Low,No
8849,CA-2016-140718,OFF-PA-10002250,9.392,Low,No
8850,CA-2015-119977,OFF-PA-10003823,123.92,Medium,No
8851,US-2016-115343,OFF-SU-10000898,55.6,Low,No
8852,US-2016-115343,TEC-AC-10003832,617.976,High,Yes
8853,CA-2018-163671,OFF-BI-10001679,21.312,Low,No
8854,CA-2018-135909,TEC-AC-10002335,209.94,Medium,No
8855,CA-2018-135909,TEC-PH-10003187,31.984,Low,No
8856,CA-2018-135909,OFF-BI-10003527,5083.96,High,Yes
8857,US-2018-114356,TEC-PH-10003171,35.96,Low,No
8858,CA-2016-125934,OFF-LA-10000414,31.05,Low,No
8859,CA-2016-125934,FUR-FU-10002107,8.92,Low,No
8860,CA-2016-125934,OFF-BI-10004593,209.6,Medium,No
8861,CA-2016-125934,OFF-AP-10003860,111.04,Medium,No
8862,CA-2016-125934,OFF-PA-10000556,38.88,Low,No
8863,CA-2016-158148,OFF-AP-10003281,36.27,Low,No
8864,CA-2015-120411,FUR-BO-10004218,493.43,Medium,No
8865,CA-2015-120411,TEC-PH-10002185,11.12,Low,No
8866,CA-2017-158260,TEC-MA-10003176,686.4,High,Yes
8867,CA-2018-101805,OFF-BI-10002003,15.92,Low,No
8868,CA-2018-101805,FUR-FU-10000023,70.68,Low,No
8869,CA-2018-101805,OFF-ST-10002756,541.24,High,Yes
8870,US-2015-105137,TEC-MA-10002694,101.994,Medium,No
8871,US-2015-105137,OFF-BI-10002429,18.264,Low,No
8872,CA-2018-142489,OFF-BI-10003684,21.99,Low,No
8873,US-2017-141264,OFF-SU-10003505,185.376,Medium,No
8874,US-2017-141264,OFF-AP-10002534,58.924,Low,No
8875,CA-2018-126928,TEC-MA-10004626,480.0,Medium,No
8876,CA-2018-126928,OFF-ST-10000615,34.05,Low,No
8877,US-2016-107944,OFF-PA-10000659,192.72,Medium,No
8878,US-2016-107944,TEC-AC-10000736,239.97,Medium,No
8879,CA-2017-135594,TEC-AC-10003038,50.12,Low,No
8880,US-2018-115252,TEC-PH-10004071,15.984,Low,No
8881,US-2018-115252,OFF-PA-10001667,14.352,Low,No
8882,CA-2015-107398,OFF-BI-10001982,6.528,Low,No
8883,CA-2015-107398,OFF-BI-10004141,2.862,Low,No
8884,CA-2015-107398,OFF-BI-10002103,20.856,Low,No
8885,CA-2015-169642,OFF-ST-10002574,276.28,Medium,No
8886,CA-2018-103968,FUR-FU-10003394,629.64,High,Yes
8887,CA-2017-147256,TEC-PH-10003072,449.97,Medium,No
8888,CA-2017-147256,OFF-AP-10003057,1927.59,High,Yes
8889,CA-2017-162159,FUR-CH-10001146,121.78,Medium,No
8890,CA-2016-111038,FUR-CH-10003973,2676.672,High,Yes
8891,CA-2015-124723,FUR-TA-10001307,489.23,Medium,No
8892,CA-2017-167241,FUR-FU-10004071,312.03,Medium,No
8893,CA-2017-167241,OFF-ST-10001505,17.94,Low,No
8894,CA-2017-167241,TEC-PH-10004614,165.6,Medium,No
8895,CA-2017-167241,OFF-PA-10004911,37.52,Low,No
8896,CA-2016-163237,TEC-PH-10003601,494.97,Medium,No
8897,CA-2016-163237,OFF-LA-10004545,25.06,Low,No
8898,CA-2017-150483,FUR-FU-10001379,32.064,Low,No
8899,CA-2017-150483,OFF-PA-10001846,18.496,Low,No
8900,CA-2017-150483,FUR-CH-10000422,191.079,Medium,No
8901,CA-2017-150483,OFF-PA-10004621,10.368,Low,No
8902,US-2017-126431,OFF-LA-10001474,30.53,Low,No
8903,US-2017-126431,TEC-AC-10001635,30.84,Low,No
8904,US-2017-126431,OFF-PA-10001950,75.06,Low,No
8905,CA-2017-139934,TEC-PH-10001552,66.976,Low,No
8906,CA-2016-109603,OFF-PA-10003790,182.72,Medium,No
8907,CA-2018-160661,OFF-LA-10002475,21.93,Low,No
8908,CA-2018-102610,TEC-AC-10000303,95.976,Low,No
8909,CA-2018-102610,TEC-PH-10000127,143.928,Medium,No
8910,CA-2018-102610,OFF-BI-10004364,3.564,Low,No
8911,CA-2018-102610,OFF-LA-10002195,4.928,Low,No
8912,US-2017-144057,OFF-ST-10001490,856.656,High,Yes
8913,US-2017-144057,OFF-BI-10002852,13.184,Low,No
8914,US-2017-144057,OFF-AP-10000390,48.784,Low,No
8915,US-2017-144057,OFF-PA-10004327,76.64,Low,No
8916,US-2017-144057,OFF-BI-10002353,18.528,Low,No
8917,CA-2015-160276,FUR-FU-10003192,177.68,Medium,No
8918,CA-2015-132983,TEC-AC-10000736,159.98,Medium,No
8919,CA-2017-145709,TEC-PH-10003095,52.68,Low,No
8920,CA-2017-145709,FUR-FU-10002885,11.568,Low,No
8921,CA-2018-133928,OFF-BI-10001525,4.572,Low,No
8922,CA-2017-168032,TEC-PH-10004241,1439.968,High,Yes
8923,CA-2017-168032,OFF-BI-10000546,1.728,Low,No
8924,CA-2017-168032,FUR-TA-10004256,626.1,High,Yes
8925,CA-2016-143616,OFF-AR-10002067,99.2,Low,No
8926,US-2016-168704,FUR-TA-10000688,609.98,High,Yes
8927,US-2016-168704,FUR-TA-10002530,211.372,Medium,No
8928,US-2016-168704,TEC-PH-10001061,239.976,Medium,No
8929,CA-2018-143252,FUR-FU-10001057,99.95,Low,No
8930,CA-2018-143252,TEC-AC-10002331,29.34,Low,No
8931,CA-2017-102134,FUR-FU-10003724,16.74,Low,No
8932,CA-2018-130036,OFF-PA-10000528,12.672,Low,No
8933,CA-2018-130036,TEC-AC-10001908,1119.888,High,Yes
8934,CA-2016-134117,OFF-AR-10003903,204.85,Medium,No
8935,CA-2016-134117,TEC-PH-10004908,135.984,Medium,No
8936,CA-2016-134117,OFF-AR-10001940,16.4,Low,No
8937,CA-2016-134117,OFF-BI-10002026,92.96,Low,No
8938,CA-2015-130918,OFF-SU-10003936,7.632,Low,No
8939,CA-2017-159023,OFF-BI-10002813,4.158,Low,No
8940,CA-2017-159023,TEC-MA-10003337,179.991,Medium,No
8941,CA-2018-111717,FUR-CH-10001545,239.358,Medium,No
8942,CA-2015-154592,OFF-PA-10000062,164.88,Medium,No
8943,CA-2015-128622,OFF-SU-10001574,10.95,Low,No
8944,CA-2018-148355,OFF-PA-10001972,19.44,Low,No
8945,CA-2018-148355,OFF-BI-10000201,12.3,Low,No
8946,CA-2015-132913,OFF-AP-10003278,13.97,Low,No
8947,CA-2018-150910,FUR-TA-10002903,934.956,High,Yes
8948,CA-2018-150910,TEC-AC-10001013,46.864,Low,No
8949,CA-2018-150910,OFF-ST-10000918,26.16,Low,No
8950,CA-2018-150910,OFF-AR-10001419,23.128,Low,No
8951,CA-2018-150910,OFF-AP-10003266,59.24,Low,No
8952,CA-2015-156790,FUR-BO-10000468,155.456,Medium,No
8953,CA-2015-126480,OFF-PA-10004610,8.56,Low,No
8954,CA-2018-105620,FUR-FU-10004963,21.0,Low,No
8955,CA-2018-105620,TEC-MA-10004626,120.0,Medium,No
8956,CA-2018-150266,TEC-PH-10003437,299.96,Medium,No
8957,CA-2018-150266,OFF-AP-10002867,67.84,Low,No
8958,CA-2018-150266,FUR-CH-10002126,853.93,High,Yes
8959,CA-2018-150266,OFF-AR-10001761,18.688,Low,No
8960,CA-2017-157280,FUR-FU-10004665,273.96,Medium,No
8961,CA-2017-157280,TEC-AC-10000057,89.97,Low,No
8962,CA-2017-157280,FUR-FU-10003806,756.8,High,Yes
8963,CA-2018-106691,OFF-BI-10000145,1.248,Low,No
8964,CA-2017-134180,TEC-AC-10000892,72.0,Low,No
8965,CA-2017-134180,FUR-CH-10004886,470.155,Medium,No
8966,CA-2015-166730,OFF-ST-10002554,39.128,Low,No
8967,CA-2018-157469,OFF-AR-10001662,19.728,Low,No
8968,CA-2018-157469,TEC-PH-10004531,151.188,Medium,No
8969,CA-2018-122308,FUR-CH-10000665,271.764,Medium,No
8970,US-2015-149034,TEC-AC-10003023,47.496,Low,No
8971,CA-2018-159226,FUR-BO-10004709,344.981,Medium,No
8972,CA-2018-156622,OFF-PA-10000477,36.288,Low,No
8973,CA-2018-156622,OFF-PA-10002923,78.304,Low,No
8974,CA-2018-156622,FUR-TA-10003008,127.785,Medium,No
8975,CA-2018-156622,OFF-BI-10003707,6.104,Low,No
8976,CA-2015-119529,OFF-BI-10000546,5.76,Low,No
8977,CA-2016-150413,OFF-BI-10000404,1.72,Low,No
8978,CA-2015-108182,OFF-BI-10001196,8.952,Low,No
8979,CA-2017-110898,OFF-AP-10001626,2.334,Low,No
8980,CA-2017-110898,OFF-BI-10004656,1.728,Low,No
8981,CA-2017-110898,FUR-FU-10003773,159.04,Medium,No
8982,CA-2017-110898,FUR-TA-10000849,145.98,Medium,No
8983,CA-2016-123092,FUR-FU-10000222,77.952,Low,No
8984,CA-2016-123092,OFF-BI-10001718,95.97,Low,No
8985,CA-2016-123092,TEC-PH-10001700,105.584,Medium,No
8986,CA-2016-123092,OFF-AR-10004078,9.344,Low,No
8987,US-2016-128587,FUR-FU-10003026,9.68,Low,No
8988,US-2016-128587,TEC-CO-10003763,4899.93,High,Yes
8989,US-2018-139577,TEC-AC-10004708,104.75,Medium,No
8990,CA-2018-159100,TEC-AC-10003499,18.528,Low,No
8991,CA-2018-159100,FUR-TA-10001950,1875.258,High,Yes
8992,CA-2015-109043,OFF-PA-10000312,91.36,Low,No
8993,CA-2015-109043,OFF-AP-10004708,152.24,Medium,No
8994,US-2018-116491,TEC-PH-10004531,35.184,Low,No
8995,CA-2018-122763,OFF-PA-10000474,56.704,Low,No
8996,CA-2018-122763,OFF-PA-10002377,274.064,Medium,No
8997,CA-2018-137785,FUR-CH-10001482,458.43,Medium,No
8998,CA-2015-133389,OFF-BI-10001553,8.226,Low,No
8999,CA-2015-103807,TEC-AC-10000199,5.95,Low,No
9000,CA-2015-103807,OFF-PA-10002195,15.24,Low,No
9001,CA-2016-102855,TEC-AC-10001767,239.94,Medium,No
9002,CA-2016-102855,OFF-AR-10002467,23.84,Low,No
9003,CA-2018-107825,OFF-ST-10001321,92.52,Low,No
9004,CA-2018-107825,OFF-ST-10000777,37.76,Low,No
9005,CA-2018-107825,OFF-LA-10003720,7.38,Low,No
9006,CA-2018-107825,FUR-FU-10000206,5.82,Low,No
9007,CA-2018-106047,OFF-PA-10000791,3.816,Low,No
9008,CA-2018-127803,OFF-BI-10001787,26.16,Low,No
9009,CA-2016-137071,TEC-AC-10004353,100.8,Medium,No
9010,CA-2017-121447,FUR-FU-10001861,135.8,Medium,No
9011,CA-2018-143084,OFF-AR-10002766,13.9,Low,No
9012,CA-2018-143084,OFF-EN-10003072,19.4,Low,No
9013,CA-2017-131639,OFF-BI-10001636,13.488,Low,No
9014,CA-2017-131639,OFF-BI-10000948,11.416,Low,No
9015,CA-2017-161361,OFF-PA-10001838,17.64,Low,No
9016,CA-2017-161361,OFF-BI-10002215,17.04,Low,No
9017,CA-2015-100706,TEC-AC-10001314,99.98,Low,No
9018,CA-2015-100706,FUR-FU-10002268,29.46,Low,No
9019,CA-2016-129525,OFF-BI-10002133,166.92,Medium,No
9020,US-2017-141880,FUR-FU-10001979,98.328,Low,No
9021,CA-2016-165799,FUR-CH-10001482,117.882,Medium,No
9022,CA-2017-102127,TEC-AC-10002018,20.97,Low,No
9023,CA-2017-102127,TEC-AC-10000397,139.96,Medium,No
9024,CA-2017-102127,FUR-FU-10003976,37.74,Low,No
9025,US-2017-152415,FUR-FU-10002597,14.82,Low,No
9026,US-2017-152415,FUR-FU-10004864,191.82,Medium,No
9027,CA-2015-138198,OFF-BI-10002103,13.904,Low,No
9028,CA-2018-128041,OFF-AP-10001005,314.6,Medium,No
9029,CA-2018-128041,FUR-TA-10002607,283.56,Medium,No
9030,CA-2018-105823,FUR-CH-10000454,487.96,Medium,No
9031,CA-2015-152268,OFF-BI-10001359,1793.98,High,Yes
9032,CA-2016-148873,OFF-BI-10003196,2.992,Low,No
9033,CA-2016-148873,TEC-AC-10003657,108.768,Medium,No
9034,CA-2016-166492,OFF-PA-10002262,25.92,Low,No
9035,CA-2016-166492,OFF-ST-10002214,22.58,Low,No
9036,CA-2018-157420,TEC-PH-10003555,55.176,Low,No
9037,CA-2017-117121,OFF-BI-10000545,9892.74,High,Yes
9038,CA-2015-138177,FUR-TA-10004607,73.915,Low,No
9039,CA-2015-114335,FUR-FU-10000277,337.088,Medium,No
9040,CA-2016-168760,OFF-AP-10004532,61.44,Low,No
9041,CA-2017-168830,TEC-AC-10003911,479.97,Medium,No
9042,CA-2018-137463,OFF-BI-10003196,5.984,Low,No
9043,CA-2018-137463,TEC-AC-10000358,189.95,Medium,No
9044,CA-2018-137463,TEC-AC-10000057,149.95,Medium,No
9045,CA-2018-137463,OFF-AR-10001988,29.95,Low,No
9046,CA-2018-137463,OFF-LA-10003498,44.4,Low,No
9047,CA-2015-124513,OFF-AR-10002956,66.03,Low,No
9048,CA-2016-165554,OFF-PA-10003724,10.86,Low,No
9049,CA-2015-141838,OFF-AR-10004272,3.36,Low,No
9050,CA-2015-141838,OFF-BI-10003291,27.936,Low,No
9051,CA-2015-141838,TEC-PH-10004100,28.784,Low,No
9052,CA-2018-117009,OFF-SU-10001218,21.96,Low,No
9053,CA-2016-128993,TEC-AC-10004209,21.98,Low,No
9054,CA-2016-160227,FUR-CH-10002073,2621.322,High,Yes
9055,CA-2016-149097,FUR-FU-10003424,74.76,Low,No
9056,CA-2016-149097,FUR-TA-10001086,364.776,Medium,No
9057,CA-2017-132304,FUR-TA-10004619,1115.17,High,Yes
9058,CA-2016-136420,OFF-BI-10002854,89.696,Low,No
9059,CA-2016-136420,OFF-LA-10002762,50.12,Low,No
9060,CA-2017-101623,OFF-FA-10003495,36.48,Low,No
9061,US-2015-151015,OFF-PA-10002581,322.192,Medium,No
9062,US-2015-151015,OFF-BI-10000343,2.946,Low,No
9063,US-2015-151015,OFF-PA-10001184,19.136,Low,No
9064,CA-2018-152968,TEC-AC-10000521,23.08,Low,No
9065,CA-2017-150077,TEC-PH-10002890,90.48,Low,No
9066,CA-2017-106278,FUR-CH-10003061,215.976,Medium,No
9067,CA-2017-106278,OFF-EN-10003567,65.94,Low,No
9068,CA-2018-147550,FUR-FU-10001918,11.352,Low,No
9069,CA-2016-136105,OFF-ST-10002444,24.56,Low,No
9070,CA-2017-142524,OFF-EN-10003286,16.56,Low,No
9071,CA-2017-142524,TEC-AC-10000109,279.95,Medium,No
9072,CA-2015-136336,OFF-ST-10002574,828.84,High,Yes
9073,US-2016-136259,OFF-BI-10000773,7.218,Low,No
9074,US-2016-136259,OFF-SU-10004661,27.2,Low,No
9075,US-2015-124625,TEC-AC-10003280,89.97,Low,No
9076,CA-2017-108105,FUR-FU-10003773,318.08,Medium,No
9077,CA-2017-108105,OFF-BI-10002412,5.8,Low,No
9078,CA-2018-166898,TEC-PH-10002564,143.952,Medium,No
9079,CA-2018-166898,OFF-PA-10002262,19.44,Low,No
9080,CA-2018-169005,OFF-AR-10000246,5.56,Low,No
9081,CA-2016-104038,OFF-ST-10002554,146.73,Medium,No
9082,CA-2016-104038,OFF-PA-10002751,29.9,Low,No
9083,CA-2017-126102,OFF-BI-10004318,276.784,Medium,No
9084,CA-2017-143406,OFF-AP-10001564,93.032,Low,No
9085,CA-2017-143406,FUR-CH-10000513,454.965,Medium,No
9086,CA-2016-150308,TEC-PH-10001433,246.168,Medium,No
9087,CA-2017-131093,OFF-ST-10002790,295.4,Medium,No
9088,US-2018-148831,OFF-ST-10002974,348.56,Medium,No
9089,CA-2016-162950,OFF-PA-10003177,15.552,Low,No
9090,CA-2016-162950,FUR-BO-10001918,482.94,Medium,No
9091,US-2016-132836,TEC-PH-10001299,299.98,Medium,No
9092,US-2016-132836,OFF-BI-10004224,403.68,Medium,No
9093,US-2016-132836,TEC-PH-10001300,41.9,Low,No
9094,US-2016-132836,OFF-LA-10004178,28.91,Low,No
9095,US-2015-158365,OFF-PA-10000289,32.4,Low,No
9096,CA-2018-152933,TEC-PH-10002085,369.544,Medium,No
9097,CA-2018-152933,OFF-PA-10001934,10.368,Low,No
9098,CA-2018-152933,TEC-AC-10003033,791.88,High,Yes
9099,CA-2016-163181,OFF-AR-10001683,23.64,Low,No
9100,CA-2016-163181,OFF-ST-10001713,84.784,Low,No
9101,CA-2016-163181,FUR-FU-10000193,64.96,Low,No
9102,CA-2016-163181,OFF-BI-10000474,32.06,Low,No
9103,CA-2016-163181,OFF-ST-10000129,177.648,Medium,No
9104,CA-2016-163181,TEC-MA-10001016,287.91,Medium,No
9105,CA-2016-132941,OFF-SU-10002557,22.368,Low,No
9106,CA-2016-132941,OFF-PA-10002160,32.368,Low,No
9107,CA-2016-132941,TEC-AC-10003095,207.984,Medium,No
9108,CA-2015-132010,OFF-EN-10003160,36.4,Low,No
9109,CA-2015-132010,TEC-AC-10001542,22.96,Low,No
9110,CA-2015-132010,OFF-ST-10003641,315.2,Medium,No
9111,CA-2015-132010,OFF-BI-10002432,15.18,Low,No
9112,CA-2017-135461,TEC-PH-10004094,623.96,High,Yes
9113,CA-2018-153045,TEC-PH-10001817,429.6,Medium,No
9114,CA-2018-153045,FUR-FU-10002759,31.968,Low,No
9115,CA-2018-153045,FUR-CH-10000309,887.271,High,Yes
9116,CA-2018-153045,OFF-PA-10003673,21.696,Low,No
9117,US-2017-155971,OFF-LA-10000452,22.05,Low,No
9118,US-2017-155971,OFF-PA-10000210,99.9,Low,No
9119,CA-2018-122007,OFF-AP-10000358,90.86,Low,No
9120,CA-2018-162250,OFF-PA-10002137,7.78,Low,No
9121,US-2017-158288,OFF-BI-10003364,78.759,Low,No
9122,CA-2017-128916,FUR-FU-10001940,9.552,Low,No
9123,CA-2017-128916,FUR-FU-10000320,5.344,Low,No
9124,CA-2016-157028,OFF-AR-10004441,8.28,Low,No
9125,CA-2018-112473,OFF-ST-10002182,50.136,Low,No
9126,US-2018-147655,OFF-BI-10002931,88.074,Low,No
9127,CA-2017-130911,FUR-BO-10004357,301.47,Medium,No
9128,CA-2017-130911,OFF-AR-10000475,18.656,Low,No
9129,CA-2018-100055,FUR-FU-10001473,27.46,Low,No
9130,CA-2018-100055,OFF-AP-10001469,125.13,Medium,No
9131,CA-2016-157805,TEC-PH-10004447,555.96,High,Yes
9132,CA-2017-124254,OFF-ST-10001469,129.552,Medium,No
9133,CA-2017-124254,OFF-ST-10000060,51.984,Low,No
9134,CA-2017-124254,OFF-PA-10000807,10.272,Low,No
9135,CA-2015-123400,OFF-BI-10000666,18.336,Low,No
9136,CA-2015-123400,TEC-PH-10002890,180.96,Medium,No
9137,CA-2015-106971,TEC-AC-10000844,475.944,Medium,No
9138,CA-2018-123029,TEC-AC-10002402,159.98,Medium,No
9139,CA-2017-139409,TEC-PH-10003988,43.6,Low,No
9140,US-2018-166688,OFF-BI-10004040,8.288,Low,No
9141,US-2018-166688,TEC-PH-10004094,1123.128,High,Yes
9142,US-2018-166688,OFF-AP-10000358,64.9,Low,No
9143,CA-2016-126970,OFF-BI-10000138,2.808,Low,No
9144,US-2015-157070,OFF-BI-10001765,138.56,Medium,No
9145,US-2015-157070,OFF-AP-10004859,65.52,Low,No
9146,US-2016-106873,OFF-AR-10003179,14.576,Low,No
9147,US-2016-106873,TEC-AC-10002345,23.2,Low,No
9148,US-2016-106873,OFF-AR-10001246,16.464,Low,No
9149,CA-2017-132990,FUR-FU-10004864,19.312,Low,No
9150,CA-2015-102645,OFF-PA-10001804,40.08,Low,No
9151,CA-2015-134215,OFF-AP-10001271,101.96,Medium,No
9152,CA-2015-134215,OFF-PA-10004353,259.74,Medium,No
9153,CA-2015-134215,TEC-AC-10002473,255.42,Medium,No
9154,CA-2017-118934,OFF-BI-10003314,4.338,Low,No
9155,CA-2017-118934,OFF-BI-10004465,11.88,Low,No
9156,CA-2017-160108,FUR-BO-10003450,405.86,Medium,No
9157,CA-2017-160108,FUR-CH-10002335,680.01,High,Yes
9158,CA-2016-164007,TEC-AC-10003433,2.376,Low,No
9159,CA-2016-164007,OFF-AP-10003849,143.128,Medium,No
9160,CA-2017-100300,TEC-MA-10000984,4476.8,High,Yes
9161,CA-2017-100300,OFF-PA-10000418,104.85,Medium,No
9162,CA-2017-100300,OFF-AP-10001242,241.44,Medium,No
9163,CA-2017-140571,OFF-PA-10001954,319.76,Medium,No
9164,CA-2017-140571,OFF-PA-10001954,45.68,Low,No
9165,US-2017-155768,FUR-FU-10000448,31.96,Low,No
9166,US-2017-155768,OFF-PA-10001357,47.9,Low,No
9167,US-2017-155768,OFF-ST-10002292,1112.94,High,Yes
9168,US-2017-155768,OFF-EN-10001219,22.92,Low,No
9169,CA-2018-119424,TEC-PH-10002564,71.976,Low,No
9170,CA-2018-119424,OFF-PA-10001639,19.44,Low,No
9171,CA-2017-118178,OFF-BI-10001153,31.086,Low,No
9172,CA-2017-166618,TEC-PH-10003356,13.98,Low,No
9173,CA-2017-166618,OFF-AR-10001725,23.65,Low,No
9174,CA-2018-156776,TEC-PH-10002415,707.88,High,Yes
9175,CA-2018-156776,OFF-BI-10003355,11.952,Low,No
9176,CA-2018-156776,OFF-BI-10000216,31.128,Low,No
9177,CA-2018-156776,TEC-AC-10004803,55.76,Low,No
9178,CA-2018-156776,OFF-PA-10001970,24.56,Low,No
9179,CA-2018-156776,FUR-FU-10004848,51.75,Low,No
9180,CA-2018-156776,FUR-CH-10002317,207.184,Medium,No
9181,CA-2018-156776,OFF-AP-10002534,1473.1,High,Yes
9182,US-2016-130512,OFF-SU-10001935,3.488,Low,No
9183,US-2016-130512,TEC-AC-10000290,21.728,Low,No
9184,US-2016-130512,OFF-ST-10002574,663.072,High,Yes
9185,US-2016-130512,OFF-BI-10004519,99.588,Low,No
9186,US-2016-130512,OFF-PA-10003625,49.568,Low,No
9187,CA-2016-141810,OFF-BI-10001524,29.372,Low,No
9188,CA-2016-141810,TEC-PH-10002200,344.704,Medium,No
9189,CA-2015-146843,OFF-SU-10001664,47.992,Low,No
9190,CA-2015-146843,TEC-AC-10002550,102.24,Medium,No
9191,CA-2015-103310,OFF-PA-10004353,39.96,Low,No
9192,CA-2015-103310,TEC-PH-10001817,1432.0,High,Yes
9193,CA-2015-103310,OFF-SU-10004737,41.04,Low,No
9194,CA-2015-103310,FUR-CH-10002320,256.784,Medium,No
9195,CA-2017-152688,FUR-BO-10001337,120.98,Medium,No
9196,CA-2017-152688,OFF-BI-10004584,315.98,Medium,No
9197,CA-2017-153836,OFF-BI-10004817,28.752,Low,No
9198,CA-2017-153836,OFF-AR-10004602,114.95,Medium,No
9199,CA-2017-104689,OFF-AR-10001149,23.04,Low,No
9200,CA-2017-146423,OFF-AR-10004817,15.48,Low,No
9201,CA-2017-146423,OFF-PA-10003797,51.84,Low,No
9202,CA-2018-140781,TEC-AC-10000682,39.816,Low,No
9203,CA-2018-141747,OFF-ST-10003996,16.06,Low,No
9204,CA-2018-142776,OFF-EN-10003160,7.28,Low,No
9205,CA-2018-142776,OFF-BI-10002012,5.4,Low,No
9206,CA-2016-167479,OFF-PA-10002105,19.44,Low,No
9207,CA-2015-144071,FUR-FU-10000397,39.88,Low,No
9208,CA-2015-144071,FUR-FU-10000758,79.44,Low,No
9209,US-2018-120908,OFF-LA-10004677,20.664,Low,No
9210,CA-2017-152646,OFF-PA-10004451,32.4,Low,No
9211,CA-2018-103765,OFF-AP-10002311,13.762,Low,No
9212,US-2018-118157,OFF-EN-10004459,15.28,Low,No
9213,US-2016-164238,OFF-ST-10002352,44.688,Low,No
9214,US-2016-164238,FUR-BO-10000780,301.47,Medium,No
9215,CA-2018-103212,OFF-LA-10000248,11.07,Low,No
9216,CA-2018-103212,FUR-TA-10003473,1504.52,High,Yes
9217,CA-2018-103212,OFF-PA-10004355,25.92,Low,No
9218,CA-2018-121160,OFF-BI-10001308,7.536,Low,No
9219,CA-2018-121160,OFF-BI-10003094,1.408,Low,No
9220,CA-2018-121160,OFF-BI-10004040,4.144,Low,No
9221,CA-2018-121160,OFF-ST-10002485,52.752,Low,No
9222,CA-2018-140515,OFF-AP-10001205,381.36,Medium,No
9223,CA-2015-153619,OFF-AR-10001868,6.72,Low,No
9224,CA-2018-133718,OFF-BI-10003429,15.192,Low,No
9225,CA-2018-133718,OFF-PA-10002689,58.32,Low,No
9226,CA-2015-148383,OFF-BI-10003650,946.764,High,Yes
9227,CA-2017-126732,FUR-FU-10001889,94.68,Low,No
9228,CA-2017-126732,OFF-ST-10000321,23.67,Low,No
9229,CA-2017-126732,TEC-PH-10001530,1091.168,High,Yes
9230,CA-2017-126732,OFF-AR-10004752,18.69,Low,No
9231,CA-2017-126732,FUR-TA-10001539,568.728,High,Yes
9232,CA-2017-126732,OFF-BI-10001553,7.312,Low,No
9233,CA-2018-138156,FUR-FU-10003601,147.568,Medium,No
9234,CA-2018-110310,OFF-PA-10001685,56.784,Low,No
9235,CA-2018-110310,OFF-BI-10001097,5.607,Low,No
9236,CA-2018-110310,OFF-AR-10001662,6.576,Low,No
9237,CA-2015-113271,OFF-BI-10002609,14.304,Low,No
9238,CA-2015-113271,FUR-BO-10004218,119.833,Medium,No
9239,CA-2015-113271,OFF-AR-10003251,5.56,Low,No
9240,CA-2015-113271,OFF-PA-10002365,32.4,Low,No
9241,CA-2018-130106,OFF-AR-10003651,9.84,Low,No
9242,CA-2018-130106,OFF-AR-10003732,2.78,Low,No
9243,CA-2017-127761,OFF-BI-10002557,3.64,Low,No
9244,CA-2017-127761,TEC-PH-10003691,881.93,High,Yes
9245,CA-2017-105354,OFF-BI-10001107,115.84,Medium,No
9246,CA-2018-155712,OFF-BI-10004224,107.648,Medium,No
9247,CA-2018-102309,TEC-AC-10001114,199.95,Medium,No
9248,CA-2018-102309,OFF-PA-10002005,12.96,Low,No
9249,CA-2015-168368,FUR-CH-10001146,60.89,Low,No
9250,CA-2015-168368,OFF-LA-10004853,14.94,Low,No
9251,CA-2015-168368,OFF-BI-10004728,9.64,Low,No
9252,CA-2015-168368,FUR-FU-10002298,332.94,Medium,No
9253,CA-2015-168368,OFF-BI-10004654,51.9,Low,No
9254,CA-2015-168368,OFF-ST-10002583,64.96,Low,No
9255,CA-2018-167976,OFF-SU-10004661,25.5,Low,No
9256,CA-2018-111388,FUR-CH-10003061,215.976,Medium,No
9257,CA-2016-124499,FUR-CH-10000513,389.97,Medium,No
9258,CA-2016-124499,OFF-AP-10002191,269.91,Medium,No
9259,US-2018-128118,OFF-BI-10000216,11.673,Low,No
9260,US-2018-128118,OFF-EN-10003448,64.848,Low,No
9261,CA-2015-125759,FUR-FU-10002111,14.56,Low,No
9262,CA-2016-151869,FUR-CH-10001545,102.582,Medium,No
9263,CA-2016-151869,OFF-PA-10002947,20.04,Low,No
9264,US-2018-102183,OFF-BI-10003476,32.088,Low,No
9265,US-2018-102183,OFF-BI-10001359,4305.552,High,Yes
9266,CA-2017-100510,FUR-FU-10000320,10.02,Low,No
9267,CA-2017-100510,TEC-PH-10001835,631.96,High,Yes
9268,CA-2018-146983,OFF-BI-10003650,1577.94,High,Yes
9269,US-2015-134054,OFF-AR-10000937,255.85,Medium,No
9270,CA-2017-113236,OFF-ST-10000532,184.704,Medium,No
9271,CA-2017-113236,TEC-AC-10001267,47.92,Low,No
9272,CA-2018-122539,OFF-LA-10004853,15.936,Low,No
9273,CA-2018-122539,OFF-BI-10001759,8.001,Low,No
9274,CA-2018-122539,FUR-CH-10003379,398.972,Medium,No
9275,CA-2017-166772,FUR-BO-10002853,163.88,Medium,No
9276,US-2018-152898,OFF-AP-10000027,67.9,Low,No
9277,CA-2017-160486,OFF-PA-10002421,72.224,Low,No
9278,CA-2018-102218,OFF-LA-10002475,11.696,Low,No
9279,CA-2015-161032,FUR-CH-10001482,392.94,Medium,No
9280,CA-2016-102778,FUR-FU-10000087,18.176,Low,No
9281,CA-2018-154011,OFF-BI-10003166,6.888,Low,No
9282,CA-2018-154011,FUR-TA-10000688,457.485,Medium,No
9283,US-2018-165456,FUR-CH-10003981,1079.316,High,Yes
9284,CA-2015-111857,OFF-PA-10001878,48.91,Low,No
9285,CA-2015-163650,OFF-AR-10002375,9.84,Low,No
9286,CA-2015-163650,OFF-BI-10004965,34.5,Low,No
9287,CA-2018-124114,OFF-BI-10004022,0.556,Low,No
9288,US-2018-116505,OFF-BI-10000050,43.8,Low,No
9289,CA-2018-161340,OFF-PA-10002464,13.872,Low,No
9290,CA-2018-161340,FUR-BO-10004709,115.96,Medium,No
9291,US-2016-163433,TEC-AC-10003590,41.424,Low,No
9292,US-2016-163433,TEC-PH-10003357,244.768,Medium,No
9293,US-2016-163433,OFF-AR-10003373,74.352,Low,No
9294,US-2016-163433,OFF-BI-10003676,4.312,Low,No
9295,US-2016-163433,FUR-CH-10000225,56.686,Low,No
9296,US-2016-163433,TEC-PH-10001870,97.968,Low,No
9297,US-2016-163433,OFF-AR-10003481,7.872,Low,No
9298,US-2016-163433,OFF-PA-10003936,15.552,Low,No
9299,US-2016-163433,OFF-BI-10000320,1.476,Low,No
9300,CA-2016-137603,OFF-AR-10001972,8.4,Low,No
9301,CA-2015-128237,OFF-AR-10003829,6.56,Low,No
9302,CA-2015-128237,OFF-AR-10003338,14.88,Low,No
9303,CA-2015-128237,TEC-AC-10002558,45.48,Low,No
9304,CA-2015-128237,OFF-AR-10000034,25.44,Low,No
9305,US-2017-102141,OFF-BI-10001510,146.688,Medium,No
9306,CA-2018-148642,OFF-LA-10000134,4.928,Low,No
9307,CA-2018-148642,OFF-AR-10000588,63.488,Low,No
9308,CA-2016-111948,OFF-ST-10003282,418.32,Medium,No
9309,CA-2016-111948,OFF-AP-10002311,123.858,Medium,No
9310,CA-2017-161907,TEC-PH-10000141,118.782,Medium,No
9311,CA-2017-161907,OFF-SU-10000646,769.184,High,Yes
9312,CA-2018-124940,TEC-AC-10002076,47.904,Low,No
9313,US-2018-108343,OFF-PA-10000743,13.36,Low,No
9314,US-2018-108343,FUR-CH-10002780,163.764,Medium,No
9315,US-2018-108343,FUR-FU-10000747,183.92,Medium,No
9316,US-2017-111563,FUR-FU-10002445,11.376,Low,No
9317,US-2017-111563,FUR-FU-10000723,66.112,Low,No
9318,CA-2018-121853,OFF-PA-10003641,211.04,Medium,No
9319,CA-2018-121853,FUR-CH-10003973,594.816,High,Yes
9320,CA-2018-121853,OFF-BI-10000977,72.96,Low,No
9321,US-2018-130687,FUR-FU-10004053,80.96,Low,No
9322,US-2018-130687,TEC-PH-10002033,455.712,Medium,No
9323,US-2018-130687,OFF-AR-10004260,25.98,Low,No
9324,CA-2016-164497,OFF-AP-10004655,45.28,Low,No
9325,US-2016-153283,OFF-EN-10001539,15.56,Low,No
9326,CA-2017-108056,TEC-PH-10001817,859.2,High,Yes
9327,CA-2018-127726,OFF-AP-10002578,195.68,Medium,No
9328,CA-2018-127726,OFF-FA-10000992,14.2,Low,No
9329,CA-2018-110198,FUR-BO-10001798,314.352,Medium,No
9330,CA-2018-110198,OFF-LA-10004409,4.608,Low,No
9331,CA-2018-130715,OFF-FA-10000621,17.9,Low,No
9332,CA-2015-155264,OFF-BI-10003196,2.992,Low,No
9333,CA-2015-155264,OFF-BI-10003727,20.064,Low,No
9334,CA-2015-155264,OFF-PA-10003228,146.73,Medium,No
9335,CA-2015-155264,OFF-LA-10002787,18.75,Low,No
9336,CA-2015-155264,TEC-PH-10001305,117.576,Medium,No
9337,CA-2017-119123,OFF-BI-10001036,51.184,Low,No
9338,CA-2018-109085,FUR-TA-10001086,455.97,Medium,No
9339,CA-2018-109085,OFF-BI-10001525,5.715,Low,No
9340,CA-2018-109085,TEC-PH-10000526,57.594,Low,No
9341,CA-2018-109085,FUR-FU-10004973,30.144,Low,No
9342,CA-2018-109085,FUR-CH-10003981,899.43,High,Yes
9343,CA-2017-114860,FUR-FU-10000277,842.72,High,Yes
9344,CA-2017-114860,FUR-FU-10001934,41.96,Low,No
9345,CA-2017-159009,OFF-BI-10004970,13.216,Low,No
9346,CA-2017-159009,FUR-CH-10003396,184.752,Medium,No
9347,CA-2018-148411,FUR-CH-10003973,520.464,High,Yes
9348,CA-2018-148411,OFF-PA-10002109,11.424,Low,No
9349,CA-2016-110324,OFF-PA-10001826,19.44,Low,No
9350,CA-2016-110324,OFF-AR-10000823,3.64,Low,No
9351,CA-2016-110324,OFF-PA-10001776,18.54,Low,No
9352,CA-2017-168046,OFF-BI-10003676,43.12,Low,No
9353,CA-2017-168046,FUR-TA-10001095,313.722,Medium,No
9354,CA-2017-168046,FUR-FU-10000747,45.98,Low,No
9355,CA-2017-168046,OFF-ST-10004337,428.68,Medium,No
9356,CA-2018-111591,OFF-BI-10004410,30.576,Low,No
9357,CA-2018-111591,OFF-FA-10004838,13.02,Low,No
9358,CA-2018-111591,FUR-FU-10002364,22.14,Low,No
9359,CA-2018-111591,OFF-ST-10001809,359.32,Medium,No
9360,US-2015-166828,OFF-PA-10001846,11.56,Low,No
9361,CA-2015-108147,OFF-BI-10003876,68.48,Low,No
9362,CA-2015-108147,OFF-ST-10003470,1676.88,High,Yes
9363,CA-2017-154998,OFF-PA-10004243,37.94,Low,No
9364,CA-2018-113460,FUR-CH-10000422,272.97,Medium,No
9365,CA-2016-111339,FUR-FU-10002506,41.568,Low,No
9366,CA-2016-111339,FUR-CH-10000863,317.058,Medium,No
9367,CA-2016-111339,OFF-FA-10002988,8.04,Low,No
9368,CA-2018-102820,TEC-PH-10003437,419.944,Medium,No
9369,CA-2017-149671,OFF-SU-10002537,61.38,Low,No
9370,CA-2016-126347,TEC-AC-10003063,50.0,Low,No
9371,CA-2018-108756,TEC-AC-10003237,31.8,Low,No
9372,CA-2018-155362,OFF-ST-10001031,32.56,Low,No
9373,CA-2017-117625,OFF-EN-10001535,7.072,Low,No
9374,CA-2015-154158,OFF-PA-10001295,45.528,Low,No
9375,CA-2015-154158,FUR-CH-10004698,64.784,Low,No
9376,CA-2015-154158,OFF-ST-10000078,424.272,Medium,No
9377,CA-2015-154158,OFF-AR-10001868,1.344,Low,No
9378,CA-2015-154158,OFF-ST-10004950,83.92,Low,No
9379,CA-2018-100433,OFF-PA-10003441,25.92,Low,No
9380,CA-2018-163097,FUR-FU-10004973,120.576,Medium,No
9381,CA-2016-163734,OFF-ST-10003692,228.92,Medium,No
9382,CA-2018-162474,TEC-PH-10004700,7.992,Low,No
9383,CA-2016-130848,FUR-CH-10000422,582.336,High,Yes
9384,CA-2015-125997,TEC-PH-10003484,629.95,High,Yes
9385,CA-2015-125997,FUR-CH-10001394,631.782,High,Yes
9386,CA-2015-125997,FUR-BO-10002213,801.568,High,Yes
9387,CA-2015-125997,OFF-LA-10002762,75.18,Low,No
9388,CA-2015-125997,OFF-AP-10003842,30.98,Low,No
9389,CA-2015-125997,TEC-PH-10003072,1349.91,High,Yes
9390,CA-2017-103128,OFF-AR-10003394,14.112,Low,No
9391,CA-2016-167696,OFF-EN-10001539,31.12,Low,No
9392,CA-2015-159814,FUR-FU-10001731,4.272,Low,No
9393,CA-2017-105459,FUR-TA-10001095,209.148,Medium,No
9394,CA-2017-105459,OFF-ST-10000078,1591.02,High,Yes
9395,CA-2018-141663,OFF-FA-10004076,7.92,Low,No
9396,CA-2015-152618,TEC-MA-10003626,574.91,High,Yes
9397,CA-2015-152618,OFF-PA-10001215,8.448,Low,No
9398,CA-2018-162789,TEC-AC-10002842,1071.0,High,Yes
9399,CA-2018-162789,FUR-FU-10004864,12.07,Low,No
9400,US-2018-110149,OFF-BI-10000014,3.273,Low,No
9401,US-2018-110149,FUR-FU-10001475,87.92,Low,No
9402,CA-2017-108959,OFF-ST-10001272,104.696,Medium,No
9403,CA-2016-164777,FUR-CH-10002024,2803.92,High,Yes
9404,CA-2017-132017,OFF-BI-10004001,6.816,Low,No
9405,CA-2016-127824,TEC-PH-10004094,249.584,Medium,No
9406,CA-2016-127824,OFF-PA-10001184,17.94,Low,No
9407,CA-2016-127824,FUR-FU-10002505,10.11,Low,No
9408,CA-2015-148285,OFF-PA-10001166,10.368,Low,No
9409,CA-2015-148285,OFF-PA-10000349,11.952,Low,No
9410,CA-2018-152926,OFF-AP-10004708,15.224,Low,No
9411,CA-2018-152926,OFF-AP-10001947,21.984,Low,No
9412,CA-2015-145254,TEC-PH-10000441,604.752,High,Yes
9413,CA-2015-145254,OFF-SU-10004664,40.7,Low,No
9414,CA-2015-145254,TEC-PH-10004531,302.376,Medium,No
9415,CA-2015-145254,TEC-AC-10002167,45.0,Low,No
9416,CA-2015-116246,FUR-CH-10002024,3785.292,High,Yes
9417,CA-2017-160479,OFF-AR-10002445,35.4,Low,No
9418,CA-2015-167486,FUR-FU-10003268,199.9,Medium,No
9419,CA-2015-152100,FUR-CH-10000015,1212.96,High,Yes
9420,CA-2016-166219,TEC-PH-10004165,1099.96,High,Yes
9421,CA-2016-166219,FUR-TA-10004607,103.481,Medium,No
9422,CA-2016-111864,OFF-LA-10004677,5.904,Low,No
9423,CA-2016-119627,TEC-AC-10002217,30.08,Low,No
9424,CA-2016-119627,OFF-PA-10001937,36.288,Low,No
9425,CA-2016-119627,OFF-AR-10000203,10.272,Low,No
9426,CA-2016-119627,TEC-AC-10001142,252.8,Medium,No
9427,CA-2016-160787,OFF-BI-10003712,2.946,Low,No
9428,CA-2018-107853,OFF-PA-10000520,12.96,Low,No
9429,CA-2018-126144,TEC-PH-10001079,285.576,Medium,No
9430,US-2015-154655,OFF-SU-10000898,22.24,Low,No
9431,CA-2015-100391,OFF-PA-10001471,14.62,Low,No
9432,CA-2015-165477,OFF-AP-10003281,48.36,Low,No
9433,CA-2018-165904,OFF-AR-10003156,16.256,Low,No
9434,CA-2018-165904,TEC-PH-10000576,219.184,Medium,No
9435,CA-2016-104052,TEC-PH-10003215,95.84,Low,No
9436,CA-2016-168277,OFF-LA-10004484,12.39,Low,No
9437,CA-2017-158617,OFF-PA-10002245,35.88,Low,No
9438,CA-2018-136882,FUR-FU-10003664,477.3,Medium,No
9439,US-2017-148957,OFF-LA-10002195,12.32,Low,No
9440,CA-2015-140032,OFF-BI-10000822,8.608,Low,No
9441,CA-2018-145506,OFF-ST-10004963,136.26,Medium,No
9442,CA-2016-129546,OFF-AP-10002495,186.15,Medium,No
9443,CA-2016-129546,OFF-BI-10004001,81.792,Low,No
9444,CA-2016-129546,OFF-SU-10004884,47.19,Low,No
9445,CA-2016-129546,TEC-PH-10003555,36.784,Low,No
9446,CA-2017-140977,TEC-MA-10003493,91.475,Low,No
9447,CA-2018-151855,TEC-AC-10002380,27.192,Low,No
9448,CA-2018-151855,OFF-BI-10004209,12.06,Low,No
9449,CA-2015-138240,OFF-AR-10002135,144.6,Medium,No
9450,CA-2015-138240,TEC-PH-10002583,15.992,Low,No
9451,CA-2015-101833,OFF-PA-10003591,34.44,Low,No
9452,CA-2015-100867,TEC-PH-10004922,321.552,Medium,No
9453,US-2018-109610,FUR-CH-10001854,701.96,High,Yes
9454,CA-2015-156545,OFF-AR-10003560,19.456,Low,No
9455,CA-2015-109127,OFF-LA-10004409,17.28,Low,No
9456,CA-2017-126858,FUR-FU-10000448,31.96,Low,No
9457,CA-2018-102925,OFF-BI-10002735,164.688,Medium,No
9458,CA-2018-102925,FUR-TA-10003469,166.5,Medium,No
9459,CA-2018-102925,OFF-PA-10001870,12.96,Low,No
9460,CA-2018-102925,OFF-PA-10004071,110.96,Medium,No
9461,CA-2018-102925,TEC-PH-10001448,99.98,Low,No
9462,CA-2018-102925,OFF-BI-10002706,11.424,Low,No
9463,CA-2018-102925,FUR-CH-10004875,128.124,Medium,No
9464,CA-2018-102925,FUR-FU-10004245,101.4,Medium,No
9465,CA-2016-100818,OFF-LA-10000443,5.904,Low,No
9466,CA-2016-100818,OFF-PA-10001125,173.488,Medium,No
9467,CA-2016-100818,FUR-FU-10002703,51.56,Low,No
9468,CA-2016-100818,OFF-BI-10004364,3.564,Low,No
9469,CA-2015-126193,OFF-FA-10000936,13.16,Low,No
9470,CA-2015-126193,OFF-BI-10001249,3.828,Low,No
9471,CA-2015-126193,OFF-BI-10004632,304.99,Medium,No
9472,CA-2018-150504,OFF-ST-10000615,18.16,Low,No
9473,CA-2016-158351,TEC-AC-10001838,319.984,Medium,No
9474,CA-2015-122679,OFF-AR-10004757,19.68,Low,No
9475,CA-2017-164770,FUR-BO-10003893,781.864,High,Yes
9476,CA-2017-164770,OFF-PA-10003893,30.816,Low,No
9477,CA-2018-130505,FUR-TA-10001932,673.344,High,Yes
9478,US-2018-125213,OFF-FA-10001561,6.54,Low,No
9479,CA-2016-156566,TEC-PH-10001817,572.8,High,Yes
9480,US-2017-102232,OFF-AR-10000538,197.05,Medium,No
9481,CA-2018-111738,OFF-BI-10004584,2022.272,High,Yes
9482,CA-2018-111738,OFF-AR-10000817,9.12,Low,No
9483,CA-2018-163188,OFF-BI-10000756,38.16,Low,No
9484,CA-2017-105207,FUR-TA-10000617,1592.85,High,Yes
9485,CA-2017-105207,OFF-BI-10004364,11.88,Low,No
9486,US-2017-123610,TEC-AC-10004518,120.0,Medium,No
9487,US-2017-123610,OFF-AP-10002222,8.67,Low,No
9488,CA-2018-118213,OFF-PA-10002615,4.41,Low,No
9489,CA-2018-118213,OFF-PA-10000565,167.94,Medium,No
9490,CA-2018-118213,OFF-PA-10003673,67.8,Low,No
9491,CA-2017-149237,FUR-FU-10002088,26.94,Low,No
9492,US-2016-158589,FUR-FU-10001546,32.04,Low,No
9493,CA-2017-101329,OFF-AR-10000614,32.13,Low,No
9494,CA-2017-101329,OFF-AR-10003190,2.88,Low,No
9495,CA-2017-113607,TEC-PH-10004094,1091.93,High,Yes
9496,CA-2017-113607,OFF-PA-10001970,111.96,Medium,No
9497,CA-2015-149104,OFF-AR-10002952,26.7,Low,No
9498,CA-2015-149104,OFF-BI-10004209,40.2,Low,No
9499,CA-2015-149104,OFF-AR-10004685,13.89,Low,No
9500,CA-2015-149104,OFF-ST-10000991,689.82,High,Yes
9501,CA-2017-105263,OFF-AR-10002399,38.34,Low,No
9502,CA-2015-130575,OFF-BI-10002353,9.264,Low,No
9503,CA-2018-142461,FUR-BO-10001811,204.6664,Medium,No
9504,CA-2017-125220,TEC-AC-10003033,1649.75,High,Yes
9505,CA-2015-100293,OFF-PA-10000176,91.056,Low,No
9506,CA-2015-154165,OFF-AR-10003631,54.208,Low,No
9507,CA-2016-123939,TEC-PH-10000923,26.982,Low,No
9508,CA-2016-123939,OFF-LA-10003190,6.912,Low,No
9509,CA-2016-123939,OFF-ST-10003208,435.504,Medium,No
9510,US-2018-104451,OFF-AP-10000692,81.08,Low,No
9511,CA-2017-101189,OFF-ST-10004180,93.02,Low,No
9512,CA-2015-169446,TEC-PH-10002817,323.976,Medium,No
9513,CA-2015-169446,OFF-PA-10000295,15.552,Low,No
9514,CA-2015-169446,OFF-ST-10000419,32.592,Low,No
9515,CA-2018-156958,OFF-BI-10001524,83.92,Low,No
9516,CA-2018-156958,FUR-FU-10003268,199.9,Medium,No
9517,CA-2018-156958,TEC-PH-10000148,31.176,Low,No
9518,CA-2018-156958,OFF-BI-10001543,172.752,Medium,No
9519,CA-2018-156958,OFF-BI-10002071,9.296,Low,No
9520,CA-2018-101637,OFF-ST-10002352,12.768,Low,No
9521,CA-2018-111759,OFF-PA-10003127,52.76,Low,No
9522,CA-2018-102729,OFF-ST-10000464,55.616,Low,No
9523,CA-2017-116596,FUR-CH-10000553,427.644,Medium,No
9524,CA-2017-116596,OFF-FA-10000134,40.67,Low,No
9525,CA-2017-116596,OFF-ST-10000636,33.48,Low,No
9526,CA-2017-116596,OFF-BI-10002949,9.728,Low,No
9527,CA-2018-124191,FUR-FU-10002364,8.856,Low,No
9528,CA-2017-148747,FUR-BO-10002613,477.666,Medium,No
9529,US-2018-169488,OFF-PA-10002659,16.9,Low,No
9530,US-2018-169488,OFF-PA-10000157,39.96,Low,No
9531,CA-2016-135727,FUR-CH-10004540,191.968,Medium,No
9532,CA-2016-135251,OFF-LA-10004544,35.52,Low,No
9533,CA-2016-135251,OFF-BI-10001097,6.23,Low,No
9534,CA-2016-135251,OFF-PA-10003302,56.704,Low,No
9535,CA-2016-135251,FUR-BO-10003965,369.1992,Medium,No
9536,CA-2015-166590,TEC-AC-10003433,1.98,Low,No
9537,CA-2015-166590,OFF-PA-10000482,75.88,Low,No
9538,CA-2017-131744,OFF-PA-10004610,6.848,Low,No
9539,CA-2017-131744,OFF-BI-10003910,4.626,Low,No
9540,CA-2017-131744,OFF-AP-10001394,453.6,Medium,No
9541,CA-2016-160864,OFF-BI-10004654,13.848,Low,No
9542,CA-2016-147690,OFF-ST-10001526,577.584,High,Yes
9543,CA-2016-163923,TEC-AC-10000358,151.96,Medium,No
9544,CA-2017-125724,FUR-FU-10000246,68.432,Low,No
9545,CA-2016-111612,FUR-FU-10003799,71.12,Low,No
9546,CA-2016-111612,OFF-FA-10003021,3.008,Low,No
9547,CA-2016-156853,OFF-PA-10003656,184.66,Medium,No
9548,CA-2015-103086,FUR-FU-10004586,5.312,Low,No
9549,CA-2017-129280,TEC-AC-10003832,132.52,Medium,No
9550,CA-2017-129280,OFF-ST-10002554,195.64,Medium,No
9551,CA-2017-129280,FUR-FU-10001876,51.968,Low,No
9552,CA-2017-129280,TEC-AC-10002637,431.976,Medium,No
9553,CA-2017-129280,TEC-MA-10003589,224.937,Medium,No
9554,CA-2017-129280,OFF-LA-10000081,6.0,Low,No
9555,CA-2016-161242,OFF-PA-10001838,11.76,Low,No
9556,CA-2015-130428,FUR-CH-10002965,1125.488,High,Yes
9557,CA-2015-130428,OFF-BI-10001636,12.645,Low,No
9558,CA-2015-130428,OFF-AR-10004027,4.032,Low,No
9559,CA-2018-104388,TEC-PH-10002293,79.96,Low,No
9560,CA-2016-113131,OFF-BI-10003196,6.732,Low,No
9561,CA-2016-113131,OFF-ST-10001172,33.568,Low,No
9562,CA-2016-113131,OFF-EN-10003068,15.84,Low,No
9563,CA-2016-113131,OFF-LA-10003510,24.424,Low,No
9564,CA-2016-113131,OFF-AR-10003504,17.12,Low,No
9565,CA-2016-148495,FUR-FU-10001889,31.56,Low,No
9566,CA-2016-143147,FUR-CH-10000863,105.686,Medium,No
9567,CA-2016-143147,TEC-MA-10004679,399.54,Medium,No
9568,CA-2016-143147,FUR-CH-10004754,104.93,Medium,No
9569,CA-2018-152975,TEC-PH-10004586,1079.85,High,Yes
9570,CA-2018-152975,OFF-ST-10001370,70.98,Low,No
9571,CA-2018-152975,OFF-AR-10001988,29.95,Low,No
9572,CA-2018-152975,FUR-CH-10003298,589.41,High,Yes
9573,CA-2017-107475,OFF-FA-10002988,9.648,Low,No
9574,CA-2018-116127,FUR-BO-10002213,400.784,Medium,No
9575,CA-2018-132584,OFF-ST-10000344,53.72,Low,No
9576,CA-2017-160598,OFF-PA-10002319,31.008,Low,No
9577,CA-2017-108630,OFF-BI-10002437,61.12,Low,No
9578,US-2018-129203,OFF-ST-10001418,195.136,Medium,No
9579,CA-2018-110940,OFF-AR-10000380,121.536,Medium,No
9580,CA-2015-119172,OFF-PA-10003036,17.472,Low,No
9581,CA-2015-119172,OFF-BI-10002026,104.58,Medium,No
9582,US-2017-105452,FUR-FU-10003691,24.7,Low,No
9583,US-2017-105452,FUR-FU-10003806,302.72,Medium,No
9584,CA-2018-108931,OFF-PA-10002741,8.56,Low,No
9585,CA-2018-108931,OFF-PA-10003845,11.56,Low,No
9586,CA-2018-104619,OFF-AP-10001492,25.86,Low,No
9587,CA-2018-104619,OFF-BI-10004318,276.784,Medium,No
9588,CA-2018-104619,TEC-PH-10000193,110.352,Medium,No
9589,CA-2016-149517,FUR-FU-10003464,60.84,Low,No
9590,CA-2016-116841,OFF-AP-10002403,35.208,Low,No
9591,CA-2018-107797,OFF-PA-10003848,41.472,Low,No
9592,CA-2017-117604,OFF-PA-10001357,239.5,Medium,No
9593,CA-2015-130155,OFF-SU-10004737,34.2,Low,No
9594,CA-2017-129861,FUR-TA-10003715,376.866,Medium,No
9595,CA-2016-138625,OFF-AP-10003099,197.72,Medium,No
9596,US-2018-122672,TEC-AC-10002323,70.72,Low,No
9597,US-2018-122672,OFF-ST-10002344,194.352,Medium,No
9598,CA-2018-117128,OFF-PA-10000007,21.6,Low,No
9599,CA-2018-117128,OFF-LA-10000248,11.07,Low,No
9600,CA-2017-130638,FUR-FU-10002116,282.84,Medium,No
9601,CA-2017-130638,OFF-LA-10002195,27.72,Low,No
9602,CA-2018-144365,OFF-FA-10000735,11.68,Low,No
9603,CA-2017-110086,TEC-PH-10001299,239.984,Medium,No
9604,CA-2015-128524,OFF-AP-10002892,22.98,Low,No
9605,CA-2015-128524,TEC-AC-10002718,102.13,Medium,No
9606,CA-2015-128524,OFF-BI-10003527,2033.584,High,Yes
9607,CA-2017-140256,OFF-AR-10002255,5.76,Low,No
9608,CA-2018-160633,TEC-CO-10002095,899.982,High,Yes
9609,CA-2018-160633,OFF-AR-10004022,86.352,Low,No
9610,CA-2018-160633,TEC-AC-10002335,139.96,Medium,No
9611,CA-2015-115133,OFF-AP-10001634,16.704,Low,No
9612,CA-2015-115133,TEC-AC-10002370,3.152,Low,No
9613,CA-2015-115133,OFF-PA-10000174,32.896,Low,No
9614,CA-2018-137449,OFF-AP-10000240,21.392,Low,No
9615,CA-2018-137449,FUR-TA-10002855,307.314,Medium,No
9616,CA-2018-137449,FUR-BO-10000780,409.9992,Medium,No
9617,CA-2018-103520,OFF-PA-10001846,9.248,Low,No
9618,CA-2015-139283,OFF-BI-10002049,14.67,Low,No
9619,CA-2015-118192,OFF-PA-10002947,37.408,Low,No
9620,CA-2015-118192,OFF-BI-10003476,3.438,Low,No
9621,CA-2017-168844,OFF-BI-10002609,7.152,Low,No
9622,CA-2017-168844,TEC-PH-10003215,179.7,Medium,No
9623,CA-2018-154809,OFF-AP-10004785,90.64,Low,No
9624,CA-2015-151330,TEC-AC-10000865,177.0,Medium,No
9625,CA-2015-151330,OFF-ST-10000615,79.45,Low,No
9626,CA-2015-151330,FUR-CH-10000749,1628.82,High,Yes
9627,CA-2015-124702,FUR-FU-10003553,137.54,Medium,No
9628,CA-2015-124702,FUR-TA-10003008,730.2,High,Yes
9629,US-2018-125808,OFF-PA-10001846,11.56,Low,No
9630,CA-2016-116638,FUR-TA-10000198,4297.644,High,Yes
9631,CA-2015-104563,OFF-AR-10000390,20.65,Low,No
9632,CA-2015-104563,OFF-ST-10000934,204.9,Medium,No
9633,CA-2015-104563,FUR-CH-10002780,436.704,Medium,No
9634,CA-2015-104563,FUR-CH-10004495,481.568,Medium,No
9635,US-2018-107979,TEC-AC-10002006,89.544,Low,No
9636,US-2018-107979,OFF-ST-10002485,35.168,Low,No
9637,US-2018-107979,OFF-BI-10000778,72.588,Low,No
9638,CA-2015-150518,OFF-ST-10000877,221.16,Medium,No
9639,CA-2015-150518,TEC-PH-10002103,281.97,Medium,No
9640,CA-2017-107104,FUR-BO-10002213,3406.664,High,Yes
9641,CA-2017-107104,OFF-AR-10004269,37.17,Low,No
9642,CA-2017-107104,OFF-AP-10000055,64.96,Low,No
9643,CA-2017-107104,FUR-FU-10002937,595.38,High,Yes
9644,CA-2018-161893,TEC-AC-10001874,95.984,Low,No
9645,CA-2018-161893,OFF-BI-10004506,4.938,Low,No
9646,CA-2015-156160,FUR-FU-10001876,97.44,Low,No
9647,CA-2015-156160,OFF-BI-10003355,3.984,Low,No
9648,CA-2015-156160,OFF-AR-10003876,13.04,Low,No
9649,CA-2015-156160,FUR-CH-10004983,579.528,High,Yes
9650,CA-2015-100860,OFF-LA-10001982,18.75,Low,No
9651,CA-2017-160717,TEC-PH-10001459,3023.928,High,Yes
9652,CA-2017-160717,TEC-AC-10002134,26.96,Low,No
9653,CA-2017-160717,TEC-PH-10001760,477.6,Medium,No
9654,CA-2018-132619,OFF-ST-10001511,193.95,Medium,No
9655,US-2016-120957,OFF-PA-10003953,12.96,Low,No
9656,CA-2018-157448,FUR-FU-10003268,119.94,Medium,No
9657,CA-2018-157448,FUR-FU-10001847,12.42,Low,No
9658,CA-2017-126270,OFF-BI-10002764,18.088,Low,No
9659,CA-2017-126270,OFF-EN-10004386,71.97,Low,No
9660,CA-2018-145275,OFF-LA-10001569,14.94,Low,No
9661,CA-2016-133396,OFF-AR-10001446,64.68,Low,No
9662,US-2018-140312,TEC-PH-10003442,22.0,Low,No
9663,CA-2017-114867,OFF-PA-10000477,7.968,Low,No
9664,CA-2017-114867,TEC-PH-10002645,1499.97,High,Yes
9665,US-2015-164644,OFF-ST-10003123,26.632,Low,No
9666,CA-2017-137393,FUR-FU-10001617,41.6,Low,No
9667,US-2015-120175,OFF-EN-10003862,64.02,Low,No
9668,CA-2017-144785,OFF-AR-10001573,6.99,Low,No
9669,CA-2017-144785,OFF-SU-10004290,6.84,Low,No
9670,CA-2016-130113,OFF-ST-10000046,323.1,Medium,No
9671,CA-2016-130113,TEC-PH-10003505,668.16,High,Yes
9672,CA-2018-122770,OFF-LA-10004559,8.64,Low,No
9673,CA-2018-122770,OFF-PA-10003172,38.88,Low,No
9674,CA-2018-122770,FUR-FU-10001473,201.04,Medium,No
9675,CA-2018-122770,OFF-PA-10000232,12.96,Low,No
9676,CA-2018-118668,TEC-AC-10000682,16.59,Low,No
9677,CA-2018-116498,OFF-AR-10003405,35.1,Low,No
9678,US-2018-130603,OFF-BI-10000301,11.646,Low,No
9679,US-2018-135986,OFF-PA-10001534,32.4,Low,No
9680,US-2018-135986,TEC-PH-10003691,503.96,High,Yes
9681,CA-2018-140536,OFF-AR-10001545,7.04,Low,No
9682,CA-2016-130183,FUR-BO-10001811,613.9992,High,Yes
9683,CA-2016-107902,OFF-ST-10001837,470.36,Medium,No
9684,CA-2018-130148,OFF-PA-10000551,31.08,Low,No
9685,CA-2018-130148,OFF-SU-10001574,7.3,Low,No
9686,US-2017-151260,OFF-AP-10002892,73.536,Low,No
9687,CA-2015-144281,OFF-LA-10003930,491.55,Medium,No
9688,CA-2017-122511,FUR-FU-10001037,30.336,Low,No
9689,CA-2018-154116,OFF-PA-10004569,22.83,Low,No
9690,CA-2018-154116,OFF-AP-10000027,54.32,Low,No
9691,CA-2018-154116,TEC-PH-10000675,196.776,Medium,No
9692,CA-2017-105291,OFF-FA-10003059,3.62,Low,No
9693,CA-2018-147032,OFF-PA-10003256,11.54,Low,No
9694,CA-2018-147032,OFF-BI-10003656,849.95,High,Yes
9695,CA-2018-147032,OFF-BI-10002897,11.01,Low,No
9696,CA-2018-125990,OFF-BI-10004826,39.624,Low,No
9697,CA-2017-161746,FUR-CH-10004626,242.136,Medium,No
9698,CA-2017-161746,OFF-AR-10000390,12.39,Low,No
9699,CA-2017-161746,FUR-FU-10003731,19.96,Low,No
9700,CA-2017-161746,OFF-ST-10002743,340.92,Medium,No
9701,CA-2015-114251,FUR-FU-10001468,273.568,Medium,No
9702,CA-2015-114251,OFF-BI-10003684,13.194,Low,No
9703,CA-2015-114251,OFF-ST-10003716,1080.096,High,Yes
9704,CA-2015-114251,TEC-AC-10001101,51.56,Low,No
9705,CA-2015-114251,TEC-AC-10004864,58.416,Low,No
9706,CA-2017-116379,OFF-BI-10001543,57.584,Low,No
9707,US-2017-144477,OFF-AR-10000914,37.312,Low,No
9708,CA-2017-108210,TEC-PH-10002293,79.96,Low,No
9709,CA-2017-108210,TEC-AC-10000109,223.96,Medium,No
9710,CA-2018-166835,OFF-ST-10002574,221.024,Medium,No
9711,CA-2017-119641,FUR-FU-10002445,18.96,Low,No
9712,CA-2017-105781,FUR-CH-10001802,326.646,Medium,No
9713,CA-2017-105781,TEC-AC-10003628,89.97,Low,No
9714,CA-2015-101364,OFF-BI-10003984,296.712,Medium,No
9715,CA-2016-117898,OFF-EN-10004459,12.224,Low,No
9716,CA-2018-142293,TEC-AC-10001109,89.97,Low,No
9717,CA-2018-167395,OFF-AP-10001293,286.86,Medium,No
9718,CA-2018-167395,TEC-PH-10004977,979.95,High,Yes
9719,CA-2018-167395,OFF-SU-10001935,4.36,Low,No
9720,CA-2015-111962,OFF-BI-10001308,10.048,Low,No
9721,CA-2015-111962,OFF-ST-10000046,807.75,High,Yes
9722,CA-2018-124261,OFF-AR-10003504,34.24,Low,No
9723,CA-2015-114321,FUR-CH-10001797,500.24,High,Yes
9724,CA-2015-114321,OFF-PA-10000246,20.12,Low,No
9725,CA-2015-114321,OFF-BI-10001359,896.99,High,Yes
9726,CA-2015-128062,OFF-PA-10001583,5.88,Low,No
9727,US-2016-100069,TEC-PH-10004667,269.98,Medium,No
9728,CA-2018-129294,OFF-ST-10002615,310.12,Medium,No
9729,CA-2018-129294,OFF-BI-10004236,70.464,Low,No
9730,CA-2018-129294,OFF-BI-10001757,19.68,Low,No
9731,CA-2018-129294,OFF-AP-10001154,140.67,Medium,No
9732,CA-2018-131303,OFF-LA-10001074,62.65,Low,No
9733,CA-2017-137127,OFF-LA-10001641,9.45,Low,No
9734,CA-2018-141782,OFF-EN-10002230,268.576,Medium,No
9735,CA-2018-137505,FUR-TA-10000617,364.08,Medium,No
9736,CA-2018-137505,FUR-TA-10001676,71.088,Low,No
9737,US-2015-140914,FUR-FU-10000175,10.984,Low,No
9738,US-2015-140914,FUR-CH-10003379,797.944,High,Yes
9739,CA-2017-158358,TEC-AC-10002567,159.98,Medium,No
9740,CA-2017-113390,OFF-AR-10003183,5.344,Low,No
9741,CA-2017-113390,OFF-AR-10001446,27.72,Low,No
9742,US-2017-158680,OFF-BI-10000145,2.496,Low,No
9743,CA-2018-113705,OFF-LA-10000476,8.26,Low,No
9744,CA-2018-113705,OFF-BI-10001679,17.76,Low,No
9745,CA-2018-113705,OFF-ST-10001128,332.94,Medium,No
9746,CA-2018-113705,FUR-TA-10002533,292.1,Medium,No
9747,CA-2018-113705,TEC-PH-10004006,206.1,Medium,No
9748,CA-2018-113705,OFF-PA-10002615,17.64,Low,No
9749,CA-2017-146913,FUR-CH-10001854,1403.92,High,Yes
9750,CA-2018-159135,OFF-AR-10000657,4.3,Low,No
9751,CA-2015-121762,TEC-AC-10000736,239.97,Medium,No
9752,CA-2015-121762,OFF-AP-10001293,81.96,Low,No
9753,CA-2015-121762,OFF-SU-10000157,238.62,Medium,No
9754,CA-2015-123855,TEC-PH-10000215,139.8,Medium,No
9755,CA-2018-101959,OFF-BI-10001757,9.84,Low,No
9756,CA-2018-101959,OFF-PA-10002137,7.78,Low,No
9757,CA-2018-102659,OFF-BI-10000088,54.9,Low,No
9758,CA-2018-142328,OFF-PA-10000380,50.04,Low,No
9759,CA-2017-123533,FUR-BO-10001619,339.92,Medium,No
9760,CA-2017-123533,OFF-PA-10001609,10.528,Low,No
9761,CA-2017-123533,OFF-AP-10002765,42.384,Low,No
9762,CA-2017-104983,OFF-PA-10000167,123.92,Medium,No
9763,CA-2017-160234,TEC-PH-10004434,135.95,Medium,No
9764,CA-2015-169019,OFF-BI-10004995,2177.584,High,Yes
9765,CA-2015-169019,FUR-FU-10004666,17.496,Low,No
9766,CA-2015-169019,OFF-BI-10001524,16.784,Low,No
9767,CA-2015-169019,TEC-AC-10002076,431.136,Medium,No
9768,CA-2015-169019,OFF-BI-10001679,8.88,Low,No
9769,CA-2015-169019,OFF-AP-10003281,4.836,Low,No
9770,CA-2017-153178,TEC-PH-10001944,437.85,Medium,No
9771,CA-2017-153178,OFF-BI-10004390,673.568,High,Yes
9772,CA-2016-149748,OFF-PA-10002120,274.8,Medium,No
9773,CA-2016-149748,OFF-ST-10004340,62.18,Low,No
9774,CA-2016-149748,FUR-FU-10001847,8.28,Low,No
9775,CA-2016-155635,OFF-BI-10000962,48.81,Low,No
9776,US-2015-114377,FUR-CH-10004754,149.9,Medium,No
9777,CA-2018-144491,FUR-BO-10001811,1023.332,High,Yes
9778,CA-2018-144491,FUR-CH-10004063,600.558,High,Yes
9779,CA-2018-144491,TEC-AC-10004901,39.992,Low,No
9780,CA-2018-144491,FUR-CH-10001714,211.246,Medium,No
9781,CA-2015-127166,OFF-EN-10003134,56.064,Low,No
9782,CA-2015-127166,FUR-CH-10003396,107.772,Medium,No
9783,CA-2015-127166,OFF-PA-10001560,4.832,Low,No
9784,CA-2015-127166,OFF-BI-10000977,18.24,Low,No
9785,CA-2017-125920,OFF-BI-10003429,3.798,Low,No
9786,CA-2016-128608,OFF-AR-10001374,10.368,Low,No
9787,CA-2016-128608,TEC-PH-10004977,235.188,Medium,No
9788,CA-2016-128608,TEC-PH-10000912,26.376,Low,No
9789,CA-2016-128608,TEC-AC-10000487,10.384,Low,No
