Product_ID,Sub_Category_ID,Product_Name,Product ID_x,Product_Total_Sales,Product ID_y,Product_Order_Count
FUR-BO-10001798,1,Bush Somerset Collection Bookcase,FUR-BO-10001798,1263.9569999999999,FUR-BO-10001798,4
FUR-CH-10000454,2,"Hon Deluxe Fabric Upholstered Stacking Chairs, Rounded Back",FUR-CH-10000454,10637.528,FUR-CH-10000454,12
OFF-LA-10000240,3,Self-Adhesive Address Labels for Typewriters by Universal,OFF-LA-10000240,153.51,OFF-LA-10000240,7
FUR-TA-10000577,4,Bretford CR4500 Series Slim Rectangular Table,FUR-TA-10000577,7242.768,FUR-TA-10000577,8
OFF-ST-10000760,5,Eldon Fold 'N Roll Cart System,OFF-ST-10000760,301.96799999999996,OFF-ST-10000760,5
FUR-FU-10001487,6,"Eldon Expressions Wood and Plastic Desk Accessories, Cherry Wood",FUR-FU-10001487,160.54000000000002,FUR-FU-10001487,5
OFF-AR-10002833,7,Newell 322,OFF-AR-10002833,30.576,OFF-AR-10002833,6
TEC-PH-10002275,8,Mitel 5320 IP Phone VoIP phone,TEC-PH-10002275,2116.688,TEC-PH-10002275,4
OFF-BI-10003910,9,DXL Angle-View Binders with Locking Rings by Samsill,OFF-BI-10003910,215.109,OFF-BI-10003910,10
OFF-AP-10002892,10,Belkin F5C206VTEL 6 Outlet Surge,OFF-AP-10002892,464.196,OFF-AP-10002892,7
FUR-TA-10001539,4,Chromcraft Rectangular Conference Tables,FUR-TA-10001539,4952.673,FUR-TA-10001539,9
TEC-PH-10002033,8,Konftel 250 Conference phone - Charcoal black,TEC-PH-10002033,2221.596,TEC-PH-10002033,4
OFF-PA-10002365,11,Xerox 1967,OFF-PA-10002365,89.424,OFF-PA-10002365,5
OFF-BI-10003656,9,Fellowes PB200 Plastic Comb Binding Machine,OFF-BI-10003656,3093.818,OFF-BI-10003656,8
OFF-AP-10002311,10,"Holmes Replacement Filter for HEPA Air Cleaner, Very Large Room, HEPA Filter",OFF-AP-10002311,1383.0810000000001,OFF-AP-10002311,10
OFF-BI-10000756,9,Storex DuraTech Recycled Plastic Frosted Binders,OFF-BI-10000756,94.128,OFF-BI-10000756,8
OFF-ST-10004186,5,"Stur-D-Stor Shelving, Vertical 5-Shelf: 72""H x 36""W x 18 1/2""D",OFF-ST-10004186,2552.54,OFF-ST-10004186,5
OFF-ST-10000107,5,Fellowes Super Stor/Drawer,OFF-ST-10000107,477.3,OFF-ST-10000107,4
OFF-AR-10003056,7,Newell 341,OFF-AR-10003056,96.72800000000001,OFF-AR-10003056,7
TEC-PH-10001949,8,Cisco SPA 501G IP Phone,TEC-PH-10001949,213.48,TEC-PH-10001949,1
OFF-BI-10002215,9,"Wilson Jones Hanging View Binder, White, 1""",OFF-BI-10002215,143.42,OFF-BI-10002215,7
OFF-AR-10000246,7,Newell 318,OFF-AR-10000246,61.716,OFF-AR-10000246,5
OFF-AP-10001492,10,"Acco Six-Outlet Power Strip, 4' Cord Length",OFF-AP-10001492,299.976,OFF-AP-10001492,8
FUR-CH-10002774,2,"Global Deluxe Stacking Chair, Gray",FUR-CH-10002774,764.7,FUR-CH-10002774,7
OFF-BI-10001634,9,Wilson Jones Active Use Binders,OFF-BI-10001634,115.024,OFF-BI-10001634,6
TEC-AC-10003027,12,Imation 8GB Mini TravelDrive USB 2.0 Flash Drive,TEC-AC-10003027,350.20399999999995,TEC-AC-10003027,3
FUR-BO-10004834,1,"Riverside Palais Royal Lawyers Bookcase, Royale Cherry Finish",FUR-BO-10004834,11206.0656,FUR-BO-10004834,4
OFF-BI-10000474,9,Avery Recycled Flexi-View Covers for Binding Systems,OFF-BI-10000474,197.169,OFF-BI-10000474,7
FUR-FU-10004848,6,"Howard Miller 13-3/4"" Diameter Brushed Chrome Round Wall Clock",FUR-FU-10004848,1438.132,FUR-FU-10004848,12
OFF-EN-10001509,13,Poly String Tie Envelopes,OFF-EN-10001509,66.096,OFF-EN-10001509,10
OFF-AR-10004042,7,"BOSTON Model 1800 Electric Pencil Sharpeners, Putty/Woodgrain",OFF-AR-10004042,496.248,OFF-AR-10004042,6
OFF-BI-10001525,9,"Acco Pressboard Covers with Storage Hooks, 14 7/8"" x 11"", Executive Red",OFF-BI-10001525,63.627,OFF-BI-10001525,8
OFF-AR-10001683,7,Lumber Crayons,OFF-AR-10001683,171.39,OFF-AR-10001683,6
OFF-PA-10000249,11,Easy-staple paper,OFF-PA-10000249,196.48,OFF-PA-10000249,6
TEC-PH-10004977,8,GE 30524EE4,TEC-PH-10004977,5291.7300000000005,TEC-PH-10004977,9
FUR-FU-10003664,6,"Electrix Architect's Clamp-On Swing Arm Lamp, Black",FUR-FU-10003664,2863.8,FUR-FU-10003664,4
OFF-EN-10002986,13,"#10-4 1/8"" x 9 1/2"" Premium Diagonal Seam Envelopes",OFF-EN-10002986,176.288,OFF-EN-10002986,2
FUR-BO-10002545,1,"Atlantic Metals Mobile 3-Shelf Bookcases, Custom Colors",FUR-BO-10002545,7539.7122,FUR-BO-10002545,8
FUR-CH-10004218,2,"Global Fabric Manager's Chair, Dark Gray",FUR-CH-10004218,2908.224,FUR-CH-10004218,8
TEC-PH-10000486,8,Plantronics HL10 Handset Lifter,TEC-PH-10000486,2227.008,TEC-PH-10000486,3
TEC-PH-10004093,8,Panasonic Kx-TS550,TEC-PH-10004093,846.216,TEC-PH-10004093,7
OFF-ST-10003479,5,"Eldon Base for stackable storage shelf, platinum",OFF-ST-10003479,872.256,OFF-ST-10003479,7
OFF-ST-10003282,5,"Advantus 10-Drawer Portable Organizer, Chrome Metal Frame, Smoke Drawers",OFF-ST-10003282,1051.7759999999998,OFF-ST-10003282,4
TEC-AC-10000171,12,"Verbatim 25 GB 6x Blu-ray Single Layer Recordable Disc, 25/Pack",TEC-AC-10000171,248.292,TEC-AC-10000171,5
OFF-BI-10003291,9,Wilson Jones Leather-Like Binders with DublLock Round Rings,OFF-BI-10003291,238.329,OFF-BI-10003291,12
OFF-ST-10001713,5,"Gould Plastics 9-Pocket Panel Bin, 18-3/8w x 5-1/4d x 20-1/2h, Black",OFF-ST-10001713,953.82,OFF-ST-10001713,6
TEC-AC-10002167,12,Imation 8gb Micro Traveldrive Usb 2.0 Flash Drive,TEC-AC-10002167,357.0,TEC-AC-10002167,8
TEC-PH-10003988,8,"LF Elite 3D Dazzle Designer Hard Case Cover, Lf Stylus Pen and Wiper For Apple Iphone 5c Mini Lite",TEC-PH-10003988,261.6,TEC-PH-10003988,8
OFF-BI-10004410,9,"C-Line Peel & Stick Add-On Filing Pockets, 8-3/4 x 5-1/8, 10/Pack",OFF-BI-10004410,85.995,OFF-BI-10004410,4
OFF-LA-10002762,3,Avery 485,OFF-LA-10002762,639.03,OFF-LA-10002762,8
FUR-FU-10001706,6,Longer-Life Soft White Bulbs,FUR-FU-10001706,106.568,FUR-FU-10001706,9
FUR-CH-10003061,2,"Global Leather Task Chair, Black",FUR-CH-10003061,1448.839,FUR-CH-10003061,8
OFF-FA-10000304,14,Advantus Push Pins,OFF-FA-10000304,54.936,OFF-FA-10000304,7
TEC-PH-10002447,8,AT&T CL83451 4-Handset Telephone,TEC-PH-10002447,1936.306,TEC-PH-10002447,4
OFF-ST-10000604,5,Home/Office Personal File Carts,OFF-ST-10000604,980.232,OFF-ST-10000604,7
OFF-PA-10001569,11,Xerox 232,OFF-PA-10001569,120.52799999999999,OFF-PA-10001569,4
FUR-CH-10003968,2,Novimex Turbo Task Chair,FUR-CH-10003968,1341.5220000000002,FUR-CH-10003968,6
OFF-PA-10000587,11,"Array Parchment Paper, Assorted Colors",OFF-PA-10000587,62.608,OFF-PA-10000587,3
OFF-BI-10001460,9,Plastic Binding Combs,OFF-BI-10001460,269.67,OFF-BI-10001460,5
OFF-AR-10001868,7,Prang Dustless Chalk Sticks,OFF-AR-10001868,38.976,OFF-AR-10001868,8
TEC-AC-10004633,12,"Verbatim 25 GB 6x Blu-ray Single Layer Recordable Disc, 3/Pack",TEC-AC-10004633,184.536,TEC-AC-10004633,6
OFF-BI-10001078,9,"Acco PRESSTEX Data Binder with Storage Hooks, Dark Blue, 14 7/8"" X 11""",OFF-BI-10001078,175.388,OFF-BI-10001078,7
OFF-PA-10003892,11,Xerox 1943,OFF-PA-10003892,743.432,OFF-PA-10003892,4
FUR-FU-10000397,6,Luxo Economy Swing Arm Lamp,FUR-FU-10000397,338.98,FUR-FU-10000397,5
FUR-CH-10001146,2,"Global Value Mid-Back Manager's Chair, Gray",FUR-CH-10001146,2247.176,FUR-CH-10001146,14
OFF-AR-10002671,7,"Hunt BOSTON Model 1606 High-Volume Electric Pencil Sharpener, Beige",OFF-AR-10002671,1113.024,OFF-AR-10002671,1
TEC-PH-10002726,8,netTALK DUO VoIP Telephone Service,TEC-PH-10002726,1112.788,TEC-PH-10002726,7
OFF-PA-10000482,11,"Snap-A-Way Black Print Carbonless Ruled Speed Letter, Triplicate",OFF-PA-10000482,1016.7919999999999,OFF-PA-10000482,6
OFF-BI-10004654,9,Avery Binding System Hidden Tab Executive Style Index Sets,OFF-BI-10004654,214.573,OFF-BI-10004654,11
OFF-PA-10004675,11,"Telephone Message Books with Fax/Mobile Section, 5 1/2"" x 3 3/16""",OFF-PA-10004675,99.06,OFF-PA-10004675,6
FUR-CH-10000513,2,High-Back Leather Manager's Chair,FUR-CH-10000513,4770.633,FUR-CH-10000513,9
FUR-FU-10003708,6,"Tenex Traditional Chairmats for Medium Pile Carpet, Standard Lip, 36"" x 48""",FUR-FU-10003708,1322.17,FUR-FU-10003708,6
OFF-ST-10004123,5,Safco Industrial Wire Shelving System,OFF-ST-10004123,2511.0480000000002,OFF-ST-10004123,8
OFF-BI-10004182,9,Economy Binders,OFF-BI-10004182,26.624000000000002,OFF-BI-10004182,3
FUR-FU-10000260,6,"6"" Cubicle Wall Clock, Black",FUR-FU-10000260,100.316,FUR-FU-10000260,3
OFF-ST-10000615,5,"SimpliFile Personal File, Black Granite, 15w x 6-15/16d x 11-1/4h",OFF-ST-10000615,347.31,OFF-ST-10000615,8
FUR-FU-10003194,6,"Eldon Expressions Desk Accessory, Wood Pencil Holder, Oak",FUR-FU-10003194,108.08,FUR-FU-10003194,4
OFF-AP-10002118,10,"1.7 Cubic Foot Compact ""Cube"" Office Refrigerators",OFF-AP-10002118,2706.08,OFF-AP-10002118,6
OFF-BI-10002309,9,Avery Heavy-Duty EZD  Binder With Locking Rings,OFF-BI-10002309,92.628,OFF-BI-10002309,5
OFF-AR-10002053,7,"Premium Writing Pencils, Soft, #2 by Central Association for the Blind",OFF-AR-10002053,81.652,OFF-AR-10002053,7
OFF-ST-10002370,5,"Sortfiler Multipurpose Personal File Organizer, Black",OFF-ST-10002370,483.414,OFF-ST-10002370,6
OFF-EN-10000927,13,Jet-Pak Recycled Peel 'N' Seal Padded Mailers,OFF-EN-10000927,552.706,OFF-EN-10000927,4
OFF-ST-10003656,5,Safco Industrial Wire Shelving,OFF-ST-10003656,1363.058,OFF-ST-10003656,5
FUR-CH-10000863,2,Novimex Swivel Fabric Task Chair,FUR-CH-10000863,2385.484,FUR-CH-10000863,7
TEC-AC-10001998,12,Logitech LS21 Speaker System - PC Multimedia - 2.1-CH - Wired,TEC-AC-10001998,207.896,TEC-AC-10001998,6
OFF-LA-10000134,3,Avery 511,OFF-LA-10000134,56.672,OFF-LA-10000134,6
OFF-ST-10003442,5,Eldon Portable Mobile Manager,OFF-ST-10003442,899.304,OFF-ST-10003442,9
OFF-AR-10004930,7,Turquoise Lead Holder with Pocket Clip,OFF-AR-10004930,37.52,OFF-AR-10004930,3
OFF-PA-10000304,11,Xerox 1995,OFF-PA-10000304,95.904,OFF-PA-10000304,5
OFF-PA-10003177,11,Xerox 1999,OFF-PA-10003177,98.49600000000001,OFF-PA-10003177,7
FUR-FU-10003799,6,"Seth Thomas 13 1/2"" Wall Clock",FUR-FU-10003799,316.48400000000004,FUR-FU-10003799,5
OFF-BI-10002852,9,Ibico Standard Transparent Covers,OFF-BI-10002852,275.216,OFF-BI-10002852,9
OFF-BI-10004738,9,Flexible Leather- Look Classic Collection Ring Binder,OFF-BI-10004738,142.05,OFF-BI-10004738,6
FUR-FU-10000629,6,9-3/4 Diameter Round Wall Clock,FUR-FU-10000629,455.07,FUR-FU-10000629,8
OFF-BI-10001721,9,Trimflex Flexible Post Binders,OFF-BI-10001721,346.356,OFF-BI-10001721,4
OFF-AP-10000358,10,Fellowes Basic Home/Office Series Surge Protectors,OFF-AP-10000358,436.12800000000004,OFF-AP-10000358,9
OFF-PA-10003256,11,Avery Personal Creations Heavyweight Cards,OFF-PA-10003256,103.86,OFF-PA-10003256,3
TEC-AC-10001767,12,SanDisk Ultra 64 GB MicroSDHC Class 10 Memory Card,TEC-AC-10001767,927.768,TEC-AC-10001767,6
OFF-BI-10002609,9,Avery Hidden Tab Dividers for Binding Systems,OFF-BI-10002609,31.588,OFF-BI-10002609,7
OFF-PA-10004040,11,Universal Premium White Copier/Laser Paper (20Lb. and 87 Bright),OFF-PA-10004040,129.168,OFF-PA-10004040,5
TEC-AC-10001552,12,Logitech K350 2.4Ghz Wireless Keyboard,TEC-AC-10001552,1154.664,TEC-AC-10001552,5
FUR-FU-10004006,6,"Deflect-o DuraMat Lighweight, Studded, Beveled Mat for Low Pile Carpeting",FUR-FU-10004006,673.87,FUR-FU-10004006,6
OFF-BI-10002794,9,"Avery Trapezoid Ring Binder, 3"" Capacity, Black, 1040 sheets",OFF-BI-10002794,545.034,OFF-BI-10002794,7
TEC-AC-10003499,12,Memorex Mini Travel Drive 8 GB USB 2.0 Flash Drive,TEC-AC-10003499,194.54399999999998,TEC-AC-10003499,5
TEC-PH-10002844,8,Speck Products Candyshell Flip Case,TEC-PH-10002844,188.946,TEC-PH-10002844,4
OFF-AR-10000390,7,Newell Chalk Holder,OFF-AR-10000390,83.426,OFF-AR-10000390,7
TEC-AC-10000844,12,Logitech Gaming G510s - Keyboard,TEC-AC-10000844,2362.7219999999998,TEC-AC-10000844,8
FUR-FU-10001934,6,Magnifier Swing Arm Lamp,FUR-FU-10001934,251.76000000000002,FUR-FU-10001934,5
OFF-AR-10000380,7,"Hunt PowerHouse Electric Pencil Sharpener, Blue",OFF-AR-10000380,1617.9479999999999,OFF-AR-10000380,10
OFF-BI-10003981,9,"Avery Durable Plastic 1"" Binders",OFF-BI-10003981,116.224,OFF-BI-10003981,7
OFF-FA-10000621,14,"OIC Colored Binder Clips, Assorted Sizes",OFF-FA-10000621,139.62,OFF-FA-10000621,7
OFF-EN-10002600,13,"Redi-Strip #10 Envelopes, 4 1/8 x 9 1/2",OFF-EN-10002600,93.22,OFF-EN-10002600,7
OFF-PA-10004965,11,Xerox 1921,OFF-PA-10004965,55.944,OFF-PA-10004965,3
OFF-EN-10002504,13,"Tyvek  Top-Opening Peel & Seel Envelopes, Plain White",OFF-EN-10002504,570.78,OFF-EN-10002504,7
FUR-TA-10001768,4,Hon Racetrack Conference Tables,FUR-TA-10001768,3963.901,FUR-TA-10001768,6
OFF-BI-10003650,9,GBC DocuBind 300 Electric Binding Machine,OFF-BI-10003650,6785.142,OFF-BI-10003650,8
FUR-FU-10002157,6,Artistic Insta-Plaque,FUR-FU-10002157,156.8,FUR-FU-10002157,3
OFF-ST-10000777,5,"Companion Letter/Legal File, Black",OFF-ST-10000777,611.712,OFF-ST-10000777,5
OFF-EN-10002500,13,Globe Weis Peel & Seel First Class Envelopes,OFF-EN-10002500,375.73199999999997,OFF-EN-10002500,7
TEC-PH-10003875,8,KLD Oscar II Style Snap-on Ultra Thin Side Flip Synthetic Leather Cover Case for HTC One HTC M7,TEC-PH-10003875,126.36000000000001,TEC-PH-10003875,3
FUR-CH-10004063,2,Global Deluxe High-Back Manager's Chair,FUR-CH-10004063,8665.194,FUR-CH-10004063,8
FUR-TA-10004534,4,Bevis 44 x 96 Conference Tables,FUR-TA-10004534,3253.2200000000003,FUR-TA-10004534,5
OFF-BI-10003274,9,"Avery Durable Slant Ring Binders, No Labels",OFF-BI-10003274,89.55,OFF-BI-10003274,9
OFF-ST-10002974,5,"Trav-L-File Heavy-Duty Shuttle II, Black",OFF-ST-10002974,1193.818,OFF-ST-10002974,7
FUR-CH-10001146,2,"Global Task Chair, Black",FUR-CH-10001146,2247.176,FUR-CH-10001146,14
FUR-FU-10003773,6,Eldon Cleatmat Plus Chair Mats for High Pile Carpets,FUR-FU-10003773,1304.1280000000002,FUR-FU-10003773,5
TEC-PH-10002293,8,Anker 36W 4-Port USB Wall Charger Travel Power Adapter for iPhone 5s 5c 5,TEC-PH-10002293,339.83,TEC-PH-10002293,6
OFF-PA-10002377,11,Xerox 1916,OFF-PA-10002377,1004.652,OFF-PA-10002377,14
OFF-FA-10002780,14,Staples,OFF-FA-10002780,92.976,OFF-FA-10002780,5
OFF-PA-10001804,11,Xerox 195,OFF-PA-10001804,164.328,OFF-PA-10001804,8
OFF-PA-10001736,11,Xerox 1880,OFF-PA-10001736,623.744,OFF-PA-10001736,5
OFF-AR-10001149,7,"Sanford Colorific Colored Pencils, 12/Box",OFF-AR-10001149,80.952,OFF-AR-10001149,7
OFF-FA-10002988,14,Ideal Clamps,OFF-FA-10002988,58.69199999999999,OFF-FA-10002988,8
OFF-BI-10004781,9,GBC Wire Binding Strips,OFF-BI-10004781,212.65800000000002,OFF-BI-10004781,5
OFF-SU-10001218,15,Fiskars Softgrip Scissors,OFF-SU-10001218,307.44,OFF-SU-10001218,7
OFF-AR-10000940,7,Newell 343,OFF-AR-10000940,65.268,OFF-AR-10000940,7
OFF-EN-10004030,13,Convenience Packs of Business Envelopes,OFF-EN-10004030,58.644,OFF-EN-10004030,6
OFF-PA-10004327,11,Xerox 1911,OFF-PA-10004327,603.54,OFF-PA-10004327,5
OFF-AP-10001058,10,Sanyo 2.5 Cubic Foot Mid-Size Office Refrigerators,OFF-AP-10001058,4476.96,OFF-AP-10001058,4
FUR-FU-10000521,6,"Seth Thomas 14"" Putty-Colored Wall Clock",FUR-FU-10000521,357.948,FUR-FU-10000521,4
TEC-PH-10000215,8,Plantronics Cordless Phone Headset with In-line Volume - M214C,TEC-PH-10000215,908.7,TEC-PH-10000215,6
TEC-PH-10001448,8,Anker Astro 15000mAh USB Portable Charger,TEC-PH-10001448,599.88,TEC-PH-10001448,5
OFF-BI-10002735,9,GBC Prestige Therm-A-Bind Covers,OFF-BI-10002735,970.973,OFF-BI-10002735,9
OFF-AP-10000326,10,Belkin 7 Outlet SurgeMaster Surge Protector with Phone Protection,OFF-AP-10000326,157.92,OFF-AP-10000326,1
TEC-PH-10001254,8,Jabra BIZ 2300 Duo QD Duo Corded Headset,TEC-PH-10001254,1727.0639999999999,TEC-PH-10001254,4
OFF-PA-10001950,11,Southworth 25% Cotton Antique Laid Paper & Envelopes,OFF-PA-10001950,193.488,OFF-PA-10001950,4
OFF-PA-10002254,11,Xerox 1883,OFF-PA-10002254,881.092,OFF-PA-10002254,7
OFF-ST-10001590,5,"Tenex Personal Project File with Scoop Front Design, Black",OFF-ST-10001590,436.752,OFF-ST-10001590,8
OFF-AR-10001547,7,Newell 311,OFF-AR-10001547,61.438,OFF-AR-10001547,8
OFF-LA-10002475,3,Avery 519,OFF-LA-10002475,121.34599999999999,OFF-LA-10002475,6
TEC-PH-10004536,8,Avaya 5420 Digital phone,TEC-PH-10004536,1538.886,TEC-PH-10004536,3
OFF-PA-10002751,11,Xerox 1920,OFF-PA-10002751,89.7,OFF-PA-10002751,4
TEC-AC-10003657,12,Lenovo 17-Key USB Numeric Keypad,TEC-AC-10003657,367.092,TEC-AC-10003657,5
OFF-EN-10001990,13,Staple envelope,OFF-EN-10001990,130.64,OFF-EN-10001990,6
OFF-BI-10004002,9,Wilson Jones International Size A4 Ring Binders,OFF-BI-10004002,174.73000000000002,OFF-BI-10004002,7
OFF-AR-10004441,7,BIC Brite Liner Highlighters,OFF-AR-10004441,86.112,OFF-AR-10004441,7
TEC-MA-10000822,16,Lexmark MX611dhe Monochrome Laser Printer,TEC-MA-10000822,16829.901,TEC-MA-10000822,4
OFF-ST-10000991,5,Space Solutions HD Industrial Steel Shelving.,OFF-ST-10000991,3035.208,OFF-ST-10000991,8
FUR-CH-10004287,2,SAFCO Arco Folding Chair,FUR-CH-10004287,11572.78,FUR-CH-10004287,13
OFF-AR-10002656,7,Sanford Liquid Accent Highlighters,OFF-AR-10002656,149.632,OFF-AR-10002656,5
OFF-AP-10002518,10,Kensington 7 Outlet MasterPiece Power Center,OFF-AP-10002518,2883.276,OFF-AP-10002518,5
TEC-PH-10003931,8,JBL Micro Wireless Portable Bluetooth Speaker,TEC-PH-10003931,779.87,TEC-PH-10003931,6
OFF-PA-10000659,11,"Adams Phone Message Book, Professional, 400 Message Capacity, 5 3/6” x 11”",OFF-PA-10000659,501.392,OFF-PA-10000659,7
OFF-PA-10001144,11,Xerox 1913,OFF-PA-10001144,865.4879999999999,OFF-PA-10001144,5
FUR-CH-10003817,2,"Global Value Steno Chair, Gray",FUR-CH-10003817,2204.862,FUR-CH-10003817,10
OFF-AP-10000891,10,Kensington 7 Outlet MasterPiece HOMEOFFICE Power Control Center,OFF-AP-10000891,2491.28,OFF-AP-10000891,5
OFF-LA-10003148,3,Avery 51,OFF-LA-10003148,95.75999999999999,OFF-LA-10003148,5
OFF-AP-10002684,10,"Acco 7-Outlet Masterpiece Power Center, Wihtout Fax/Phone Line Protection",OFF-AP-10002684,2796.3399999999997,OFF-AP-10002684,6
FUR-CH-10004698,2,"Padded Folding Chairs, Black, 4/Carton",FUR-CH-10004698,1830.148,FUR-CH-10004698,8
OFF-SU-10002189,15,Acme Rosewood Handle Letter Opener,OFF-SU-10002189,43.67,OFF-SU-10002189,3
OFF-AR-10001940,7,"Sanford Colorific Eraseable Coloring Pencils, 12 Count",OFF-AR-10001940,45.919999999999995,OFF-AR-10001940,4
OFF-ST-10003455,5,"Tenex File Box, Personal Filing Tote with Lid, Black",OFF-ST-10003455,338.118,OFF-ST-10003455,7
TEC-AC-10004659,12,Imation Secure+ Hardware Encrypted USB 2.0 Flash Drive; 16GB,TEC-AC-10004659,1926.9360000000001,TEC-AC-10004659,5
TEC-PH-10003273,8,AT&T TR1909W,TEC-PH-10003273,1738.662,TEC-PH-10003273,4
TEC-PH-10004896,8,Nokia Lumia 521 (T-Mobile),TEC-PH-10004896,515.828,TEC-PH-10004896,5
TEC-AC-10002345,12,HP Standard 104 key PS/2 Keyboard,TEC-AC-10002345,275.5,TEC-AC-10002345,6
OFF-BI-10001890,9,Avery Poly Binder Pockets,OFF-BI-10001890,78.044,OFF-BI-10001890,8
TEC-AC-10002323,12,SanDisk Ultra 32 GB MicroSDHC Class 10 Memory Card,TEC-AC-10002323,884.0,TEC-AC-10002323,11
OFF-ST-10001328,5,"Personal Filing Tote with Lid, Black/Gray",OFF-ST-10001328,459.096,OFF-ST-10001328,8
FUR-BO-10002613,1,"Atlantic Metals Mobile 4-Shelf Bookcases, Custom Colors",FUR-BO-10002613,5184.081,FUR-BO-10002613,6
TEC-PH-10001552,8,I Need's 3d Hello Kitty Hybrid Silicone Case Cover for HTC One X 4g with 3d Hello Kitty Stylus Pen Green/pink,TEC-PH-10001552,542.984,TEC-PH-10001552,10
OFF-PA-10000061,11,Xerox 205,OFF-PA-10000061,150.336,OFF-PA-10000061,4
OFF-AR-10003514,7,4009 Highlighters by Sanford,OFF-AR-10003514,171.14,OFF-AR-10003514,8
OFF-AR-10004685,7,"Binney & Smith Crayola Metallic Colored Pencils, 8-Color Set",OFF-AR-10004685,88.896,OFF-AR-10004685,7
OFF-AR-10004027,7,"Binney & Smith inkTank Erasable Desk Highlighter, Chisel Tip, Yellow, 12/Box",OFF-AR-10004027,17.64,OFF-AR-10004027,3
OFF-ST-10001414,5,Decoflex Hanging Personal Folder File,OFF-ST-10001414,46.26,OFF-ST-10001414,1
OFF-BI-10000343,9,"Pressboard Covers with Storage Hooks, 9 1/2"" x 11"", Light Blue",OFF-BI-10000343,102.619,OFF-BI-10000343,12
OFF-PA-10002749,11,"Wirebound Message Books, 5-1/2 x 4 Forms, 2 or 4 Forms per Page",OFF-PA-10002749,72.25200000000001,OFF-PA-10002749,3
OFF-PA-10002666,11,Southworth 25% Cotton Linen-Finish Paper & Envelopes,OFF-PA-10002666,166.704,OFF-PA-10002666,4
FUR-TA-10004289,4,BoxOffice By Design Rectangular and Half-Moon Meeting Room Tables,FUR-TA-10004289,1706.25,FUR-TA-10004289,3
OFF-AP-10003622,10,"Bravo II Megaboss 12-Amp Hard Body Upright, Replacement Belts, 2 Belts per Pack",OFF-AP-10003622,65.0,OFF-AP-10003622,4
OFF-AP-10003217,10,Eureka Sanitaire  Commercial Upright,OFF-AP-10003217,1524.5320000000002,OFF-AP-10003217,3
FUR-FU-10002960,6,"Eldon 200 Class Desk Accessories, Burgundy",FUR-FU-10002960,135.648,FUR-FU-10002960,5
TEC-PH-10001918,8,Nortel Business Series Terminal T7208 Digital phone,TEC-PH-10001918,1000.728,TEC-PH-10001918,3
OFF-ST-10000642,5,"Tennsco Lockers, Gray",OFF-ST-10000642,402.816,OFF-ST-10000642,6
TEC-PH-10001700,8,Panasonic KX-TG6844B Expandable Digital Cordless Telephone,TEC-PH-10001700,1135.028,TEC-PH-10001700,7
OFF-FA-10000134,14,"Advantus Push Pins, Aluminum Head",OFF-FA-10000134,139.44,OFF-FA-10000134,5
OFF-ST-10001522,5,"Gould Plastics 18-Pocket Panel Bin, 34w x 5-1/4d x 20-1/2h",OFF-ST-10001522,2299.75,OFF-ST-10001522,10
TEC-AC-10001266,12,Memorex Micro Travel Drive 8 GB,TEC-AC-10001266,299.0,TEC-AC-10001266,8
OFF-LA-10004544,3,Avery 505,OFF-LA-10004544,372.96000000000004,OFF-LA-10004544,7
FUR-BO-10004695,1,O'Sullivan 2-Door Barrister Bookcase in Odessa Pine,FUR-BO-10004695,4886.46,FUR-BO-10004695,7
TEC-MA-10000864,16,Cisco 9971 IP Video Phone Charcoal,TEC-MA-10000864,4268.0,TEC-MA-10000864,2
TEC-AC-10000109,12,Sony Micro Vault Click 16 GB USB 2.0 Flash Drive,TEC-AC-10000109,1489.334,TEC-AC-10000109,9
TEC-PH-10002563,8,Adtran 1202752G1,TEC-PH-10002563,1990.6419999999998,TEC-PH-10002563,5
OFF-FA-10000585,14,OIC Bulk Pack Metal Binder Clips,OFF-FA-10000585,92.136,OFF-FA-10000585,8
OFF-PA-10004000,11,"While You Were Out Pads, 50 per Pad, 4 x 5 1/4, Green Cycle",OFF-PA-10004000,50.138000000000005,OFF-PA-10004000,4
FUR-FU-10000087,6,"Executive Impressions 14"" Two-Color Numerals Wall Clock",FUR-FU-10000087,308.99199999999996,FUR-FU-10000087,6
TEC-MA-10001148,16,Swingline SM12-08 MicroCut Jam Free Shredder,TEC-MA-10001148,5204.241,TEC-MA-10001148,5
OFF-AR-10001958,7,Stanley Bostitch Contemporary Electric Pencil Sharpeners,OFF-AR-10001958,275.076,OFF-AR-10001958,7
OFF-AR-10001026,7,"Sanford Uni-Blazer View Highlighters, Chisel Tip, Yellow",OFF-AR-10001026,30.799999999999997,OFF-AR-10001026,3
FUR-TA-10003748,4,Bevis 36 x 72 Conference Tables,FUR-TA-10003748,4332.252,FUR-TA-10003748,8
OFF-ST-10002485,5,Rogers Deluxe File Chest,OFF-ST-10002485,443.99600000000004,OFF-ST-10002485,8
FUR-CH-10004860,2,Global Low Back Tilter Chair,FUR-CH-10004860,1746.9540000000002,FUR-CH-10004860,8
FUR-CH-10004477,2,"Global Push Button Manager's Chair, Indigo",FUR-CH-10004477,2185.951,FUR-CH-10004477,9
OFF-BI-10001679,9,GBC Instant Index System for Binding Systems,OFF-BI-10001679,71.928,OFF-BI-10001679,5
FUR-TA-10001705,4,Bush Advantage Collection Round Conference Table,FUR-TA-10001705,3401.6000000000004,FUR-TA-10001705,4
FUR-TA-10003473,4,Bretford Rectangular Conference Table Tops,FUR-TA-10003473,12995.2915,FUR-TA-10003473,12
FUR-FU-10004017,6,"Tenex Contemporary Contur Chairmats for Low and Medium Pile Carpet, Computer, 39"" x 49""",FUR-FU-10004017,1264.5819999999999,FUR-FU-10004017,7
TEC-AC-10003832,12,Logitech P710e Mobile Speakerphone,TEC-AC-10003832,11203.756,TEC-AC-10003832,18
OFF-PA-10002479,11,Xerox 4200 Series MultiUse Premium Copy Paper (20Lb. and 84 Bright),OFF-PA-10002479,139.392,OFF-PA-10002479,8
OFF-PA-10003349,11,Xerox 1957,OFF-PA-10003349,95.904,OFF-PA-10003349,6
FUR-FU-10000576,6,Luxo Professional Fluorescent Magnifier Lamp with Clamp-Mount Base,FUR-FU-10000576,3861.056,FUR-FU-10000576,5
FUR-FU-10004351,6,Staple-based wall hangings,FUR-FU-10004351,202.592,FUR-FU-10004351,6
TEC-PH-10000011,8,PureGear Roll-On Screen Protector,TEC-PH-10000011,571.7139999999999,TEC-PH-10000011,5
FUR-TA-10002607,4,KI Conference Tables,FUR-TA-10002607,2140.878,FUR-TA-10002607,8
FUR-FU-10002505,6,Eldon 100 Class Desk Accessories,FUR-FU-10002505,36.396,FUR-FU-10002505,4
OFF-ST-10002276,5,Safco Steel Mobile File Cart,OFF-ST-10002276,683.552,OFF-ST-10002276,5
OFF-PA-10004082,11,"Adams Telephone Message Book w/Frequently-Called Numbers Space, 400 Messages per Book",OFF-PA-10004082,223.44,OFF-PA-10004082,7
OFF-AP-10002945,10,Honeywell Enviracaire Portable HEPA Air Cleaner for 17' x 22' Room,OFF-AP-10002945,8899.24,OFF-AP-10002945,7
FUR-CH-10002965,2,"Global Leather Highback Executive Chair with Pneumatic Height Adjustment, Black",FUR-CH-10002965,5989.204,FUR-CH-10002965,10
OFF-PA-10004569,11,"Wirebound Message Books, Two 4 1/4"" x 5"" Forms per Page",OFF-PA-10004569,109.584,OFF-PA-10004569,6
OFF-ST-10001228,5,"Fellowes Personal Hanging Folder Files, Navy",OFF-ST-10001228,462.328,OFF-ST-10001228,9
OFF-EN-10003296,13,Tyvek Side-Opening Peel & Seel Expanding Envelopes,OFF-EN-10003296,1266.72,OFF-EN-10003296,5
OFF-ST-10004804,5,"Belkin 19"" Vented Equipment Shelf, Black",OFF-ST-10004804,1400.256,OFF-ST-10004804,10
TEC-PH-10001580,8,Logitech Mobile Speakerphone P710e - speaker phone,TEC-PH-10001580,1916.716,TEC-PH-10001580,5
TEC-AC-10000290,12,Sabrent 4-Port USB 2.0 Hub,TEC-AC-10000290,96.418,TEC-AC-10000290,4
OFF-ST-10002790,5,Safco Industrial Shelving,OFF-ST-10002790,827.12,OFF-ST-10002790,5
OFF-BI-10003460,9,Acco 3-Hole Punch,OFF-BI-10003460,137.53199999999998,OFF-BI-10003460,9
OFF-AP-10002203,10,Eureka Disposable Bags for Sanitaire Vibra Groomer I Upright Vac,OFF-AP-10002203,1.624,OFF-AP-10002203,1
TEC-MA-10003353,16,Xerox WorkCentre 6505DN Laser Multifunction Printer,TEC-MA-10003353,2519.958,TEC-MA-10003353,1
TEC-PH-10001433,8,Cisco Small Business SPA 502G VoIP phone,TEC-PH-10001433,882.102,TEC-PH-10001433,4
TEC-AC-10004469,12,Microsoft Sculpt Comfort Mouse,TEC-AC-10004469,1414.23,TEC-AC-10004469,9
OFF-AR-10003602,7,"Quartet Omega Colored Chalk, 12/Pack",OFF-AR-10003602,80.592,OFF-AR-10003602,7
OFF-FA-10003472,14,Bagged Rubber Bands,OFF-FA-10003472,23.183999999999997,OFF-FA-10003472,4
OFF-ST-10004180,5,Safco Commercial Shelving,OFF-ST-10004180,483.704,OFF-ST-10004180,5
OFF-EN-10004386,13,"Recycled Interoffice Envelopes with String and Button Closure, 10 x 13",OFF-EN-10004386,235.102,OFF-EN-10004386,4
OFF-ST-10003208,5,Adjustable Depth Letter/Legal Cart,OFF-ST-10003208,7439.860000000001,OFF-ST-10003208,10
TEC-AC-10003628,12,Logitech 910-002974 M325 Wireless Mouse for Web Scrolling,TEC-AC-10003628,1409.53,TEC-AC-10003628,15
FUR-FU-10003274,6,Regeneration Desk Collection,FUR-FU-10003274,35.904,FUR-FU-10003274,5
OFF-BI-10002557,9,Presstex Flexible Ring Binders,OFF-BI-10002557,92.82,OFF-BI-10002557,8
OFF-PA-10002615,11,"Ampad Gold Fibre Wirebound Steno Books, 6"" x 9"", Gregg Ruled",OFF-PA-10002615,106.72200000000001,OFF-PA-10002615,8
OFF-AR-10001427,7,Newell 330,OFF-AR-10001427,59.800000000000004,OFF-AR-10001427,4
OFF-PA-10000673,11,"Post-it “Important Message” Note Pad, Neon Colors, 50 Sheets/Pad",OFF-PA-10000673,62.608000000000004,OFF-PA-10000673,2
OFF-PA-10004470,11,"Adams Write n' Stick Phone Message Book, 11"" X 5 1/4"", 200 Messages",OFF-PA-10004470,40.896,OFF-PA-10004470,3
OFF-ST-10000876,5,Eldon Simplefile Box Office,OFF-ST-10000876,345.832,OFF-ST-10000876,8
OFF-LA-10002043,3,Avery 489,OFF-LA-10002043,159.39,OFF-LA-10002043,5
OFF-BI-10004967,9,Round Ring Binders,OFF-BI-10004967,29.952,OFF-BI-10004967,6
TEC-PH-10001760,8,Bose SoundLink Bluetooth Speaker,TEC-PH-10001760,2865.6,TEC-PH-10001760,5
FUR-TA-10002903,4,"Bevis Round Bullnose 29"" High Table Top",FUR-TA-10002903,4544.925,FUR-TA-10002903,5
OFF-PA-10000474,11,Easy-staple paper,OFF-PA-10000474,1020.6719999999999,OFF-PA-10000474,11
TEC-AC-10001956,12,Microsoft Arc Touch Mouse,TEC-AC-10001956,359.70000000000005,TEC-AC-10001956,2
OFF-PA-10004100,11,Xerox 216,OFF-PA-10004100,238.464,OFF-PA-10004100,8
OFF-BI-10000778,9,GBC VeloBinder Electric Binding Machine,OFF-BI-10000778,496.018,OFF-BI-10000778,4
OFF-SU-10000646,15,Premier Automatic Letter Opener,OFF-SU-10000646,2836.366,OFF-SU-10000646,5
OFF-FA-10002983,14,Advantus SlideClip Paper Clips,OFF-FA-10002983,46.376000000000005,OFF-FA-10002983,3
OFF-LA-10004689,3,Avery 512,OFF-LA-10004689,84.388,OFF-LA-10004689,5
TEC-AC-10002001,12,Logitech Wireless Gaming Headset G930,TEC-AC-10002001,1983.8760000000002,TEC-AC-10002001,5
FUR-BO-10004709,1,"Bush Westfield Collection Bookcases, Medium Cherry Finish",FUR-BO-10004709,1426.8878,FUR-BO-10004709,9
FUR-FU-10004091,6,"Howard Miller 13"" Diameter Goldtone Round Wall Clock",FUR-FU-10004091,1117.4279999999999,FUR-FU-10004091,8
FUR-CH-10001891,2,Global Deluxe Office Fabric Chairs,FUR-CH-10001891,1420.504,FUR-CH-10001891,6
FUR-FU-10002918,6,Eldon ClusterMat Chair Mat with Cordless Antistatic Protection,FUR-FU-10002918,1200.936,FUR-FU-10002918,5
OFF-BI-10004593,9,Ibico Laser Imprintable Binding System Covers,OFF-BI-10004593,1100.4,OFF-BI-10004593,8
OFF-FA-10004854,14,"Vinyl Coated Wire Paper Clips in Organizer Box, 800/Box",OFF-FA-10004854,296.184,OFF-FA-10004854,8
OFF-PA-10002105,11,Xerox 223,OFF-PA-10002105,58.32,OFF-PA-10002105,3
OFF-ST-10002756,5,"Tennsco Stur-D-Stor Boltless Shelving, 5 Shelves, 24"" Deep, Sand",OFF-ST-10002756,4384.044,OFF-ST-10002756,7
OFF-PA-10004243,11,Xerox 1939,OFF-PA-10004243,417.34,OFF-PA-10004243,5
FUR-FU-10001861,6,"Floodlight Indoor Halogen Bulbs, 1 Bulb per Pack, 60 Watts",FUR-FU-10001861,434.56,FUR-FU-10001861,6
OFF-BI-10002706,9,Avery Premier Heavy-Duty Binder with Round Locking Rings,OFF-BI-10002706,191.352,OFF-BI-10002706,7
FUR-TA-10002533,4,BPI Conference Tables,FUR-TA-10002533,2241.8675,FUR-TA-10002533,5
FUR-FU-10002671,6,Electrix 20W Halogen Replacement Bulb for Zoom-In Desk Lamp,FUR-FU-10002671,155.44,FUR-FU-10002671,4
OFF-AR-10003651,7,Newell 350,OFF-AR-10003651,62.32,OFF-AR-10003651,6
OFF-BI-10001072,9,"GBC Clear Cover, 8-1/2 x 11, unpunched, 25 covers per pack",OFF-BI-10001072,136.44,OFF-BI-10001072,4
OFF-AR-10002135,7,Boston Heavy-Duty Trimline Electric Pencil Sharpeners,OFF-AR-10002135,1166.44,OFF-AR-10002135,5
OFF-AR-10002804,7,Faber Castell Col-Erase Pencils,OFF-AR-10002804,37.164,OFF-AR-10002804,5
FUR-FU-10001918,6,C-Line Cubicle Keepers Polyproplyene Holder With Velcro Backings,FUR-FU-10001918,137.17,FUR-FU-10001918,8
FUR-CH-10004086,2,Hon 4070 Series Pagoda Armless Upholstered Stacking Chairs,FUR-CH-10004086,8430.997,FUR-CH-10004086,8
FUR-FU-10001756,6,"Eldon Expressions Desk Accessory, Wood Photo Frame, Mahogany",FUR-FU-10001756,167.552,FUR-FU-10001756,5
OFF-LA-10000634,3,Avery 509,OFF-LA-10000634,32.364000000000004,OFF-LA-10000634,4
FUR-FU-10001588,6,"Deflect-o SuperTray Unbreakable Stackable Tray, Letter, Black",FUR-FU-10001588,437.70000000000005,FUR-FU-10001588,4
TEC-PH-10002398,8,AT&T 1070 Corded Phone,TEC-PH-10002398,1070.304,TEC-PH-10002398,3
OFF-PA-10001937,11,Xerox 21,OFF-PA-10001937,124.416,OFF-PA-10001937,7
OFF-AR-10003373,7,"Boston School Pro Electric Pencil Sharpener, 1670",OFF-AR-10003373,873.636,OFF-AR-10003373,7
FUR-CH-10002602,2,DMI Arturo Collection Mission-style Design Wood Chair,FUR-CH-10002602,4619.987999999999,FUR-CH-10002602,11
TEC-MA-10002927,16,Canon imageCLASS MF7460 Monochrome Digital Laser Multifunction Copier,TEC-MA-10002927,3991.98,TEC-MA-10002927,1
TEC-AC-10000892,12,NETGEAR N750 Dual Band Wi-Fi Gigabit Router,TEC-AC-10000892,1890.0,TEC-AC-10000892,7
OFF-FA-10000624,14,OIC Binder Clips,OFF-FA-10000624,128.164,OFF-FA-10000624,7
TEC-AC-10001908,12,Logitech Wireless Headset h800,TEC-AC-10001908,2799.72,TEC-AC-10001908,6
FUR-FU-10001967,6,Telescoping Adjustable Floor Lamp,FUR-FU-10001967,143.928,FUR-FU-10001967,6
TEC-PH-10003645,8,Aastra 57i VoIP phone,TEC-PH-10003645,3426.132,TEC-PH-10003645,6
OFF-ST-10000675,5,"File Shuttle II and Handi-File, Black",OFF-ST-10000675,1125.148,OFF-ST-10000675,7
FUR-CH-10003312,2,Hon 2090 “Pillow Soft” Series Mid Back Swivel/Tilt Chairs,FUR-CH-10003312,5282.424,FUR-CH-10003312,6
OFF-LA-10001074,3,Round Specialty Laser Printer Labels,OFF-LA-10001074,421.008,OFF-LA-10001074,6
OFF-BI-10001524,9,GBC Premium Transparent Covers with Diagonal Lined Pattern,OFF-BI-10001524,780.456,OFF-BI-10001524,14
TEC-PH-10004614,8,AT&T 841000 Phone,TEC-PH-10004614,1614.6,TEC-PH-10004614,7
OFF-BI-10001153,9,Ibico Recycled Grain-Textured Covers,OFF-BI-10001153,86.35,OFF-BI-10001153,3
OFF-BI-10001982,9,Wilson Jones Custom Binder Spines & Labels,OFF-BI-10001982,41.344,OFF-BI-10001982,7
OFF-BI-10001922,9,Storex Dura Pro Binders,OFF-BI-10001922,153.252,OFF-BI-10001922,5
TEC-CO-10001449,17,Hewlett Packard LaserJet 3310 Copier,TEC-CO-10001449,18839.686,TEC-CO-10001449,8
OFF-BI-10004140,9,Avery Non-Stick Binders,OFF-BI-10004140,75.432,OFF-BI-10004140,13
OFF-BI-10003314,9,Tuff Stuff Recycled Round Ring Binders,OFF-BI-10003314,80.494,OFF-BI-10003314,9
FUR-TA-10004575,4,Hon 5100 Series Wood Tables,FUR-TA-10004575,5965.09,FUR-TA-10004575,7
OFF-FA-10000490,14,"OIC Binder Clips, Mini, 1/4"" Capacity, Black",OFF-FA-10000490,15.623999999999999,OFF-FA-10000490,5
OFF-AR-10000122,7,Newell 314,OFF-AR-10000122,118.296,OFF-AR-10000122,7
TEC-PH-10000702,8,"Square Credit Card Reader, 4 1/2"" x 4 1/2"" x 1"", White",TEC-PH-10000702,197.802,TEC-PH-10000702,5
OFF-AR-10001374,7,"BIC Brite Liner Highlighters, Chisel Tip",OFF-AR-10001374,123.12,OFF-AR-10001374,6
OFF-PA-10001970,11,Xerox 1881,OFF-PA-10001970,2155.0679999999998,OFF-PA-10001970,17
OFF-BI-10002160,9,Acco Hanging Data Binders,OFF-BI-10002160,41.910000000000004,OFF-BI-10002160,7
OFF-BI-10004995,9,GBC DocuBind P400 Electric Binding System,OFF-BI-10004995,17965.068,OFF-BI-10004995,6
FUR-BO-10002268,1,Sauder Barrister Bookcases,FUR-BO-10002268,754.7336,FUR-BO-10002268,3
OFF-EN-10001137,13,"#10 Gummed Flap White Envelopes, 100/Box",OFF-EN-10001137,41.3,OFF-EN-10001137,4
OFF-AR-10002399,7,"Dixon Prang Watercolor Pencils, 10-Color Set with Brush",OFF-AR-10002399,110.76,OFF-AR-10002399,7
OFF-PA-10002713,11,"Adams Phone Message Book, 200 Message Capacity, 8 1/16” x 11”",OFF-PA-10002713,227.04,OFF-PA-10002713,8
OFF-AP-10001124,10,Belkin 8 Outlet SurgeMaster II Gold Surge Protector with Phone Protection,OFF-AP-10001124,647.84,OFF-AP-10001124,1
OFF-LA-10001158,3,"Avery Address/Shipping Labels for Typewriters, 4"" x 2""",OFF-LA-10001158,277.38,OFF-LA-10001158,7
FUR-CH-10000785,2,Global Ergonomic Managers Chair,FUR-CH-10000785,6008.536,FUR-CH-10000785,11
OFF-AR-10003732,7,Newell 333,OFF-AR-10003732,86.73599999999999,OFF-AR-10003732,11
FUR-FU-10000023,6,Eldon Wave Desk Accessories,FUR-FU-10000023,236.77800000000002,FUR-FU-10000023,9
OFF-BI-10002412,9,Wilson Jones “Snap” Scratch Pad Binder Tool for Ring Binders,OFF-BI-10002412,100.92,OFF-BI-10002412,5
OFF-SU-10001225,15,Staple remover,OFF-SU-10001225,80.224,OFF-SU-10001225,8
OFF-ST-10002406,5,Pizazz Global Quick File,OFF-ST-10002406,353.29200000000003,OFF-ST-10002406,6
OFF-PA-10002036,11,Xerox 1930,OFF-PA-10002036,138.672,OFF-PA-10002036,5
OFF-ST-10002205,5,File Shuttle I and Handi-File,OFF-ST-10002205,262.668,OFF-ST-10002205,3
TEC-AC-10003911,12,NETGEAR AC1750 Dual Band Gigabit Smart WiFi Router,TEC-AC-10003911,2623.8360000000002,TEC-AC-10003911,5
OFF-AR-10000658,7,Newell 324,OFF-AR-10000658,228.69,OFF-AR-10000658,6
TEC-AC-10002076,12,Microsoft Natural Keyboard Elite,TEC-AC-10002076,1497.0,TEC-AC-10002076,4
OFF-PA-10003039,11,Xerox 1960,OFF-PA-10003039,879.832,OFF-PA-10003039,6
FUR-TA-10004915,4,"Office Impressions End Table, 20-1/2""H x 24""W x 20""D",FUR-TA-10004915,5801.816,FUR-TA-10004915,5
OFF-AP-10000696,10,Holmes Odor Grabber,OFF-AP-10000696,357.616,OFF-AP-10000696,8
OFF-ST-10003327,5,Akro-Mils 12-Gallon Tote,OFF-ST-10003327,113.202,OFF-ST-10003327,4
OFF-BI-10000309,9,"GBC Twin Loop Wire Binding Elements, 9/16"" Spine, Black",OFF-BI-10000309,269.394,OFF-BI-10000309,9
OFF-PA-10004734,11,Southworth Structures Collection,OFF-PA-10004734,72.8,OFF-PA-10004734,2
OFF-BI-10002225,9,"Square Ring Data Binders, Rigid 75 Pt. Covers, 11"" x 14-7/8""",OFF-BI-10002225,334.368,OFF-BI-10002225,7
TEC-AC-10004708,12,Sony 32GB Class 10 Micro SDHC R40 Memory Card,TEC-AC-10004708,251.4,TEC-AC-10004708,4
FUR-TA-10000617,4,"Hon Practical Foundations 30 x 60 Training Table, Light Gray/Charcoal",FUR-TA-10000617,4334.8275,FUR-TA-10000617,6
TEC-AC-10002335,12,Logitech Media Keyboard K200,TEC-AC-10002335,503.856,TEC-AC-10002335,4
TEC-MA-10001681,16,Lexmark MarkNet N8150 Wireless Print Server,TEC-MA-10001681,723.51,TEC-MA-10001681,2
FUR-FU-10001935,6,3M Hangers With Command Adhesive,FUR-FU-10001935,108.03999999999999,FUR-FU-10001935,8
OFF-AR-10004757,7,Crayola Colored Pencils,OFF-AR-10004757,120.70400000000001,OFF-AR-10004757,11
OFF-BI-10000050,9,"Angle-D Binders with Locking Rings, Label Holders",OFF-BI-10000050,197.82999999999998,OFF-BI-10000050,10
TEC-PH-10003012,8,Nortel Meridian M3904 Professional Digital phone,TEC-PH-10003012,4434.912,TEC-PH-10003012,10
TEC-CO-10002313,17,Canon PC1080F Personal Copier,TEC-CO-10002313,5999.9,TEC-CO-10002313,4
OFF-BI-10003982,9,Wilson Jones Century Plastic Molded Ring Binders,OFF-BI-10003982,533.789,OFF-BI-10003982,9
OFF-BI-10004492,9,Tuf-Vin Binders,OFF-BI-10004492,669.496,OFF-BI-10004492,7
OFF-ST-10000798,5,2300 Heavy-Duty Transfer File Systems by Perma,OFF-ST-10000798,344.724,OFF-ST-10000798,4
OFF-PA-10002552,11,Xerox 1958,OFF-PA-10002552,32.400000000000006,OFF-PA-10002552,2
OFF-SU-10002573,15,"Acme 10"" Easy Grip Assistive Scissors",OFF-SU-10002573,448.76800000000003,OFF-SU-10002573,8
OFF-ST-10001580,5,Super Decoflex Portable Personal File,OFF-ST-10001580,179.76,OFF-ST-10001580,5
OFF-ST-10000934,5,"Contico 72""H Heavy-Duty Storage System",OFF-ST-10000934,598.308,OFF-ST-10000934,5
TEC-AC-10000158,12,Sony 64GB Class 10 Micro SDHC R40 Memory Card,TEC-AC-10000158,899.75,TEC-AC-10000158,9
OFF-PA-10001947,11,Xerox 1974,OFF-PA-10001947,57.408,OFF-PA-10001947,4
OFF-AR-10003478,7,"Avery Hi-Liter EverBold Pen Style Fluorescent Highlighters, 4/Pack",OFF-AR-10003478,219.78,OFF-AR-10003478,6
OFF-AP-10004249,10,Staple holder,OFF-AP-10004249,234.61200000000002,OFF-AP-10004249,5
TEC-CO-10004115,17,Sharp AL-1530CS Digital Copier,TEC-CO-10004115,6399.872,TEC-CO-10004115,4
OFF-PA-10003724,11,"Wirebound Message Book, 4 per Page",OFF-PA-10003724,184.62,OFF-PA-10003724,7
FUR-TA-10002041,4,"Bevis Round Conference Table Top, X-Base",FUR-TA-10002041,2671.421,FUR-TA-10002041,6
OFF-PA-10002893,11,"Wirebound Service Call Books, 5 1/2"" x 4""",OFF-PA-10002893,125.84,OFF-PA-10002893,5
OFF-LA-10003766,3,Self-Adhesive Removable Labels,OFF-LA-10003766,78.75,OFF-LA-10003766,6
OFF-PA-10001970,11,Xerox 1908,OFF-PA-10001970,2155.0679999999998,OFF-PA-10001970,17
FUR-BO-10001972,1,O'Sullivan 4-Shelf Bookcase in Odessa Pine,FUR-BO-10001972,2740.197,FUR-BO-10001972,7
FUR-CH-10003956,2,Novimex High-Tech Fabric Mesh Task Chair,FUR-CH-10003956,922.74,FUR-CH-10003956,4
OFF-PA-10000157,11,Xerox 191,OFF-PA-10000157,687.312,OFF-PA-10000157,9
OFF-AR-10004344,7,Bulldog Vacuum Base Pencil Sharpener,OFF-AR-10004344,330.924,OFF-AR-10004344,6
FUR-CH-10004886,2,Bevis Steel Folding Chairs,FUR-CH-10004886,1775.075,FUR-CH-10004886,6
OFF-PA-10003845,11,Xerox 1987,OFF-PA-10003845,92.48,OFF-PA-10003845,4
OFF-AR-10001573,7,American Pencil,OFF-AR-10001573,48.93,OFF-AR-10001573,6
OFF-EN-10000483,13,"White Envelopes, White Envelopes with Clear Poly Window",OFF-EN-10000483,320.25,OFF-EN-10000483,5
TEC-AC-10004114,12,KeyTronic 6101 Series - Keyboard - Black,TEC-AC-10004114,360.712,TEC-AC-10004114,2
FUR-FU-10004712,6,"Westinghouse Mesh Shade Clip-On Gooseneck Lamp, Black",FUR-FU-10004712,84.84,FUR-FU-10004712,2
OFF-ST-10000918,5,Crate-A-Files,OFF-ST-10000918,176.58,OFF-ST-10000918,7
FUR-CH-10000015,2,Hon Multipurpose Stacking Arm Chairs,FUR-CH-10000015,6584.64,FUR-CH-10000015,6
FUR-FU-10003347,6,Coloredge Poster Frame,FUR-FU-10003347,298.2,FUR-FU-10003347,6
OFF-BI-10001543,9,GBC VeloBinder Manual Binding System,OFF-BI-10001543,842.166,OFF-BI-10001543,8
TEC-MA-10000029,16,"Epson WorkForce WF-2530 All-in-One Printer, Copier Scanner",TEC-MA-10000029,279.96,TEC-MA-10000029,2
OFF-AR-10000369,7,Design Ebony Sketching Pencil,OFF-AR-10000369,13.622,OFF-AR-10000369,3
OFF-BI-10004584,9,GBC ProClick 150 Presentation Binding System,OFF-BI-10004584,3222.996,OFF-BI-10004584,5
OFF-ST-10000617,5,Woodgrain Magazine Files by Perma,OFF-ST-10000617,69.136,OFF-ST-10000617,6
OFF-ST-10003306,5,Letter Size Cart,OFF-ST-10003306,4600.092,OFF-ST-10003306,8
OFF-BI-10000773,9,Insertable Tab Post Binder Dividers,OFF-BI-10000773,66.566,OFF-BI-10000773,8
TEC-AC-10002600,12,Belkin QODE FastFit Bluetooth Keyboard,TEC-AC-10002600,495.6,TEC-AC-10002600,2
TEC-MA-10002937,16,"Canon Color ImageCLASS MF8580Cdw Wireless Laser All-In-One Printer, Copier, Scanner",TEC-MA-10002937,1007.979,TEC-MA-10002937,1
OFF-PA-10002230,11,Xerox 1897,OFF-PA-10002230,67.72800000000001,OFF-PA-10002230,4
FUR-CH-10003396,2,Global Deluxe Steno Chair,FUR-CH-10003396,1770.54,FUR-CH-10003396,10
FUR-FU-10000246,6,Aluminum Document Frame,FUR-FU-10000246,244.39999999999998,FUR-FU-10000246,5
OFF-ST-10000060,5,Fellowes Bankers Box Staxonsteel Drawer File/Stacking System,OFF-ST-10000060,2612.196,OFF-ST-10000060,8
OFF-ST-10003058,5,Eldon Mobile Mega Data Cart  Mega Stackable  Add-On Trays,OFF-ST-10003058,709.5,OFF-ST-10003058,6
OFF-PA-10002222,11,"Xerox Color Copier Paper, 11"" x 17"", Ream",OFF-PA-10002222,593.84,OFF-PA-10002222,6
FUR-CH-10002372,2,Office Star - Ergonomically Designed Knee Chair,FUR-CH-10002372,1311.876,FUR-CH-10002372,7
OFF-LA-10001317,3,Avery 520,OFF-LA-10001317,46.620000000000005,OFF-LA-10001317,5
FUR-FU-10000206,6,"GE General Purpose, Extra Long Life, Showcase & Floodlight Incandescent Bulbs",FUR-FU-10000206,45.396,FUR-FU-10000206,7
OFF-AR-10000588,7,Newell 345,OFF-AR-10000588,476.16,OFF-AR-10000588,9
OFF-ST-10001469,5,Fellowes Bankers Box Recycled Super Stor/Drawer,OFF-ST-10001469,1187.56,OFF-ST-10001469,7
OFF-AR-10001953,7,Boston 1645 Deluxe Heavier-Duty Electric Pencil Sharpener,OFF-AR-10001953,1073.112,OFF-AR-10001953,7
OFF-AR-10003156,7,50 Colored Long Pencils,OFF-AR-10003156,138.176,OFF-AR-10003156,5
OFF-AR-10004974,7,Newell 342,OFF-AR-10004974,9.84,OFF-AR-10004974,1
TEC-PH-10002365,8,Belkin Grip Candy Sheer Case / Cover for iPhone 5 and 5S,TEC-PH-10002365,64.972,TEC-PH-10002365,3
OFF-ST-10000142,5,Deluxe Rollaway Locking File with Drawer,OFF-ST-10000142,5572.792,OFF-ST-10000142,5
TEC-AC-10001772,12,Memorex Mini Travel Drive 16 GB USB 2.0 Flash Drive,TEC-AC-10001772,495.07,TEC-AC-10001772,5
FUR-CH-10000225,2,"Global Geo Office Task Chair, Gray",FUR-CH-10000225,1757.266,FUR-CH-10000225,7
FUR-CH-10002331,2,Hon 4700 Series Mobuis Mid-Back Task Chairs with Adjustable Arms,FUR-CH-10002331,7582.374,FUR-CH-10002331,6
OFF-EN-10001415,13,Staple envelope,OFF-EN-10001415,43.524,OFF-EN-10001415,4
OFF-AP-10002472,10,3M Office Air Cleaner,OFF-AP-10002472,259.8,OFF-AP-10002472,2
TEC-AC-10004571,12,Logitech G700s Rechargeable Gaming Mouse,TEC-AC-10004571,2339.766,TEC-AC-10004571,9
OFF-BI-10001098,9,Acco D-Ring Binder w/DublLock,OFF-BI-10001098,235.18,OFF-BI-10001098,9
FUR-TA-10001889,4,Bush Advantage Collection Racetrack Conference Table,FUR-TA-10001889,6151.045,FUR-TA-10001889,6
OFF-BI-10000315,9,Poly Designer Cover & Back,OFF-BI-10000315,451.962,OFF-BI-10000315,7
OFF-SU-10003505,15,Premier Electric Letter Opener,OFF-SU-10003505,2641.6079999999997,OFF-SU-10003505,8
OFF-AP-10002578,10,"Fellowes Premier Superior Surge Suppressor, 10-Outlet, With Phone and Remote",OFF-AP-10002578,929.48,OFF-AP-10002578,7
FUR-BO-10002824,1,Bush Mission Pointe Library,FUR-BO-10002824,748.8608,FUR-BO-10002824,3
OFF-BI-10002194,9,Cardinal Hold-It CD Pocket,OFF-BI-10002194,38.304,OFF-BI-10002194,4
OFF-PA-10004071,11,"Eaton Premium Continuous-Feed Paper, 25% Cotton, Letter Size, White, 1000 Shts/Box",OFF-PA-10004071,1098.504,OFF-PA-10004071,10
OFF-ST-10002743,5,SAFCO Boltless Steel Shelving,OFF-ST-10002743,4704.696,OFF-ST-10002743,10
FUR-BO-10001601,1,"Sauder Mission Library with Doors, Fruitwood Finish",FUR-BO-10001601,935.1972,FUR-BO-10001601,3
TEC-PH-10002680,8,Samsung Galaxy Note 3,TEC-PH-10002680,2155.902,TEC-PH-10002680,3
OFF-ST-10001321,5,"Decoflex Hanging Personal Folder File, Blue",OFF-ST-10001321,518.112,OFF-ST-10001321,9
OFF-PA-10001509,11,"Recycled Desk Saver Line ""While You Were Out"" Book, 5 1/2"" X 4""",OFF-PA-10001509,268.5,OFF-PA-10001509,5
OFF-PA-10003465,11,Xerox 1912,OFF-PA-10003465,201.082,OFF-PA-10003465,4
TEC-PH-10000149,8,Cisco SPA525G2 IP Phone - Wireless,TEC-PH-10000149,426.93,TEC-PH-10000149,5
OFF-AR-10003045,7,Prang Colored Pencils,OFF-AR-10003045,90.55199999999999,OFF-AR-10003045,7
OFF-ST-10000689,5,"Fellowes Strictly Business Drawer File, Letter/Legal Size",OFF-ST-10000689,4479.03,OFF-ST-10000689,7
TEC-AC-10001445,12,Imation USB 2.0 Swivel Flash Drive USB flash drive - 4 GB - Pink,TEC-AC-10001445,30.3,TEC-AC-10001445,2
TEC-AC-10002567,12,Logitech G602 Wireless Gaming Mouse,TEC-AC-10002567,1871.766,TEC-AC-10002567,8
OFF-LA-10003923,3,Alphabetical Labels for Top Tab Filing,OFF-LA-10003923,488.4,OFF-LA-10003923,8
FUR-BO-10001337,1,O'Sullivan Living Dimensions 2-Shelf Bookcases,FUR-BO-10001337,2970.059,FUR-BO-10001337,10
TEC-PH-10001924,8,iHome FM Clock Radio with Lightning Dock,TEC-PH-10001924,699.9,TEC-PH-10001924,5
TEC-PH-10001363,8,Apple iPhone 5S,TEC-PH-10001363,4901.914000000001,TEC-PH-10001363,4
TEC-PH-10000376,8,Square Credit Card Reader,TEC-PH-10000376,173.826,TEC-PH-10000376,7
TEC-AC-10000303,12,Logitech M510 Wireless Mouse,TEC-AC-10000303,239.94,TEC-AC-10000303,3
OFF-ST-10001809,5,Fellowes Officeware Wire Shelving,OFF-ST-10001809,4509.466,OFF-ST-10001809,11
OFF-EN-10003845,13,Colored Envelopes,OFF-EN-10003845,50.922,OFF-EN-10003845,5
TEC-AC-10000991,12,Sony Micro Vault Click 8 GB USB 2.0 Flash Drive,TEC-AC-10000991,582.6759999999999,TEC-AC-10000991,4
FUR-TA-10001857,4,Balt Solid Wood Rectangular Table,FUR-TA-10001857,828.0965,FUR-TA-10001857,4
OFF-EN-10001434,13,"Strathmore #10 Envelopes, Ultimate White",OFF-EN-10001434,632.52,OFF-EN-10001434,4
OFF-BI-10002498,9,Clear Mylar Reinforcing Strips,OFF-BI-10002498,377.538,OFF-BI-10002498,7
FUR-FU-10004864,6,"Howard Miller 14-1/2"" Diameter Chrome Round Wall Clock",FUR-FU-10004864,1774.462,FUR-FU-10004864,12
FUR-FU-10000073,6,Deflect-O Glasstique Clear Desk Accessories,FUR-FU-10000073,124.74,FUR-FU-10000073,3
OFF-BI-10001670,9,Vinyl Sectional Post Binders,OFF-BI-10001670,810.5500000000001,OFF-BI-10001670,10
OFF-BI-10001658,9,GBC Standard Therm-A-Bind Covers,OFF-BI-10001658,443.576,OFF-BI-10001658,11
FUR-CH-10001215,2,Global Troy Executive Leather Low-Back Tilter,FUR-CH-10001215,12975.382,FUR-CH-10001215,9
OFF-BI-10000831,9,Storex Flexible Poly Binders with Double Pockets,OFF-BI-10000831,10.824,OFF-BI-10000831,3
OFF-PA-10000357,11,"White Dual Perf Computer Printout Paper, 2700 Sheets, 1 Part, Heavyweight, 20 lbs., 14 7/8 x 11",OFF-PA-10000357,2141.634,OFF-PA-10000357,12
OFF-AR-10001662,7,Rogers Handheld Barrel Pencil Sharpener,OFF-AR-10001662,75.62400000000001,OFF-AR-10001662,7
OFF-AR-10003856,7,Newell 344,OFF-AR-10003856,41.144,OFF-AR-10003856,5
OFF-ST-10001228,5,Personal File Boxes with Fold-Down Carry Handle,OFF-ST-10001228,462.328,OFF-ST-10001228,9
OFF-BI-10003527,9,Fellowes PB500 Electric Punch Plastic Comb Binding Machine with Manual Bind,OFF-BI-10003527,27453.384000000002,OFF-BI-10003527,10
FUR-FU-10001290,6,Executive Impressions Supervisor Wall Clock,FUR-FU-10001290,867.2599999999999,FUR-FU-10001290,4
TEC-AC-10002399,12,SanDisk Cruzer 32 GB USB Flash Drive,TEC-AC-10002399,361.38,TEC-AC-10002399,6
OFF-AR-10003811,7,Newell 327,OFF-AR-10003811,39.78,OFF-AR-10003811,4
OFF-AR-10001246,7,Newell 317,OFF-AR-10001246,79.96799999999999,OFF-AR-10001246,7
TEC-CO-10003236,17,Canon Image Class D660 Copier,TEC-CO-10003236,3959.9339999999997,TEC-CO-10003236,2
OFF-ST-10004507,5,Advantus Rolling Storage Box,OFF-ST-10004507,428.75,OFF-ST-10004507,10
OFF-PA-10001667,11,Great White Multi-Use Recycled Paper (20Lb. and 84 Bright),OFF-PA-10001667,169.832,OFF-PA-10001667,8
OFF-ST-10004459,5,Tennsco Single-Tier Lockers,OFF-ST-10004459,9158.296,OFF-ST-10004459,8
OFF-ST-10000736,5,Carina Double Wide Media Storage Towers in Natural & Black,OFF-ST-10000736,3028.652,OFF-ST-10000736,12
OFF-BI-10000285,9,XtraLife ClearVue Slant-D Ring Binders by Cardinal,OFF-BI-10000285,72.912,OFF-BI-10000285,5
TEC-PH-10003555,8,Motorola HK250 Universal Bluetooth Headset,TEC-PH-10003555,832.238,TEC-PH-10003555,9
TEC-AC-10003832,12,Imation 16GB Mini TravelDrive USB 2.0 Flash Drive,TEC-AC-10003832,11203.756,TEC-AC-10003832,18
OFF-FA-10002815,14,Staples,OFF-FA-10002815,50.616,OFF-FA-10002815,3
FUR-CH-10003379,2,Global Commerce Series High-Back Swivel/Tilt Chairs,FUR-CH-10003379,7979.4400000000005,FUR-CH-10003379,9
OFF-ST-10004963,5,Eldon Gobal File Keepers,OFF-ST-10004963,348.22,OFF-ST-10004963,6
OFF-SU-10002881,15,Martin Yale Chadless Opener Electric Letter Opener,OFF-SU-10002881,16656.2,OFF-SU-10002881,6
OFF-EN-10001335,13,"White Business Envelopes with Contemporary Seam, Recycled White Business Envelopes",OFF-EN-10001335,336.952,OFF-EN-10001335,6
FUR-CH-10000595,2,Safco Contoured Stacking Chairs,FUR-CH-10000595,4982.5599999999995,FUR-CH-10000595,7
FUR-FU-10000448,6,Tenex Chairmats For Use With Carpeted Floors,FUR-FU-10000448,175.78,FUR-FU-10000448,4
TEC-PH-10000984,8,Panasonic KX-TG9471B,TEC-PH-10000984,4978.146000000001,TEC-PH-10000984,7
OFF-ST-10001325,5,Sterilite Officeware Hinged File Box,OFF-ST-10001325,345.84000000000003,OFF-ST-10001325,11
OFF-BI-10002429,9,"Premier Elliptical Ring Binder, Black",OFF-BI-10002429,508.348,OFF-BI-10002429,8
OFF-BI-10004528,9,Cardinal Poly Pocket Divider Pockets for Ring Binders,OFF-BI-10004528,40.32,OFF-BI-10004528,4
OFF-AP-10001271,10,Eureka The Boss Cordless Rechargeable Stick Vac,OFF-AP-10001271,948.228,OFF-AP-10001271,6
FUR-CH-10002647,2,"Situations Contoured Folding Chairs, 4/Set",FUR-CH-10002647,3641.274,FUR-CH-10002647,15
TEC-AC-10001432,12,Enermax Aurora Lite Keyboard,TEC-AC-10001432,1641.1499999999999,TEC-AC-10001432,5
TEC-PH-10002262,8,LG Electronics Tone+ HBS-730 Bluetooth Headset,TEC-PH-10002262,499.88399999999996,TEC-PH-10002262,2
TEC-AC-10001465,12,SanDisk Cruzer 64 GB USB Flash Drive,TEC-AC-10001465,1184.032,TEC-AC-10001465,9
TEC-PH-10002597,8,Xblue XB-1670-86 X16 Small Office Telephone - Titanium,TEC-PH-10002597,604.752,TEC-PH-10002597,2
FUR-FU-10000723,6,"Deflect-o EconoMat Studded, No Bevel Mat for Low Pile Carpeting",FUR-FU-10000723,1115.6399999999999,FUR-FU-10000723,9
OFF-BI-10000404,9,Avery Printable Repositionable Plastic Tabs,OFF-BI-10000404,115.24000000000001,OFF-BI-10000404,6
OFF-PA-10002986,11,Xerox 1898,OFF-PA-10002986,280.56,OFF-PA-10002986,11
OFF-SU-10001935,15,Staple remover,OFF-SU-10001935,29.648000000000003,OFF-SU-10001935,6
FUR-CH-10002024,2,HON 5400 Series Task Chairs for Big and Tall,FUR-CH-10002024,21870.576,FUR-CH-10002024,8
FUR-FU-10003039,6,"Howard Miller 11-1/2"" Diameter Grantwood Wall Clock",FUR-FU-10003039,500.308,FUR-FU-10003039,6
OFF-FA-10004248,14,Advantus T-Pin Paper Clips,OFF-FA-10004248,64.042,OFF-FA-10004248,5
OFF-ST-10001780,5,Tennsco 16-Compartment Lockers with Coat Rack,OFF-ST-10001780,7515.523999999999,OFF-ST-10001780,5
OFF-AR-10003560,7,Zebra Zazzle Fluorescent Highlighters,OFF-AR-10003560,100.928,OFF-AR-10003560,6
OFF-LA-10001297,3,Avery 473,OFF-LA-10001297,248.4,OFF-LA-10001297,6
FUR-TA-10004256,4,Bretford “Just In Time” Height-Adjustable Multi-Task Work Tables,FUR-TA-10004256,5634.9,FUR-TA-10004256,4
OFF-PA-10003441,11,Xerox 226,OFF-PA-10003441,334.368,OFF-PA-10003441,11
OFF-BI-10000069,9,"GBC Prepunched Paper, 19-Hole, for Binding Systems, 24-lb",OFF-BI-10000069,433.789,OFF-BI-10000069,7
OFF-AP-10003914,10,"Sanitaire Vibra Groomer IR Commercial Upright Vacuum, Replacement Belts",OFF-AP-10003914,13.0,OFF-AP-10003914,1
FUR-FU-10004020,6,Advantus Panel Wall Acrylic Frame,FUR-FU-10004020,87.52,FUR-FU-10004020,5
OFF-FA-10003467,14,"Alliance Big Bands Rubber Bands, 12/Pack",OFF-FA-10003467,9.9,OFF-FA-10003467,2
TEC-PH-10002496,8,Cisco SPA301,TEC-PH-10002496,3930.9480000000003,TEC-PH-10002496,8
OFF-PA-10004530,11,Personal Creations Ink Jet Cards and Labels,OFF-PA-10004530,321.44,OFF-PA-10004530,4
OFF-BI-10001107,9,"GBC White Gloss Covers, Plain Front",OFF-BI-10001107,269.328,OFF-BI-10001107,7
OFF-PA-10004451,11,Xerox 222,OFF-PA-10004451,134.784,OFF-PA-10004451,7
FUR-CH-10004997,2,Hon Every-Day Series Multi-Task Chairs,FUR-CH-10004997,6748.482,FUR-CH-10004997,10
TEC-PH-10000347,8,Cush Cases Heavy Duty Rugged Cover Case for Samsung Galaxy S5 - Purple,TEC-PH-10000347,65.34,TEC-PH-10000347,6
OFF-AR-10003394,7,Newell 332,OFF-AR-10003394,67.032,OFF-AR-10003394,5
OFF-PA-10001450,11,Rediform S.O.S. Phone Message Books,OFF-PA-10001450,19.92,OFF-PA-10001450,1
OFF-SU-10001574,15,Acme Value Line Scissors,OFF-SU-10001574,69.35,OFF-SU-10001574,9
FUR-FU-10001475,6,"Contract Clock, 14"", Brown",FUR-FU-10001475,272.552,FUR-FU-10001475,4
OFF-SU-10004498,15,Martin-Yale Premier Letter Opener,OFF-SU-10004498,236.99200000000002,OFF-SU-10004498,7
TEC-PH-10000586,8,AT&T SB67148 SynJ,TEC-PH-10000586,475.128,TEC-PH-10000586,3
OFF-BI-10002764,9,Recycled Pressboard Report Cover with Reinforced Top Hinge,OFF-BI-10002764,69.768,OFF-BI-10002764,8
OFF-LA-10003930,3,"Dot Matrix Printer Tape Reel Labels, White, 5000/Box",OFF-LA-10003930,3322.878,OFF-LA-10003930,8
TEC-PH-10003800,8,i.Sound Portable Power - 8000 mAh,TEC-PH-10003800,413.322,TEC-PH-10003800,5
OFF-PA-10002005,11,Xerox 225,OFF-PA-10002005,196.99200000000002,OFF-PA-10002005,9
OFF-PA-10004101,11,Xerox 1894,OFF-PA-10004101,169.776,OFF-PA-10004101,5
OFF-AR-10004078,7,Newell 312,OFF-AR-10004078,234.768,OFF-AR-10004078,11
OFF-AP-10004708,10,Fellowes Superior 10 Outlet Split Surge Protector,OFF-AP-10004708,867.768,OFF-AP-10004708,9
FUR-FU-10001979,6,Dana Halogen Swing-Arm Architect Lamp,FUR-FU-10001979,1114.384,FUR-FU-10001979,6
OFF-SU-10004115,15,Acme Stainless Steel Office Snips,OFF-SU-10004115,81.424,OFF-SU-10004115,4
TEC-PH-10001425,8,Mophie Juice Pack Helium for iPhone,TEC-PH-10001425,1583.8020000000001,TEC-PH-10001425,6
TEC-PH-10003963,8,GE 2-Jack Phone Line Splitter,TEC-PH-10003963,1771.5140000000001,TEC-PH-10003963,3
OFF-ST-10001490,5,"Hot File 7-Pocket, Floor Stand",OFF-ST-10001490,8138.232,OFF-ST-10001490,13
OFF-PA-10002120,11,Xerox 1889,OFF-PA-10002120,516.624,OFF-PA-10002120,3
OFF-BI-10000848,9,Angle-D Ring Binders,OFF-BI-10000848,39.384,OFF-BI-10000848,6
TEC-PH-10003092,8,Motorola L804,TEC-PH-10003092,607.068,TEC-PH-10003092,6
OFF-LA-10004345,3,Avery 493,OFF-LA-10004345,55.974000000000004,OFF-LA-10004345,4
OFF-PA-10001204,11,Xerox 1972,OFF-PA-10001204,46.464,OFF-PA-10001204,5
TEC-PH-10004667,8,Cisco 8x8 Inc. 6753i IP Business Phone System,TEC-PH-10004667,2645.804,TEC-PH-10004667,6
OFF-BI-10002949,9,Prestige Round Ring Binders,OFF-BI-10002949,85.728,OFF-BI-10002949,8
FUR-FU-10003849,6,"DAX Metal Frame, Desktop, Stepped-Edge",FUR-FU-10003849,161.92,FUR-FU-10003849,5
FUR-FU-10000010,6,"DAX Value U-Channel Document Frames, Easel Back",FUR-FU-10000010,161.028,FUR-FU-10000010,9
OFF-BI-10002824,9,Recycled Easel Ring Binders,OFF-BI-10002824,308.844,OFF-BI-10002824,9
TEC-PH-10002538,8,Grandstream GXP1160 VoIP phone,TEC-PH-10002538,803.692,TEC-PH-10002538,6
OFF-BI-10002103,9,"Cardinal Slant-D Ring Binder, Heavy Gauge Vinyl",OFF-BI-10002103,179.014,OFF-BI-10002103,10
FUR-CH-10004853,2,"Global Manager's Adjustable Task Chair, Storm",FUR-CH-10004853,2959.208,FUR-CH-10004853,6
OFF-AP-10000179,10,Honeywell Enviracaire Portable HEPA Air Cleaner for up to 10 x 16 Room,OFF-AP-10000179,1320.166,OFF-AP-10000179,3
OFF-ST-10001272,5,"Mini 13-1/2 Capacity Data Binder Rack, Pearl",OFF-ST-10001272,1465.7440000000001,OFF-ST-10001272,5
FUR-FU-10000221,6,"Master Caster Door Stop, Brown",FUR-FU-10000221,176.784,FUR-FU-10000221,9
OFF-AP-10001563,10,Belkin Premiere Surge Master II 8-outlet surge protector,OFF-AP-10001563,952.168,OFF-AP-10001563,7
OFF-BI-10000605,9,"Acco Pressboard Covers with Storage Hooks, 9 1/2"" x 11"", Executive Red",OFF-BI-10000605,91.44,OFF-BI-10000605,9
OFF-ST-10001963,5,Tennsco Regal Shelving Units,OFF-ST-10001963,1764.534,OFF-ST-10001963,4
TEC-AC-10001267,12,Imation 32GB Pocket Pro USB 3.0 Flash Drive - 32 GB - Black - 1 P ...,TEC-AC-10001267,467.21999999999997,TEC-AC-10001267,5
TEC-PH-10002103,8,Jabra SPEAK 410,TEC-PH-10002103,3158.064,TEC-PH-10002103,9
TEC-AC-10002857,12,"Verbatim 25 GB 6x Blu-ray Single Layer Recordable Disc, 1/Pack",TEC-AC-10002857,83.44,TEC-AC-10002857,3
FUR-CH-10001482,2,Office Star - Mesh Screen back chair with Vinyl seat,FUR-CH-10001482,2200.464,FUR-CH-10001482,7
OFF-BI-10001989,9,Premium Transparent Presentation Covers by GBC,OFF-BI-10001989,753.182,OFF-BI-10001989,10
OFF-AP-10003287,10,Tripp Lite TLP810NET Broadband Surge for Modem/Fax,OFF-AP-10003287,784.938,OFF-AP-10003287,5
OFF-BI-10004728,9,Wilson Jones Turn Tabs Binder Tool for Ring Binders,OFF-BI-10004728,200.512,OFF-BI-10004728,12
FUR-FU-10000732,6,Eldon 200 Class Desk Accessories,FUR-FU-10000732,120.576,FUR-FU-10000732,6
OFF-ST-10000585,5,Economy Rollaway Files,OFF-ST-10000585,3138.8,OFF-ST-10000585,7
OFF-LA-10002787,3,Avery 480,OFF-LA-10002787,89.25,OFF-LA-10002787,6
OFF-PA-10001934,11,Xerox 1993,OFF-PA-10001934,147.744,OFF-PA-10001934,8
OFF-AP-10002457,10,"Eureka The Boss Plus 12-Amp Hard Box Upright Vacuum, Red",OFF-AP-10002457,1674.4,OFF-AP-10002457,6
OFF-FA-10003112,14,Staples,OFF-FA-10003112,146.754,OFF-FA-10003112,7
OFF-AP-10002350,10,Belkin F9H710-06 7 Outlet SurgeMaster Surge Protector,OFF-AP-10002350,516.216,OFF-AP-10002350,8
TEC-AC-10001142,12,First Data FD10 PIN Pad,TEC-AC-10001142,1722.2,TEC-AC-10001142,5
TEC-AC-10001101,12,Sony 16GB Class 10 Micro SDHC R40 Memory Card,TEC-AC-10001101,190.772,TEC-AC-10001101,4
OFF-AP-10002439,10,Tripp Lite Isotel 8 Ultra 8 Outlet Metal Surge,OFF-AP-10002439,823.2520000000001,OFF-AP-10002439,3
OFF-BI-10002827,9,Avery Durable Poly Binders,OFF-BI-10002827,82.95,OFF-BI-10002827,6
OFF-EN-10002230,13,Airmail Envelopes,OFF-EN-10002230,1359.6660000000002,OFF-EN-10002230,6
OFF-ST-10001511,5,Space Solutions Commercial Steel Shelving,OFF-ST-10001511,1823.13,OFF-ST-10001511,6
OFF-SU-10004231,15,Acme Tagit Stainless Steel Antibacterial Scissors,OFF-SU-10004231,196.01999999999998,OFF-SU-10004231,6
TEC-PH-10004042,8,ClearOne Communications CHAT 70 OC Speaker Phone,TEC-PH-10004042,1685.294,TEC-PH-10004042,4
FUR-FU-10003096,6,"Master Giant Foot Doorstop, Safety Yellow",FUR-FU-10003096,83.49,FUR-FU-10003096,3
FUR-FU-10002759,6,12-1/2 Diameter Round Wall Clock,FUR-FU-10002759,551.448,FUR-FU-10002759,8
FUR-TA-10000688,4,"Chromcraft Bull-Nose Wood Round Conference Table Top, Wood Base",FUR-TA-10000688,3354.89,FUR-TA-10000688,6
OFF-PA-10002377,11,"Adams Telephone Message Book W/Dividers/Space For Phone Numbers, 5 1/4""X8 1/2"", 200/Messages",OFF-PA-10002377,1004.652,OFF-PA-10002377,14
OFF-AR-10001954,7,Newell 331,OFF-AR-10001954,75.306,OFF-AR-10001954,4
OFF-AP-10004532,10,Kensington 6 Outlet Guardian Standard Surge Protector,OFF-AP-10004532,409.6,OFF-AP-10004532,6
OFF-PA-10002137,11,"Southworth 100% Résumé Paper, 24lb.",OFF-PA-10002137,262.964,OFF-PA-10002137,7
OFF-AP-10000804,10,Hoover Portapower Portable Vacuum,OFF-AP-10000804,61.824,OFF-AP-10000804,4
TEC-AC-10003614,12,"Verbatim 25 GB 6x Blu-ray Single Layer Recordable Disc, 10/Pack",TEC-AC-10003614,150.67000000000002,TEC-AC-10003614,5
FUR-FU-10003553,6,"Howard Miller 13-1/2"" Diameter Rosebrook Wall Clock",FUR-FU-10003553,949.026,FUR-FU-10003553,5
OFF-BI-10004632,9,Ibico Hi-Tech Manual Binding System,OFF-BI-10004632,5535.593,OFF-BI-10004632,14
OFF-BI-10003305,9,Avery Hanging File Binders,OFF-BI-10003305,105.846,OFF-BI-10003305,6
OFF-ST-10002583,5,Fellowes Neat Ideas Storage Cubes,OFF-ST-10002583,480.70399999999995,OFF-ST-10002583,7
TEC-MA-10004125,16,Cubify CubeX 3D Printer Triple Head Print,TEC-MA-10004125,7999.98,TEC-MA-10004125,1
OFF-LA-10001934,3,Avery 516,OFF-LA-10001934,109.64999999999999,OFF-LA-10001934,4
FUR-BO-10004015,1,"Bush Andora Bookcase, Maple/Graphite Gray Finish",FUR-BO-10004015,3317.7235,FUR-BO-10004015,9
FUR-FU-10004071,6,Luxo Professional Magnifying Clamp-On Fluorescent Lamps,FUR-FU-10004071,1268.922,FUR-FU-10004071,4
OFF-ST-10002444,5,Recycled Eldon Regeneration Jumbo File,OFF-ST-10002444,235.77599999999998,OFF-ST-10002444,6
TEC-AC-10002253,12,Imation Bio 8GB USB Flash Drive Imation Corp,TEC-AC-10002253,2659.84,TEC-AC-10002253,4
OFF-PA-10000743,11,Xerox 1977,OFF-PA-10000743,117.568,OFF-PA-10000743,5
OFF-LA-10002312,3,Avery 490,OFF-LA-10002312,177.6,OFF-LA-10002312,5
OFF-LA-10003510,3,"Avery 4027 File Folder Labels for Dot Matrix Printers, 5000 Labels per Box, White",OFF-LA-10003510,1233.412,OFF-LA-10003510,11
OFF-AR-10001118,7,"Binney & Smith Crayola Metallic Crayons, 16-Color Pack",OFF-AR-10001118,16.176000000000002,OFF-AR-10001118,2
OFF-BI-10001575,9,GBC Linen Binding Covers,OFF-BI-10001575,207.566,OFF-BI-10001575,6
FUR-FU-10003394,6,"Tenex ""The Solids"" Textured Chair Mats",FUR-FU-10003394,1469.1599999999999,FUR-FU-10003394,7
FUR-TA-10002774,4,Laminate Occasional Tables,FUR-TA-10002774,2096.168,FUR-TA-10002774,3
OFF-PA-10001800,11,Xerox 220,OFF-PA-10001800,145.15200000000002,OFF-PA-10001800,8
OFF-AP-10001469,10,Fellowes 8 Outlet Superior Workstation Surge Protector,OFF-AP-10001469,759.1220000000001,OFF-AP-10001469,5
FUR-BO-10003272,1,O'Sullivan Living Dimensions 5-Shelf Bookcases,FUR-BO-10003272,3420.7704,FUR-BO-10003272,6
OFF-EN-10001219,13,"#10- 4 1/8"" x 9 1/2"" Security-Tint Envelopes",OFF-EN-10001219,146.688,OFF-EN-10001219,8
OFF-AP-10001154,10,Bionaire Personal Warm Mist Humidifier/Vaporizer,OFF-AP-10001154,515.79,OFF-AP-10001154,3
TEC-AC-10001606,12,Logitech Wireless Performance Mouse MX for PC and Mac,TEC-AC-10001606,1799.82,TEC-AC-10001606,7
OFF-BI-10003355,9,Cardinal Holdit Business Card Pockets,OFF-BI-10003355,87.648,OFF-BI-10003355,8
FUR-FU-10002253,6,"Howard Miller 13"" Diameter Pewter Finish Round Wall Clock",FUR-FU-10002253,764.332,FUR-FU-10002253,5
OFF-PA-10004092,11,Tops Green Bar Computer Printout Paper,OFF-PA-10004092,342.58,OFF-PA-10004092,3
FUR-TA-10000198,4,Chromcraft Bull-Nose Wood Oval Conference Tables & Bases,FUR-TA-10000198,9587.052,FUR-TA-10000198,4
OFF-ST-10000036,5,"Recycled Data-Pak for Archival Bound Computer Printouts, 12-1/2 x 12-1/2 x 16",OFF-ST-10000036,1620.156,OFF-ST-10000036,5
FUR-FU-10000222,6,"Seth Thomas 16"" Steel Case Clock",FUR-FU-10000222,441.72799999999995,FUR-FU-10000222,5
OFF-SU-10004664,15,Acme Softgrip Scissors,OFF-SU-10004664,166.056,OFF-SU-10004664,4
OFF-EN-10001141,13,"Manila Recycled Extra-Heavyweight Clasp Envelopes, 6"" x 9""",OFF-EN-10001141,125.172,OFF-EN-10001141,4
TEC-PH-10002170,8,ClearSounds CSC500 Amplified Spirit Phone Corded phone,TEC-PH-10002170,1119.84,TEC-PH-10002170,6
OFF-PA-10001954,11,Xerox 1964,OFF-PA-10001954,721.7439999999999,OFF-PA-10001954,4
FUR-TA-10002228,4,"Bevis Traditional Conference Table Top, Plinth Base",FUR-TA-10002228,2033.496,FUR-TA-10002228,3
OFF-ST-10004634,5,"Personal Folder Holder, Ebony",OFF-ST-10004634,145.73000000000002,OFF-ST-10004634,6
TEC-AC-10003610,12,Logitech Illuminated - Keyboard,TEC-AC-10003610,1139.81,TEC-AC-10003610,6
FUR-BO-10001619,1,O'Sullivan Cherrywood Estates Traditional Bookcase,FUR-BO-10001619,424.90000000000003,FUR-BO-10001619,2
OFF-BI-10000138,9,Acco Translucent Poly Ring Binders,OFF-BI-10000138,77.68799999999999,OFF-BI-10000138,7
TEC-AC-10001383,12,Logitech Wireless Touch Keyboard K400,TEC-AC-10001383,364.854,TEC-AC-10001383,3
OFF-LA-10003223,3,Avery 508,OFF-LA-10003223,87.398,OFF-LA-10003223,6
OFF-BI-10004094,9,GBC Standard Plastic Binding Systems Combs,OFF-BI-10004094,55.755,OFF-BI-10004094,5
OFF-PA-10004971,11,Xerox 196,OFF-PA-10004971,92.47999999999999,OFF-PA-10004971,8
OFF-SU-10004261,15,"Fiskars 8"" Scissors, 2/Pack",OFF-SU-10004261,217.224,OFF-SU-10004261,4
TEC-PH-10000004,8,Belkin iPhone and iPad Lightning Cable,TEC-PH-10000004,83.944,TEC-PH-10000004,2
OFF-BI-10003638,9,GBC Durable Plastic Covers,OFF-BI-10003638,323.145,OFF-BI-10003638,7
FUR-FU-10003577,6,Nu-Dell Leatherette Frames,FUR-FU-10003577,246.64800000000002,FUR-FU-10003577,3
OFF-BI-10000546,9,Avery Durable Binders,OFF-BI-10000546,87.264,OFF-BI-10000546,12
TEC-CO-10002095,17,Hewlett Packard 610 Color Digital Copier / Printer,TEC-CO-10002095,8899.822,TEC-CO-10002095,7
FUR-TA-10001095,4,Chromcraft Round Conference Tables,FUR-TA-10001095,8209.059,FUR-TA-10001095,13
OFF-LA-10004484,3,Avery 476,OFF-LA-10004484,120.596,OFF-LA-10004484,9
OFF-EN-10001532,13,Brown Kraft Recycled Envelopes,OFF-EN-10001532,244.512,OFF-EN-10001532,5
TEC-AC-10003174,12,Plantronics S12 Corded Telephone Headset System,TEC-AC-10003174,2242.032,TEC-AC-10003174,6
OFF-BI-10004187,9,3-ring staple pack,OFF-BI-10004187,42.111999999999995,OFF-BI-10004187,6
OFF-ST-10000025,5,Fellowes Stor/Drawer Steel Plus Storage Drawers,OFF-ST-10000025,3397.308,OFF-ST-10000025,8
FUR-FU-10004306,6,Electrix Halogen Magnifier Lamp,FUR-FU-10004306,2292.74,FUR-FU-10004306,5
FUR-CH-10003746,2,Hon 4070 Series Pagoda Round Back Stacking Chairs,FUR-CH-10003746,3980.152,FUR-CH-10003746,6
OFF-BI-10001036,9,Cardinal EasyOpen D-Ring Binders,OFF-BI-10001036,209.30599999999998,OFF-BI-10001036,8
OFF-BI-10000301,9,GBC Instant Report Kit,OFF-BI-10000301,164.985,OFF-BI-10000301,13
OFF-AR-10004648,7,Boston 19500 Mighty Mite Electric Pencil Sharpener,OFF-AR-10004648,342.55,OFF-AR-10004648,4
FUR-FU-10002597,6,"C-Line Magnetic Cubicle Keepers, Clear Polypropylene",FUR-FU-10002597,136.344,FUR-FU-10002597,7
OFF-AR-10003405,7,"Dixon My First Ticonderoga Pencil, #2",OFF-AR-10003405,95.94,OFF-AR-10003405,4
FUR-CH-10002335,2,Hon GuestStacker Chair,FUR-CH-10002335,6936.102,FUR-CH-10002335,9
OFF-PA-10003657,11,Xerox 1927,OFF-PA-10003657,65.056,OFF-PA-10003657,5
FUR-BO-10004409,1,"Safco Value Mate Series Steel Bookcases, Baked Enamel Finish on Steel, Gray",FUR-BO-10004409,858.858,FUR-BO-10004409,6
TEC-AC-10000057,12,Microsoft Natural Ergonomic Keyboard 4000,TEC-AC-10000057,557.814,TEC-AC-10000057,5
OFF-EN-10000056,13,Cameo Buff Policy Envelopes,OFF-EN-10000056,1456.182,OFF-EN-10000056,7
OFF-BI-10000014,9,Heavy-Duty E-Z-D Binders,OFF-BI-10000014,176.74200000000002,OFF-BI-10000014,8
FUR-CH-10004675,2,"Lifetime Advantage Folding Chairs, 4/Carton",FUR-CH-10004675,5212.112,FUR-CH-10004675,7
OFF-BI-10001132,9,"Acco PRESSTEX Data Binder with Storage Hooks, Dark Blue, 9 1/2"" X 11""",OFF-BI-10001132,62.946,OFF-BI-10001132,4
FUR-CH-10003199,2,Office Star - Contemporary Task Swivel Chair,FUR-CH-10003199,1842.268,FUR-CH-10003199,6
TEC-PH-10001530,8,Cisco Unified IP Phone 7945G VoIP phone,TEC-PH-10001530,8111.136,TEC-PH-10001530,9
OFF-LA-10001569,3,Avery 499,OFF-LA-10001569,176.292,OFF-LA-10001569,11
OFF-PA-10000176,11,Xerox 1887,OFF-PA-10000176,417.34,OFF-PA-10000176,7
OFF-LA-10002271,3,Smead Alpha-Z Color-Coded Second Alphabetical Labels and Starter Set,OFF-LA-10002271,48.048,OFF-LA-10002271,5
FUR-FU-10004090,6,"Executive Impressions 14"" Contract Wall Clock",FUR-FU-10004090,346.788,FUR-FU-10004090,7
OFF-AP-10000576,10,Belkin 7 Outlet SurgeMaster II,OFF-AP-10000576,2010.852,OFF-AP-10000576,7
OFF-PA-10003953,11,Xerox 218,OFF-PA-10003953,49.248000000000005,OFF-PA-10003953,5
FUR-FU-10000794,6,"Eldon Stackable Tray, Side-Load, Legal, Smoke",FUR-FU-10000794,155.38,FUR-FU-10000794,5
OFF-AR-10001897,7,Model L Table or Wall-Mount Pencil Sharpener,OFF-AR-10001897,402.976,OFF-AR-10001897,5
TEC-PH-10001795,8,ClearOne CHATAttach 160 - speaker phone,TEC-PH-10001795,6935.862,TEC-PH-10001795,5
TEC-AC-10004901,12,Kensington SlimBlade Notebook Wireless Mouse with Nano Receiver,TEC-AC-10004901,549.89,TEC-AC-10004901,4
OFF-AR-10003190,7,Newell 32,OFF-AR-10003190,47.232,OFF-AR-10003190,6
OFF-AP-10000240,10,Belkin F9G930V10-GRY 9 Outlet Surge,OFF-AP-10000240,770.112,OFF-AP-10000240,5
TEC-AC-10001838,12,Razer Tiamat Over Ear 7.1 Surround Sound PC Gaming Headset,TEC-AC-10001838,5119.744000000001,TEC-AC-10001838,7
OFF-PA-10003651,11,Xerox 1968,OFF-PA-10003651,165.664,OFF-PA-10003651,5
OFF-BI-10003094,9,Self-Adhesive Ring Binder Labels,OFF-BI-10003094,22.88,OFF-BI-10003094,4
FUR-CH-10001394,2,Global Leather Executive Chair,FUR-CH-10001394,5861.532999999999,FUR-CH-10001394,7
OFF-BI-10004230,9,GBC Recycled Grain Textured Covers,OFF-BI-10004230,466.29,OFF-BI-10004230,5
OFF-PA-10003395,11,Xerox 1941,OFF-PA-10003395,1740.51,OFF-PA-10003395,5
TEC-AC-10002402,12,Razer Kraken PRO Over Ear PC and Music Headset,TEC-AC-10002402,2159.73,TEC-AC-10002402,8
TEC-AC-10003441,12,Kingston Digital DataTraveler 32GB USB 2.0,TEC-AC-10003441,355.95,TEC-AC-10003441,7
OFF-FA-10002280,14,Advantus Plastic Paper Clips,OFF-FA-10002280,225.0,OFF-FA-10002280,10
OFF-SU-10000381,15,Acme Forged Steel Scissors with Black Enamel Handles,OFF-SU-10000381,279.3,OFF-SU-10000381,8
OFF-EN-10004459,13,Security-Tint Envelopes,OFF-EN-10004459,163.496,OFF-EN-10004459,9
FUR-CH-10000665,2,"Global Airflow Leather Mesh Back Chair, Black",FUR-CH-10000665,3472.54,FUR-CH-10000665,8
OFF-AP-10003884,10,"Fellowes Smart Surge Ten-Outlet Protector, Platinum",OFF-AP-10003884,180.66,OFF-AP-10003884,1
TEC-PH-10001557,8,Pyle PMP37LED,TEC-PH-10001557,3590.026,TEC-PH-10001557,10
TEC-PH-10002085,8,Clarity 53712,TEC-PH-10002085,752.2860000000001,TEC-PH-10002085,4
OFF-AR-10002956,7,Boston 16801 Nautilus Battery Pencil Sharpener,OFF-AR-10002956,444.60200000000003,OFF-AR-10002956,6
OFF-AP-10003266,10,"Holmes Replacement Filter for HEPA Air Cleaner, Large Room",OFF-AP-10003266,151.062,OFF-AP-10003266,4
TEC-MA-10004002,16,Zebra GX420t Direct Thermal/Thermal Transfer Printer,TEC-MA-10004002,5787.355,TEC-MA-10004002,3
OFF-BI-10001071,9,GBC ProClick Punch Binding System,OFF-BI-10001071,1573.908,OFF-BI-10001071,7
OFF-PA-10001560,11,"Adams Telephone Message Books, 5 1/4” x 11”",OFF-PA-10001560,80.936,OFF-PA-10001560,5
OFF-AR-10002578,7,Newell 335,OFF-AR-10002578,34.56,OFF-AR-10002578,4
FUR-BO-10001519,1,O'Sullivan 3-Shelf Heavy-Duty Bookcases,FUR-BO-10001519,1119.195,FUR-BO-10001519,5
OFF-BI-10001294,9,Fellowes Binding Cases,OFF-BI-10001294,271.44,OFF-BI-10001294,5
OFF-BI-10001636,9,Ibico Plastic and Wire Spiral Binding Combs,OFF-BI-10001636,208.221,OFF-BI-10001636,9
OFF-SU-10002503,15,Acme Preferred Stainless Steel Scissors,OFF-SU-10002503,90.88,OFF-SU-10002503,4
OFF-LA-10004093,3,Avery 486,OFF-LA-10004093,168.13,OFF-LA-10004093,9
FUR-FU-10003878,6,"Linden 10"" Round Wall Clock, Black",FUR-FU-10003878,253.648,FUR-FU-10003878,6
TEC-AC-10000710,12,Maxell DVD-RAM Discs,TEC-AC-10000710,296.64,TEC-AC-10000710,3
OFF-AR-10002335,7,DIXON Oriole Pencils,OFF-AR-10002335,44.891999999999996,OFF-AR-10002335,6
OFF-PA-10001870,11,Xerox 202,OFF-PA-10001870,171.072,OFF-PA-10001870,8
OFF-PA-10001019,11,Xerox 1884,OFF-PA-10001019,543.456,OFF-PA-10001019,8
OFF-SU-10002537,15,Acme Box Cutter Scissors,OFF-SU-10002537,255.75,OFF-SU-10002537,5
OFF-ST-10003221,5,Staple magnet,OFF-ST-10003221,53.4,OFF-ST-10003221,3
OFF-AR-10003752,7,Deluxe Chalkboard Eraser Cleaner,OFF-AR-10003752,182.49,OFF-AR-10003752,5
TEC-AC-10001714,12,Logitech MX Performance Wireless Mouse,TEC-AC-10001714,749.932,TEC-AC-10001714,6
OFF-AR-10003958,7,Newell 337,OFF-AR-10003958,10.496,OFF-AR-10003958,2
TEC-PH-10002923,8,"Logitech B530 USB Headset - headset - Full size, Binaural",TEC-PH-10002923,739.8,TEC-PH-10002923,10
OFF-LA-10004272,3,Avery 482,OFF-LA-10004272,11.56,OFF-LA-10004272,2
FUR-FU-10000965,6,"Howard Miller 11-1/2"" Diameter Ridgewood Wall Clock",FUR-FU-10000965,1184.232,FUR-FU-10000965,6
OFF-LA-10004853,3,Avery 483,OFF-LA-10004853,83.664,OFF-LA-10004853,6
OFF-BI-10003719,9,Large Capacity Hanging Post Binders,OFF-BI-10003719,276.945,OFF-BI-10003719,5
OFF-BI-10000545,9,GBC Ibimaster 500 Manual ProClick Binding System,OFF-BI-10000545,19024.5,OFF-BI-10000545,9
OFF-PA-10003591,11,Southworth 100% Cotton The Best Paper,OFF-PA-10003591,151.536,OFF-PA-10003591,3
OFF-PA-10001790,11,Xerox 1910,OFF-PA-10001790,586.088,OFF-PA-10001790,5
TEC-AC-10002049,12,Logitech G19 Programmable Gaming Keyboard,TEC-AC-10002049,13756.536,TEC-AC-10002049,15
OFF-BI-10003712,9,"Acco Pressboard Covers with Storage Hooks, 14 7/8"" x 11"", Light Blue",OFF-BI-10003712,131.097,OFF-BI-10003712,11
OFF-BI-10003984,9,Lock-Up Easel 'Spel-Binder',OFF-BI-10003984,704.691,OFF-BI-10003984,7
FUR-FU-10001424,6,Dax Clear Box Frame,FUR-FU-10001424,96.03,FUR-FU-10001424,6
OFF-BI-10002071,9,Fellowes Black Plastic Comb Bindings,OFF-BI-10002071,102.256,OFF-BI-10002071,9
OFF-ST-10002486,5,Eldon Shelf Savers Cubes and Bins,OFF-ST-10002486,300.14,OFF-ST-10002486,8
TEC-AC-10000927,12,Anker Ultrathin Bluetooth Wireless Keyboard Aluminum Cover with Stand,TEC-AC-10000927,491.836,TEC-AC-10000927,4
OFF-PA-10001622,11,"Ampad Poly Cover Wirebound Steno Book, 6"" x 9"" Assorted Colors, Gregg Ruled",OFF-PA-10001622,38.135999999999996,OFF-PA-10001622,4
OFF-AR-10003158,7,Fluorescent Highlighters by Dixon,OFF-AR-10003158,90.744,OFF-AR-10003158,5
TEC-PH-10002660,8,Nortel Networks T7316 E Nt8 B27,TEC-PH-10002660,1876.524,TEC-PH-10002660,6
OFF-BI-10003364,9,Binding Machine Supplies,OFF-BI-10003364,667.9929999999999,OFF-BI-10003364,9
OFF-EN-10001099,13,Staple envelope,OFF-EN-10001099,160.392,OFF-EN-10001099,5
OFF-PA-10002250,11,Things To Do Today Pad,OFF-PA-10002250,138.532,OFF-PA-10002250,7
OFF-BI-10004716,9,Wilson Jones Hanging Recycled Pressboard Data Binders,OFF-BI-10004716,32.647999999999996,OFF-BI-10004716,2
OFF-LA-10001045,3,Permanent Self-Adhesive File Folder Labels for Typewriters by Universal,OFF-LA-10001045,44.37,OFF-LA-10001045,6
OFF-BI-10001510,9,Deluxe Heavy-Duty Vinyl Round Ring Binder,OFF-BI-10001510,504.24,OFF-BI-10001510,7
OFF-PA-10002947,11,Xerox 1923,OFF-PA-10002947,94.856,OFF-PA-10002947,5
OFF-PA-10000019,11,Xerox 1931,OFF-PA-10000019,209.952,OFF-PA-10000019,8
FUR-BO-10003441,1,"Bush Westfield Collection Bookcases, Fully Assembled",FUR-BO-10003441,1473.2982000000002,FUR-BO-10003441,6
TEC-PH-10004774,8,Gear Head AU3700S Headset,TEC-PH-10004774,189.654,TEC-PH-10004774,3
OFF-BI-10003684,9,Wilson Jones Legal Size Ring Binders,OFF-BI-10003684,532.158,OFF-BI-10003684,9
TEC-PH-10001494,8,Polycom CX600 IP Phone VoIP phone,TEC-PH-10001494,4619.2300000000005,TEC-PH-10001494,4
TEC-AC-10004666,12,Maxell iVDR EX 500GB Cartridge,TEC-AC-10004666,2755.4,TEC-AC-10004666,2
OFF-ST-10003816,5,Fellowes High-Stak Drawer Files,OFF-ST-10003816,3946.656,OFF-ST-10003816,8
FUR-TA-10001520,4,"Lesro Sheffield Collection Coffee Table, End Table, Center Table, Corner Table",FUR-TA-10001520,2298.114,FUR-TA-10001520,9
OFF-ST-10001558,5,Acco Perma 4000 Stacking Storage Drawers,OFF-ST-10001558,457.96799999999996,OFF-ST-10001558,11
TEC-AC-10002473,12,Maxell 4.7GB DVD-R,TEC-AC-10002473,1231.692,TEC-AC-10002473,11
TEC-PH-10004531,8,OtterBox Commuter Series Case - iPhone 5 & 5s,TEC-PH-10004531,1041.81,TEC-PH-10004531,7
OFF-AP-10004487,10,Kensington 4 Outlet MasterPiece Compact Power Control Center,OFF-AP-10004487,2488.392,OFF-AP-10004487,7
OFF-PA-10003543,11,Xerox 1985,OFF-PA-10003543,25.92,OFF-PA-10003543,2
TEC-AC-10004353,12,Hypercom P1300 Pinpad,TEC-AC-10004353,957.6,TEC-AC-10004353,6
OFF-AR-10001468,7,"Sanford Prismacolor Professional Thick Lead Art Pencils, 36-Color Set",OFF-AR-10001468,209.664,OFF-AR-10001468,3
OFF-PA-10002195,11,"RSVP Cards & Envelopes, Blank White, 8-1/2"" X 11"", 24 Cards/25 Envelopes/Set",OFF-PA-10002195,132.904,OFF-PA-10002195,11
OFF-PA-10001745,11,"Wirebound Message Books, 2 7/8"" x 5"", 3 Forms per Page",OFF-PA-10001745,108.416,OFF-PA-10001745,3
OFF-BI-10004826,9,JM Magazine Binder,OFF-BI-10004826,204.72400000000002,OFF-BI-10004826,6
OFF-PA-10000289,11,Xerox 213,OFF-PA-10000289,111.456,OFF-PA-10000289,6
OFF-AP-10003040,10,Fellowes 8 Outlet Superior Workstation Surge Protector w/o Phone/Fax/Modem Protection,OFF-AP-10003040,665.6759999999999,OFF-AP-10003040,5
OFF-PA-10000350,11,"Message Book, Standard Line ""While You Were Out"", 5 1/2"" X 4"", 200 Sets/Book",OFF-PA-10000350,51.36,OFF-PA-10000350,2
OFF-BI-10001759,9,"Acco Pressboard Covers with Storage Hooks, 14 7/8"" x 11"", Dark Blue",OFF-BI-10001759,59.817,OFF-BI-10001759,5
OFF-ST-10001496,5,Standard Rollaway File with Lock,OFF-ST-10001496,6594.954,OFF-ST-10001496,10
OFF-BI-10002931,9,"Avery Trapezoid Extra Heavy Duty 4"" Binders",OFF-BI-10002931,314.54999999999995,OFF-BI-10002931,4
FUR-TA-10002356,4,Bevis Boat-Shaped Conference Table,FUR-TA-10002356,2542.467,FUR-TA-10002356,6
FUR-FU-10003601,6,"Deflect-o RollaMat Studded, Beveled Mat for Medium Pile Carpeting",FUR-FU-10003601,1623.248,FUR-FU-10003601,6
FUR-TA-10004154,4,"Riverside Furniture Oval Coffee Table, Oval End Table, End Table with Drawer",FUR-TA-10004154,4446.175,FUR-TA-10004154,5
OFF-PA-10000788,11,Xerox 210,OFF-PA-10000788,95.904,OFF-PA-10000788,6
FUR-FU-10001940,6,Staple-based wall hangings,FUR-FU-10001940,219.696,FUR-FU-10001940,10
OFF-BI-10004465,9,Avery Durable Slant Ring Binders,OFF-BI-10004465,51.480000000000004,OFF-BI-10004465,5
OFF-PA-10002333,11,"Universal Ultra Bright White Copier/Laser Paper, 8 1/2"" x 11"", Ream",OFF-PA-10002333,15.552,OFF-PA-10002333,1
FUR-FU-10004188,6,Luxo Professional Combination Clamp-On Lamps,FUR-FU-10004188,818.4,FUR-FU-10004188,4
OFF-BI-10000145,9,Zipper Ring Binder Pockets,OFF-BI-10000145,81.744,OFF-BI-10000145,13
OFF-LA-10001613,3,Avery File Folder Labels,OFF-LA-10001613,113.472,OFF-LA-10001613,13
OFF-LA-10004055,3,Color-Coded Legal Exhibit Labels,OFF-LA-10004055,14.73,OFF-LA-10004055,2
OFF-PA-10004621,11,Xerox 212,OFF-PA-10004621,141.264,OFF-PA-10004621,7
OFF-PA-10001281,11,Computer Printout Paper with Letter-Trim Fine Perforations,OFF-PA-10001281,191.6,OFF-PA-10001281,1
OFF-ST-10001097,5,Office Impressions Heavy Duty Welded Shelving & Multimedia Storage Drawers,OFF-ST-10001097,3178.13,OFF-ST-10001097,5
FUR-FU-10001095,6,DAX Black Cherry Wood-Tone Poster Frame,FUR-FU-10001095,455.456,FUR-FU-10001095,8
OFF-BI-10002012,9,Wilson Jones Easy Flow II Sheet Lifters,OFF-BI-10002012,51.480000000000004,OFF-BI-10002012,12
OFF-PA-10004156,11,Xerox 188,OFF-PA-10004156,201.852,OFF-PA-10004156,7
OFF-AR-10000034,7,"BIC Brite Liner Grip Highlighters, Assorted, 5/Pack",OFF-AR-10000034,118.72,OFF-AR-10000034,6
TEC-PH-10000560,8,Samsung Galaxy S III - 16GB - pebble blue (T-Mobile),TEC-PH-10000560,7139.796,TEC-PH-10000560,6
OFF-EN-10000461,13,"#10- 4 1/8"" x 9 1/2"" Recycled Envelopes",OFF-EN-10000461,211.508,OFF-EN-10000461,8
TEC-MA-10003066,16,Wasp CCD Handheld Bar Code Reader,TEC-MA-10003066,336.51,TEC-MA-10003066,1
OFF-BI-10004022,9,Acco Suede Grain Vinyl Round Ring Binder,OFF-BI-10004022,38.641999999999996,OFF-BI-10004022,8
OFF-AR-10001988,7,Bulldog Table or Wall-Mount Pencil Sharpener,OFF-AR-10001988,77.87,OFF-AR-10001988,3
OFF-PA-10003625,11,Xerox 1979,OFF-PA-10003625,328.38800000000003,OFF-PA-10003625,3
OFF-BI-10003925,9,Fellowes PB300 Plastic Comb Binding Machine,OFF-BI-10003925,8070.192,OFF-BI-10003925,6
TEC-PH-10001530,8,Plantronics Voyager Pro Legend,TEC-PH-10001530,8111.136,TEC-PH-10001530,9
OFF-EN-10003862,13,Laser & Ink Jet Business Envelopes,OFF-EN-10003862,198.462,OFF-EN-10003862,5
OFF-ST-10004258,5,Portable Personal File Box,OFF-ST-10004258,224.66400000000002,OFF-ST-10004258,6
FUR-FU-10002885,6,Magna Visual Magnetic Picture Hangers,FUR-FU-10002885,84.83200000000001,FUR-FU-10002885,6
TEC-AC-10003033,12,Plantronics CS510 - Over-the-Head monaural Wireless Headset System,TEC-AC-10003033,10822.36,TEC-AC-10003033,10
OFF-ST-10000046,5,Fellowes Super Stor/Drawer Files,OFF-ST-10000046,3489.48,OFF-ST-10000046,8
OFF-BI-10002049,9,UniKeep View Case Binders,OFF-BI-10002049,28.851,OFF-BI-10002049,5
FUR-FU-10001602,6,"Eldon Delta Triangular Chair Mat, 52"" x 58"", Clear",FUR-FU-10001602,546.192,FUR-FU-10001602,6
OFF-ST-10003722,5,Project Tote Personal File,OFF-ST-10003722,193.61399999999998,OFF-ST-10003722,4
TEC-AC-10003198,12,Enermax Acrylux Wireless Keyboard,TEC-AC-10003198,2450.16,TEC-AC-10003198,6
FUR-FU-10002191,6,G.E. Halogen Desk Lamp Bulbs,FUR-FU-10002191,62.82,FUR-FU-10002191,5
TEC-PH-10004188,8,OtterBox Commuter Series Case - Samsung Galaxy S4,TEC-PH-10004188,384.846,TEC-PH-10004188,4
OFF-ST-10001526,5,Iceberg Mobile Mega Data/Printer Cart,OFF-ST-10001526,4187.484,OFF-ST-10001526,7
OFF-AR-10001166,7,Staples in misc. colors,OFF-AR-10001166,60.64,OFF-AR-10001166,3
FUR-CH-10000309,2,Global Comet Stacking Arm Chair,FUR-CH-10000309,6084.144,FUR-CH-10000309,5
TEC-MA-10004212,16,Cisco SPA525G2 5-Line IP Phone,TEC-MA-10004212,1379.92,TEC-MA-10004212,1
OFF-EN-10003072,13,Peel & Seel Envelopes,OFF-EN-10003072,62.856,OFF-EN-10003072,4
OFF-BI-10000320,9,GBC Plastic Binding Combs,OFF-BI-10000320,172.692,OFF-BI-10000320,10
OFF-PA-10001166,11,Xerox 2,OFF-PA-10001166,222.432,OFF-PA-10001166,10
OFF-PA-10003656,11,Xerox 1935,OFF-PA-10003656,538.152,OFF-PA-10003656,4
TEC-PH-10000148,8,Cyber Acoustics AC-202b Speech Recognition Stereo Headset,TEC-PH-10000148,119.508,TEC-PH-10000148,5
TEC-PH-10003885,8,Cisco SPA508G,TEC-PH-10003885,910.662,TEC-PH-10003885,5
OFF-LA-10001175,3,Avery 514,OFF-LA-10001175,47.808,OFF-LA-10001175,4
OFF-PA-10000955,11,Southworth 25% Cotton Granite Paper & Envelopes,OFF-PA-10000955,37.932,OFF-PA-10000955,3
FUR-FU-10003975,6,Eldon Advantage Chair Mats for Low to Medium Pile Carpets,FUR-FU-10003975,563.03,FUR-FU-10003975,5
OFF-BI-10003707,9,Aluminum Screw Posts,OFF-BI-10003707,354.032,OFF-BI-10003707,11
OFF-AR-10000203,7,Newell 336,OFF-AR-10000203,68.48,OFF-AR-10000203,4
OFF-AR-10004790,7,Staples in misc. colors,OFF-AR-10004790,28.728,OFF-AR-10004790,1
TEC-AC-10004761,12,Maxell 4.7GB DVD+RW 3/Pack,TEC-AC-10004761,264.438,TEC-AC-10004761,4
FUR-BO-10001811,1,"Atlantic Metals Mobile 5-Shelf Bookcases, Custom Colors",FUR-BO-10001811,5492.885,FUR-BO-10001811,8
OFF-AR-10001130,7,"Quartet Alpha White Chalk, 12/Pack",OFF-AR-10001130,15.469999999999999,OFF-AR-10001130,2
OFF-AP-10000055,10,Belkin F9S820V06 8 Outlet Surge,OFF-AP-10000055,266.336,OFF-AP-10000055,4
FUR-CH-10002304,2,"Global Stack Chair without Arms, Black",FUR-CH-10002304,901.506,FUR-CH-10002304,7
FUR-FU-10000293,6,Eldon Antistatic Chair Mats for Low to Medium Pile Carpets,FUR-FU-10000293,1431.944,FUR-FU-10000293,4
OFF-PA-10001307,11,"Important Message Pads, 50 4-1/4 x 5-1/2 Forms per Pad",OFF-PA-10001307,54.599999999999994,OFF-PA-10001307,4
FUR-FU-10004460,6,"Howard Miller 12"" Round Wall Clock",FUR-FU-10004460,479.33799999999997,FUR-FU-10004460,2
OFF-AR-10000716,7,DIXON Ticonderoga Erasable Checking Pencils,OFF-AR-10000716,94.86,OFF-AR-10000716,7
FUR-FU-10004622,6,Eldon Advantage Foldable Chair Mats for Low Pile Carpets,FUR-FU-10004622,379.4,FUR-FU-10004622,3
OFF-BI-10003529,9,Avery Round Ring Poly Binders,OFF-BI-10003529,36.919999999999995,OFF-BI-10003529,6
OFF-BI-10001097,9,Avery Hole Reinforcements,OFF-BI-10001097,116.501,OFF-BI-10001097,9
OFF-BI-10001597,9,"Wilson Jones Ledger-Size, Piano-Hinge Binder, 2"", Blue",OFF-BI-10001597,1200.714,OFF-BI-10001597,11
OFF-FA-10001754,14,Stockwell Gold Paper Clips,OFF-FA-10001754,8.096,OFF-FA-10001754,2
OFF-FA-10004838,14,"Super Bands, 12/Pack",OFF-FA-10004838,33.480000000000004,OFF-FA-10004838,4
TEC-PH-10002115,8,Plantronics 81402,TEC-PH-10002115,844.672,TEC-PH-10002115,4
OFF-FA-10003059,14,Assorted Color Push Pins,OFF-FA-10003059,34.39,OFF-FA-10003059,8
OFF-BI-10004330,9,"GBC Velobind Prepunched Cover Sets, Regency Series",OFF-BI-10004330,514.0219999999999,OFF-BI-10004330,6
OFF-BI-10003669,9,3M Organizer Strips,OFF-BI-10003669,83.16,OFF-BI-10003669,7
OFF-BI-10003727,9,Avery Durable Slant Ring Binders With Label Holder,OFF-BI-10003727,77.33,OFF-BI-10003727,8
TEC-AC-10003447,12,Micropad Numeric Keypads,TEC-AC-10003447,291.85400000000004,TEC-AC-10003447,4
OFF-AR-10000255,7,Newell 328,OFF-AR-10000255,75.92,OFF-AR-10000255,3
OFF-AP-10002191,10,Belkin 8 Outlet SurgeMaster II Gold Surge Protector,OFF-AP-10002191,737.754,OFF-AP-10002191,5
OFF-PA-10000349,11,Easy-staple paper,OFF-PA-10000349,113.544,OFF-PA-10000349,8
FUR-CH-10002880,2,"Global High-Back Leather Tilter, Burgundy",FUR-CH-10002880,5436.158,FUR-CH-10002880,14
OFF-PA-10003127,11,Easy-staple paper,OFF-PA-10003127,327.11199999999997,OFF-PA-10003127,6
TEC-MA-10003979,16,Ativa V4110MDD Micro-Cut Shredder,TEC-MA-10003979,7699.89,TEC-MA-10003979,2
OFF-PA-10000029,11,Xerox 224,OFF-PA-10000029,95.904,OFF-PA-10000029,6
OFF-LA-10000452,3,Avery 488,OFF-LA-10000452,51.03,OFF-LA-10000452,6
TEC-PH-10001819,8,Innergie mMini Combo Duo USB Travel Charging Kit,TEC-PH-10001819,746.834,TEC-PH-10001819,6
OFF-AR-10002952,7,Stanley Contemporary Battery Pencil Sharpeners,OFF-AR-10002952,293.7,OFF-AR-10002952,4
TEC-PH-10000576,8,AT&T 1080 Corded phone,TEC-PH-10000576,1945.258,TEC-PH-10000576,7
OFF-PA-10000605,11,Xerox 1950,OFF-PA-10000605,49.708,OFF-PA-10000605,3
OFF-ST-10004340,5,"Fellowes Mobile File Cart, Black",OFF-ST-10004340,2300.66,OFF-ST-10004340,10
OFF-BI-10004001,9,GBC Recycled VeloBinder Covers,OFF-BI-10004001,487.34400000000005,OFF-BI-10004001,8
FUR-TA-10004147,4,Hon 4060 Series Tables,FUR-TA-10004147,1231.56,FUR-TA-10004147,4
OFF-AR-10001545,7,Newell 326,OFF-AR-10001545,36.608,OFF-AR-10001545,6
TEC-AC-10001013,12,Logitech ClearChat Comfort/USB Headset H390,TEC-AC-10001013,328.04799999999994,TEC-AC-10001013,5
OFF-AR-10002255,7,Newell 346,OFF-AR-10002255,25.344,OFF-AR-10002255,4
OFF-PA-10001892,11,"Rediform Wirebound ""Phone Memo"" Message Book, 11 x 5-3/4",OFF-PA-10001892,110.01599999999999,OFF-PA-10001892,5
OFF-BI-10003676,9,"GBC Standard Recycled Report Covers, Clear Plastic Sheets",OFF-BI-10003676,258.72,OFF-BI-10003676,12
OFF-FA-10003495,14,Staples,OFF-FA-10003495,192.128,OFF-FA-10003495,7
OFF-EN-10003798,13,"Recycled Interoffice Envelopes with Re-Use-A-Seal Closure, 10 x 13",OFF-EN-10003798,68.28,OFF-EN-10003798,2
TEC-PH-10003589,8,invisibleSHIELD by ZAGG Smudge-Free Screen Protector,TEC-PH-10003589,442.554,TEC-PH-10003589,7
OFF-PA-10004735,11,Xerox 1905,OFF-PA-10004735,146.448,OFF-PA-10004735,5
FUR-BO-10002206,1,"Bush Saratoga Collection 5-Shelf Bookcase, Hanover Cherry, *Special Order",FUR-BO-10002206,119.833,FUR-BO-10002206,1
OFF-PA-10000141,11,"Ampad Evidence Wirebond Steno Books, 6"" x 9""",OFF-PA-10000141,16.568,OFF-PA-10000141,3
TEC-PH-10001061,8,Apple iPhone 5C,TEC-PH-10001061,1339.866,TEC-PH-10001061,4
OFF-AR-10002375,7,Newell 351,OFF-AR-10002375,82.656,OFF-AR-10002375,7
OFF-EN-10001539,13,Staple envelope,OFF-EN-10001539,196.056,OFF-EN-10001539,7
FUR-TA-10004086,4,KI Adjustable-Height Table,FUR-TA-10004086,1788.384,FUR-TA-10004086,7
OFF-PA-10000100,11,Xerox 1945,OFF-PA-10000100,1492.036,OFF-PA-10000100,7
OFF-LA-10000973,3,Avery 502,OFF-LA-10000973,17.64,OFF-LA-10000973,3
OFF-ST-10001476,5,Steel Personal Filing/Posting Tote,OFF-ST-10001476,937.4639999999999,OFF-ST-10001476,5
OFF-EN-10002831,13,"Tyvek  Top-Opening Peel & Seel  Envelopes, Gray",OFF-EN-10002831,610.98,OFF-EN-10002831,3
OFF-PA-10001763,11,Xerox 1896,OFF-PA-10001763,49.95,OFF-PA-10001763,2
OFF-BI-10002072,9,Cardinal Slant-D Ring Binders,OFF-BI-10002072,102.542,OFF-BI-10002072,4
OFF-FA-10001561,14,Stockwell Push Pins,OFF-FA-10001561,69.76,OFF-FA-10001561,8
TEC-MA-10004241,16,Star Micronics TSP800 TSP847IIU Receipt Printer,TEC-MA-10004241,1286.85,TEC-MA-10004241,2
OFF-AP-10003849,10,Hoover Shoulder Vac Commercial Portable Vacuum,OFF-AP-10003849,5009.48,OFF-AP-10003849,6
OFF-FA-10000735,14,Staples,OFF-FA-10000735,54.312,OFF-FA-10000735,5
OFF-BI-10003350,9,Acco Expandable Hanging Binders,OFF-BI-10003350,33.176,OFF-BI-10003350,3
TEC-PH-10000307,8,Shocksock Galaxy S4 Armband,TEC-PH-10000307,63.510000000000005,TEC-PH-10000307,3
TEC-CO-10004202,17,Brother DCP1000 Digital 3 in 1 Multifunction Machine,TEC-CO-10004202,4859.838,TEC-CO-10004202,7
FUR-FU-10001852,6,"Eldon Regeneration Recycled Desk Accessories, Smoke",FUR-FU-10001852,33.756,FUR-FU-10001852,5
OFF-AR-10003759,7,"Crayola Anti Dust Chalk, 12/Pack",OFF-AR-10003759,59.696,OFF-AR-10003759,7
OFF-ST-10004337,5,"SAFCO Commercial Wire Shelving, 72h",OFF-ST-10004337,1445.2640000000001,OFF-ST-10004337,5
FUR-TA-10001932,4,"Chromcraft 48"" x 96"" Racetrack Double Pedestal Table",FUR-TA-10001932,5098.176,FUR-TA-10001932,6
FUR-CH-10002126,2,Hon Deluxe Fabric Upholstered Stacking Chairs,FUR-CH-10002126,2586.1879999999996,FUR-CH-10002126,4
OFF-AP-10000576,10,"Belkin 325VA UPS Surge Protector, 6'",OFF-AP-10000576,2010.852,OFF-AP-10000576,7
TEC-PH-10004700,8,PowerGen Dual USB Car Charger,TEC-PH-10004700,127.87200000000001,TEC-PH-10004700,4
OFF-BI-10003429,9,"Cardinal HOLDit! Binder Insert Strips,Extra Strips",OFF-BI-10003429,136.728,OFF-BI-10003429,9
FUR-FU-10004952,6,"C-Line Cubicle Keepers Polyproplyene Holder w/Velcro Back, 8-1/2x11, 25/Bx",FUR-FU-10004952,514.556,FUR-FU-10004952,4
OFF-PA-10003172,11,Xerox 1996,OFF-PA-10003172,176.256,OFF-PA-10003172,8
OFF-ST-10002352,5,Iris Project Case,OFF-ST-10002352,225.036,OFF-ST-10002352,6
OFF-PA-10002259,11,"Geographics Note Cards, Blank, White, 8 1/2"" x 11""",OFF-PA-10002259,76.092,OFF-PA-10002259,3
OFF-BI-10002976,9,ACCOHIDE Binder by Acco,OFF-BI-10002976,65.25399999999999,OFF-BI-10002976,4
OFF-BI-10003694,9,"Avery 3 1/2"" Diskette Storage Pages, 10/Pack",OFF-BI-10003694,137.808,OFF-BI-10003694,6
OFF-LA-10004425,3,Staple-on labels,OFF-LA-10004425,53.754000000000005,OFF-LA-10004425,5
FUR-CH-10001270,2,Harbour Creations Steel Folding Chair,FUR-CH-10001270,2389.125,FUR-CH-10001270,8
TEC-PH-10004539,8,Wireless Extenders zBoost YX545 SOHO Signal Booster,TEC-PH-10004539,4044.3860000000004,TEC-PH-10004539,7
OFF-AR-10001919,7,"OIC #2 Pencils, Medium Soft",OFF-AR-10001919,30.832,OFF-AR-10001919,7
TEC-PH-10003655,8,Sannysis Cute Owl Design Soft Skin Case Cover for Samsung Galaxy S4,TEC-PH-10003655,13.86,TEC-PH-10003655,2
OFF-BI-10004656,9,Peel & Stick Add-On Corner Pockets,OFF-BI-10004656,38.016,OFF-BI-10004656,7
OFF-ST-10002344,5,"Carina 42""Hx23 3/4""W Media Storage Unit",OFF-ST-10002344,1635.796,OFF-ST-10002344,8
TEC-PH-10004447,8,Toshiba IPT2010-SD IP Telephone,TEC-PH-10004447,3613.74,TEC-PH-10004447,8
FUR-CH-10003973,2,GuestStacker Chair with Chrome Finish Legs,FUR-CH-10003973,9070.944,FUR-CH-10003973,8
OFF-PA-10000682,11,Xerox 1924,OFF-PA-10000682,60.112,OFF-PA-10000682,4
FUR-FU-10002268,6,Ultra Door Push Plate,FUR-FU-10002268,149.264,FUR-FU-10002268,7
TEC-AC-10001990,12,Kensington Orbit Wireless Mobile Trackball for PC and Mac,TEC-AC-10001990,1511.748,TEC-AC-10001990,4
FUR-CH-10004540,2,Global Chrome Stack Chair,FUR-CH-10004540,815.864,FUR-CH-10004540,6
OFF-ST-10002292,5,"Sauder Facets Collection Locker/File Cabinet, Sky Alder Finish",OFF-ST-10002292,1706.508,OFF-ST-10002292,2
OFF-AR-10004999,7,Newell 315,OFF-AR-10004999,145.912,OFF-AR-10004999,6
OFF-BI-10001031,9,Pressboard Data Binders by Wilson Jones,OFF-BI-10001031,99.324,OFF-BI-10001031,8
OFF-BI-10002432,9,Wilson Jones Standard D-Ring Binders,OFF-BI-10002432,96.646,OFF-BI-10002432,8
FUR-FU-10001867,6,"Eldon Expressions Punched Metal & Wood Desk Accessories, Pewter & Cherry",FUR-FU-10001867,121.296,FUR-FU-10001867,3
TEC-PH-10002200,8,Samsung Galaxy Note 2,TEC-PH-10002200,7437.886,TEC-PH-10002200,8
TEC-PH-10000439,8,GE DSL Phone Line Filter,TEC-PH-10000439,495.87600000000003,TEC-PH-10000439,4
OFF-PA-10001685,11,Easy-staple paper,OFF-PA-10001685,257.556,OFF-PA-10001685,5
OFF-ST-10001418,5,Carina Media Storage Towers in Natural & Black,OFF-ST-10001418,1073.248,OFF-ST-10001418,5
OFF-ST-10000676,5,Fellowes Econo/Stor Drawers,OFF-ST-10000676,581.58,OFF-ST-10000676,2
OFF-AR-10001022,7,SANFORD Liquid Accent Tank-Style Highlighters,OFF-AR-10001022,14.2,OFF-AR-10001022,3
OFF-EN-10003055,13,"Blue String-Tie & Button Interoffice Envelopes, 10 x 13",OFF-EN-10003055,679.66,OFF-EN-10003055,5
TEC-CO-10001046,17,Canon Imageclass D680 Copier / Fax,TEC-CO-10001046,8959.872,TEC-CO-10001046,5
FUR-FU-10000076,6,24-Hour Round Wall Clock,FUR-FU-10000076,487.512,FUR-FU-10000076,6
FUR-FU-10003268,6,Eldon Radial Chair Mat for Low to Medium Pile Carpets,FUR-FU-10003268,775.6120000000001,FUR-FU-10003268,6
FUR-FU-10003691,6,"Eldon Image Series Desk Accessories, Ebony",FUR-FU-10003691,180.31,FUR-FU-10003691,5
OFF-AR-10003903,7,Sanford 52201 APSCO Electric Pencil Sharpener,OFF-AR-10003903,565.3860000000001,OFF-AR-10003903,4
TEC-PH-10003442,8,Samsung Replacement EH64AVFWE Premium Headset,TEC-PH-10003442,104.5,TEC-PH-10003442,5
OFF-BI-10004519,9,GBC DocuBind P100 Manual Binding Machine,OFF-BI-10004519,2954.444,OFF-BI-10004519,8
OFF-EN-10004955,13,Fashion Color Clasp Envelopes,OFF-EN-10004955,77.904,OFF-EN-10004955,3
FUR-TA-10004619,4,Hon Non-Folding Utility Tables,FUR-TA-10004619,3775.647,FUR-TA-10004619,5
FUR-BO-10004467,1,Bestar Classic Bookcase,FUR-BO-10004467,1897.8102,FUR-BO-10004467,8
OFF-AR-10002280,7,Staples in misc. colors,OFF-AR-10002280,54.348,OFF-AR-10002280,2
FUR-CH-10001708,2,Office Star - Contemporary Swivel Chair with Padded Adjustable Arms and Flex Back,FUR-CH-10001708,3989.734,FUR-CH-10001708,7
OFF-AR-10000462,7,Sanford Pocket Accent Highlighters,OFF-AR-10000462,11.2,OFF-AR-10000462,2
TEC-PH-10004165,8,Mitel MiVoice 5330e IP Phone,TEC-PH-10004165,7699.72,TEC-PH-10004165,9
FUR-FU-10003724,6,Westinghouse Clip-On Gooseneck Lamps,FUR-FU-10003724,279.558,FUR-FU-10003724,9
FUR-FU-10003535,6,Howard Miller Distant Time Traveler Alarm Clock,FUR-FU-10003535,531.948,FUR-FU-10003535,6
OFF-ST-10003716,5,Tennsco Double-Tier Lockers,OFF-ST-10003716,9630.856,OFF-ST-10003716,12
TEC-PH-10004586,8,Wilson SignalBoost 841262 DB PRO Amplifier Kit,TEC-PH-10004586,5327.26,TEC-PH-10004586,6
OFF-BI-10004236,9,"XtraLife ClearVue Slant-D Ring Binder, White, 3""",OFF-BI-10004236,386.084,OFF-BI-10004236,10
OFF-AR-10000422,7,Pencil and Crayon Sharpener,OFF-AR-10000422,29.346,OFF-AR-10000422,4
OFF-PA-10002870,11,"Ampad Phone Message Book, Recycled, 400 Message Capacity, 5 ¾” x 11”",OFF-PA-10002870,124.8,OFF-PA-10002870,5
OFF-ST-10000563,5,Fellowes Bankers Box Stor/Drawer Steel Plus,OFF-ST-10000563,1426.308,OFF-ST-10000563,12
OFF-BI-10002854,9,"Performers Binder/Pad Holder, Black",OFF-BI-10002854,611.054,OFF-BI-10002854,8
FUR-CH-10001973,2,Office Star Flex Back Scooter Chair with White Frame,FUR-CH-10001973,1775.68,FUR-CH-10001973,7
TEC-AC-10000580,12,Logitech G13 Programmable Gameboard with LCD Display,TEC-AC-10000580,1039.87,TEC-AC-10000580,4
OFF-AR-10004022,7,Panasonic KP-380BK Classic Electric Pencil Sharpener,OFF-AR-10004022,705.208,OFF-AR-10004022,6
TEC-AC-10004209,12,Memorex Froggy Flash Drive 4 GB,TEC-AC-10004209,136.276,TEC-AC-10004209,5
TEC-AC-10000023,12,"Maxell 74 Minute CD-R Spindle, 50/Pack",TEC-AC-10000023,230.67,TEC-AC-10000023,4
TEC-PH-10003505,8,Geemarc AmpliPOWER60,TEC-PH-10003505,3415.04,TEC-PH-10003505,11
OFF-LA-10000121,3,Avery 48,OFF-LA-10000121,90.72,OFF-LA-10000121,3
OFF-BI-10002026,9,Avery Arch Ring Binders,OFF-BI-10002026,1631.35,OFF-BI-10002026,13
OFF-PA-10000994,11,Xerox 1915,OFF-PA-10000994,2579.31,OFF-PA-10000994,8
OFF-BI-10002813,9,Avery Reinforcements for Hole-Punch Pages,OFF-BI-10002813,28.512,OFF-BI-10002813,8
OFF-AR-10004817,7,Colorific Watercolor Pencils,OFF-AR-10004817,51.6,OFF-AR-10004817,3
OFF-AR-10001860,7,BIC Liqua Brite Liner,OFF-AR-10001860,173.5,OFF-AR-10001860,6
OFF-BI-10004970,9,"ACCOHIDE 3-Ring Binder, Blue, 1""",OFF-BI-10004970,147.028,OFF-BI-10004970,13
OFF-PA-10002968,11,Xerox 1973,OFF-PA-10002968,169.01600000000002,OFF-PA-10002968,2
OFF-BI-10004632,9,GBC Binding covers,OFF-BI-10004632,5535.593,OFF-BI-10004632,14
FUR-BO-10003433,1,Sauder Cornerstone Collection Library,FUR-BO-10003433,322.192,FUR-BO-10003433,3
FUR-FU-10002554,6,"Westinghouse Floor Lamp with Metal Mesh Shade, Black",FUR-FU-10002554,167.93,FUR-FU-10002554,4
TEC-PH-10003437,8,Blue Parrot B250XT Professional Grade Wireless Bluetooth Headset with,TEC-PH-10003437,1229.836,TEC-PH-10003437,4
OFF-AP-10003971,10,Belkin 6 Outlet Metallic Surge Strip,OFF-AP-10003971,262.449,OFF-AP-10003971,9
FUR-CH-10003846,2,Hon Valutask Swivel Chairs,FUR-CH-10003846,1242.054,FUR-CH-10003846,4
OFF-LA-10001404,3,Avery 517,OFF-LA-10001404,44.28,OFF-LA-10001404,4
OFF-LA-10001474,3,Avery 477,OFF-LA-10001474,573.9639999999999,OFF-LA-10001474,4
OFF-PA-10003072,11,"Eureka Recycled Copy Paper 8 1/2"" x 11"", Ream",OFF-PA-10003072,99.792,OFF-PA-10003072,5
FUR-FU-10004960,6,"Seth Thomas 12"" Clock w/ Goldtone Case",FUR-FU-10004960,390.66,FUR-FU-10004960,3
TEC-AC-10003116,12,Memorex Froggy Flash Drive 8 GB,TEC-AC-10003116,411.8,TEC-AC-10003116,7
OFF-AP-10004859,10,Acco 6 Outlet Guardian Premium Surge Suppressor,OFF-AP-10004859,432.432,OFF-AP-10004859,8
OFF-PA-10002659,11,Avoid Verbal Orders Carbonless Minifold Book,OFF-PA-10002659,68.276,OFF-PA-10002659,5
OFF-BI-10004139,9,Fellowes Presentation Covers for Comb Binding Machines,OFF-BI-10004139,133.86,OFF-BI-10004139,2
OFF-AR-10002818,7,Panasonic KP-310 Heavy-Duty Electric Pencil Sharpener,OFF-AR-10002818,197.82,OFF-AR-10002818,2
OFF-AP-10001303,10,"Holmes Cool Mist Humidifier for the Whole House with 8-Gallon Output per Day, Extended Life Filter",OFF-AP-10001303,147.26,OFF-AP-10001303,4
OFF-ST-10002574,5,"SAFCO Commercial Wire Shelving, Black",OFF-ST-10002574,4199.456,OFF-ST-10002574,10
FUR-FU-10004018,6,Tensor Computer Mounted Lamp,FUR-FU-10004018,491.37,FUR-FU-10004018,7
TEC-PH-10002549,8,Polycom SoundPoint IP 450 VoIP phone,TEC-PH-10002549,3839.62,TEC-PH-10002549,6
OFF-PA-10004911,11,"Rediform S.O.S. 1-Up Phone Message Bk, 4-1/4x3-1/16 Bk, 1 Form/Pg, 40 Messages/Bk, 3/Pk",OFF-PA-10004911,196.98000000000002,OFF-PA-10004911,5
TEC-MA-10002178,16,Cisco CP-7937G Unified IP Conference Station Phone,TEC-MA-10002178,1391.4,TEC-MA-10002178,2
OFF-AR-10000411,7,Boston 16701 Slimline Battery Pencil Sharpener,OFF-AR-10000411,86.076,OFF-AR-10000411,2
OFF-LA-10000262,3,Avery 494,OFF-LA-10000262,56.376,OFF-LA-10000262,6
OFF-PA-10000466,11,"Memo Book, 100 Message Capacity, 5 3/8” x 11”",OFF-PA-10000466,76.836,OFF-PA-10000466,3
OFF-AR-10003829,7,Newell 35,OFF-AR-10003829,93.152,OFF-AR-10003829,9
OFF-BI-10001758,9,Wilson Jones 14 Line Acrylic Coated Pressboard Data Binders,OFF-BI-10001758,100.392,OFF-BI-10001758,4
OFF-BI-10000136,9,Avery Non-Stick Heavy Duty View Round Locking Ring Binders,OFF-BI-10000136,68.172,OFF-BI-10000136,3
OFF-ST-10000649,5,Hanging Personal Folder File,OFF-ST-10000649,251.2,OFF-ST-10000649,5
OFF-PA-10003641,11,Xerox 1909,OFF-PA-10003641,970.784,OFF-PA-10003641,9
FUR-CH-10002961,2,"Leather Task Chair, Black",FUR-CH-10002961,864.3100000000001,FUR-CH-10002961,5
OFF-PA-10004041,11,"It's Hot Message Books with Stickers, 2 3/4"" x 5""",OFF-PA-10004041,131.72,OFF-PA-10004041,5
TEC-PH-10001336,8,Digium D40 VoIP phone,TEC-PH-10001336,3044.164,TEC-PH-10001336,9
TEC-MA-10003183,16,DYMO CardScan Personal V9 Business Card Scanner,TEC-MA-10003183,1343.9160000000002,TEC-MA-10003183,3
TEC-AC-10001314,12,Case Logic 2.4GHz Wireless Keyboard,TEC-AC-10001314,1229.754,TEC-AC-10001314,8
TEC-AC-10004510,12,Logitech Desktop MK120 Mouse and keyboard Combo,TEC-AC-10004510,778.736,TEC-AC-10004510,12
OFF-BI-10000042,9,"Pressboard Data Binder, Crimson, 12"" X 8 1/2""",OFF-BI-10000042,33.108000000000004,OFF-BI-10000042,3
FUR-TA-10003008,4,"Lesro Round Back Collection Coffee Table, End Table",FUR-TA-10003008,2847.7799999999997,FUR-TA-10003008,8
OFF-AP-10003590,10,Hoover WindTunnel Plus Canister Vacuum,OFF-AP-10003590,3051.3,OFF-AP-10003590,3
OFF-PA-10000806,11,Xerox 1934,OFF-PA-10000806,1097.2079999999999,OFF-PA-10000806,5
OFF-AR-10000896,7,Newell 329,OFF-AR-10000896,24.272,OFF-AR-10000896,2
TEC-PH-10002310,8,Panasonic KX T7731-B Digital phone,TEC-PH-10002310,2968.626,TEC-PH-10002310,6
OFF-ST-10002289,5,"Safco Wire Cube Shelving System, For Use as 4 or 5 14"" Cubes, Black",OFF-ST-10002289,406.784,OFF-ST-10002289,4
OFF-PA-10001289,11,White Computer Printout Paper by Universal,OFF-PA-10001289,1279.08,OFF-PA-10001289,8
OFF-FA-10000053,14,Revere Boxed Rubber Bands by Revere,OFF-FA-10000053,48.006,OFF-FA-10000053,6
FUR-FU-10004091,6,"Eldon 200 Class Desk Accessories, Black",FUR-FU-10004091,1117.4279999999999,FUR-FU-10004091,8
OFF-EN-10003001,13,Ames Color-File Green Diamond Border X-ray Mailers,OFF-EN-10003001,1360.476,OFF-EN-10003001,4
FUR-TA-10002958,4,"Bevis Oval Conference Table, Walnut",FUR-TA-10002958,6942.068,FUR-TA-10002958,8
FUR-TA-10001676,4,Hon 61000 Series Interactive Training Tables,FUR-TA-10001676,582.033,FUR-TA-10001676,8
OFF-BI-10000822,9,"Acco PRESSTEX Data Binder with Storage Hooks, Light Blue, 9 1/2"" X 11""",OFF-BI-10000822,67.25,OFF-BI-10000822,5
OFF-PA-10004888,11,Xerox 217,OFF-PA-10004888,151.632,OFF-PA-10004888,8
FUR-TA-10002622,4,"Bush Andora Conference Table, Maple/Graphite Gray Finish",FUR-TA-10002622,1162.664,FUR-TA-10002622,3
OFF-PA-10000418,11,Xerox 189,OFF-PA-10000418,1782.4499999999998,OFF-PA-10000418,6
FUR-TA-10001039,4,KI Adjustable-Height Table,FUR-TA-10001039,2678.277,FUR-TA-10001039,10
OFF-AR-10002240,7,Panasonic KP-150 Electric Pencil Sharpener,OFF-AR-10002240,452.88,OFF-AR-10002240,3
OFF-BI-10002867,9,GBC Recycled Regency Composition Covers,OFF-BI-10002867,1171.688,OFF-BI-10002867,5
FUR-FU-10003976,6,"DAX Executive Solid Wood Document Frame, Desktop or Hang, Mahogany, 5 x 7",FUR-FU-10003976,196.248,FUR-FU-10003976,5
TEC-PH-10002922,8,ShoreTel ShorePhone IP 230 VoIP phone,TEC-PH-10002922,2906.628,TEC-PH-10002922,4
OFF-PA-10000501,11,Petty Cash Envelope,OFF-PA-10000501,231.856,OFF-PA-10000501,3
OFF-AP-10004980,10,3M Replacement Filter for Office Air Cleaner for 20' x 33' Room,OFF-AP-10004980,303.36,OFF-AP-10004980,4
TEC-PH-10001750,8,Samsung Rugby III,TEC-PH-10001750,1385.79,TEC-PH-10001750,8
OFF-BI-10003708,9,"Acco Four Pocket Poly Ring Binder with Label Holder, Smoke, 1""",OFF-BI-10003708,122.18,OFF-BI-10003708,6
OFF-BI-10001191,9,Canvas Sectional Post Binders,OFF-BI-10001191,422.63599999999997,OFF-BI-10001191,6
OFF-PA-10003673,11,Strathmore Photo Mount Cards,OFF-PA-10003673,245.436,OFF-PA-10003673,9
OFF-PA-10001639,11,Xerox 203,OFF-PA-10001639,143.856,OFF-PA-10001639,6
TEC-AC-10004975,12,Plantronics Audio 995 Wireless Stereo Headset,TEC-AC-10004975,1913.13,TEC-AC-10004975,4
OFF-BI-10004364,9,Storex Dura Pro Binders,OFF-BI-10004364,125.334,OFF-BI-10004364,12
OFF-PA-10001712,11,Xerox 1948,OFF-PA-10001712,149.85000000000002,OFF-PA-10001712,3
FUR-CH-10004289,2,Global Super Steno Chair,FUR-CH-10004289,2389.902,FUR-CH-10004289,7
TEC-PH-10002564,8,OtterBox Defender Series Case - Samsung Galaxy S4,TEC-PH-10002564,689.77,TEC-PH-10002564,8
OFF-BI-10004876,9,Wilson Jones Suede Grain Vinyl Binders,OFF-BI-10004876,16.402,OFF-BI-10004876,3
TEC-PH-10004348,8,OtterBox Defender Series Case - iPhone 5c,TEC-PH-10004348,133.128,TEC-PH-10004348,2
OFF-BI-10004352,9,Wilson Jones DublLock D-Ring Binders,OFF-BI-10004352,35.775,OFF-BI-10004352,2
OFF-BI-10000666,9,Surelock Post Binders,OFF-BI-10000666,653.984,OFF-BI-10000666,8
TEC-MA-10000010,16,Hewlett-Packard Deskjet 3050a All-in-One Color Inkjet Printer,TEC-MA-10000010,3040.0,TEC-MA-10000010,1
OFF-BI-10000977,9,Ibico Plastic Spiral Binding Combs,OFF-BI-10000977,1100.48,OFF-BI-10000977,13
FUR-TA-10002530,4,"Iceberg OfficeWorks 42"" Round Tables",FUR-TA-10002530,3457.442,FUR-TA-10002530,7
FUR-FU-10001473,6,DAX Wood Document Frame,FUR-FU-10001473,839.6759999999999,FUR-FU-10001473,14
OFF-BI-10001765,9,Wilson Jones Heavy-Duty Casebound Ring Binders with Metal Hinges,OFF-BI-10001765,554.24,OFF-BI-10001765,6
FUR-CH-10000847,2,Global Executive Mid-Back Manager's Chair,FUR-CH-10000847,4626.582,FUR-CH-10000847,6
OFF-PA-10001293,11,Xerox 1946,OFF-PA-10001293,79.056,OFF-PA-10001293,3
OFF-AR-10000634,7,Newell 320,OFF-AR-10000634,81.32,OFF-AR-10000634,7
FUR-FU-10004270,6,"Eldon Image Series Desk Accessories, Burgundy",FUR-FU-10004270,426.56,FUR-FU-10004270,16
OFF-AR-10003770,7,Newell 340,OFF-AR-10003770,25.92,OFF-AR-10003770,2
OFF-LA-10003121,3,Avery 506,OFF-LA-10003121,66.08,OFF-LA-10003121,3
OFF-PA-10002262,11,Xerox 192,OFF-PA-10002262,142.56,OFF-PA-10002262,6
OFF-PA-10002464,11,HP Office Recycled Paper (20Lb. and 87 Bright),OFF-PA-10002464,106.352,OFF-PA-10002464,4
OFF-ST-10002214,5,X-Rack File for Hanging Folders,OFF-ST-10002214,318.378,OFF-ST-10002214,9
OFF-PA-10000130,11,Xerox 199,OFF-PA-10000130,57.352,OFF-PA-10000130,4
TEC-AC-10000865,12,WD My Passport Ultra 500GB Portable External Hard Drive,TEC-AC-10000865,708.0,TEC-AC-10000865,4
OFF-FA-10003021,14,Staples,OFF-FA-10003021,34.592,OFF-FA-10003021,6
TEC-PH-10003580,8,Cisco IP Phone 7961G-GE VoIP phone,TEC-PH-10003580,2252.4320000000002,TEC-PH-10003580,4
TEC-AC-10001109,12,Logitech Trackman Marble Mouse,TEC-AC-10001109,773.742,TEC-AC-10001109,9
OFF-PA-10001838,11,"Adams Telephone Message Book W/Dividers/Space For Phone Numbers, 5 1/4""X8 1/2"", 300/Messages",OFF-PA-10001838,132.888,OFF-PA-10001838,10
OFF-ST-10004950,5,Acco Perma 3000 Stacking Storage Drawers,OFF-ST-10004950,652.624,OFF-ST-10004950,11
OFF-PA-10003823,11,Xerox 197,OFF-PA-10003823,501.87600000000003,OFF-PA-10003823,3
TEC-PH-10001300,8,"iKross Bluetooth Portable Keyboard + Cell Phone Stand Holder + Brush for Apple iPhone 5S 5C 5, 4S 4",TEC-PH-10001300,477.66,TEC-PH-10001300,5
FUR-TA-10003715,4,Hon 2111 Invitation Series Corner Table,FUR-TA-10003715,3140.55,FUR-TA-10003715,4
TEC-MA-10004458,16,Lexmark X 9575 Professional All-in-One Color Printer,TEC-MA-10004458,396.0,TEC-MA-10004458,1
OFF-BI-10004965,9,Ibico Covers for Plastic or Wire Binding Elements,OFF-BI-10004965,184.0,OFF-BI-10004965,7
OFF-AR-10001419,7,Newell 325,OFF-AR-10001419,128.03,OFF-AR-10001419,6
OFF-PA-10002586,11,Xerox 1970,OFF-PA-10002586,101.592,OFF-PA-10002586,6
OFF-AR-10002221,7,12 Colored Short Pencils,OFF-AR-10002221,18.2,OFF-AR-10002221,3
FUR-FU-10002456,6,"Master Caster Door Stop, Large Neon Orange",FUR-FU-10002456,154.336,FUR-FU-10002456,7
OFF-FA-10004968,14,Rubber Band Ball,OFF-FA-10004968,58.344,OFF-FA-10004968,4
OFF-PA-10001274,11,Loose Memo Sheets,OFF-PA-10001274,18.25,OFF-PA-10001274,2
OFF-PA-10001125,11,Xerox 1988,OFF-PA-10001125,1102.888,OFF-PA-10001125,9
OFF-ST-10000344,5,"Neat Ideas Personal Hanging Folder Files, Black",OFF-ST-10000344,276.658,OFF-ST-10000344,7
OFF-ST-10003324,5,Belkin OmniView SE Rackmount Kit,OFF-ST-10003324,248.35999999999999,OFF-ST-10003324,2
OFF-ST-10000419,5,"Rogers Jumbo File, Granite",OFF-ST-10000419,277.03200000000004,OFF-ST-10000419,6
OFF-AP-10001626,10,"Commercial WindTunnel Clean Air Upright Vacuum, Replacement Belts, Filtration Bags",OFF-AP-10001626,50.57,OFF-AP-10001626,7
FUR-FU-10003981,6,Eldon Wave Desk Accessories,FUR-FU-10003981,29.952,FUR-FU-10003981,5
OFF-ST-10001291,5,"Tenex Personal Self-Stacking Standard File Box, Black/Gray",OFF-ST-10001291,229.976,OFF-ST-10001291,5
OFF-AP-10004868,10,Hoover Commercial Soft Guard Upright Vacuum And Disposable Filtration Bags,OFF-AP-10004868,91.68599999999999,OFF-AP-10004868,4
OFF-LA-10002195,3,Avery 481,OFF-LA-10002195,91.168,OFF-LA-10002195,5
OFF-AR-10001315,7,Newell 310,OFF-AR-10001315,38.72,OFF-AR-10001315,7
OFF-EN-10003134,13,Staple envelope,OFF-EN-10003134,247.61599999999999,OFF-EN-10003134,7
OFF-AR-10001955,7,Newell 319,OFF-AR-10001955,511.872,OFF-AR-10001955,8
OFF-LA-10001641,3,Avery 518,OFF-LA-10001641,106.47,OFF-LA-10001641,8
OFF-ST-10001370,5,Sensible Storage WireTech Storage Systems,OFF-ST-10001370,2484.2999999999997,OFF-ST-10001370,8
TEC-AC-10003038,12,Kingston Digital DataTraveler 16GB USB 2.0,TEC-AC-10003038,477.93,TEC-AC-10003038,13
OFF-BI-10000088,9,GBC Imprintable Covers,OFF-BI-10000088,241.56,OFF-BI-10000088,8
OFF-AR-10003504,7,Newell 347,OFF-AR-10003504,127.54400000000001,OFF-AR-10003504,7
OFF-EN-10003160,13,Pastel Pink Envelopes,OFF-EN-10003160,65.52,OFF-EN-10003160,3
TEC-AC-10003280,12,Belkin F8E887 USB Wired Ergonomic Keyboard,TEC-AC-10003280,563.812,TEC-AC-10003280,8
TEC-PH-10000169,8,ARKON Windshield Dashboard Air Vent Car Mount Holder,TEC-PH-10000169,149.16,TEC-PH-10000169,3
OFF-PA-10001526,11,Xerox 1949,OFF-PA-10001526,110.55600000000001,OFF-PA-10001526,7
OFF-AP-10004336,10,"Conquest 14 Commercial Heavy-Duty Upright Vacuum, Collection System, Accessory Kit",OFF-AP-10004336,546.816,OFF-AP-10004336,4
OFF-PA-10001357,11,Xerox 1886,OFF-PA-10001357,651.4399999999999,OFF-PA-10001357,5
OFF-FA-10000992,14,"Acco Clips to Go Binder Clips, 24 Clips in Two Sizes",OFF-FA-10000992,66.03,OFF-FA-10000992,5
OFF-AR-10001221,7,"Dixon Ticonderoga Erasable Colored Pencil Set, 12-Color",OFF-AR-10001221,75.348,OFF-AR-10001221,2
TEC-PH-10004830,8,Pyle PRT45 Retro Home Telephone,TEC-PH-10004830,201.568,TEC-PH-10004830,1
OFF-PA-10004519,11,Spiral Phone Message Books with Labels by Adams,OFF-PA-10004519,60.032,OFF-PA-10004519,4
FUR-BO-10000362,1,Sauder Inglewood Library Bookcases,FUR-BO-10000362,2154.348,FUR-BO-10000362,5
OFF-PA-10000308,11,Xerox 1901,OFF-PA-10000308,16.896,OFF-PA-10000308,1
OFF-SU-10001165,15,Acme Elite Stainless Steel Scissors,OFF-SU-10001165,95.076,OFF-SU-10001165,5
FUR-FU-10001488,6,"Tenex 46"" x 60"" Computer Anti-Static Chairmat, Rectangular Shaped",FUR-FU-10001488,2267.972,FUR-FU-10001488,7
OFF-AR-10003251,7,Prang Drawing Pencil Set,OFF-AR-10003251,43.924,OFF-AR-10003251,7
OFF-AR-10001044,7,"BOSTON Ranger #55 Pencil Sharpener, Black",OFF-AR-10001044,618.562,OFF-AR-10001044,9
OFF-AR-10000823,7,Newell 307,OFF-AR-10000823,19.292,OFF-AR-10000823,3
OFF-AR-10004456,7,Panasonic KP-4ABK Battery-Operated Pencil Sharpener,OFF-AR-10004456,234.24,OFF-AR-10004456,4
OFF-BI-10000591,9,Avery Binder Labels,OFF-BI-10000591,26.063,OFF-BI-10000591,4
TEC-PH-10000441,8,VTech DS6151,TEC-PH-10000441,2746.582,TEC-PH-10000441,8
TEC-AC-10004855,12,V7 USB Numeric Keypad,TEC-AC-10004855,461.868,TEC-AC-10004855,4
OFF-AR-10001915,7,Peel-Off China Markers,OFF-AR-10001915,287.97,OFF-AR-10001915,7
OFF-ST-10000352,5,Acco Perma 2700 Stacking Storage Drawers,OFF-ST-10000352,208.18,OFF-ST-10000352,4
OFF-PA-10000575,11,"Wirebound Message Books, Four 2 3/4 x 5 White Forms per Page",OFF-PA-10000575,218.094,OFF-PA-10000575,7
FUR-FU-10002937,6,"GE 48"" Fluorescent Tube, Cool White Energy Saver, 34 Watts, 30/Box",FUR-FU-10002937,2699.056,FUR-FU-10002937,8
TEC-AC-10003063,12,Micro Innovations USB RF Wireless Keyboard with Mouse,TEC-AC-10003063,440.0,TEC-AC-10003063,6
TEC-AC-10002049,12,Plantronics Savi W720 Multi-Device Wireless Headset System,TEC-AC-10002049,13756.536,TEC-AC-10002049,15
FUR-FU-10004415,6,"Stacking Tray, Side-Loading, Legal, Smoke",FUR-FU-10004415,46.592,FUR-FU-10004415,4
OFF-ST-10002011,5,Smead Adjustable Mobile File Trolley with Lockable Top,OFF-ST-10002011,4778.766,OFF-ST-10002011,3
TEC-PH-10000038,8,Jawbone MINI JAMBOX Wireless Bluetooth Speaker,TEC-PH-10000038,2027.304,TEC-PH-10000038,5
OFF-PA-10002689,11,Weyerhaeuser First Choice Laser/Copy Paper (20Lb. and 88 Bright),OFF-PA-10002689,155.51999999999998,OFF-PA-10002689,5
TEC-CO-10001766,17,Canon PC940 Copier,TEC-CO-10001766,5669.874,TEC-CO-10001766,3
OFF-PA-10004359,11,Multicolor Computer Printout Paper,OFF-PA-10004359,1887.3,OFF-PA-10004359,5
OFF-FA-10001135,14,"Brites Rubber Bands, 1 1/2 oz. Box",OFF-FA-10001135,13.068000000000001,OFF-FA-10001135,3
OFF-BI-10004224,9,Catalog Binders with Expanding Posts,OFF-BI-10004224,1089.936,OFF-BI-10004224,8
TEC-PH-10003357,8,Grandstream GXP2100 Mainstream Business Phone,TEC-PH-10003357,596.6220000000001,TEC-PH-10003357,4
OFF-PA-10004475,11,Xerox 1940,OFF-PA-10004475,615.552,OFF-PA-10004475,4
OFF-PA-10003001,11,Xerox 1986,OFF-PA-10003001,85.50399999999999,OFF-PA-10003001,4
OFF-FA-10000611,14,Binder Clips by OIC,OFF-FA-10000611,36.112,OFF-FA-10000611,7
OFF-BI-10001116,9,"Wilson Jones 1"" Hanging DublLock Ring Binders",OFF-BI-10001116,115.632,OFF-BI-10001116,9
TEC-PH-10004922,8,RCA Visys Integrated PBX 8-Line Router,TEC-PH-10004922,1085.238,TEC-PH-10004922,5
OFF-BI-10002353,9,GBC VeloBind Cover Sets,OFF-BI-10002353,342.768,OFF-BI-10002353,11
OFF-FA-10002676,14,Colored Push Pins,OFF-FA-10002676,24.978,OFF-FA-10002676,5
TEC-AC-10003023,12,Logitech G105 Gaming Keyboard,TEC-AC-10003023,759.936,TEC-AC-10003023,5
OFF-PA-10000167,11,Xerox 1925,OFF-PA-10000167,396.544,OFF-PA-10000167,5
TEC-PH-10002185,8,QVS USB Car Charger 2-Port 2.1Amp for iPod/iPhone/iPad/iPad 2/iPad 3,TEC-PH-10002185,79.22999999999999,TEC-PH-10002185,5
FUR-FU-10000758,6,DAX Natural Wood-Tone Poster Frame,FUR-FU-10000758,513.712,FUR-FU-10000758,5
TEC-MA-10004679,16,StarTech.com 10/100 VDSL2 Ethernet Extender Kit,TEC-MA-10004679,2330.65,TEC-MA-10004679,4
OFF-AP-10002495,10,"Acco Smartsocket Table Surge Protector, 6 Color-Coded Adapter Outlets",OFF-AP-10002495,452.96500000000003,OFF-AP-10002495,3
OFF-BI-10002414,9,GBC ProClick Spines for 32-Hole Punch,OFF-BI-10002414,66.40899999999999,OFF-BI-10002414,5
TEC-AC-10003133,12,Memorex Mini Travel Drive 4 GB USB 2.0 Flash Drive,TEC-AC-10003133,13.616,TEC-AC-10003133,1
TEC-AC-10002006,12,Memorex Micro Travel Drive 16 GB,TEC-AC-10002006,556.452,TEC-AC-10002006,6
OFF-LA-10002381,3,Avery 497,OFF-LA-10002381,24.023999999999997,OFF-LA-10002381,2
OFF-FA-10001843,14,Staples,OFF-FA-10001843,50.388,OFF-FA-10001843,4
OFF-LA-10003077,3,Avery 500,OFF-LA-10003077,58.48,OFF-LA-10003077,2
OFF-PA-10003424,11,"""While you Were Out"" Message Book, One Form per Page",OFF-PA-10003424,25.228,OFF-PA-10003424,3
OFF-PA-10004405,11,Rediform Voice Mail Log Books,OFF-PA-10004405,29.204,OFF-PA-10004405,2
FUR-BO-10003965,1,O'Sullivan Manor Hill 2-Door Library in Brianna Oak,FUR-BO-10003965,1646.9180000000001,FUR-BO-10003965,4
FUR-FU-10002088,6,Nu-Dell Float Frame 11 x 14 1/2,FUR-FU-10002088,170.62,FUR-FU-10002088,7
TEC-AC-10000736,12,Logitech G600 MMO Gaming Mouse,TEC-AC-10000736,1375.828,TEC-AC-10000736,6
FUR-BO-10003966,1,"Sauder Facets Collection Library, Sky Alder Finish",FUR-BO-10003966,1427.683,FUR-BO-10003966,4
OFF-AP-10000828,10,Avanti 4.4 Cu. Ft. Refrigerator,OFF-AP-10000828,2968.072,OFF-AP-10000828,6
OFF-AP-10002906,10,Hoover Replacement Belt for Commercial Guardsman Heavy-Duty Upright Vacuum,OFF-AP-10002906,9.768,OFF-AP-10002906,4
OFF-AP-10003860,10,Fellowes Advanced 8 Outlet Surge Suppressor with Phone/Fax Protection,OFF-AP-10003860,244.288,OFF-AP-10003860,3
FUR-TA-10001307,4,"SAFCO PlanMaster Heigh-Adjustable Drafting Table Base, 43w x 30d x 30-37h, Black",FUR-TA-10001307,3739.115,FUR-TA-10001307,5
OFF-PA-10001457,11,White GlueTop Scratch Pads,OFF-PA-10001457,186.49599999999998,OFF-PA-10001457,2
OFF-AP-10002082,10,Holmes HEPA Air Purifier,OFF-AP-10002082,239.58,OFF-AP-10002082,6
TEC-AC-10003590,12,"TRENDnet 56K USB 2.0 Phone, Internet and Fax Modem",TEC-AC-10003590,626.538,TEC-AC-10003590,5
OFF-PA-10004355,11,Xerox 231,OFF-PA-10004355,79.05600000000001,OFF-PA-10004355,5
OFF-PA-10004947,11,Easy-staple paper,OFF-PA-10004947,48.792,OFF-PA-10004947,3
FUR-TA-10004607,4,Hon 2111 Invitation Series Straight Table,FUR-TA-10004607,2040.054,FUR-TA-10004607,7
OFF-PA-10003893,11,Xerox 1962,OFF-PA-10003893,109.568,OFF-PA-10003893,7
TEC-PH-10001817,8,Wilson Electronics DB Pro Signal Booster,TEC-PH-10001817,8878.4,TEC-PH-10001817,10
FUR-BO-10000330,1,"Sauder Camden County Barrister Bookcase, Planked Cherry Finish",FUR-BO-10000330,1064.624,FUR-BO-10000330,3
OFF-BI-10001900,9,"DXL Angle-View Binders with Locking Rings, Black",OFF-BI-10001900,124.592,OFF-BI-10001900,4
FUR-BO-10003159,1,"Sauder Camden County Collection Libraries, Planked Cherry Finish",FUR-BO-10003159,1909.8178,FUR-BO-10003159,7
FUR-FU-10001591,6,Advantus Panel Wall Certificate Holder - 8.5x11,FUR-FU-10001591,270.84,FUR-FU-10001591,6
OFF-LA-10002034,3,Avery 478,OFF-LA-10002034,88.38,OFF-LA-10002034,4
OFF-BI-10001628,9,"Acco Data Flex Cable Posts For Top & Bottom Load Binders, 6"" Capacity",OFF-BI-10001628,262.836,OFF-BI-10001628,9
OFF-ST-10000877,5,Recycled Steel Personal File for Standard File Folders,OFF-ST-10000877,939.9300000000001,OFF-ST-10000877,3
OFF-AR-10004752,7,Blackstonian Pencils,OFF-AR-10004752,30.438000000000002,OFF-AR-10004752,3
OFF-PA-10000675,11,Xerox 1919,OFF-PA-10000675,1500.234,OFF-PA-10000675,8
OFF-PA-10001609,11,Tops Wirebound Message Log Books,OFF-PA-10001609,73.696,OFF-PA-10001609,6
TEC-PH-10001615,8,AT&T CL82213,TEC-PH-10001615,481.234,TEC-PH-10001615,5
TEC-AC-10004568,12,Maxell LTO Ultrium - 800 GB,TEC-AC-10004568,1002.0419999999999,TEC-AC-10004568,7
FUR-CH-10001854,2,Office Star - Professional Matrix Back Chair with 2-to-1 Synchro Tilt and Mesh Fabric Seat,FUR-CH-10001854,8774.5,FUR-CH-10001854,8
OFF-AR-10000475,7,"Hunt BOSTON Vista Battery-Operated Pencil Sharpener, Black",OFF-AR-10000475,83.952,OFF-AR-10000475,4
TEC-PH-10000455,8,GE 30522EE2,TEC-PH-10000455,1159.9,TEC-PH-10000455,3
OFF-PA-10001994,11,"Ink Jet Note and Greeting Cards, 8-1/2"" x 5-1/2"" Card Size",OFF-PA-10001994,121.392,OFF-PA-10001994,3
TEC-AC-10002926,12,Logitech Wireless Marathon Mouse M705,TEC-AC-10002926,1309.738,TEC-AC-10002926,7
TEC-PH-10004897,8,Mediabridge Sport Armband iPhone 5s,TEC-PH-10004897,257.742,TEC-PH-10004897,7
FUR-FU-10001196,6,DAX Cubicle Frames - 8x10,FUR-FU-10001196,125.786,FUR-FU-10001196,5
OFF-PA-10000595,11,Xerox 1929,OFF-PA-10000595,351.736,OFF-PA-10000595,4
OFF-LA-10000443,3,Avery 501,OFF-LA-10000443,66.42,OFF-LA-10000443,8
OFF-LA-10001771,3,Avery 513,OFF-LA-10001771,72.708,OFF-LA-10001771,3
OFF-AP-10001394,10,Harmony Air Purifier,OFF-AP-10001394,1946.7,OFF-AP-10001394,5
FUR-FU-10002553,6,"Electrix Incandescent Magnifying Lamp, Black",FUR-FU-10002553,117.28,FUR-FU-10002553,2
OFF-AP-10004233,10,Honeywell Enviracaire Portable Air Cleaner for up to 8 x 10 Room,OFF-AP-10004233,299.20799999999997,OFF-AP-10004233,2
FUR-CH-10004754,2,"Global Stack Chair with Arms, Black",FUR-CH-10004754,803.464,FUR-CH-10004754,7
OFF-PA-10000809,11,Xerox 206,OFF-PA-10000809,60.912000000000006,OFF-PA-10000809,5
FUR-FU-10002878,6,"Seth Thomas 14"" Day/Date Wall Clock",FUR-FU-10002878,421.50399999999996,FUR-FU-10002878,5
TEC-PH-10002624,8,Samsung Galaxy S4 Mini,TEC-PH-10002624,6109.87,TEC-PH-10002624,5
TEC-PH-10002885,8,Apple iPhone 5,TEC-PH-10002885,12996.600000000002,TEC-PH-10002885,6
TEC-PH-10000895,8,Polycom VVX 310 VoIP phone,TEC-PH-10000895,6227.654,TEC-PH-10000895,8
TEC-MA-10000488,16,Bady BDG101FRU Card Printer,TEC-MA-10000488,9279.884,TEC-MA-10000488,4
OFF-PA-10003729,11,Xerox 1998,OFF-PA-10003729,46.656,OFF-PA-10003729,2
OFF-AP-10001005,10,Honeywell Quietcare HEPA Air Cleaner,OFF-AP-10001005,1761.76,OFF-AP-10001005,6
FUR-CH-10000988,2,Hon Olson Stacker Stools,FUR-CH-10000988,5294.456,FUR-CH-10000988,10
FUR-FU-10001986,6,"Dana Fluorescent Magnifying Lamp, White, 36""",FUR-FU-10001986,581.172,FUR-FU-10001986,4
FUR-FU-10004973,6,Flat Face Poster Frame,FUR-FU-10004973,546.36,FUR-FU-10004973,11
OFF-ST-10000464,5,"Multi-Use Personal File Cart and Caster Set, Three Stacking Bins",OFF-ST-10000464,368.45599999999996,OFF-ST-10000464,5
OFF-PA-10000528,11,Xerox 1981,OFF-PA-10000528,70.752,OFF-PA-10000528,4
OFF-PA-10003129,11,Tops White Computer Printout Paper,OFF-PA-10003129,684.74,OFF-PA-10003129,4
OFF-AR-10003631,7,Staples in misc. colors,OFF-AR-10003631,123.904,OFF-AR-10003631,4
OFF-BI-10002133,9,"Wilson Jones Elliptical Ring 3 1/2"" Capacity Binders, 800 sheets",OFF-BI-10002133,834.6,OFF-BI-10002133,8
TEC-PH-10004959,8,Classic Ivory Antique Telephone ZL1810,TEC-PH-10004959,341.666,TEC-PH-10004959,2
FUR-BO-10001918,1,"Sauder Forest Hills Library with Doors, Woodland Oak Finish",FUR-BO-10001918,1014.174,FUR-BO-10001918,3
FUR-FU-10001617,6,"Executive Impressions 8-1/2"" Career Panel/Partition Cubicle Clock",FUR-FU-10001617,66.56,FUR-FU-10001617,2
TEC-PH-10002824,8,Jabra SPEAK 410 Multidevice Speakerphone,TEC-PH-10002824,2018.702,TEC-PH-10002824,3
OFF-PA-10003309,11,Xerox 211,OFF-PA-10003309,104.976,OFF-PA-10003309,4
OFF-ST-10002554,5,Tennsco Industrial Shelving,OFF-ST-10002554,1281.442,OFF-ST-10002554,9
OFF-AR-10002067,7,Newell 334,OFF-AR-10002067,531.712,OFF-AR-10002067,6
FUR-TA-10004175,4,"Hon 30"" x 60"" Table with Locking Drawer",FUR-TA-10004175,1296.028,FUR-TA-10004175,3
FUR-TA-10004767,4,Safco Drafting Table,FUR-TA-10004767,638.8199999999999,FUR-TA-10004767,4
OFF-EN-10002621,13,Staple envelope,OFF-EN-10002621,78.24,OFF-EN-10002621,5
OFF-LA-10003714,3,Avery 510,OFF-LA-10003714,21.75,OFF-LA-10003714,3
FUR-FU-10001889,6,Ultra Door Pull Handle,FUR-FU-10001889,239.856,FUR-FU-10001889,5
OFF-AR-10003723,7,Avery Hi-Liter Fluorescent Desk Style Markers,OFF-AR-10003723,20.279999999999998,OFF-AR-10003723,2
OFF-PA-10000241,11,"IBM Multi-Purpose Copy Paper, 8 1/2 x 11"", Case",OFF-PA-10000241,458.504,OFF-PA-10000241,6
OFF-AR-10001446,7,Newell 309,OFF-AR-10001446,196.35000000000002,OFF-AR-10001446,5
OFF-BI-10001359,9,GBC DocuBind TL300 Electric Binding System,OFF-BI-10001359,19823.479,OFF-BI-10001359,11
OFF-EN-10001749,13,Jiffy Padded Mailers with Self-Seal Closure,OFF-EN-10001749,29.808,OFF-EN-10001749,1
OFF-BI-10004390,9,GBC DocuBind 200 Manual Binding Machine,OFF-BI-10004390,4209.799999999999,OFF-BI-10004390,4
TEC-PH-10004924,8,"SKILCRAFT Telephone Shoulder Rest, 2"" x 6.5"" x 2.5"", Black",TEC-PH-10004924,56.164,TEC-PH-10004924,3
FUR-CH-10000155,2,Global Comet Stacking Armless Chair,FUR-CH-10000155,2811.07,FUR-CH-10000155,5
OFF-BI-10001757,9,Pressboard Hanging Data Binders for Unburst Sheets,OFF-BI-10001757,112.66799999999999,OFF-BI-10001757,10
FUR-FU-10004093,6,Hand-Finished Solid Wood Document Frame,FUR-FU-10004093,260.14799999999997,FUR-FU-10004093,3
FUR-FU-10001037,6,"DAX Charcoal/Nickel-Tone Document Frame, 5 x 7",FUR-FU-10001037,127.032,FUR-FU-10001037,5
OFF-PA-10001878,11,Xerox 1891,OFF-PA-10001878,1320.57,OFF-PA-10001878,7
TEC-MA-10003674,16,Hewlett-Packard Deskjet 5550 Printer,TEC-MA-10003674,597.132,TEC-MA-10003674,1
OFF-LA-10003190,3,Avery 474,OFF-LA-10003190,78.336,OFF-LA-10003190,9
TEC-PH-10001809,8,Panasonic KX T7736-B Digital phone,TEC-PH-10001809,1259.58,TEC-PH-10001809,5
OFF-BI-10003091,9,GBC DocuBind TL200 Manual Binding Machine,OFF-BI-10003091,4322.814,OFF-BI-10003091,6
FUR-CH-10003981,2,Global Commerce Series Low-Back Swivel/Tilt Chairs,FUR-CH-10003981,4420.056,FUR-CH-10003981,7
OFF-ST-10002562,5,Staple magnet,OFF-ST-10002562,200.732,OFF-ST-10002562,6
TEC-PH-10004345,8,Cisco SPA 502G IP Phone,TEC-PH-10004345,2063.14,TEC-PH-10004345,5
TEC-PH-10001198,8,Avaya 4621SW VoIP phone,TEC-PH-10001198,709.92,TEC-PH-10001198,4
OFF-PA-10001972,11,Xerox 214,OFF-PA-10001972,215.136,OFF-PA-10001972,9
TEC-PH-10002483,8,Motorola Moto X,TEC-PH-10002483,1631.952,TEC-PH-10002483,2
FUR-BO-10000468,1,O'Sullivan 2-Shelf Heavy-Duty Bookcases,FUR-BO-10000468,723.842,FUR-BO-10000468,6
TEC-AC-10001284,12,Enermax Briskie RF Wireless Keyboard and Mouse Combo,TEC-AC-10001284,407.092,TEC-AC-10001284,4
OFF-BI-10002082,9,GBC Twin Loop Wire Binding Elements,OFF-BI-10002082,1041.664,OFF-BI-10002082,10
OFF-ST-10001505,5,"Perma STOR-ALL Hanging File Box, 13 1/8""W x 12 1/4""D x 10 1/2""H",OFF-ST-10001505,180.596,OFF-ST-10001505,8
OFF-AR-10004582,7,BIC Brite Liner Grip Highlighters,OFF-AR-10004582,24.272,OFF-AR-10004582,5
TEC-AC-10002842,12,WD My Passport Ultra 2TB Portable External Hard Drive,TEC-AC-10002842,3998.4,TEC-AC-10002842,8
OFF-AP-10004785,10,"Holmes Replacement Filter for HEPA Air Cleaner, Medium Room",OFF-AP-10004785,203.94,OFF-AP-10004785,4
TEC-AC-10002217,12,Imation Clip USB flash drive - 8 GB,TEC-AC-10002217,443.68,TEC-AC-10002217,7
OFF-BI-10002954,9,Newell 3-Hole Punched Plastic Slotted Magazine Holders for Binders,OFF-BI-10002954,51.184000000000005,OFF-BI-10002954,6
OFF-AP-10003281,10,Acco 6 Outlet Guardian Standard Surge Suppressor,OFF-AP-10003281,149.916,OFF-AP-10003281,5
OFF-SU-10000898,15,"Acme Hot Forged Carbon Steel Scissors with Nickel-Plated Handles, 3 7/8"" Cut, 8""L",OFF-SU-10000898,305.8,OFF-SU-10000898,5
OFF-BI-10001249,9,Avery Heavy-Duty EZD View Binder with Locking Rings,OFF-BI-10001249,170.984,OFF-BI-10001249,10
TEC-AC-10002718,12,Belkin Standard 104 key USB Keyboard,TEC-AC-10002718,265.538,TEC-AC-10002718,6
TEC-PH-10002352,8,Avaya IP Phone 1140E VoIP phone,TEC-PH-10002352,1394.95,TEC-PH-10002352,1
FUR-CH-10003774,2,"Global Wood Trimmed Manager's Task Chair, Khaki",FUR-CH-10003774,4166.884,FUR-CH-10003774,14
OFF-AR-10000127,7,Newell 321,OFF-AR-10000127,65.6,OFF-AR-10000127,4
TEC-PH-10003811,8,Jabra Supreme Plus Driver Edition Headset,TEC-PH-10003811,2159.82,TEC-PH-10003811,5
OFF-BI-10002393,9,Binder Posts,OFF-BI-10002393,57.4,OFF-BI-10002393,6
FUR-TA-10002855,4,Bevis Round Conference Table Top & Single Column Base,FUR-TA-10002855,2297.538,FUR-TA-10002855,5
OFF-EN-10000781,13,"#10- 4 1/8"" x 9 1/2"" Recycled Envelopes",OFF-EN-10000781,75.164,OFF-EN-10000781,2
OFF-PA-10002160,11,Xerox 1978,OFF-PA-10002160,174.556,OFF-PA-10002160,8
OFF-AR-10002257,7,"Eldon Spacemaker Box, Quick-Snap Lid, Clear",OFF-AR-10002257,50.768,OFF-AR-10002257,6
OFF-FA-10004395,14,Plymouth Boxed Rubber Bands by Plymouth,OFF-FA-10004395,77.244,OFF-FA-10004395,5
OFF-AP-10002534,10,3.6 Cubic Foot Counter Height Office Refrigerator,OFF-AP-10002534,2946.2,OFF-AP-10002534,5
FUR-BO-10003034,1,"O'Sullivan Elevations Bookcase, Cherry Finish",FUR-BO-10003034,1912.308,FUR-BO-10003034,5
OFF-ST-10000943,5,Eldon ProFile File 'N Store Portable File Tub Letter/Legal Size Black,OFF-ST-10000943,614.0579999999999,OFF-ST-10000943,7
OFF-PA-10000533,11,Southworth Parchment Paper & Envelopes,OFF-PA-10000533,70.632,OFF-PA-10000533,5
OFF-ST-10001172,5,"Tennsco Lockers, Sand",OFF-ST-10001172,323.092,OFF-ST-10001172,4
OFF-PA-10001661,11,Xerox 1922,OFF-PA-10001661,11.952,OFF-PA-10001661,1
OFF-BI-10004817,9,GBC Personal VeloBind Strips,OFF-BI-10004817,128.186,OFF-BI-10004817,6
FUR-CH-10003833,2,Novimex Fabric Task Chair,FUR-CH-10003833,1695.244,FUR-CH-10003833,8
FUR-FU-10003142,6,"Master Big Foot Doorstop, Beige",FUR-FU-10003142,152.064,FUR-FU-10003142,6
TEC-AC-10001114,12,Microsoft Wireless Mobile Mouse 4000,TEC-AC-10001114,591.852,TEC-AC-10001114,4
OFF-FA-10002975,14,Staples,OFF-FA-10002975,77.112,OFF-FA-10002975,4
OFF-ST-10003996,5,"Letter/Legal File Tote with Clear Snap-On Lid, Black Granite",OFF-ST-10003996,218.416,OFF-ST-10003996,4
OFF-BI-10002571,9,"Avery Framed View Binder, EZD Ring (Locking), Navy, 1 1/2""",OFF-BI-10002571,99.80000000000001,OFF-BI-10002571,6
OFF-PA-10000477,11,Xerox 1952,OFF-PA-10000477,162.816,OFF-PA-10000477,6
OFF-BI-10004209,9,"Fellowes Twister Kit, Gray/Clear, 3/pkg",OFF-BI-10004209,142.308,OFF-BI-10004209,9
TEC-AC-10002800,12,Plantronics Audio 478 Stereo USB Headset,TEC-AC-10002800,1619.676,TEC-AC-10002800,9
FUR-TA-10003954,4,Hon 94000 Series Round Tables,FUR-TA-10003954,7404.5,FUR-TA-10003954,5
TEC-AC-10003289,12,Anker Ultra-Slim Mini Bluetooth 3.0 Wireless Keyboard,TEC-AC-10003289,499.75,TEC-AC-10003289,5
TEC-PH-10002468,8,"Plantronics CS 50-USB - headset - Convertible, Monaural",TEC-PH-10002468,1332.702,TEC-PH-10002468,4
OFF-PA-10001295,11,Computer Printout Paper with Letter-Trim Perforations,OFF-PA-10001295,405.95799999999997,OFF-PA-10001295,7
OFF-LA-10000248,3,Avery 52,OFF-LA-10000248,68.634,OFF-LA-10000248,6
OFF-FA-10004076,14,Translucent Push Pins by OIC,OFF-FA-10004076,24.552,OFF-FA-10004076,3
OFF-LA-10004008,3,Avery 507,OFF-LA-10004008,24.192,OFF-LA-10004008,2
OFF-AR-10001177,7,Newell 349,OFF-AR-10001177,42.64,OFF-AR-10001177,3
OFF-BI-10001718,9,GBC DocuBind P50 Personal Binding Machine,OFF-BI-10001718,2264.892,OFF-BI-10001718,10
OFF-AR-10004602,7,Boston KS Multi-Size Manual Pencil Sharpener,OFF-AR-10004602,533.3679999999999,OFF-AR-10004602,7
OFF-ST-10000078,5,Tennsco 6- and 18-Compartment Lockers,OFF-ST-10000078,10076.46,OFF-ST-10000078,10
OFF-PA-10000357,11,Xerox 1888,OFF-PA-10000357,2141.634,OFF-PA-10000357,12
OFF-AR-10004272,7,Newell 308,OFF-AR-10004272,8.4,OFF-AR-10004272,2
TEC-PH-10001578,8,Polycom SoundStation2 EX Conference phone,TEC-PH-10001578,3968.5099999999998,TEC-PH-10001578,4
OFF-ST-10003638,5,Mobile Personal File Cube,OFF-ST-10003638,449.664,OFF-ST-10003638,5
FUR-BO-10002213,1,DMI Eclipse Executive Suite Bookcases,FUR-BO-10002213,12921.643,FUR-BO-10002213,10
OFF-EN-10003040,13,Quality Park Security Envelopes,OFF-EN-10003040,240.764,OFF-EN-10003040,4
TEC-PH-10000923,8,"Belkin SportFit Armband For iPhone 5s/5c, Fuchsia",TEC-PH-10000923,239.84,TEC-PH-10000923,5
FUR-FU-10003623,6,"DataProducts Ampli Magnifier Task Lamp, Black,",FUR-FU-10003623,508.72800000000007,FUR-FU-10003623,5
OFF-AP-10000124,10,Acco 6 Outlet Guardian Basic Surge Suppressor,OFF-AP-10000124,38.272,OFF-AP-10000124,2
OFF-AR-10004511,7,"Sanford Colorific Scented Colored Pencils, 12/Pack",OFF-AR-10004511,47.080000000000005,OFF-AR-10004511,2
OFF-PA-10003883,11,"Message Book, Phone, Wirebound Standard Line Memo, 2 3/4"" X 5""",OFF-PA-10003883,119.21,OFF-PA-10003883,5
TEC-PH-10002807,8,Motorla HX550 Universal Bluetooth Headset,TEC-PH-10002807,419.23,TEC-PH-10002807,4
FUR-FU-10002364,6,"Eldon Expressions Wood Desk Accessories, Oak",FUR-FU-10002364,175.644,FUR-FU-10002364,11
OFF-SU-10001664,15,Acme Office Executive Series Stainless Steel Trimmers,OFF-SU-10001664,159.402,OFF-SU-10001664,7
FUR-TA-10003238,4,"Chromcraft Bull-Nose Wood 48"" x 96"" Rectangular Conference Tables",FUR-TA-10003238,4297.644,FUR-TA-10003238,6
TEC-PH-10001536,8,Spigen Samsung Galaxy S5 Case Wallet,TEC-PH-10001536,234.462,TEC-PH-10001536,5
OFF-AR-10004956,7,Newell 33,OFF-AR-10004956,47.988,OFF-AR-10004956,3
OFF-AR-10003696,7,Panasonic KP-350BK Electric Pencil Sharpener with Auto Stop,OFF-AR-10003696,124.488,OFF-AR-10003696,3
OFF-PA-10000551,11,Array Memo Cubes,OFF-PA-10000551,54.908,OFF-PA-10000551,3
OFF-BI-10004506,9,Wilson Jones data.warehouse D-Ring Binders with DublLock,OFF-BI-10004506,66.663,OFF-BI-10004506,5
OFF-PA-10000740,11,Xerox 1982,OFF-PA-10000740,237.536,OFF-PA-10000740,3
FUR-CH-10002084,2,Hon Mobius Operator's Chair,FUR-CH-10002084,2705.7799999999997,FUR-CH-10002084,5
OFF-AP-10000692,10,Fellowes Mighty 8 Compact Surge Protector,OFF-AP-10000692,344.59000000000003,OFF-AP-10000692,6
OFF-AP-10000252,10,Harmony HEPA Quiet Air Purifiers,OFF-AP-10000252,128.7,OFF-AP-10000252,4
FUR-FU-10004748,6,"Howard Miller 16"" Diameter Gallery Wall Clock",FUR-FU-10004748,575.46,FUR-FU-10004748,4
FUR-FU-10001473,6,"Eldon Executive Woodline II Desk Accessories, Mahogany",FUR-FU-10001473,839.6759999999999,FUR-FU-10001473,14
OFF-AR-10000538,7,"Boston Model 1800 Electric Pencil Sharpener, Gray",OFF-AR-10000538,264.61,OFF-AR-10000538,2
TEC-PH-10001079,8,Polycom SoundPoint Pro SE-225 Corded phone,TEC-PH-10001079,1903.8400000000001,TEC-PH-10001079,4
OFF-AP-10003842,10,Euro-Pro Shark Turbo Vacuum,OFF-AP-10003842,693.952,OFF-AP-10003842,6
FUR-CH-10000553,2,"Metal Folding Chairs, Beige, 4/Carton",FUR-CH-10000553,685.588,FUR-CH-10000553,5
OFF-AR-10003469,7,Nontoxic Chalk,OFF-AR-10003469,42.944,OFF-AR-10003469,8
OFF-PA-10003790,11,Xerox 1991,OFF-PA-10003790,575.568,OFF-PA-10003790,6
FUR-BO-10002202,1,"Atlantic Metals Mobile 2-Shelf Bookcases, Custom Colors",FUR-BO-10002202,400.0268,FUR-BO-10002202,2
OFF-AP-10002765,10,Fellowes Advanced Computer Series Surge Protectors,OFF-AP-10002765,386.75399999999996,OFF-AP-10002765,6
OFF-ST-10003692,5,Recycled Steel Personal File for Hanging File Folders,OFF-ST-10003692,1053.032,OFF-ST-10003692,6
TEC-PH-10001051,8,HTC One,TEC-PH-10001051,1119.888,TEC-PH-10001051,4
OFF-AR-10000817,7,Manco Dry-Lighter Erasable Highlighter,OFF-AR-10000817,88.16,OFF-AR-10000817,7
OFF-SU-10000952,15,Fiskars Home & Office Scissors,OFF-SU-10000952,62.16,OFF-SU-10000952,2
FUR-FU-10004597,6,Eldon Cleatmat Chair Mats for Medium Pile Carpets,FUR-FU-10004597,344.1,FUR-FU-10004597,4
OFF-BI-10002982,9,Avery Self-Adhesive Photo Pockets for Polaroid Photos,OFF-BI-10002982,143.01,OFF-BI-10002982,11
OFF-PA-10004285,11,Xerox 1959,OFF-PA-10004285,133.6,OFF-PA-10004285,6
OFF-AP-10001391,10,Kensington 6 Outlet MasterPiece HOMEOFFICE Power Control Center,OFF-AP-10001391,812.1600000000001,OFF-AP-10001391,2
OFF-PA-10000477,11,Xerox 22,OFF-PA-10000477,162.816,OFF-PA-10000477,6
TEC-PH-10001944,8,Wi-Ex zBoost YX540 Cellular Phone Signal Booster,TEC-PH-10001944,2481.15,TEC-PH-10001944,6
OFF-PA-10001776,11,"Wirebound Message Books, Four 2 3/4"" x 5"" Forms per Page, 600 Sets per Book",OFF-PA-10001776,200.232,OFF-PA-10001776,8
TEC-AC-10004145,12,Logitech diNovo Edge Keyboard,TEC-AC-10004145,7399.704,TEC-AC-10004145,5
OFF-PA-10003919,11,Xerox 1989,OFF-PA-10003919,7.968,OFF-PA-10003919,1
OFF-PA-10002001,11,Xerox 1984,OFF-PA-10002001,12.96,OFF-PA-10002001,1
OFF-PA-10002787,11,Xerox 227,OFF-PA-10002787,120.528,OFF-PA-10002787,8
OFF-ST-10003123,5,Fellowes Bases and Tops For Staxonsteel/High-Stak Systems,OFF-ST-10003123,858.8820000000001,OFF-ST-10003123,10
FUR-FU-10000308,6,Deflect-o Glass Clear Studded Chair Mats,FUR-FU-10000308,1579.3719999999998,FUR-FU-10000308,7
TEC-CO-10003763,17,Canon PC1060 Personal Laser Copier,TEC-CO-10003763,8819.874,TEC-CO-10003763,3
FUR-TA-10001866,4,Bevis Round Conference Room Tables and Bases,FUR-TA-10001866,519.941,FUR-TA-10001866,2
OFF-AP-10002222,10,Staple holder,OFF-AP-10002222,107.508,OFF-AP-10002222,4
OFF-PA-10003971,11,Xerox 1965,OFF-PA-10003971,56.212,OFF-PA-10003971,4
OFF-AP-10004036,10,Bionaire 99.97% HEPA Air Cleaner,OFF-AP-10004036,199.72799999999998,OFF-AP-10004036,4
OFF-AP-10002287,10,"Eureka Sanitaire  Multi-Pro Heavy-Duty Upright, Disposable Bags",OFF-AP-10002287,83.904,OFF-AP-10002287,5
FUR-TA-10001950,4,Balt Solid Wood Round Tables,FUR-TA-10001950,6518.754,FUR-TA-10001950,4
TEC-PH-10001527,8,Plantronics MX500i Earset,TEC-PH-10001527,618.48,TEC-PH-10001527,7
TEC-AC-10003095,12,Logitech G35 7.1-Channel Surround Sound Headset,TEC-AC-10003095,2157.8340000000003,TEC-AC-10003095,6
TEC-AC-10000358,12,Imation Secure Drive + Hardware Encrypted USB flash drive - 16 GB,TEC-AC-10000358,888.966,TEC-AC-10000358,6
OFF-EN-10004147,13,Wausau Papers Astrobrights Colored Envelopes,OFF-EN-10004147,50.232,OFF-EN-10004147,3
FUR-FU-10001468,6,Tenex Antistatic Computer Chair Mats,FUR-FU-10001468,3317.0119999999997,FUR-FU-10001468,6
OFF-PA-10000380,11,"REDIFORM Incoming/Outgoing Call Register, 11"" X 8 1/2"", 100 Messages",OFF-PA-10000380,281.892,OFF-PA-10000380,8
OFF-AP-10000026,10,Tripp Lite Isotel 6 Outlet Surge Protector with Fax/Modem Protection,OFF-AP-10000026,1243.788,OFF-AP-10000026,6
OFF-PA-10003936,11,Xerox 1994,OFF-PA-10003936,76.464,OFF-PA-10003936,4
FUR-FU-10002501,6,Nu-Dell Executive Frame,FUR-FU-10002501,409.536,FUR-FU-10002501,6
OFF-AP-10001205,10,Belkin 5 Outlet SurgeMaster Power Centers,OFF-AP-10001205,1776.048,OFF-AP-10001205,10
OFF-PA-10000659,11,"TOPS Carbonless Receipt Book, Four 2-3/4 x 7-1/4 Money Receipts per Page",OFF-PA-10000659,501.392,OFF-PA-10000659,7
OFF-BI-10004141,9,Insertable Tab Indexes For Data Binders,OFF-BI-10004141,17.49,OFF-BI-10004141,5
OFF-BI-10000632,9,Satellite Sectional Post Binders,OFF-BI-10000632,1219.821,OFF-BI-10000632,11
TEC-AC-10004864,12,Memorex Micro Travel Drive 32 GB,TEC-AC-10004864,379.70399999999995,TEC-AC-10004864,5
TEC-MA-10000597,16,Lexmark S315 Color Inkjet Printer,TEC-MA-10000597,299.97,TEC-MA-10000597,2
OFF-PA-10002960,11,Xerox 1926,OFF-PA-10002960,34.86,OFF-PA-10002960,1
OFF-PA-10000919,11,Xerox 1918,OFF-PA-10000919,155.04,OFF-PA-10000919,1
OFF-BI-10001553,9,SpineVue Locking Slant-D Ring Binders by Cardinal,OFF-BI-10001553,110.59400000000001,OFF-BI-10001553,8
OFF-AP-10004540,10,"Eureka The Boss Lite 10-Amp Upright Vacuum, Blue",OFF-AP-10004540,1042.08,OFF-AP-10004540,4
FUR-CH-10001714,2,"Global Leather & Oak Executive Chair, Burgundy",FUR-CH-10001714,1327.832,FUR-CH-10001714,4
FUR-FU-10002298,6,"Rubbermaid ClusterMat Chairmats, Mat Size- 66"" x 60"", Lip 20"" x 11"" -90 Degree Angle",FUR-FU-10002298,2064.228,FUR-FU-10002298,5
OFF-AR-10000315,7,"Dixon Ticonderoga Maple Cedar Pencil, #2",OFF-AR-10000315,23.332,OFF-AR-10000315,3
OFF-FA-10000936,14,Acco Hot Clips Clips to Go,OFF-FA-10000936,67.116,OFF-FA-10000936,6
OFF-SU-10004768,15,Acme Kleencut Forged Steel Scissors,OFF-SU-10004768,35.587999999999994,OFF-SU-10004768,3
OFF-PA-10002581,11,Xerox 1951,OFF-PA-10002581,582.424,OFF-PA-10002581,5
FUR-FU-10004848,6,DAX Solid Wood Frames,FUR-FU-10004848,1438.132,FUR-FU-10004848,12
OFF-AP-10002403,10,Acco Smartsocket Color-Coded Six-Outlet AC Adapter Model Surge Protectors,OFF-AP-10002403,448.902,OFF-AP-10002403,4
OFF-AR-10003087,7,Staples in misc. colors,OFF-AR-10003087,24.92,OFF-AR-10003087,3
TEC-PH-10000141,8,Clearsounds A400,TEC-PH-10000141,488.326,TEC-PH-10000141,3
TEC-CO-10000971,17,Hewlett Packard 310 Color Digital Copier,TEC-CO-10000971,4199.86,TEC-CO-10000971,6
OFF-FA-10001229,14,Staples,OFF-FA-10001229,29.868000000000002,OFF-FA-10001229,3
OFF-BI-10002437,9,Recycled Premium Regency Composition Covers,OFF-BI-10002437,110.01599999999999,OFF-BI-10002437,3
OFF-PA-10004255,11,Xerox 219,OFF-PA-10004255,97.2,OFF-PA-10004255,4
OFF-PA-10001184,11,Xerox 1903,OFF-PA-10001184,138.736,OFF-PA-10001184,6
TEC-AC-10002637,12,Logitech VX Revolution Cordless Laser Mouse for Notebooks (Black),TEC-AC-10002637,3743.7920000000004,TEC-AC-10002637,5
FUR-BO-10000780,1,O'Sullivan Plantations 2-Door Library in Landvery Oak,FUR-BO-10000780,2946.3668,FUR-BO-10000780,5
TEC-PH-10003072,8,Panasonic KX-TG9541B DECT 6.0 Digital 2-Line Expandable Cordless Phone With Digital Answering System,TEC-PH-10003072,3059.7960000000003,TEC-PH-10003072,5
TEC-MA-10000112,16,Panasonic KX MB2061 Multifunction Printer,TEC-MA-10000112,2396.4,TEC-MA-10000112,1
TEC-AC-10004171,12,Razer Kraken 7.1 Surround Sound Over Ear USB Gaming Headset,TEC-AC-10004171,2299.77,TEC-AC-10004171,5
FUR-TA-10002645,4,Hon Rectangular Conference Tables,FUR-TA-10002645,3481.515,FUR-TA-10002645,4
OFF-BI-10003784,9,Computer Printout Index Tabs,OFF-BI-10003784,11.088000000000001,OFF-BI-10003784,4
OFF-BI-10001617,9,GBC Wire Binding Combs,OFF-BI-10001617,184.052,OFF-BI-10001617,7
FUR-CH-10002439,2,"Iceberg Nesting Folding Chair, 19w x 6d x 43h",FUR-CH-10002439,1589.406,FUR-CH-10002439,6
OFF-AP-10003057,10,Honeywell Enviracaire Portable HEPA Air Cleaner for 16' x 20' Room,OFF-AP-10003057,3855.1800000000003,OFF-AP-10003057,3
FUR-TA-10000849,4,Bevis Rectangular Conference Tables,FUR-TA-10000849,1007.262,FUR-TA-10000849,4
OFF-EN-10002973,13,Ampad #10 Peel & Seel Holiday Envelopes,OFF-EN-10002973,53.760000000000005,OFF-EN-10002973,3
OFF-BI-10003963,9,Cardinal Holdit Data Disk Pockets,OFF-BI-10003963,100.464,OFF-BI-10003963,3
OFF-LA-10000081,3,Avery 496,OFF-LA-10000081,50.25,OFF-LA-10000081,4
OFF-PA-10000726,11,"Black Print Carbonless Snap-Off Rapid Letter, 8 1/2"" x 7""",OFF-PA-10000726,160.336,OFF-PA-10000726,4
OFF-PA-10004983,11,Xerox 23,OFF-PA-10004983,134.784,OFF-PA-10004983,5
FUR-FU-10002107,6,Eldon Pizzaz Desk Accessories,FUR-FU-10002107,37.464,FUR-FU-10002107,4
FUR-BO-10002213,1,"Sauder Forest Hills Library, Woodland Oak Finish",FUR-BO-10002213,12921.643,FUR-BO-10002213,10
FUR-CH-10001190,2,Global Deluxe High-Back Office Chair in Storm,FUR-CH-10001190,1087.92,FUR-CH-10001190,3
TEC-AC-10000682,12,Kensington K72356US Mouse-in-a-Box USB Desktop Mouse,TEC-AC-10000682,321.846,TEC-AC-10000682,6
OFF-LA-10004545,3,Avery 50,OFF-LA-10004545,235.564,OFF-LA-10004545,5
OFF-SU-10002557,15,Fiskars Spring-Action Scissors,OFF-SU-10002557,75.492,OFF-SU-10002557,4
TEC-PH-10000912,8,Anker 24W Portable Micro USB Car Charger,TEC-PH-10000912,61.544,TEC-PH-10000912,2
OFF-ST-10001837,5,"SAFCO Mobile Desk Side File, Wire Frame",OFF-ST-10001837,1240.04,OFF-ST-10001837,8
OFF-AR-10001473,7,Newell 313,OFF-AR-10001473,28.208,OFF-AR-10001473,3
TEC-PH-10001835,8,Jawbone JAMBOX Wireless Bluetooth Speaker,TEC-PH-10001835,2022.272,TEC-PH-10001835,3
OFF-PA-10002245,11,Xerox 1895,OFF-PA-10002245,191.36,OFF-PA-10002245,7
OFF-EN-10004483,13,"#10 White Business Envelopes,4 1/8 x 9 1/2",OFF-EN-10004483,379.214,OFF-EN-10004483,6
OFF-SU-10000151,15,High Speed Automatic Electric Letter Opener,OFF-SU-10000151,17030.311999999998,OFF-SU-10000151,3
OFF-AP-10001293,10,Belkin 8 Outlet Surge Protector,OFF-AP-10001293,1073.676,OFF-AP-10001293,7
TEC-PH-10000675,8,Panasonic KX TS3282B Corded phone,TEC-PH-10000675,590.328,TEC-PH-10000675,3
OFF-ST-10003470,5,"Tennsco Snap-Together Open Shelving Units, Starter Sets and Add-On Units",OFF-ST-10003470,6819.312,OFF-ST-10003470,6
OFF-LA-10004559,3,Avery 49,OFF-LA-10004559,66.816,OFF-LA-10004559,6
OFF-AP-10002651,10,Hoover Upright Vacuum With Dirt Cup,OFF-AP-10002651,6832.908,OFF-AP-10002651,6
TEC-AC-10002550,12,Maxell 4.7GB DVD-RW 3/Pack,TEC-AC-10002550,619.4159999999999,TEC-AC-10002550,8
OFF-BI-10000829,9,Avery Non-Stick Binders,OFF-BI-10000829,141.884,OFF-BI-10000829,7
TEC-PH-10002555,8,Nortel Meridian M5316 Digital phone,TEC-PH-10002555,1450.12,TEC-PH-10002555,3
FUR-BO-10003450,1,"Bush Westfield Collection Bookcases, Dark Cherry Finish",FUR-BO-10003450,649.376,FUR-BO-10003450,3
FUR-FU-10004665,6,"3M Polarizing Task Lamp with Clamp Arm, Light Gray",FUR-FU-10004665,2191.68,FUR-FU-10004665,4
TEC-PH-10000369,8,HTC One Mini,TEC-PH-10000369,2041.038,TEC-PH-10000369,4
TEC-AC-10001590,12,Dell Slim USB Multimedia Keyboard,TEC-AC-10001590,125.0,TEC-AC-10001590,2
FUR-FU-10004909,6,Contemporary Wood/Metal Frame,FUR-FU-10004909,193.92,FUR-FU-10004909,4
FUR-BO-10004357,1,O'Sullivan Living Dimensions 3-Shelf Bookcases,FUR-BO-10004357,2220.8289999999997,FUR-BO-10004357,3
TEC-AC-10000387,12,KeyTronic KT800P2 - Keyboard - Black,TEC-AC-10000387,75.1,TEC-AC-10000387,3
OFF-BI-10001308,9,GBC Standard Plastic Binding Systems' Combs,OFF-BI-10001308,108.644,OFF-BI-10001308,8
OFF-AP-10002734,10,Holmes Harmony HEPA Air Purifier for 17 x 20 Room,OFF-AP-10002734,675.12,OFF-AP-10002734,1
FUR-FU-10004587,6,"GE General Use Halogen Bulbs, 100 Watts, 1 Bulb per Pack",FUR-FU-10004587,138.204,FUR-FU-10004587,2
TEC-PH-10004833,8,Macally Suction Cup Mount,TEC-PH-10004833,279.63,TEC-PH-10004833,4
FUR-FU-10001847,6,Eldon Image Series Black Desk Accessories,FUR-FU-10001847,48.852,FUR-FU-10001847,5
FUR-FU-10002045,6,"Executive Impressions 14""",FUR-FU-10002045,377.90999999999997,FUR-FU-10002045,4
FUR-FU-10004671,6,"Executive Impressions 12"" Wall Clock",FUR-FU-10004671,176.7,FUR-FU-10004671,6
FUR-TA-10003569,4,Bretford CR8500 Series Meeting Room Furniture,FUR-TA-10003569,6776.562000000001,FUR-TA-10003569,6
TEC-PH-10002310,8,Plantronics Calisto P620-M USB Wireless Speakerphone System,TEC-PH-10002310,2968.626,TEC-PH-10002310,6
OFF-PA-10001752,11,Hammermill CopyPlus Copy Paper (20Lb. and 84 Bright),OFF-PA-10001752,32.868,OFF-PA-10001752,3
TEC-MA-10003356,16,Panasonic KX MC6040 Color Laser Multifunction Printer,TEC-MA-10003356,1619.82,TEC-MA-10003356,2
OFF-AR-10003727,7,Berol Giant Pencil Sharpener,OFF-AR-10003727,254.85000000000002,OFF-AR-10003727,4
TEC-AC-10001635,12,KeyTronic KT400U2 - Keyboard - Black,TEC-AC-10001635,148.03199999999998,TEC-AC-10001635,3
OFF-LA-10003663,3,Avery 498,OFF-LA-10003663,35.258,OFF-LA-10003663,3
TEC-CO-10004722,17,Canon imageCLASS 2200 Advanced Copier,TEC-CO-10004722,61599.824,TEC-CO-10004722,5
TEC-MA-10002210,16,Epson TM-T88V Direct Thermal Printer - Monochrome - Desktop,TEC-MA-10002210,1212.705,TEC-MA-10002210,2
OFF-BI-10003196,9,Accohide Poly Flexible Ring Binders,OFF-BI-10003196,43.758,OFF-BI-10003196,8
FUR-CH-10002017,2,SAFCO Optional Arm Kit for Workspace Cribbage Stacking Chair,FUR-CH-10002017,245.088,FUR-CH-10002017,5
FUR-FU-10003829,6,Stackable Trays,FUR-FU-10003829,65.296,FUR-FU-10003829,7
OFF-PA-10000697,11,"TOPS Voice Message Log Book, Flash Format",OFF-PA-10000697,49.504,OFF-PA-10000697,3
OFF-AR-10004691,7,Boston 1730 StandUp Electric Pencil Sharpener,OFF-AR-10004691,171.04,OFF-AR-10004691,3
FUR-FU-10004270,6,"Executive Impressions 13"" Clairmont Wall Clock",FUR-FU-10004270,426.56,FUR-FU-10004270,16
OFF-BI-10000948,9,"GBC Laser Imprintable Binding System Covers, Desert Sand",OFF-BI-10000948,112.733,OFF-BI-10000948,5
OFF-PA-10000223,11,Xerox 2000,OFF-PA-10000223,84.24000000000001,OFF-PA-10000223,5
OFF-PA-10000062,11,Green Bar Computer Printout Paper,OFF-PA-10000062,857.376,OFF-PA-10000062,5
FUR-BO-10003404,1,"Global Adaptabilites Bookcase, Cherry/Storm Gray Finish",FUR-BO-10003404,3447.84,FUR-BO-10003404,2
OFF-BI-10004233,9,"GBC Pre-Punched Binding Paper, Plastic, White, 8-1/2"" x 11""",OFF-BI-10004233,207.87,OFF-BI-10004233,6
TEC-PH-10002834,8,Google Nexus 5,TEC-PH-10002834,3815.788,TEC-PH-10002834,5
FUR-CH-10003761,2,Global Italian Leather Office Chair,FUR-CH-10003761,969.252,FUR-CH-10003761,2
OFF-PA-10004665,11,Advantus Motivational Note Cards,OFF-PA-10004665,227.94,OFF-PA-10004665,5
OFF-BI-10001196,9,"Avery Flip-Chart Easel Binder, Black",OFF-BI-10001196,239.466,OFF-BI-10001196,4
TEC-MA-10002981,16,I.R.I.S IRISCard Anywhere 5 Card Scanner,TEC-MA-10002981,350.973,TEC-MA-10002981,1
TEC-PH-10003601,8,"Ativa D5772 2-Line 5.8GHz Digital Expandable Corded/Cordless Phone System with Answering & Caller ID/Call Waiting, Black/Silver",TEC-PH-10003601,1979.88,TEC-PH-10003601,4
OFF-BI-10002003,9,Ibico Presentation Index for Binding Systems,OFF-BI-10002003,72.038,OFF-BI-10002003,7
OFF-PA-10003016,11,"Adams ""While You Were Out"" Message Pads",OFF-PA-10003016,72.848,OFF-PA-10003016,5
OFF-PA-10002246,11,"Wirebound Four 2-3/4 x 5 Forms per Page, 400 Sets per Book",OFF-PA-10002246,119.97,OFF-PA-10002246,6
TEC-PH-10002890,8,AT&T 17929 Lendline Telephone,TEC-PH-10002890,1339.104,TEC-PH-10002890,10
TEC-MA-10003626,16,Hewlett-Packard Deskjet 6540 Color Inkjet Printer,TEC-MA-10003626,1396.21,TEC-MA-10003626,2
TEC-MA-10002412,16,Cisco TelePresence System EX90 Videoconferencing Unit,TEC-MA-10002412,22638.48,TEC-MA-10002412,1
OFF-AR-10003183,7,Avery Fluorescent Highlighter Four-Color Set,OFF-AR-10003183,65.464,OFF-AR-10003183,8
OFF-PA-10002319,11,Xerox 1944,OFF-PA-10002319,573.648,OFF-PA-10002319,6
OFF-PA-10001246,11,Xerox 215,OFF-PA-10001246,19.44,OFF-PA-10001246,1
OFF-PA-10001815,11,Xerox 1885,OFF-PA-10001815,960.8,OFF-PA-10001815,5
FUR-FU-10001876,6,"Computer Room Manger, 14""",FUR-FU-10001876,636.6080000000001,FUR-FU-10001876,7
TEC-PH-10004531,8,AT&T CL2909,TEC-PH-10004531,1041.81,TEC-PH-10004531,7
TEC-PH-10000673,8,Plantronics Voyager Pro HD - Bluetooth Headset,TEC-PH-10000673,1221.812,TEC-PH-10000673,5
TEC-PH-10002075,8,AT&T EL51110 DECT,TEC-PH-10002075,377.97,TEC-PH-10002075,1
TEC-PH-10003691,8,BlackBerry Q10,TEC-PH-10003691,3099.354,TEC-PH-10003691,6
OFF-SU-10000157,15,Compact Automatic Electric Letter Opener,OFF-SU-10000157,2982.75,OFF-SU-10000157,8
TEC-AC-10004227,12,SanDisk Ultra 16 GB MicroSDHC Class 10 Memory Card,TEC-AC-10004227,329.946,TEC-AC-10004227,7
TEC-AC-10004127,12,SanDisk Cruzer 8 GB USB Flash Drive,TEC-AC-10004127,27.168,TEC-AC-10004127,1
FUR-CH-10002758,2,"Hon Deluxe Fabric Upholstered Stacking Chairs, Squared Back",FUR-CH-10002758,1268.696,FUR-CH-10002758,2
OFF-ST-10000532,5,Advantus Rolling Drawer Organizers,OFF-ST-10000532,1115.92,OFF-ST-10000532,6
TEC-AC-10003709,12,Maxell 4.7GB DVD-R 5/Pack,TEC-AC-10003709,19.008,TEC-AC-10003709,5
OFF-BI-10003166,9,GBC Plasticlear Binding Covers,OFF-BI-10003166,68.88,OFF-BI-10003166,7
OFF-ST-10004835,5,Plastic Stacking Crates & Casters,OFF-ST-10004835,35.712,OFF-ST-10004835,4
OFF-AP-10000159,10,Belkin F9M820V08 8 Outlet Surge,OFF-AP-10000159,558.74,OFF-AP-10000159,3
OFF-AP-10001242,10,APC 7 Outlet Network SurgeArrest Surge Protector,OFF-AP-10001242,1207.2,OFF-AP-10001242,8
TEC-AC-10003433,12,Maxell 4.7GB DVD+R 5/Pack,TEC-AC-10003433,11.682,TEC-AC-10003433,5
TEC-PH-10003187,8,Anker Astro Mini 3000mAh Ultra-Compact Portable Charger,TEC-PH-10003187,147.926,TEC-PH-10003187,4
OFF-FA-10002763,14,Advantus Map Pennant Flags and Round Head Tacks,OFF-FA-10002763,87.69,OFF-FA-10002763,6
OFF-PA-10004239,11,Xerox 1953,OFF-PA-10004239,47.08,OFF-PA-10004239,4
OFF-PA-10004782,11,Xerox 228,OFF-PA-10004782,97.2,OFF-PA-10004782,4
FUR-FU-10001185,6,"Advantus Employee of the Month Certificate Frame, 11 x 13-1/2",FUR-FU-10001185,649.53,FUR-FU-10001185,4
OFF-PA-10003270,11,Xerox 1954,OFF-PA-10003270,84.48,OFF-PA-10003270,4
OFF-PA-10002421,11,Embossed Ink Jet Note Cards,OFF-PA-10002421,284.382,OFF-PA-10002421,4
OFF-PA-10002923,11,Xerox 1942,OFF-PA-10002923,597.068,OFF-PA-10002923,6
OFF-ST-10001128,5,"Carina Mini System Audio Rack, Model AR050B",OFF-ST-10001128,1731.288,OFF-ST-10001128,5
OFF-PA-10000520,11,Xerox 201,OFF-PA-10000520,110.16,OFF-PA-10000520,5
FUR-FU-10003832,6,"Eldon Expressions Punched Metal & Wood Desk Accessories, Black & Cherry",FUR-FU-10003832,155.708,FUR-FU-10003832,5
FUR-FU-10000409,6,"GE 4 Foot Flourescent Tube, 40 Watt",FUR-FU-10000409,98.868,FUR-FU-10000409,3
TEC-PH-10004389,8,Nokia Lumia 925,TEC-PH-10004389,1310.296,TEC-PH-10004389,3
OFF-SU-10000946,15,Staple remover,OFF-SU-10000946,153.216,OFF-SU-10000946,4
FUR-FU-10001546,6,Dana Swing-Arm Lamps,FUR-FU-10001546,108.936,FUR-FU-10001546,7
OFF-PA-10000791,11,"Wirebound Message Books, Four 2 3/4 x 5 Forms per Page, 200 Sets per Book",OFF-PA-10000791,115.434,OFF-PA-10000791,6
OFF-PA-10003739,11,Xerox 1969,OFF-PA-10003739,11.56,OFF-PA-10003739,1
FUR-FU-10000771,6,"Eldon 200 Class Desk Accessories, Smoke",FUR-FU-10000771,138.16,FUR-FU-10000771,4
OFF-ST-10002615,5,"Dual Level, Single-Width Filing Carts",OFF-ST-10002615,5489.124,OFF-ST-10002615,8
OFF-PA-10000327,11,Xerox 1971,OFF-PA-10000327,110.424,OFF-PA-10000327,5
OFF-EN-10003286,13,Staple envelope,OFF-EN-10003286,284.832,OFF-EN-10003286,7
OFF-AR-10003772,7,Boston 16750 Black Compact Battery Pencil Sharpener,OFF-AR-10003772,43.75,OFF-AR-10003772,2
OFF-AR-10003338,7,"Eberhard Faber 3 1/2"" Golf Pencils",OFF-AR-10003338,139.872,OFF-AR-10003338,7
FUR-FU-10002116,6,"Tenex Carpeted, Granite-Look or Clear Contemporary Contour Shape Chair Mats",FUR-FU-10002116,763.6679999999999,FUR-FU-10002116,5
FUR-CH-10000422,2,Global Highback Leather Tilter in Burgundy,FUR-CH-10000422,2647.809,FUR-CH-10000422,9
FUR-FU-10002685,6,"Executive Impressions 13-1/2"" Indoor/Outdoor Wall Clock",FUR-FU-10002685,56.099999999999994,FUR-FU-10002685,2
FUR-FU-10004963,6,"Eldon 400 Class Desk Accessories, Black Carbon",FUR-FU-10004963,145.25,FUR-FU-10004963,5
OFF-BI-10000174,9,"Wilson Jones Clip & Carry Folder Binder Tool for Ring Binders, Clear",OFF-BI-10000174,183.28,OFF-BI-10000174,8
FUR-CH-10004875,2,Harbour Creations 67200 Series Stacking Chairs,FUR-CH-10004875,1501.8980000000001,FUR-CH-10004875,8
FUR-FU-10000305,6,"Tenex V2T-RE Standard Weight Series Chair Mat, 45"" x 53"", Lip 25"" x 12""",FUR-FU-10000305,468.46799999999996,FUR-FU-10000305,3
TEC-PH-10001459,8,Samsung Galaxy Mega 6.3,TEC-PH-10001459,13943.668,TEC-PH-10001459,6
FUR-FU-10002445,6,"DAX Two-Tone Rosewood/Black Document Frame, Desktop, 5 x 7",FUR-FU-10002445,216.144,FUR-FU-10002445,8
OFF-PA-10000213,11,Xerox 198,OFF-PA-10000213,75.696,OFF-PA-10000213,3
FUR-CH-10001797,2,"Safco Chair Connectors, 6/Carton",FUR-CH-10001797,881.192,FUR-CH-10001797,4
OFF-PA-10003848,11,Xerox 1997,OFF-PA-10003848,165.888,OFF-PA-10003848,7
FUR-FU-10000755,6,Eldon Expressions Mahogany Wood Desk Collection,FUR-FU-10000755,93.6,FUR-FU-10000755,2
OFF-BI-10004654,9,VariCap6 Expandable Binder,OFF-BI-10004654,214.573,OFF-BI-10004654,11
FUR-FU-10000550,6,Stacking Trays by OIC,FUR-FU-10000550,72.708,FUR-FU-10000550,6
TEC-MA-10004521,16,Epson Perfection V600 Photo Scanner,TEC-MA-10004521,206.991,TEC-MA-10004521,1
OFF-BI-10003655,9,Durable Pressboard Binders,OFF-BI-10003655,37.239999999999995,OFF-BI-10003655,2
OFF-AP-10003779,10,Kensington 7 Outlet MasterPiece Power Center with Fax/Phone Line Protection,OFF-AP-10003779,1473.108,OFF-AP-10003779,4
OFF-FA-10002701,14,Alliance Rubber Bands,OFF-FA-10002701,13.440000000000001,OFF-FA-10002701,2
OFF-BI-10002799,9,"SlimView Poly Binder, 3/8""",OFF-BI-10002799,117.58599999999998,OFF-BI-10002799,7
OFF-AR-10003582,7,"Boston Electric Pencil Sharpener, Model 1818, Charcoal Black",OFF-AR-10003582,523.59,OFF-AR-10003582,8
FUR-FU-10004666,6,DAX Clear Channel Poster Frame,FUR-FU-10004666,119.556,FUR-FU-10004666,3
OFF-EN-10002312,13,#10 Self-Seal White Envelopes,OFF-EN-10002312,108.682,OFF-EN-10002312,4
FUR-CH-10002320,2,Hon Pagoda Stacking Chairs,FUR-CH-10002320,6483.796,FUR-CH-10002320,4
OFF-AR-10001216,7,Newell 339,OFF-AR-10001216,26.688000000000002,OFF-AR-10001216,3
FUR-FU-10003247,6,36X48 HARDFLOOR CHAIRMAT,FUR-FU-10003247,369.24800000000005,FUR-FU-10003247,6
FUR-TA-10003837,4,Anderson Hickey Conga Table Tops & Accessories,FUR-TA-10003837,51.782,FUR-TA-10003837,2
TEC-PH-10002350,8,Apple EarPods with Remote and Mic,TEC-PH-10002350,251.91,TEC-PH-10002350,4
TEC-AC-10000397,12,"Perixx PERIBOARD-512B, Ergonomic Split Keyboard",TEC-AC-10000397,419.88,TEC-AC-10000397,3
TEC-AC-10004001,12,Logitech Wireless Headset H600 Over-The-Head Design,TEC-AC-10004001,386.90999999999997,TEC-AC-10004001,2
OFF-PA-10001534,11,Xerox 230,OFF-PA-10001534,127.008,OFF-PA-10001534,5
FUR-FU-10002379,6,Eldon Econocleat Chair Mats for Low Pile Carpets,FUR-FU-10002379,124.41,FUR-FU-10002379,1
TEC-PH-10000526,8,Vtech CS6719,TEC-PH-10000526,2630.126,TEC-PH-10000526,7
OFF-PA-10001977,11,Xerox 194,OFF-PA-10001977,443.84000000000003,OFF-PA-10001977,4
FUR-BO-10003660,1,"Bush Cubix Collection Bookcases, Fully Assembled",FUR-BO-10003660,729.2339999999999,FUR-BO-10003660,3
OFF-BI-10001267,9,"Universal Recycled Hanging Pressboard Report Binders, Letter Size",OFF-BI-10001267,62.934,OFF-BI-10001267,4
OFF-PA-10002741,11,Xerox 1980,OFF-PA-10002741,34.24,OFF-PA-10002741,2
OFF-PA-10001471,11,Strathmore Photo Frame Cards,OFF-PA-10001471,116.96000000000001,OFF-PA-10001471,4
TEC-MA-10001972,16,Okidata C331dn Printer,TEC-MA-10001972,3210.8,TEC-MA-10001972,5
FUR-FU-10003464,6,"Seth Thomas 8 1/2"" Cubicle Clock",FUR-FU-10003464,210.912,FUR-FU-10003464,4
TEC-PH-10002200,8,Aastra 6757i CT Wireless VoIP phone,TEC-PH-10002200,7437.886,TEC-PH-10002200,8
OFF-PA-10004438,11,Xerox 1907,OFF-PA-10004438,98.24,OFF-PA-10004438,2
FUR-FU-10004586,6,G.E. Longer-Life Indoor Recessed Floodlight Bulbs,FUR-FU-10004586,81.00800000000001,FUR-FU-10004586,6
TEC-PH-10004908,8,Panasonic KX TS3282W Corded phone,TEC-PH-10004908,1665.804,TEC-PH-10004908,7
FUR-CH-10004495,2,"Global Leather and Oak Executive Chair, Black",FUR-CH-10004495,6410.874,FUR-CH-10004495,8
TEC-MA-10000418,16,Cubify CubeX 3D Printer Double Head Print,TEC-MA-10000418,11099.963,TEC-MA-10000418,3
OFF-BI-10004600,9,Ibico Ibimaster 300 Manual Binding System,OFF-BI-10004600,7249.403,OFF-BI-10004600,7
OFF-BI-10004040,9,Wilson Jones Impact Binders,OFF-BI-10004040,134.68,OFF-BI-10004040,9
OFF-AR-10001615,7,Newell 34,OFF-AR-10001615,460.288,OFF-AR-10001615,7
TEC-PH-10001299,8,Polycom CX300 Desktop Phone USB VoIP phone,TEC-PH-10001299,1679.8880000000001,TEC-PH-10001299,5
OFF-AR-10004260,7,Boston 1799 Powerhouse Electric Pencil Sharpener,OFF-AR-10004260,389.70000000000005,OFF-AR-10004260,3
OFF-EN-10004773,13,Staple envelope,OFF-EN-10004773,433.72,OFF-EN-10004773,4
OFF-BI-10001787,9,Wilson Jones Four-Pocket Poly Binders,OFF-BI-10001787,62.13,OFF-BI-10001787,4
OFF-ST-10002957,5,Sterilite Show Offs Storage Containers,OFF-ST-10002957,78.144,OFF-ST-10002957,5
OFF-FA-10001883,14,"Alliance Super-Size Bands, Assorted Sizes",OFF-FA-10001883,197.61200000000002,OFF-FA-10001883,4
TEC-PH-10001644,8,"BlueLounge Milo Smartphone Stand, White/Metallic",TEC-PH-10001644,335.888,TEC-PH-10001644,3
OFF-LA-10000407,3,Avery White Multi-Purpose Labels,OFF-LA-10000407,95.616,OFF-LA-10000407,4
TEC-AC-10000420,12,Logitech G500s Laser Gaming Mouse with Adjustable Weight Tuning,TEC-AC-10000420,1399.8,TEC-AC-10000420,4
OFF-EN-10004846,13,Letter or Legal Size Expandable Poly String Tie Envelopes,OFF-EN-10004846,36.708,OFF-EN-10004846,4
OFF-SU-10003567,15,Stiletto Hand Letter Openers,OFF-SU-10003567,136.32,OFF-SU-10003567,4
OFF-ST-10002301,5,Tennsco Commercial Shelving,OFF-ST-10002301,374.256,OFF-ST-10002301,9
TEC-PH-10003095,8,Samsung HM1900 Bluetooth Headset,TEC-PH-10003095,491.68,TEC-PH-10003095,7
TEC-PH-10004912,8,Cisco SPA112 2 Port Phone Adapter,TEC-PH-10004912,351.68,TEC-PH-10004912,2
OFF-AR-10000799,7,Col-Erase Pencils with Erasers,OFF-AR-10000799,37.696,OFF-AR-10000799,2
OFF-PA-10004609,11,Xerox 221,OFF-PA-10004609,73.872,OFF-PA-10004609,3
TEC-PH-10003171,8,Plantronics Encore H101 Dual Earpieces Headset,TEC-PH-10003171,746.17,TEC-PH-10003171,7
OFF-AP-10000595,10,Disposable Triple-Filter Dust Bags,OFF-AP-10000595,30.59,OFF-AP-10000595,3
TEC-AC-10003399,12,Memorex Mini Travel Drive 64 GB USB 2.0 Flash Drive,TEC-AC-10003399,507.36,TEC-AC-10003399,5
TEC-MA-10002428,16,Fellowes Powershred HS-440 4-Sheet High Security Shredder,TEC-MA-10002428,2541.8360000000002,TEC-MA-10002428,3
TEC-PH-10001128,8,Motorola Droid Maxx,TEC-PH-10001128,2609.826,TEC-PH-10001128,4
OFF-PA-10001033,11,Xerox 1893,OFF-PA-10001033,1434.65,OFF-PA-10001033,11
TEC-AC-10000474,12,Kensington Expert Mouse Optical USB Trackball for PC or Mac,TEC-AC-10000474,1690.8220000000001,TEC-AC-10000474,6
FUR-FU-10002963,6,"Master Caster Door Stop, Gray",FUR-FU-10002963,47.752,FUR-FU-10002963,4
FUR-FU-10000193,6,Tenex Chairmats For Use with Hard Floors,FUR-FU-10000193,467.712,FUR-FU-10000193,6
OFF-BI-10000962,9,"Acco Flexible ACCOHIDE Square Ring Data Binder, Dark Blue, 11 1/2"" X 14"" 7/8""",OFF-BI-10000962,410.004,OFF-BI-10000962,10
OFF-AP-10002867,10,Fellowes Command Center 5-outlet power strip,OFF-AP-10002867,664.832,OFF-AP-10002867,4
FUR-BO-10002916,1,"Rush Hierlooms Collection 1"" Thick Stackable Bookcases",FUR-BO-10002916,2487.759,FUR-BO-10002916,4
FUR-TA-10004152,4,"Barricks 18"" x 48"" Non-Folding Utility Table with Bottom Storage Shelf",FUR-TA-10004152,1088.64,FUR-TA-10004152,5
FUR-FU-10000672,6,"Executive Impressions 10"" Spectator Wall Clock",FUR-FU-10000672,258.72,FUR-FU-10000672,5
FUR-BO-10002598,1,"Hon Metal Bookcases, Putty",FUR-BO-10002598,1320.228,FUR-BO-10002598,5
OFF-ST-10004950,5,"Tenex Personal Filing Tote With Secure Closure Lid, Black/Frost",OFF-ST-10004950,652.624,OFF-ST-10004950,11
OFF-PA-10004610,11,Xerox 1900,OFF-PA-10004610,75.328,OFF-PA-10004610,6
FUR-FU-10000320,6,OIC Stacking Trays,FUR-FU-10000320,82.832,FUR-FU-10000320,6
FUR-CH-10003535,2,"Global Armless Task Chair, Royal Blue",FUR-CH-10003535,1396.442,FUR-CH-10003535,8
FUR-FU-10003919,6,Eldon Executive Woodline II Cherry Finish Desk Accessories,FUR-FU-10003919,98.13600000000001,FUR-FU-10003919,2
OFF-PA-10000174,11,"Message Book, Wirebound, Four 5 1/2"" X 4"" Forms/Pg., 200 Dupl. Sets/Book",OFF-PA-10000174,152.144,OFF-PA-10000174,6
FUR-FU-10002703,6,"Tenex Traditional Chairmats for Hard Floors, Average Lip, 36"" x 48""",FUR-FU-10002703,180.46,FUR-FU-10002703,2
TEC-PH-10002415,8,Polycom VoiceStation 500 Conference phone,TEC-PH-10002415,3657.38,TEC-PH-10002415,5
OFF-AR-10000657,7,"Binney & Smith inkTank Desk Highlighter, Chisel Tip, Yellow, 12/Box",OFF-AR-10000657,45.15,OFF-AR-10000657,5
OFF-PA-10004996,11,"Speediset Carbonless Redi-Letter 7"" x 8 1/2""",OFF-PA-10004996,160.83599999999998,OFF-PA-10004996,4
OFF-PA-10003363,11,Xerox 204,OFF-PA-10003363,110.16,OFF-PA-10003363,4
TEC-AC-10002305,12,KeyTronic E03601U1 - Keyboard - Beige,TEC-AC-10002305,306.0,TEC-AC-10002305,5
TEC-AC-10000990,12,Imation Bio 2GB USB Flash Drive Imation Corp,TEC-AC-10000990,2098.88,TEC-AC-10000990,3
FUR-BO-10001608,1,"Hon Metal Bookcases, Black",FUR-BO-10001608,1570.0775999999998,FUR-BO-10001608,5
FUR-BO-10000112,1,"Bush Birmingham Collection Bookcase, Dark Cherry",FUR-BO-10000112,825.174,FUR-BO-10000112,1
TEC-PH-10004120,8,AT&T 1080 Phone,TEC-PH-10004120,1589.084,TEC-PH-10004120,3
OFF-BI-10003476,9,Avery Metallic Poly Binders,OFF-BI-10003476,135.80100000000002,OFF-BI-10003476,6
TEC-MA-10002859,16,Ativa MDM8000 8-Sheet Micro-Cut Shredder,TEC-MA-10002859,917.8979999999999,TEC-MA-10002859,2
OFF-AP-10001947,10,Acco 6 Outlet Guardian Premium Plus Surge Suppressor,OFF-AP-10001947,289.456,OFF-AP-10001947,6
OFF-LA-10001982,3,Smead Alpha-Z Color-Coded Name Labels First Letter Starter Set,OFF-LA-10001982,62.25,OFF-LA-10001982,4
TEC-PH-10003484,8,Ooma Telo VoIP Home Phone System,TEC-PH-10003484,2015.8400000000001,TEC-PH-10003484,5
OFF-PA-10000007,11,"Telephone Message Books with Fax/Mobile Section, 4 1/4"" x 6""",OFF-PA-10000007,51.120000000000005,OFF-PA-10000007,3
OFF-PA-10000552,11,Xerox 200,OFF-PA-10000552,84.24000000000001,OFF-PA-10000552,5
TEC-MA-10001148,16,Okidata MB491 Multifunction Printer,TEC-MA-10001148,5204.241,TEC-MA-10001148,5
OFF-AR-10004062,7,Staples in misc. colors,OFF-AR-10004062,157.2,OFF-AR-10004062,3
OFF-ST-10000321,5,Akro Stacking Bins,OFF-ST-10000321,91.524,OFF-ST-10000321,6
OFF-AR-10001149,7,"Avery Hi-Liter Comfort Grip Fluorescent Highlighter, Yellow Ink",OFF-AR-10001149,80.952,OFF-AR-10001149,7
TEC-AC-10002134,12,Rosewill 107 Normal Keys USB Wired Standard Keyboard,TEC-AC-10002134,105.14399999999999,TEC-AC-10002134,3
TEC-PH-10004071,8,PayAnywhere Card Reader,TEC-PH-10004071,199.8,TEC-PH-10004071,5
OFF-PA-10004039,11,Xerox 1882,OFF-PA-10004039,391.85999999999996,OFF-PA-10004039,4
TEC-AC-10002550,12,"Memorex 25GB 6X Branded Blu-Ray Recordable Disc, 30/Pack",TEC-AC-10002550,619.4159999999999,TEC-AC-10002550,8
OFF-AR-10001725,7,Boston Home & Office Model 2000 Electric Pencil Sharpeners,OFF-AR-10001725,297.99,OFF-AR-10001725,6
OFF-AR-10004269,7,Newell 31,OFF-AR-10004269,94.99000000000001,OFF-AR-10004269,5
OFF-BI-10003007,9,"Premium Transparent Presentation Covers, No Pattern/Clear, 8 1/2"" x 11""",OFF-BI-10003007,698.04,OFF-BI-10003007,7
OFF-PA-10002195,11,Xerox 1966,OFF-PA-10002195,132.904,OFF-PA-10002195,11
OFF-SU-10002522,15,Acme Kleen Earth Office Shears,OFF-SU-10002522,44.232,OFF-SU-10002522,5
TEC-AC-10004859,12,"Maxell Pro 80 Minute CD-R, 10/Pack",TEC-AC-10004859,220.248,TEC-AC-10004859,3
TEC-AC-10002558,12,Imation Swivel Flash Drive USB flash drive - 8 GB,TEC-AC-10002558,54.57599999999999,TEC-AC-10002558,2
FUR-FU-10001731,6,Acrylic Self-Standing Desk Frames,FUR-FU-10001731,93.984,FUR-FU-10001731,8
OFF-SU-10004782,15,"Elite 5"" Scissors",OFF-SU-10004782,179.14,OFF-SU-10004782,7
OFF-SU-10000432,15,Acco Side-Punched Conventional Columnar Pads,OFF-SU-10000432,41.64,OFF-SU-10000432,4
OFF-LA-10004409,3,Avery 492,OFF-LA-10004409,53.568,OFF-LA-10004409,5
OFF-ST-10001031,5,Adjustable Personal File Tote,OFF-ST-10001031,270.24800000000005,OFF-ST-10001031,5
OFF-LA-10000476,3,"Avery 05222 Permanent Self-Adhesive File Folder Labels for Typewriters, on Rolls, White, 250/Roll",OFF-LA-10000476,20.65,OFF-LA-10000476,2
OFF-AR-10002987,7,Prismacolor Color Pencil Set,OFF-AR-10002987,396.8,OFF-AR-10002987,6
TEC-CO-10001571,17,Sharp 1540cs Digital Laser Copier,TEC-CO-10001571,4399.92,TEC-CO-10001571,7
FUR-FU-10003026,6,"Eldon Regeneration Recycled Desk Accessories, Black",FUR-FU-10003026,39.688,FUR-FU-10003026,3
OFF-ST-10001034,5,Eldon File Chest Portable File,OFF-ST-10001034,79.4,OFF-ST-10001034,1
TEC-AC-10000521,12,"Verbatim Slim CD and DVD Storage Cases, 50/Pack",TEC-AC-10000521,80.78,TEC-AC-10000521,4
OFF-SU-10003002,15,Letter Slitter,OFF-SU-10003002,10.08,OFF-SU-10003002,2
TEC-PH-10000730,8,Samsung Galaxy S4 Active,TEC-PH-10000730,3999.92,TEC-PH-10000730,2
FUR-CH-10004983,2,Office Star - Mid Back Dual function Ergonomic High Back Chair with 2-Way Adjustable Arms,FUR-CH-10004983,4185.48,FUR-CH-10004983,5
OFF-FA-10001332,14,"Acco Banker's Clasps, 5 3/4""-Long",OFF-FA-10001332,40.896,OFF-FA-10001332,5
TEC-AC-10001874,12,Logitech Wireless Anywhere Mouse MX for PC and Mac,TEC-AC-10001874,551.908,TEC-AC-10001874,3
OFF-BI-10000494,9,Acco Economy Flexible Poly Round Ring Binder,OFF-BI-10000494,8.352,OFF-BI-10000494,3
FUR-TA-10003469,4,Balt Split Level Computer Training Table,FUR-TA-10003469,1040.625,FUR-TA-10003469,5
OFF-AR-10003179,7,Dixon Ticonderoga Core-Lock Colored Pencils,OFF-AR-10003179,229.572,OFF-AR-10003179,7
FUR-CH-10003606,2,SAFCO Folding Chair Trolley,FUR-CH-10003606,705.32,FUR-CH-10003606,3
FUR-CH-10003298,2,"Office Star - Contemporary Task Swivel chair with Loop Arms, Charcoal",FUR-CH-10003298,3680.538,FUR-CH-10003298,9
OFF-LA-10003537,3,Avery 515,OFF-LA-10003537,62.650000000000006,OFF-LA-10003537,2
OFF-PA-10000069,11,"TOPS 4 x 6 Fluorescent Color Memo Sheets, 500 Sheets per Pack",OFF-PA-10000069,102.49199999999999,OFF-PA-10000069,3
FUR-FU-10004017,6,"Executive Impressions 13"" Chairman Wall Clock",FUR-FU-10004017,1264.5819999999999,FUR-FU-10004017,7
OFF-PA-10004733,11,Things To Do Today Spiral Book,OFF-PA-10004733,82.368,OFF-PA-10004733,3
TEC-AC-10004814,12,Logitech Illuminated Ultrathin Keyboard with Backlighting,TEC-AC-10004814,170.97,TEC-AC-10004814,1
OFF-SU-10002301,15,Serrated Blade or Curved Handle Hand Letter Openers,OFF-SU-10002301,23.864,OFF-SU-10002301,2
OFF-BI-10004318,9,Ibico EB-19 Dual Function Manual Binding System,OFF-BI-10004318,3234.913,OFF-BI-10004318,8
FUR-FU-10004164,6,"Eldon 300 Class Desk Accessories, Black",FUR-FU-10004164,29.7,FUR-FU-10004164,2
TEC-AC-10001539,12,Logitech G430 Surround Sound Gaming Headset with Dolby 7.1 Technology,TEC-AC-10001539,1167.854,TEC-AC-10001539,3
TEC-PH-10002789,8,LG Exalt,TEC-PH-10002789,1154.326,TEC-PH-10002789,3
OFF-BI-10004828,9,GBC Poly Designer Binding Covers,OFF-BI-10004828,256.122,OFF-BI-10004828,6
OFF-AR-10001770,7,Economy #2 Pencils,OFF-AR-10001770,34.58,OFF-AR-10001770,4
FUR-FU-10004904,6,"Eldon ""L"" Workstation Diamond Chairmat",FUR-FU-10004904,1002.936,FUR-FU-10004904,4
FUR-FU-10002396,6,"DAX Copper Panel Document Frame, 5 x 7 Size",FUR-FU-10002396,120.768,FUR-FU-10002396,4
TEC-AC-10002331,12,"Maxell 74 Minute CDR, 10/Pack",TEC-AC-10002331,232.764,TEC-AC-10002331,5
TEC-AC-10001090,12,Micro Innovations Wireless Classic Keyboard with Mouse,TEC-AC-10001090,107.964,TEC-AC-10001090,2
FUR-BO-10004218,1,"Bush Heritage Pine Collection 5-Shelf Bookcase, Albany Pine Finish, *Special Order",FUR-BO-10004218,3242.54,FUR-BO-10004218,7
TEC-PH-10001619,8,LG G3,TEC-PH-10001619,1803.108,TEC-PH-10001619,4
OFF-PA-10000246,11,Riverleaf Stik-Withit Designer Note Cubes,OFF-PA-10000246,136.816,OFF-PA-10000246,5
OFF-PA-10001461,11,HP Office Paper (20Lb. and 87 Bright),OFF-PA-10001461,86.84,OFF-PA-10001461,2
OFF-AR-10004165,7,"Binney & Smith inkTank Erasable Pocket Highlighter, Chisel Tip, Yellow",OFF-AR-10004165,25.992,OFF-AR-10004165,3
OFF-EN-10001028,13,Staple envelope,OFF-EN-10001028,100.63199999999999,OFF-EN-10001028,2
TEC-PH-10003535,8,RCA ViSYS 25423RE1 Corded phone,TEC-PH-10003535,159.984,TEC-PH-10003535,1
FUR-FU-10001085,6,3M Polarizing Light Filter Sleeves,FUR-FU-10001085,216.34,FUR-FU-10001085,4
OFF-AR-10003481,7,Newell 348,OFF-AR-10003481,65.6,OFF-AR-10003481,6
OFF-PA-10002606,11,Xerox 1928,OFF-PA-10002606,124.608,OFF-PA-10002606,4
FUR-FU-10003731,6,"Eldon Expressions Wood and Plastic Desk Accessories, Oak",FUR-FU-10003731,149.70000000000002,FUR-FU-10003731,5
OFF-AP-10001962,10,Black & Decker Filter for Double Action Dustbuster Cordless Vac BLDV7210,OFF-AP-10001962,229.88600000000002,OFF-AP-10001962,6
FUR-FU-10003798,6,"Ultra Door Kickplate, 8""H x 34""W",FUR-FU-10003798,158.24,FUR-FU-10003798,2
OFF-AR-10002704,7,Boston 1900 Electric Pencil Sharpener,OFF-AR-10002704,14.98,OFF-AR-10002704,1
TEC-AC-10002942,12,WD My Passport Ultra 1TB Portable External Hard Drive,TEC-AC-10002942,1007.4,TEC-AC-10002942,6
TEC-MA-10001016,16,Canon PC170 Desktop Personal Copier,TEC-MA-10001016,575.82,TEC-MA-10001016,2
TEC-AC-10001553,12,"Memorex 25GB 6X Branded Blu-Ray Recordable Disc, 15/Pack",TEC-AC-10001553,373.78,TEC-AC-10001553,5
FUR-FU-10001215,6,"Howard Miller 11-1/2"" Diameter Brentwood Wall Clock",FUR-FU-10001215,681.454,FUR-FU-10001215,4
OFF-PA-10002499,11,Xerox 1890,OFF-PA-10002499,244.7,OFF-PA-10002499,2
TEC-PH-10003215,8,Jackery Bar Premium Fast-charging Portable Charger,TEC-PH-10003215,467.22,TEC-PH-10003215,4
OFF-LA-10002945,3,"Permanent Self-Adhesive File Folder Labels for Typewriters, 1 1/8 x 3 1/2, White",OFF-LA-10002945,153.72,OFF-LA-10002945,6
OFF-AR-10002766,7,Prang Drawing Pencil Set,OFF-AR-10002766,56.156,OFF-AR-10002766,4
TEC-PH-10004434,8,Cisco IP Phone 7961G VoIP phone - Dark gray,TEC-PH-10004434,1386.69,TEC-PH-10004434,3
FUR-BO-10000711,1,"Hon Metal Bookcases, Gray",FUR-BO-10000711,851.76,FUR-BO-10000711,2
OFF-BI-10001120,9,Ibico EPK-21 Electric Binding System,OFF-BI-10001120,15875.916000000001,OFF-BI-10001120,3
OFF-AP-10004655,10,"Holmes Visible Mist Ultrasonic Humidifier with 2.3-Gallon Output per Day, Replacement Filter",OFF-AP-10004655,47.544000000000004,OFF-AP-10004655,2
FUR-BO-10004360,1,Rush Hierlooms Collection Rich Wood Bookcases,FUR-BO-10004360,489.37919999999997,FUR-BO-10004360,2
TEC-AC-10000199,12,Kingston Digital DataTraveler 8GB USB 2.0,TEC-AC-10000199,44.03,TEC-AC-10000199,3
TEC-MA-10001127,16,"HP Designjet T520 Inkjet Large Format Printer - 24"" Color",TEC-MA-10001127,18374.895,TEC-MA-10001127,3
OFF-AR-10001227,7,Newell 338,OFF-AR-10001227,23.52,OFF-AR-10001227,2
FUR-CH-10000229,2,Global Enterprise Series Seating High-Back Swivel/Tilt Chairs,FUR-CH-10000229,2032.35,FUR-CH-10000229,4
FUR-BO-10002853,1,O'Sullivan 5-Shelf Heavy-Duty Bookcases,FUR-BO-10002853,540.804,FUR-BO-10002853,4
OFF-PA-10004022,11,Hammermill Color Copier Paper (28Lb. and 96 Bright),OFF-PA-10004022,29.97,OFF-PA-10004022,2
OFF-PA-10004248,11,Xerox 1990,OFF-PA-10004248,36.96,OFF-PA-10004248,2
OFF-PA-10001363,11,Xerox 1933,OFF-PA-10001363,294.72,OFF-PA-10001363,5
OFF-BI-10003876,9,"Green Canvas Binder for 8-1/2"" x 14"" Sheets",OFF-BI-10003876,569.24,OFF-BI-10003876,5
OFF-EN-10004007,13,Park Ridge Embossed Executive Business Envelopes,OFF-EN-10004007,62.28,OFF-EN-10004007,1
FUR-BO-10003894,1,"Safco Value Mate Steel Bookcase, Baked Enamel Finish on Steel, Black",FUR-BO-10003894,802.074,FUR-BO-10003894,3
TEC-MA-10001570,16,Cisco Desktop Collaboration Experience DX650 IP Video Phone,TEC-MA-10001570,385.8,TEC-MA-10001570,1
FUR-FU-10003930,6,Howard Miller 12-3/4 Diameter Accuwave DS  Wall Clock,FUR-FU-10003930,786.9,FUR-FU-10003930,2
OFF-PA-10000232,11,Xerox 1975,OFF-PA-10000232,69.98400000000001,OFF-PA-10000232,5
OFF-AR-10001972,7,Newell 323,OFF-AR-10001972,21.168,OFF-AR-10001972,3
OFF-AR-10004587,7,"Boston 1827 Commercial Additional Cutter, Drive Gear & Gear Rack for 1606",OFF-AR-10004587,59.489999999999995,OFF-AR-10004587,2
OFF-AP-10001366,10,Staple holder,OFF-AP-10001366,186.66,OFF-AP-10001366,4
OFF-BI-10000216,9,"Mead 1st Gear 2"" Zipper Binder, Asst. Colors",OFF-BI-10000216,54.474000000000004,OFF-BI-10000216,3
TEC-MA-10001047,16,"3D Systems Cube Printer, 2nd Generation, Magenta",TEC-MA-10001047,14299.89,TEC-MA-10001047,2
OFF-LA-10003720,3,Avery 487,OFF-LA-10003720,84.87,OFF-LA-10003720,7
TEC-MA-10003246,16,Hewlett-Packard Deskjet D4360 Printer,TEC-MA-10003246,447.968,TEC-MA-10003246,1
FUR-FU-10000175,6,DAX Wood Document Frame.,FUR-FU-10000175,159.268,FUR-FU-10000175,4
OFF-PA-10000556,11,Xerox 208,OFF-PA-10000556,54.432,OFF-PA-10000556,2
TEC-AC-10003237,12,Memorex Micro Travel Drive 4 GB,TEC-AC-10003237,103.88,TEC-AC-10003237,3
OFF-EN-10003068,13,#6 3/4 Gummed Flap White Envelopes,OFF-EN-10003068,71.28,OFF-EN-10003068,4
FUR-FU-10004053,6,DAX Two-Tone Silver Metal Document Frame,FUR-FU-10004053,234.784,FUR-FU-10004053,6
OFF-PA-10000565,11,Easy-staple paper,OFF-PA-10000565,279.9,OFF-PA-10000565,2
OFF-LA-10000414,3,Avery 503,OFF-LA-10000414,124.2,OFF-LA-10000414,3
OFF-AP-10002998,10,Holmes 99% HEPA Air Purifier,OFF-AP-10002998,333.564,OFF-AP-10002998,4
FUR-BO-10004690,1,O'Sullivan Cherrywood Estates Traditional Barrister Bookcase,FUR-BO-10004690,1072.344,FUR-BO-10004690,2
OFF-AR-10002445,7,SANFORD Major Accent Highlighters,OFF-AR-10002445,209.56799999999998,OFF-AR-10002445,7
FUR-BO-10003546,1,Hon 4-Shelf Metal Bookcases,FUR-BO-10003546,1474.308,FUR-BO-10003546,4
FUR-TA-10003392,4,Global Adaptabilities Conference Tables,FUR-TA-10003392,3540.348,FUR-TA-10003392,4
OFF-AR-10003217,7,Newell 316,OFF-AR-10003217,46.944,OFF-AR-10003217,2
OFF-ST-10001932,5,Fellowes Staxonsteel Drawer Files,OFF-ST-10001932,4829.25,OFF-ST-10001932,7
OFF-AR-10001761,7,Avery Hi-Liter Smear-Safe Highlighters,OFF-AR-10001761,114.464,OFF-AR-10001761,5
OFF-EN-10003567,13,"Inter-Office Recycled Envelopes, Brown Kraft, Button-String,10"" x 13"" , 100/Box",OFF-EN-10003567,197.82,OFF-EN-10003567,3
OFF-PA-10003022,11,Xerox 1992,OFF-PA-10003022,297.12,OFF-PA-10003022,6
FUR-TA-10004442,4,Riverside Furniture Stanwyck Manor Table Series,FUR-TA-10004442,917.9200000000001,FUR-TA-10004442,3
OFF-ST-10000129,5,Fellowes Recycled Storage Drawers,OFF-ST-10000129,1287.9479999999999,OFF-ST-10000129,3
OFF-PA-10004948,11,Xerox 190,OFF-PA-10004948,29.88,OFF-PA-10004948,2
OFF-PA-10001725,11,Xerox 1892,OFF-PA-10001725,116.28,OFF-PA-10001725,1
TEC-PH-10000213,8,Seidio BD2-HK3IPH5-BK DILEX Case and Holster Combo for Apple iPhone 5/5s - Black,TEC-PH-10000213,272.88800000000003,TEC-PH-10000213,3
OFF-PA-10000807,11,"TOPS ""Important Message"" Pads, Canary, 4-1/4 x 5-1/2, 50 Sheets per Pad",OFF-PA-10000807,70.19200000000001,OFF-PA-10000807,3
OFF-ST-10003805,5,"24 Capacity Maxi Data Binder Racks, Pearl",OFF-ST-10003805,3537.24,OFF-ST-10003805,4
OFF-PA-10004353,11,Southworth 25% Cotton Premium Laser Paper and Envelopes,OFF-PA-10004353,527.472,OFF-PA-10004353,5
OFF-EN-10004206,13,Multimedia Mailers,OFF-EN-10004206,325.86,OFF-EN-10004206,1
OFF-LA-10003388,3,Avery 5,OFF-LA-10003388,5.76,OFF-LA-10003388,1
TEC-PH-10000193,8,Jensen SMPS-640 - speaker phone,TEC-PH-10000193,496.584,TEC-PH-10000193,4
FUR-FU-10002111,6,"Master Caster Door Stop, Large Brown",FUR-FU-10002111,59.696,FUR-FU-10002111,3
OFF-ST-10000885,5,Fellowes Desktop Hanging File Manager,OFF-ST-10000885,201.45000000000002,OFF-ST-10000885,4
OFF-PA-10002709,11,Xerox 1956,OFF-PA-10002709,89.7,OFF-PA-10002709,2
FUR-FU-10003424,6,Nu-Dell Oak Frame,FUR-FU-10003424,151.656,FUR-FU-10003424,3
OFF-BI-10003718,9,GBC Therma-A-Bind 250T Electric Binding System,OFF-BI-10003718,1180.704,OFF-BI-10003718,2
FUR-FU-10002508,6,Document Clip Frames,FUR-FU-10002508,45.036,FUR-FU-10002508,2
OFF-AP-10004052,10,"Hoover Replacement Belts For Soft Guard & Commercial Ltweight Upright Vacs, 2/Pk",OFF-AP-10004052,56.09,OFF-AP-10004052,5
OFF-PA-10003134,11,Xerox 1937,OFF-PA-10003134,499.616,OFF-PA-10003134,4
FUR-FU-10000719,6,"DAX Cubicle Frames, 8-1/2 x 11",FUR-FU-10000719,145.69,FUR-FU-10000719,4
FUR-BO-10003893,1,Sauder Camden County Collection Library,FUR-BO-10003893,1368.2620000000002,FUR-BO-10003893,2
TEC-CO-10001943,17,Canon PC-428 Personal Copier,TEC-CO-10001943,3639.818,TEC-CO-10001943,5
FUR-CH-10000749,2,Office Star - Ergonomic Mid Back Chair with 2-Way Adjustable Arms,FUR-CH-10000749,2207.956,FUR-CH-10000749,2
OFF-PA-10003228,11,Xerox 1917,OFF-PA-10003228,1222.75,OFF-PA-10003228,5
TEC-AC-10001542,12,SanDisk Cruzer 16 GB USB Flash Drive,TEC-AC-10001542,107.912,TEC-AC-10001542,3
TEC-AC-10004877,12,Imation 30456 USB Flash Drive 8GB,TEC-AC-10004877,154.56,TEC-AC-10004877,5
TEC-PH-10001305,8,Panasonic KX TS208W Corded phone,TEC-PH-10001305,1185.558,TEC-PH-10001305,5
OFF-PA-10000483,11,Xerox 19,OFF-PA-10000483,415.132,OFF-PA-10000483,4
TEC-AC-10000487,12,SanDisk Cruzer 4 GB USB Flash Drive,TEC-AC-10000487,25.96,TEC-AC-10000487,2
TEC-AC-10002018,12,AmazonBasics 3-Button USB Wired Mouse,TEC-AC-10002018,88.074,TEC-AC-10002018,5
OFF-PA-10004381,11,14-7/8 x 11 Blue Bar Computer Printout Paper,OFF-PA-10004381,422.752,OFF-PA-10004381,4
OFF-EN-10001453,13,"Tyvek Interoffice Envelopes, 9 1/2"" x 12 1/2"", 100/Box",OFF-EN-10001453,939.092,OFF-EN-10001453,5
OFF-SU-10001212,15,Kleencut Forged Office Shears by Acme United Corporation,OFF-SU-10001212,9.568,OFF-SU-10001212,2
OFF-BI-10000201,9,"Avery Triangle Shaped Sheet Lifters, Black, 2/Pack",OFF-BI-10000201,25.83,OFF-BI-10000201,6
TEC-AC-10004396,12,Logitech Keyboard K120,TEC-AC-10004396,174.24,TEC-AC-10004396,3
OFF-PA-10001166,11,Xerox 1932,OFF-PA-10001166,222.432,OFF-PA-10001166,10
OFF-AR-10002467,7,Dixon Ticonderoga Pencils,OFF-AR-10002467,28.608,OFF-AR-10002467,2
FUR-FU-10002813,6,"DAX Contemporary Wood Frame with Silver Metal Mat, Desktop, 11 x 14 Size",FUR-FU-10002813,291.45599999999996,FUR-FU-10002813,5
TEC-MA-10000752,16,Texas Instrument TI-15 Fraction Calculator,TEC-MA-10000752,41.905,TEC-MA-10000752,2
FUR-FU-10004845,6,"Deflect-o EconoMat Nonstudded, No Bevel Mat",FUR-FU-10004845,619.8,FUR-FU-10004845,2
OFF-FA-10000840,14,OIC Thumb-Tacks,OFF-FA-10000840,12.996,OFF-FA-10000840,3
OFF-AR-10001231,7,"Sanford EarthWrite Recycled Pencils, Medium Soft, #2",OFF-AR-10001231,29.4,OFF-AR-10001231,3
TEC-PH-10004875,8,PNY Rapid USB Car Charger - Black,TEC-PH-10004875,9.588,TEC-PH-10004875,1
FUR-CH-10001802,2,Hon Every-Day Chair Series Swivel Task Chairs,FUR-CH-10001802,967.84,FUR-CH-10001802,3
TEC-PH-10003356,8,"SmartStand Mobile Device Holder, Assorted Colors",TEC-PH-10003356,30.756,TEC-PH-10003356,2
OFF-AP-10002670,10,Belkin 8-Outlet Premiere SurgeMaster II Surge Protectors,OFF-AP-10002670,277.92,OFF-AP-10002670,2
OFF-FA-10003485,14,Staples,OFF-FA-10003485,26.724,OFF-FA-10003485,2
OFF-AP-10000390,10,Euro Pro Shark Stick Mini Vacuum,OFF-AP-10000390,170.744,OFF-AP-10000390,3
OFF-PA-10002764,11,Easy-staple paper,OFF-PA-10002764,170.10000000000002,OFF-PA-10002764,3
OFF-PA-10000143,11,Astroparche Fine Business Paper,OFF-PA-10000143,144.672,OFF-PA-10000143,6
TEC-MA-10000045,16,Zebra ZM400 Thermal Label Printer,TEC-MA-10000045,6965.700000000001,TEC-MA-10000045,2
OFF-ST-10000136,5,Letter Size File,OFF-ST-10000136,341.41999999999996,OFF-ST-10000136,2
TEC-PH-10004522,8,Dexim XPower Skin Super-Thin Power Case for iPhone 5 - Black,TEC-PH-10004522,467.92,TEC-PH-10004522,3
TEC-PH-10002584,8,Samsung Galaxy S4,TEC-PH-10002584,6134.701999999999,TEC-PH-10002584,5
FUR-CH-10004626,2,Office Star Flex Back Scooter Chair with Aluminum Finish Frame,FUR-CH-10004626,1543.6170000000002,FUR-CH-10004626,5
TEC-PH-10000562,8,Samsung Convoy 3,TEC-PH-10000562,688.138,TEC-PH-10000562,2
FUR-FU-10001025,6,"Eldon Imàge Series Desk Accessories, Clear",FUR-FU-10001025,53.46,FUR-FU-10001025,3
OFF-LA-10004178,3,Avery 491,OFF-LA-10004178,45.43,OFF-LA-10004178,3
OFF-PA-10003797,11,Xerox 209,OFF-PA-10003797,187.92000000000002,OFF-PA-10003797,5
OFF-EN-10003448,13,"Peel & Seel Recycled Catalog Envelopes, Brown",OFF-EN-10003448,88.008,OFF-EN-10003448,2
OFF-AP-10000938,10,Avanti 1.7 Cu. Ft. Refrigerator,OFF-AP-10000938,2221.56,OFF-AP-10000938,4
OFF-SU-10004737,15,Acme Design Stainless Steel Bent Scissors,OFF-SU-10004737,88.92,OFF-SU-10004737,3
FUR-TA-10001691,4,"Barricks Non-Folding Utility Table with Steel Legs, Laminate Tops",FUR-TA-10001691,136.464,FUR-TA-10001691,1
TEC-MA-10003173,16,Hewlett-Packard 300S Scientific Calculator,TEC-MA-10003173,131.1,TEC-MA-10003173,2
OFF-LA-10000305,3,Avery 495,OFF-LA-10000305,97.02,OFF-LA-10000305,4
TEC-PH-10002583,8,iOttie HLCRIO102 Car Mount,TEC-PH-10002583,215.892,TEC-PH-10002583,5
OFF-AR-10003876,7,"Avery Hi-Liter GlideStik Fluorescent Highlighter, Yellow Ink",OFF-AR-10003876,26.08,OFF-AR-10003876,2
FUR-FU-10004864,6,Eldon 500 Class Desk Accessories,FUR-FU-10004864,1774.462,FUR-FU-10004864,12
OFF-PA-10003063,11,EcoTones Memo Sheets,OFF-PA-10003063,52.8,OFF-PA-10003063,3
OFF-PA-10003302,11,Xerox 1906,OFF-PA-10003302,1098.6399999999999,OFF-PA-10003302,7
TEC-MA-10000423,16,Texas Instruments TI-34 Scientific Calculator,TEC-MA-10000423,204.507,TEC-MA-10000423,3
OFF-PA-10003022,11,Standard Line “While You Were Out” Hardbound Telephone Message Book,OFF-PA-10003022,297.12,OFF-PA-10003022,6
TEC-AC-10004992,12,Kingston Digital DataTraveler 64GB USB 2.0,TEC-AC-10004992,202.68,TEC-AC-10004992,2
OFF-BI-10004099,9,GBC VeloBinder Strips,OFF-BI-10004099,52.992,OFF-BI-10004099,4
OFF-PA-10001215,11,Xerox 1963,OFF-PA-10001215,34.848,OFF-PA-10001215,2
TEC-AC-10003870,12,Logitech Z-906 Speaker sys - home theater - 5.1-CH,TEC-AC-10003870,5609.83,TEC-AC-10003870,4
OFF-AP-10000275,10,"Sanyo Counter Height Refrigerator with Crisper, 3.6 Cubic Foot, Stainless Steel/Black",OFF-AP-10000275,5906.52,OFF-AP-10000275,3
FUR-FU-10003192,6,Luxo Adjustable Task Clamp Lamp,FUR-FU-10003192,1545.816,FUR-FU-10003192,4
OFF-PA-10000859,11,Unpadded Memo Slips,OFF-PA-10000859,18.308,OFF-PA-10000859,2
OFF-AR-10000614,7,Barrel Sharpener,OFF-AR-10000614,67.83000000000001,OFF-AR-10000614,4
OFF-FA-10000089,14,Acco Glide Clips,OFF-FA-10000089,19.6,OFF-FA-10000089,1
FUR-TA-10001771,4,"Bush Cubix Conference Tables, Fully Assembled",FUR-TA-10001771,3603.288,FUR-TA-10001771,4
FUR-CH-10002044,2,"Office Star - Contemporary Task Swivel chair with 2-way adjustable arms, Plum",FUR-CH-10002044,694.194,FUR-CH-10002044,2
TEC-PH-10001795,8,RCA H5401RE1 DECT 6.0 4-Line Cordless Handset With Caller ID/Call Waiting,TEC-PH-10001795,6935.862,TEC-PH-10001795,5
FUR-TA-10001086,4,"SAFCO PlanMaster Boards, 60w x 37-1/2d, White Melamine",FUR-TA-10001086,2979.004,FUR-TA-10001086,5
OFF-PA-10000048,11,Xerox 20,OFF-PA-10000048,6.48,OFF-PA-10000048,1
TEC-MA-10002109,16,"HP Officejet Pro 8600 e-All-In-One Printer, Copier, Scanner, Fax",TEC-MA-10002109,449.97,TEC-MA-10002109,2
OFF-PA-10003036,11,"Black Print Carbonless 8 1/2"" x 8 1/4"" Rapid Memo Book",OFF-PA-10003036,64.06400000000001,OFF-PA-10003036,4
TEC-PH-10001870,8,Lunatik TT5L-002 Taktik Strike Impact Protection System for iPhone 5,TEC-PH-10001870,281.658,TEC-PH-10001870,3
OFF-ST-10002182,5,"Iris 3-Drawer Stacking Bin, Black",OFF-ST-10002182,284.104,OFF-ST-10002182,3
TEC-PH-10001468,8,Panasonic Business Telephones KX-T7736,TEC-PH-10001468,546.06,TEC-PH-10001468,1
OFF-AR-10004010,7,Hunt Boston Vacuum Mount KS Pencil Sharpener,OFF-AR-10004010,671.808,OFF-AR-10004010,5
OFF-ST-10003572,5,Portfile Personal File Boxes,OFF-ST-10003572,99.11999999999999,OFF-ST-10003572,2
OFF-ST-10003994,5,"Belkin 19"" Center-Weighted Shelf, Gray",OFF-ST-10003994,849.3119999999999,OFF-ST-10003994,4
FUR-CH-10001545,2,Hon Comfortask Task/Swivel Chairs,FUR-CH-10001545,1686.904,FUR-CH-10001545,6
FUR-FU-10004245,6,"Career Cubicle Clock, 8 1/4"", Black",FUR-FU-10004245,194.68800000000002,FUR-FU-10004245,3
OFF-EN-10002592,13,"Peel & Seel Recycled Catalog Envelopes, Brown",OFF-EN-10002592,176.01600000000002,OFF-EN-10002592,4
OFF-AR-10000914,7,Boston 16765 Mini Stand Up Battery Pencil Sharpener,OFF-AR-10000914,102.608,OFF-AR-10000914,4
OFF-LA-10003498,3,Avery 475,OFF-LA-10003498,266.4,OFF-LA-10003498,4
TEC-MA-10003329,16,"Vtech AT&T CL2940 Corded Speakerphone, Black",TEC-MA-10003329,71.976,TEC-MA-10003329,1
FUR-FU-10000747,6,Tenex B1-RE Series Chair Mats for Low Pile Carpets,FUR-FU-10000747,910.404,FUR-FU-10000747,6
TEC-PH-10004100,8,Griffin GC17055 Auxiliary Audio Cable,TEC-PH-10004100,395.78,TEC-PH-10004100,6
OFF-ST-10000636,5,Rogers Profile Extra Capacity Storage Tub,OFF-ST-10000636,518.9399999999999,OFF-ST-10000636,7
TEC-PH-10003174,8,RCA ViSYS 25825 Wireless digital phone,TEC-PH-10003174,727.944,TEC-PH-10003174,2
OFF-PA-10001497,11,Xerox 1914,OFF-PA-10001497,956.3040000000001,OFF-PA-10001497,5
OFF-PA-10001952,11,Xerox 1902,OFF-PA-10001952,82.22399999999999,OFF-PA-10001952,2
OFF-SU-10004661,15,Acme Titanium Bonded Scissors,OFF-SU-10004661,102.0,OFF-SU-10004661,5
OFF-BI-10002026,9,Ibico Recycled Linen-Style Covers,OFF-BI-10002026,1631.35,OFF-BI-10002026,13
OFF-PA-10001826,11,Xerox 207,OFF-PA-10001826,40.176,OFF-PA-10001826,2
TEC-MA-10001031,16,Socket Bluetooth Cordless Hand Scanner (CHS),TEC-MA-10001031,506.28,TEC-MA-10001031,1
TEC-MA-10003176,16,Okidata B400 Printer,TEC-MA-10003176,1029.6,TEC-MA-10003176,2
TEC-AC-10002647,12,"Logitech Wireless Boombox Speaker - portable - wireless, wired",TEC-AC-10002647,383.04,TEC-AC-10002647,2
TEC-PH-10002114,8,Xiaomi Mi3,TEC-PH-10002114,2279.96,TEC-PH-10002114,1
OFF-PA-10001593,11,Xerox 1947,OFF-PA-10001593,136.344,OFF-PA-10001593,5
TEC-AC-10004803,12,Sony Micro Vault Click 4 GB USB 2.0 Flash Drive,TEC-AC-10004803,250.92000000000002,TEC-AC-10004803,3
OFF-PA-10001801,11,Xerox 193,OFF-PA-10001801,77.74000000000001,OFF-PA-10001801,3
TEC-PH-10000127,8,iOttie XL Car Mount,TEC-PH-10000127,223.88799999999998,TEC-PH-10000127,2
OFF-AP-10001564,10,Hoover Commercial Lightweight Upright Vacuum with E-Z Empty Dirt Cup,OFF-AP-10001564,1023.3520000000001,OFF-AP-10001564,3
TEC-AC-10004595,12,First Data TMFD35 PIN Pad,TEC-AC-10004595,571.2,TEC-AC-10004595,2
FUR-FU-10002874,6,Ultra Commercial Grade Dual Valve Door Closer,FUR-FU-10002874,63.824,FUR-FU-10002874,1
FUR-FU-10003489,6,Contemporary Borderless Frame,FUR-FU-10003489,36.162,FUR-FU-10003489,2
TEC-MA-10002073,16,"3D Systems Cube Printer, 2nd Generation, White",TEC-MA-10002073,2339.982,TEC-MA-10002073,2
TEC-PH-10004006,8,Panasonic KX - TS880B Telephone,TEC-PH-10004006,247.32,TEC-PH-10004006,2
OFF-BI-10000279,9,"Acco Recycled 2"" Capacity Laser Printer Hanging Data Binders",OFF-BI-10000279,85.255,OFF-BI-10000279,4
OFF-PA-10000300,11,Xerox 1936,OFF-PA-10000300,155.844,OFF-PA-10000300,3
OFF-BI-10004308,9,Avery Legal 4-Ring Binder,OFF-BI-10004308,258.054,OFF-BI-10004308,4
TEC-PH-10004080,8,Avaya 5410 Digital phone,TEC-PH-10004080,231.166,TEC-PH-10004080,2
OFF-PA-10001260,11,"TOPS Money Receipt Book, Consecutively Numbered in Red,",OFF-PA-10001260,88.11,OFF-PA-10001260,2
OFF-ST-10004946,5,Desktop 3-Pocket Hot File,OFF-ST-10004946,259.68,OFF-ST-10004946,2
OFF-PA-10002109,11,Wirebound Voice Message Log Book,OFF-PA-10002109,15.232,OFF-PA-10002109,2
TEC-MA-10004255,16,Konica Minolta magicolor 1690MF Multifunction Printer,TEC-MA-10004255,319.92,TEC-MA-10004255,1
FUR-FU-10003095,6,"Linden 12"" Wall Clock With Oak Frame",FUR-FU-10003095,101.94,FUR-FU-10003095,1
FUR-FU-10000820,6,Tensor Brushed Steel Torchiere Floor Lamp,FUR-FU-10000820,146.11399999999998,FUR-FU-10000820,4
TEC-MA-10002930,16,Ricoh - Ink Collector Unit for GX3000 Series Printers,TEC-MA-10002930,465.64500000000004,TEC-MA-10002930,3
OFF-PA-10003205,11,"Wirebound Message Forms, Four 2 3/4 x 5 Forms per Page, Pink Paper",OFF-PA-10003205,35.948,OFF-PA-10003205,2
OFF-LA-10002368,3,Avery 479,OFF-LA-10002368,16.704,OFF-LA-10002368,3
TEC-MA-10003230,16,Okidata C610n Printer,TEC-MA-10003230,1362.9,TEC-MA-10003230,1
OFF-PA-10000295,11,Xerox 229,OFF-PA-10000295,85.536,OFF-PA-10000295,3
OFF-SU-10004884,15,Acme Galleria Hot Forged Steel Scissors with Colored Handles,OFF-SU-10004884,195.05200000000002,OFF-SU-10004884,3
FUR-FU-10002240,6,Nu-Dell EZ-Mount Plastic Wall Frames,FUR-FU-10002240,19.7,FUR-FU-10002240,2
FUR-FU-10001057,6,Tensor Track Tree Floor Lamp,FUR-FU-10001057,299.85,FUR-FU-10001057,4
FUR-CH-10002073,2,Hon Olson Stacker Chairs,FUR-CH-10002073,5427.99,FUR-CH-10002073,4
OFF-AP-10003278,10,Belkin 7-Outlet SurgeMaster Home Series,OFF-AP-10003278,72.64399999999999,OFF-AP-10003278,4
TEC-PH-10002070,8,Griffin GC36547 PowerJolt SE Lightning Charger,TEC-PH-10002070,175.422,TEC-PH-10002070,3
FUR-FU-10000277,6,Deflect-o DuraMat Antistatic Studded Beveled Mat for Medium Pile Carpeting,FUR-FU-10000277,1685.44,FUR-FU-10000277,5
TEC-AC-10004420,12,Cherry 142-key Programmable Keyboard,TEC-AC-10004420,479.72,TEC-AC-10004420,1
TEC-PH-10004094,8,Motorola L703CM,TEC-PH-10004094,4211.73,TEC-PH-10004094,6
TEC-MA-10002790,16,NeatDesk Desktop Scanner & Digital Filing System,TEC-MA-10002790,479.988,TEC-MA-10002790,1
OFF-AP-10001634,10,Hoover Commercial Lightweight Upright Vacuum,OFF-AP-10001634,18.096,OFF-AP-10001634,2
OFF-PA-10001837,11,Xerox 1976,OFF-PA-10001837,36.288,OFF-PA-10001837,2
OFF-AR-10003896,7,"Stride Job 150 Highlighters, Chisel Tip, Assorted Colors",OFF-AR-10003896,17.94,OFF-AR-10003896,1
OFF-BI-10002897,9,"Black Avery Memo-Size 3-Ring Binder, 5 1/2"" x 8 1/2""",OFF-BI-10002897,45.507999999999996,OFF-BI-10002897,4
OFF-PA-10001243,11,Xerox 1983,OFF-PA-10001243,29.900000000000002,OFF-PA-10001243,2
FUR-FU-10003806,6,"Tenex Chairmat w/ Average Lip, 45"" x 53""",FUR-FU-10003806,2058.496,FUR-FU-10003806,4
TEC-MA-10000904,16,"Brother MFC-9340CDW LED All-In-One Printer, Copier Scanner",TEC-MA-10000904,341.991,TEC-MA-10000904,1
OFF-LA-10002473,3,Avery 484,OFF-LA-10002473,9.216,OFF-LA-10002473,1
FUR-FU-10003374,6,Electrix Fluorescent Magnifier Lamps & Weighted Base,FUR-FU-10003374,463.79600000000005,FUR-FU-10003374,2
TEC-MA-10001856,16,Okidata C610n Printer,TEC-MA-10001856,649.0,TEC-MA-10001856,1
OFF-ST-10003641,5,Space Solutions Industrial Galvanized Steel Shelving.,OFF-ST-10003641,520.0799999999999,OFF-ST-10003641,3
OFF-AR-10004707,7,Staples in misc. colors,OFF-AR-10004707,9.92,OFF-AR-10004707,2
TEC-MA-10004086,16,Plantronics Single Ear Headset,TEC-MA-10004086,29.925,TEC-MA-10004086,1
TEC-MA-10001695,16,Zebra GK420t Direct Thermal/Thermal Transfer Printer,TEC-MA-10001695,703.71,TEC-MA-10001695,1
FUR-FU-10002506,6,"Tensor ""Hersey Kiss"" Styled Floor Lamp",FUR-FU-10002506,93.52799999999999,FUR-FU-10002506,3
TEC-AC-10004518,12,Memorex Mini Travel Drive 32 GB USB 2.0 Flash Drive,TEC-AC-10004518,280.0,TEC-AC-10004518,2
OFF-AP-10000027,10,Hoover Commercial SteamVac,OFF-AP-10000027,168.392,OFF-AP-10000027,4
OFF-PA-10002558,11,Xerox 1938,OFF-PA-10002558,268.24,OFF-PA-10002558,1
TEC-AC-10000926,12,NETGEAR RangeMax WNR1000 Wireless Router,TEC-AC-10000926,59.976,TEC-AC-10000926,1
OFF-PA-10001846,11,Xerox 1899,OFF-PA-10001846,69.36,OFF-PA-10001846,5
TEC-MA-10003673,16,Hewlett-Packard Desktjet 6988DT Refurbished Printer,TEC-MA-10003673,3404.5,TEC-MA-10003673,1
FUR-BO-10001567,1,"Bush Westfield Collection Bookcases, Dark Cherry Finish, Fully Assembled",FUR-BO-10001567,90.882,FUR-BO-10001567,1
FUR-FU-10001379,6,"Executive Impressions 16-1/2"" Circular Wall Clock",FUR-FU-10001379,58.784,FUR-FU-10001379,2
TEC-MA-10000984,16,Okidata MB760 Printer,TEC-MA-10000984,7834.4,TEC-MA-10000984,2
OFF-AR-10000937,7,"Dixon Ticonderoga Core-Lock Colored Pencils, 48-Color Set",OFF-AR-10000937,431.28999999999996,OFF-AR-10000937,2
FUR-FU-10002030,6,"Executive Impressions 14"" Contract Wall Clock with Quartz Movement",FUR-FU-10002030,97.812,FUR-FU-10002030,2
OFF-FA-10000254,14,Sterling Rubber Bands by Alliance,OFF-FA-10000254,19.782,OFF-FA-10000254,2
OFF-AP-10004136,10,Kensington 6 Outlet SmartSocket Surge Protector,OFF-AP-10004136,147.528,OFF-AP-10004136,2
TEC-AC-10002370,12,Maxell CD-R Discs,TEC-AC-10002370,15.76,TEC-AC-10002370,3
OFF-AR-10003986,7,Avery Hi-Liter Pen Style Six-Color Fluorescent Set,OFF-AR-10003986,7.7,OFF-AR-10003986,1
OFF-SU-10004290,15,"Acme Design Line 8"" Stainless Steel Bent Scissors w/Champagne Handles, 3-1/8"" Cut",OFF-SU-10004290,45.144,OFF-SU-10004290,3
TEC-MA-10004552,16,Star Micronics TSP100 TSP143LAN Receipt Printer,TEC-MA-10004552,1035.8,TEC-MA-10004552,1
OFF-PA-10000312,11,Xerox 1955,OFF-PA-10000312,182.72,OFF-PA-10000312,2
OFF-PA-10001001,11,"Snap-A-Way Black Print Carbonless Speed Message, No Reply Area, Duplicate",OFF-PA-10001001,93.248,OFF-PA-10001001,1
OFF-PA-10001583,11,"1/4 Fold Party Design Invitations & White Envelopes, 24 8-1/2"" X 11"" Cards, 25 Env./Pack",OFF-PA-10001583,49.980000000000004,OFF-PA-10001583,2
TEC-MA-10002694,16,Hewlett-Packard Deskjet F4180 All-in-One Color Ink-jet - Printer / copier / scanner,TEC-MA-10002694,101.994,TEC-MA-10002694,1
TEC-MA-10004626,16,Lexmark 20R1285 X6650 Wireless All-in-One Printer,TEC-MA-10004626,600.0,TEC-MA-10004626,2
TEC-PH-10004241,8,Nokia Lumia 1020,TEC-PH-10004241,1439.968,TEC-PH-10004241,1
OFF-SU-10003936,15,Acme Serrated Blade Letter Opener,OFF-SU-10003936,7.632,OFF-SU-10003936,1
TEC-MA-10003337,16,Okidata B401 Printer,TEC-MA-10003337,179.991,TEC-MA-10003337,1
OFF-PA-10000210,11,Xerox Blank Computer Paper,OFF-PA-10000210,99.9,OFF-PA-10000210,1
FUR-CH-10002317,2,Global Enterprise Series Seating Low-Back Swivel/Tilt Chairs,FUR-CH-10002317,207.184,FUR-CH-10002317,1
OFF-LA-10004677,3,Self-Adhesive Address Labels for Typewriters with Dispenser Box,OFF-LA-10004677,26.568,OFF-LA-10004677,2
FUR-CH-10002780,2,Office Star - Task Chair with Contemporary Loop Arms,FUR-CH-10002780,600.4680000000001,FUR-CH-10002780,2
OFF-EN-10001535,13,Grip Seal Envelopes,OFF-EN-10001535,7.072,OFF-EN-10001535,1
TEC-MA-10003493,16,Penpower WorldCard Pro Card Scanner,TEC-MA-10003493,91.475,TEC-MA-10003493,1
TEC-AC-10002380,12,Sony 8GB Class 10 Micro SDHC R40 Memory Card,TEC-AC-10002380,27.192,TEC-AC-10002380,1
TEC-PH-10002817,8,RCA ViSYS 25425RE1 Corded phone,TEC-PH-10002817,323.976,TEC-PH-10002817,1
TEC-MA-10003589,16,Cisco 8961 IP Phone Charcoal,TEC-MA-10003589,224.937,TEC-MA-10003589,1
OFF-AP-10003099,10,"Eureka Hand Vacuum, Bagless",OFF-AP-10003099,197.72,OFF-AP-10003099,1
TEC-PH-10002645,8,LG G2,TEC-PH-10002645,1499.97,TEC-PH-10002645,1
