Order_Detail_ID,Order_ID,Product_ID,Sales
1,CA-2017-152156,FUR-BO-10001798,261.96
2,CA-2017-152156,FUR-CH-10000454,731.94
3,CA-2017-138688,OFF-LA-10000240,14.62
4,US-2016-108966,FUR-TA-10000577,957.5775
5,US-2016-108966,OFF-ST-10000760,22.368
6,CA-2015-115812,FUR-FU-10001487,48.86
7,CA-2015-115812,OFF-AR-10002833,7.28
8,CA-2015-115812,TEC-PH-10002275,907.152
9,CA-2015-115812,OFF-BI-10003910,18.504
10,CA-2015-115812,OFF-AP-10002892,114.9
11,CA-2015-115812,FUR-TA-10001539,1706.184
12,CA-2015-115812,TEC-PH-10002033,911.424
13,CA-2018-114412,OFF-PA-10002365,15.552
14,CA-2017-161389,OFF-BI-10003656,407.976
15,US-2016-118983,OFF-AP-10002311,68.81
16,US-2016-118983,OFF-BI-10000756,2.544
17,CA-2015-105893,OFF-ST-10004186,665.88
18,CA-2015-167164,OFF-ST-10000107,55.5
19,CA-2015-143336,OFF-AR-10003056,8.56
20,CA-2015-143336,TEC-PH-10001949,213.48
21,CA-2015-143336,OFF-BI-10002215,22.72
22,CA-2017-137330,OFF-AR-10000246,19.46
23,CA-2017-137330,OFF-AP-10001492,60.34
24,US-2018-156909,FUR-CH-10002774,71.372
25,CA-2016-106320,FUR-TA-10000577,1044.63
26,CA-2017-121755,OFF-BI-10001634,11.648
27,CA-2017-121755,TEC-AC-10003027,90.57
28,US-2016-150630,FUR-BO-10004834,3083.43
29,US-2016-150630,OFF-BI-10000474,9.618
30,US-2016-150630,FUR-FU-10004848,124.2
31,US-2016-150630,OFF-EN-10001509,3.264
32,US-2016-150630,OFF-AR-10004042,86.304
33,US-2016-150630,OFF-BI-10001525,6.858
34,US-2016-150630,OFF-AR-10001683,15.76
35,CA-2018-107727,OFF-PA-10000249,29.472
36,CA-2017-117590,TEC-PH-10004977,1097.544
37,CA-2017-117590,FUR-FU-10003664,190.92
38,CA-2016-117415,OFF-EN-10002986,113.328
39,CA-2016-117415,FUR-BO-10002545,532.3992
40,CA-2016-117415,FUR-CH-10004218,212.058
41,CA-2016-117415,TEC-PH-10000486,371.168
42,CA-2018-120999,TEC-PH-10004093,147.168
43,CA-2017-101343,OFF-ST-10003479,77.88
44,CA-2018-139619,OFF-ST-10003282,95.616
45,CA-2017-118255,TEC-AC-10000171,45.98
46,CA-2017-118255,OFF-BI-10003291,17.46
47,CA-2015-146703,OFF-ST-10001713,211.96
48,CA-2017-169194,TEC-AC-10002167,45.0
49,CA-2017-169194,TEC-PH-10003988,21.8
50,CA-2016-115742,OFF-BI-10004410,38.22
51,CA-2016-115742,OFF-LA-10002762,75.18
52,CA-2016-115742,FUR-FU-10001706,6.16
53,CA-2016-115742,FUR-CH-10003061,89.99
54,CA-2017-105816,OFF-FA-10000304,15.26
55,CA-2017-105816,TEC-PH-10002447,1029.95
56,CA-2017-111682,OFF-ST-10000604,208.56
57,CA-2017-111682,OFF-PA-10001569,32.4
58,CA-2017-111682,FUR-CH-10003968,319.41
59,CA-2017-111682,OFF-PA-10000587,14.56
60,CA-2017-111682,TEC-AC-10002167,30.0
61,CA-2017-111682,OFF-BI-10001460,48.48
62,CA-2017-111682,OFF-AR-10001868,1.68
63,CA-2016-135545,TEC-AC-10004633,13.98
64,CA-2016-135545,OFF-BI-10001078,25.824
65,CA-2016-135545,OFF-PA-10003892,146.73
66,CA-2016-135545,FUR-FU-10000397,79.76
67,US-2016-164175,FUR-CH-10001146,213.115
68,CA-2015-106376,OFF-AR-10002671,1113.024
69,CA-2015-106376,TEC-PH-10002726,167.968
70,CA-2017-119823,OFF-PA-10000482,75.88
71,CA-2017-106075,OFF-BI-10004654,4.616
72,CA-2018-114440,OFF-PA-10004675,19.05
73,US-2016-134026,FUR-CH-10000513,831.936
74,US-2016-134026,FUR-FU-10003708,97.04
75,US-2016-134026,OFF-ST-10004123,72.784
76,US-2018-118038,OFF-BI-10004182,1.248
77,US-2018-118038,FUR-FU-10000260,9.708
78,US-2018-118038,OFF-ST-10000615,27.24
79,US-2015-147606,FUR-FU-10003194,19.3
80,CA-2017-127208,OFF-AP-10002118,208.16
81,CA-2017-127208,OFF-BI-10002309,16.74
82,CA-2015-139451,OFF-AR-10002053,14.9
83,CA-2015-139451,OFF-ST-10002370,21.39
84,CA-2016-149734,OFF-EN-10000927,200.984
85,US-2018-119662,OFF-ST-10003656,230.376
86,CA-2018-140088,FUR-CH-10000863,301.96
87,CA-2018-155558,TEC-AC-10001998,19.99
88,CA-2018-155558,OFF-LA-10000134,6.16
89,CA-2017-159695,OFF-ST-10003442,158.368
90,CA-2017-109806,OFF-AR-10004930,20.1
91,CA-2017-109806,TEC-PH-10004093,73.584
92,CA-2017-109806,OFF-PA-10000304,6.48
93,CA-2016-149587,OFF-PA-10003177,12.96
94,CA-2016-149587,FUR-FU-10003799,53.34
95,CA-2016-149587,OFF-BI-10002852,32.96
96,US-2018-109484,OFF-BI-10004738,5.682
97,CA-2018-161018,FUR-FU-10000629,96.53
98,CA-2018-157833,OFF-BI-10001721,51.312
99,CA-2017-149223,OFF-AP-10000358,77.88
100,CA-2017-158568,OFF-PA-10003256,64.624
101,CA-2017-158568,TEC-AC-10001767,95.976
102,CA-2017-158568,OFF-BI-10002609,1.788
103,CA-2017-129903,OFF-PA-10004040,23.92
104,US-2016-156867,TEC-AC-10001552,238.896
105,US-2016-156867,FUR-FU-10004006,102.36
106,US-2016-156867,OFF-BI-10002794,36.882
107,CA-2018-119004,TEC-AC-10003499,74.112
108,CA-2018-119004,TEC-PH-10002844,27.992
109,CA-2018-119004,OFF-AR-10000390,3.304
110,CA-2016-129476,TEC-AC-10000844,339.96
111,CA-2018-146780,FUR-FU-10001934,41.96
112,CA-2017-128867,OFF-AR-10000380,75.96
113,CA-2017-128867,OFF-BI-10003981,27.24
114,CA-2015-115259,OFF-FA-10000621,40.096
115,CA-2015-115259,OFF-EN-10002600,4.72
116,CA-2015-115259,OFF-PA-10004965,23.976
117,CA-2015-115259,OFF-EN-10002504,130.464
118,CA-2016-110457,FUR-TA-10001768,787.53
119,US-2016-136476,OFF-BI-10003650,157.794
120,CA-2017-103730,FUR-FU-10002157,47.04
121,CA-2017-103730,OFF-BI-10003910,30.84
122,CA-2017-103730,OFF-ST-10000777,226.56
123,CA-2017-103730,OFF-EN-10002500,115.02
124,CA-2017-103730,TEC-PH-10003875,68.04
125,US-2015-152030,FUR-CH-10004063,600.558
126,US-2015-134614,FUR-TA-10004534,617.7
127,US-2018-107272,OFF-BI-10003274,2.388
128,US-2018-107272,OFF-ST-10002974,243.992
129,US-2017-125969,FUR-CH-10001146,81.424
130,US-2017-125969,FUR-FU-10003773,238.56
131,US-2018-164147,TEC-PH-10002293,59.97
132,US-2018-164147,OFF-PA-10002377,78.304
133,US-2018-164147,OFF-FA-10002780,21.456
134,CA-2017-145583,OFF-PA-10001804,20.04
135,CA-2017-145583,OFF-PA-10001736,35.44
136,CA-2017-145583,OFF-AR-10001149,11.52
137,CA-2017-145583,OFF-FA-10002988,4.02
138,CA-2017-145583,OFF-BI-10004781,76.176
139,CA-2017-145583,OFF-SU-10001218,65.88
140,CA-2017-145583,FUR-FU-10001706,43.12
141,CA-2017-110366,FUR-FU-10004848,82.8
142,CA-2018-106180,OFF-AR-10000940,8.82
143,CA-2018-106180,OFF-EN-10004030,10.86
144,CA-2018-106180,OFF-PA-10004327,143.7
145,CA-2018-155376,OFF-AP-10001058,839.43
146,CA-2016-110744,OFF-ST-10003656,671.93
147,CA-2015-110072,FUR-FU-10000521,93.888
148,CA-2017-114489,TEC-PH-10000215,384.45
149,CA-2017-114489,TEC-PH-10001448,149.97
150,CA-2017-114489,FUR-CH-10000454,1951.84
151,CA-2017-114489,OFF-BI-10002735,171.55
152,CA-2017-158834,OFF-AP-10000326,157.92
153,CA-2017-158834,TEC-PH-10001254,203.184
154,CA-2016-124919,OFF-PA-10001950,58.38
155,CA-2016-124919,OFF-PA-10002254,105.52
156,CA-2016-124919,OFF-ST-10001590,80.88
157,CA-2016-118948,OFF-AR-10001547,6.63
158,CA-2015-104269,FUR-CH-10004063,457.568
159,CA-2017-114104,OFF-LA-10002475,14.62
160,CA-2017-114104,TEC-PH-10004536,944.93
161,CA-2017-162733,OFF-PA-10002751,5.98
162,CA-2016-119697,TEC-AC-10003657,54.384
163,CA-2017-154508,OFF-EN-10001990,28.4
164,CA-2017-113817,OFF-BI-10004002,27.68
165,CA-2015-139892,OFF-AR-10004441,9.936
166,CA-2015-139892,TEC-MA-10000822,8159.952
167,CA-2015-139892,OFF-ST-10000991,275.928
168,CA-2015-139892,FUR-CH-10004287,1740.06
169,CA-2015-139892,OFF-AR-10002656,32.064
170,CA-2015-139892,OFF-AP-10002518,177.98
171,CA-2015-139892,TEC-PH-10003931,143.976
172,CA-2015-118962,OFF-PA-10000659,20.94
173,CA-2015-118962,OFF-PA-10001144,110.96
174,CA-2015-118962,FUR-CH-10003817,340.144
175,US-2015-100853,OFF-AP-10000891,52.448
176,US-2015-100853,OFF-LA-10003148,20.16
177,US-2018-152366,OFF-AP-10002684,97.264
178,US-2016-101511,FUR-CH-10004698,396.802
179,US-2016-101511,OFF-SU-10002189,15.88
180,CA-2016-137225,OFF-AR-10001940,3.28
181,CA-2015-166191,OFF-ST-10003455,24.816
182,CA-2015-166191,TEC-AC-10004659,408.744
183,CA-2015-158274,TEC-PH-10003273,503.96
184,CA-2015-158274,TEC-PH-10004896,149.95
185,CA-2015-158274,TEC-AC-10002345,29.0
186,CA-2017-105018,OFF-BI-10001890,7.16
187,CA-2015-123260,TEC-AC-10002323,176.8
188,CA-2017-157000,OFF-ST-10001328,37.224
189,CA-2017-157000,OFF-PA-10001950,20.016
190,CA-2016-102281,FUR-BO-10002613,899.136
191,CA-2016-102281,TEC-PH-10001552,71.76
192,CA-2016-102281,OFF-PA-10000061,51.84
193,CA-2016-102281,FUR-BO-10002545,626.352
194,CA-2016-102281,OFF-AR-10003514,19.9
195,CA-2016-131457,OFF-EN-10001509,14.28
196,CA-2015-140004,OFF-AR-10004685,7.408
197,CA-2015-140004,OFF-AR-10004027,6.048
198,CA-2018-107720,OFF-ST-10001414,46.26
199,US-2018-124303,OFF-BI-10000343,2.946
200,US-2018-124303,OFF-PA-10002749,16.056
201,CA-2018-105074,OFF-PA-10002666,21.744
202,CA-2015-133690,FUR-TA-10004289,218.75
203,CA-2015-133690,OFF-AP-10003622,2.6
204,US-2018-116701,OFF-AP-10003217,66.284
205,CA-2018-126382,FUR-FU-10002960,35.168
206,CA-2018-108329,TEC-PH-10001918,444.768
207,CA-2018-135860,OFF-ST-10000642,83.92
208,CA-2018-135860,TEC-PH-10001700,131.98
209,CA-2018-135860,OFF-BI-10003274,15.92
210,CA-2018-135860,OFF-FA-10000134,52.29
211,CA-2018-135860,OFF-ST-10001522,91.99
212,CA-2016-101007,TEC-AC-10001266,20.8
213,CA-2016-146262,OFF-LA-10004544,23.68
214,CA-2016-146262,FUR-BO-10004695,452.45
215,CA-2016-146262,TEC-PH-10002844,62.982
216,CA-2016-146262,TEC-MA-10000864,1188.0
217,CA-2016-146262,TEC-AC-10000109,89.584
218,CA-2017-130162,OFF-ST-10001328,93.06
219,CA-2017-130162,TEC-PH-10002563,302.376
220,CA-2016-169397,OFF-FA-10000585,5.584
221,CA-2016-169397,OFF-PA-10004000,22.704
222,CA-2016-169397,OFF-BI-10002852,19.776
223,CA-2016-169397,FUR-FU-10000087,72.704
224,CA-2016-169397,TEC-MA-10001148,479.988
225,CA-2016-169397,OFF-AR-10001958,27.168
226,CA-2016-163055,OFF-AR-10001026,2.2
227,CA-2016-163055,FUR-TA-10003748,622.45
228,CA-2016-163055,OFF-ST-10002485,21.98
229,US-2016-145436,FUR-CH-10004860,161.568
230,US-2016-145436,FUR-CH-10004477,389.696
231,US-2015-156216,OFF-BI-10001679,18.648
232,US-2018-100930,FUR-TA-10001705,233.86
233,US-2018-100930,FUR-TA-10003473,620.6145
234,US-2018-100930,OFF-BI-10001679,5.328
235,US-2018-100930,FUR-FU-10004017,258.072
236,US-2018-100930,TEC-AC-10003832,617.976
237,CA-2018-160514,OFF-PA-10002479,10.56
238,CA-2017-157749,OFF-PA-10003349,25.92
239,CA-2017-157749,FUR-FU-10000576,419.68
240,CA-2017-157749,FUR-FU-10004351,11.688
241,CA-2017-157749,TEC-PH-10000011,31.984
242,CA-2017-157749,FUR-TA-10002607,177.225
243,CA-2017-157749,FUR-FU-10002505,4.044
244,CA-2017-157749,OFF-AR-10004685,7.408
245,CA-2015-131926,FUR-CH-10004063,2001.86
246,CA-2015-131926,OFF-ST-10002276,166.72
247,CA-2015-131926,OFF-PA-10004082,47.88
248,CA-2015-131926,OFF-AP-10002945,1503.25
249,CA-2015-131926,OFF-PA-10000061,25.92
250,CA-2017-154739,FUR-CH-10002965,321.568
251,CA-2017-145625,OFF-PA-10004569,7.61
252,CA-2017-145625,TEC-AC-10003832,3347.37
253,CA-2017-146941,OFF-ST-10001228,80.58
254,CA-2017-146941,OFF-EN-10003296,361.92
255,US-2016-159982,FUR-FU-10002505,12.132
256,US-2016-159982,OFF-ST-10004804,82.368
257,US-2016-159982,OFF-ST-10001590,53.92
258,US-2016-159982,TEC-PH-10001580,647.904
259,CA-2018-163139,TEC-AC-10000290,20.37
260,CA-2018-163139,OFF-ST-10002790,221.55
261,CA-2018-163139,OFF-BI-10003460,17.52
262,US-2018-155299,OFF-AP-10002203,1.624
263,US-2015-106992,TEC-MA-10000822,3059.982
264,US-2015-106992,TEC-MA-10003353,2519.958
265,CA-2017-125318,TEC-PH-10001433,328.224
266,CA-2016-155040,TEC-AC-10004469,79.9
267,CA-2018-136826,OFF-AR-10003602,14.016
268,CA-2017-111010,OFF-FA-10003472,7.56
269,US-2018-145366,OFF-ST-10004180,37.208
270,US-2018-145366,OFF-EN-10004386,57.576
271,CA-2018-163979,OFF-ST-10003208,725.84
272,CA-2016-155334,TEC-AC-10003628,209.93
273,CA-2016-155334,FUR-FU-10003274,5.28
274,CA-2016-155334,OFF-BI-10002557,10.92
275,CA-2018-118136,OFF-PA-10002615,8.82
276,CA-2018-118136,OFF-AR-10001427,5.98
277,CA-2018-132976,OFF-PA-10000673,11.648
278,CA-2018-132976,OFF-PA-10004470,18.176
279,CA-2018-132976,OFF-ST-10000876,59.712
280,CA-2018-132976,OFF-LA-10002043,24.84
281,US-2016-161991,OFF-BI-10004967,2.08
282,US-2016-161991,TEC-PH-10001760,1114.4
283,CA-2016-130890,FUR-TA-10002903,1038.84
284,CA-2016-130883,OFF-PA-10000474,141.76
285,CA-2016-130883,TEC-AC-10001956,239.8
286,CA-2016-130883,OFF-PA-10004100,31.104
287,CA-2017-112697,OFF-BI-10000778,254.058
288,CA-2017-112697,OFF-AP-10002684,194.528
289,CA-2017-112697,OFF-SU-10000646,961.48
290,CA-2017-110772,OFF-FA-10002983,19.096
291,CA-2017-110772,OFF-LA-10004689,18.496
292,CA-2017-110772,TEC-AC-10002001,255.984
293,CA-2017-110772,FUR-BO-10004709,86.97
294,CA-2015-111451,FUR-FU-10004091,300.416
295,CA-2015-111451,FUR-CH-10001891,230.352
296,CA-2015-111451,FUR-FU-10002918,218.352
297,CA-2015-111451,OFF-BI-10004593,78.6
298,CA-2015-111451,OFF-FA-10004854,27.552
299,CA-2017-142545,OFF-PA-10002105,32.4
300,CA-2017-142545,OFF-ST-10002756,1082.48
301,CA-2017-142545,OFF-PA-10004243,56.91
302,CA-2017-142545,FUR-FU-10001861,77.6
303,CA-2017-142545,OFF-BI-10002706,14.28
304,US-2018-152380,FUR-TA-10002533,219.075
305,CA-2016-144253,FUR-FU-10002671,26.8
306,CA-2015-130960,OFF-AR-10003651,9.84
307,CA-2015-111003,OFF-BI-10001072,45.48
308,CA-2015-111003,OFF-AR-10002135,289.2
309,CA-2018-126774,OFF-AR-10002804,4.89
310,CA-2017-142902,FUR-FU-10001918,15.136
311,CA-2017-142902,FUR-CH-10004086,466.768
312,CA-2017-142902,FUR-FU-10001756,15.232
313,CA-2017-142902,OFF-LA-10000634,6.264
314,CA-2015-120887,FUR-FU-10001588,87.54
315,CA-2015-167850,TEC-PH-10002398,178.384
316,CA-2015-167850,OFF-PA-10001937,15.552
317,CA-2015-164259,OFF-AR-10003373,99.136
318,CA-2015-164973,FUR-CH-10002602,135.882
319,CA-2015-164973,TEC-MA-10002927,3991.98
320,CA-2015-164973,TEC-PH-10004093,275.94
321,CA-2015-164973,TEC-AC-10000892,360.0
322,CA-2015-164973,OFF-ST-10002974,43.57
323,CA-2015-156601,OFF-FA-10000624,7.16
324,CA-2017-162138,OFF-BI-10004593,251.52
325,CA-2017-162138,TEC-AC-10001908,99.99
326,CA-2018-153339,FUR-FU-10001967,15.992
327,US-2017-141544,TEC-PH-10003645,290.898
328,US-2017-141544,OFF-ST-10000675,54.224
329,US-2017-141544,FUR-CH-10003312,786.744
330,US-2017-141544,OFF-LA-10001074,100.24
331,US-2017-141544,OFF-BI-10001524,37.764
332,US-2017-150147,TEC-PH-10004614,82.8
333,US-2017-150147,OFF-BI-10001153,20.724
334,US-2017-150147,OFF-BI-10001982,4.896
335,CA-2016-137946,OFF-BI-10001922,4.752
336,CA-2016-137946,TEC-CO-10001449,959.984
337,CA-2016-137946,OFF-BI-10004140,14.368
338,CA-2015-129924,OFF-BI-10003314,7.712
339,CA-2015-129924,FUR-TA-10004575,698.352
340,CA-2016-128167,OFF-FA-10000490,4.96
341,CA-2015-122336,OFF-AR-10000122,17.856
342,CA-2015-122336,OFF-BI-10003656,509.97
343,CA-2015-122336,OFF-FA-10002780,30.992
344,CA-2015-122336,TEC-PH-10000702,71.928
345,US-2016-120712,OFF-ST-10000107,88.8
346,CA-2018-169901,TEC-PH-10002293,47.976
347,CA-2018-134306,OFF-AR-10004027,7.56
348,CA-2018-134306,OFF-PA-10000249,24.56
349,CA-2018-134306,OFF-AR-10001374,12.96
350,CA-2017-129714,TEC-AC-10000290,6.79
351,CA-2017-129714,OFF-PA-10001970,24.56
352,CA-2017-129714,OFF-BI-10002160,3.048
353,CA-2017-129714,OFF-PA-10001970,49.12
354,CA-2017-129714,OFF-BI-10004995,4355.168
355,CA-2017-138520,FUR-BO-10002268,388.704
356,CA-2017-138520,OFF-EN-10001137,8.26
357,CA-2017-138520,OFF-AR-10002399,17.04
358,CA-2017-138520,OFF-PA-10002713,34.4
359,CA-2017-130001,OFF-PA-10002666,36.24
360,CA-2018-155698,OFF-AP-10001124,647.84
361,CA-2018-155698,OFF-LA-10001158,20.7
362,CA-2018-144904,OFF-LA-10001158,20.7
363,CA-2018-144904,FUR-CH-10000785,488.646
364,CA-2018-144904,OFF-AR-10003732,5.56
365,CA-2018-144904,FUR-FU-10000023,47.12
366,CA-2015-123344,OFF-ST-10001713,211.96
367,CA-2017-155516,OFF-BI-10002412,23.2
368,CA-2017-155516,OFF-SU-10001225,7.36
369,CA-2017-155516,OFF-ST-10002406,104.79
370,CA-2017-155516,FUR-BO-10002545,1043.92
371,CA-2018-104745,OFF-PA-10002036,25.92
372,CA-2018-104745,OFF-ST-10002205,53.424
373,US-2015-119137,OFF-BI-10001982,8.16
374,US-2015-119137,TEC-AC-10003911,1023.936
375,US-2015-119137,OFF-AR-10000658,9.24
376,US-2015-119137,TEC-AC-10002076,479.04
377,US-2017-134656,OFF-PA-10003039,99.136
378,US-2018-134481,FUR-TA-10004915,1488.424
379,CA-2016-130792,OFF-AP-10000696,8.652
380,CA-2016-130792,OFF-ST-10003327,23.832
381,CA-2016-130792,OFF-BI-10000309,12.176
382,CA-2017-134775,OFF-PA-10004734,50.96
383,CA-2017-134775,OFF-BI-10002225,49.536
384,CA-2016-125395,TEC-AC-10004708,41.9
385,US-2016-168935,FUR-TA-10000617,375.4575
386,US-2016-168935,TEC-AC-10002335,83.976
387,CA-2016-122756,TEC-MA-10001681,482.34
388,CA-2016-122756,FUR-FU-10001935,2.96
389,CA-2015-115973,OFF-AR-10004757,2.624
390,CA-2018-101798,OFF-BI-10000050,23.36
391,CA-2018-101798,TEC-AC-10001998,39.98
392,US-2015-135972,TEC-PH-10003012,246.384
393,US-2015-135972,TEC-CO-10002313,1799.97
394,US-2015-134971,OFF-BI-10003982,12.462
395,CA-2018-102946,OFF-BI-10004492,75.792
396,CA-2018-165603,OFF-ST-10000798,49.96
397,CA-2018-165603,OFF-PA-10002552,12.96
398,CA-2016-122259,OFF-SU-10002573,70.12
399,CA-2017-108987,OFF-ST-10001580,35.952
400,CA-2017-108987,FUR-BO-10004834,2396.2656
401,CA-2017-108987,OFF-ST-10000934,131.136
402,CA-2017-108987,TEC-AC-10000158,57.584
403,CA-2015-113166,OFF-PA-10001947,9.568
404,CA-2015-155208,OFF-AR-10003478,39.072
405,CA-2018-117933,OFF-AP-10004249,35.91
406,CA-2018-117457,TEC-AC-10000158,179.95
407,CA-2018-117457,TEC-CO-10004115,1199.976
408,CA-2018-117457,OFF-PA-10003724,27.15
409,CA-2018-117457,FUR-TA-10002041,1004.024
410,CA-2018-117457,OFF-PA-10002893,9.68
411,CA-2018-117457,OFF-LA-10003766,28.35
412,CA-2018-117457,OFF-PA-10001970,55.98
413,CA-2018-117457,FUR-BO-10001972,1336.829
414,CA-2018-117457,FUR-CH-10003956,113.568
415,CA-2018-142636,OFF-PA-10000157,139.86
416,CA-2018-142636,FUR-CH-10001891,307.136
417,CA-2018-122105,OFF-AR-10004344,95.92
418,CA-2017-148796,FUR-CH-10004886,383.8
419,CA-2018-154816,OFF-PA-10003845,5.78
420,CA-2018-110478,OFF-AR-10001573,9.32
421,CA-2018-110478,OFF-EN-10000483,15.25
422,CA-2015-142048,TEC-AC-10004114,196.752
423,CA-2018-125388,FUR-FU-10004712,56.56
424,CA-2018-125388,OFF-ST-10000918,32.7
425,CA-2018-155705,FUR-CH-10000015,866.4
426,CA-2018-149160,FUR-FU-10003347,28.4
427,CA-2018-149160,OFF-BI-10001543,287.92
428,CA-2015-101476,TEC-MA-10000029,69.99
429,CA-2018-152275,OFF-AR-10000369,6.672
430,US-2017-123750,OFF-BI-10004584,189.588
431,US-2017-123750,TEC-AC-10004659,408.744
432,US-2017-123750,TEC-AC-10004659,291.96
433,US-2017-123750,OFF-ST-10000617,4.768
434,CA-2017-127369,OFF-ST-10003306,714.3
435,US-2015-150574,OFF-BI-10000773,4.812
436,US-2015-150574,TEC-AC-10002600,247.8
437,CA-2017-147375,TEC-MA-10002937,1007.979
438,CA-2017-147375,OFF-PA-10001970,313.488
439,CA-2018-130043,OFF-PA-10002230,31.872
440,CA-2018-157252,FUR-CH-10003396,207.846
441,CA-2017-115756,FUR-FU-10000246,12.22
442,CA-2017-115756,OFF-ST-10000060,194.94
443,CA-2017-115756,OFF-ST-10003058,70.95
444,CA-2017-115756,OFF-PA-10002222,91.36
445,CA-2017-115756,FUR-CH-10002372,242.94
446,CA-2017-115756,OFF-LA-10001317,22.05
447,CA-2018-154214,FUR-FU-10000206,2.91
448,CA-2017-166674,OFF-AR-10000588,59.52
449,CA-2017-166674,OFF-ST-10001469,161.94
450,CA-2017-166674,OFF-AR-10001953,263.88
451,CA-2017-166674,OFF-AR-10003156,30.48
452,CA-2017-166674,OFF-AR-10004974,9.84
453,CA-2017-166674,TEC-PH-10002365,35.12
454,CA-2018-147277,FUR-TA-10001539,284.364
455,CA-2018-147277,OFF-ST-10000142,665.408
456,CA-2017-100153,TEC-AC-10001772,63.88
457,US-2015-110674,FUR-CH-10000225,129.568
458,US-2017-157945,FUR-CH-10002331,747.558
459,US-2017-157945,OFF-EN-10001415,8.928
460,CA-2016-109638,OFF-AP-10002472,103.92
461,CA-2016-109638,TEC-AC-10004571,899.91
462,CA-2016-109638,OFF-BI-10001098,51.312
463,CA-2017-109869,FUR-FU-10000023,23.56
464,CA-2017-109869,FUR-TA-10001889,1272.63
465,CA-2017-109869,OFF-BI-10000315,28.485
466,CA-2017-109869,OFF-SU-10003505,185.376
467,CA-2017-109869,OFF-AP-10002578,78.272
468,US-2016-101399,FUR-FU-10002918,254.744
469,CA-2018-154907,FUR-BO-10002824,205.3328
470,US-2017-100419,OFF-BI-10002194,4.788
471,CA-2016-154144,OFF-PA-10004071,55.48
472,CA-2015-144666,OFF-ST-10002743,340.92
473,CA-2015-144666,FUR-BO-10001601,222.666
474,CA-2015-144666,TEC-PH-10002680,703.968
475,CA-2015-144666,OFF-ST-10001321,92.52
476,CA-2015-144666,OFF-PA-10001509,62.65
477,CA-2015-144666,OFF-PA-10003465,94.85
478,CA-2017-103891,TEC-PH-10000149,95.76
479,CA-2017-152632,FUR-FU-10002671,40.2
480,CA-2017-100790,OFF-AR-10003045,14.7
481,CA-2017-100790,OFF-ST-10000689,704.25
482,CA-2015-134677,TEC-AC-10001445,9.09
483,CA-2015-127691,OFF-AR-10002053,5.96
484,CA-2015-127691,TEC-AC-10002567,159.98
485,CA-2018-140963,OFF-LA-10003923,29.6
486,CA-2018-140963,FUR-BO-10001337,514.165
487,CA-2018-140963,TEC-PH-10001924,279.96
488,CA-2015-154627,TEC-PH-10001363,2735.952
489,CA-2015-133753,TEC-PH-10000376,7.992
490,CA-2015-133753,TEC-AC-10000303,63.984
491,CA-2015-133753,OFF-AR-10001953,70.368
492,CA-2015-113362,OFF-ST-10001809,449.15
493,CA-2015-113362,OFF-EN-10003845,11.07
494,CA-2017-169166,TEC-AC-10000991,93.98
495,US-2017-120929,FUR-TA-10001857,189.882
496,CA-2016-134782,OFF-EN-10001434,105.42
497,CA-2017-126158,OFF-BI-10002498,119.616
498,CA-2017-126158,FUR-FU-10004864,255.76
499,CA-2017-126158,FUR-CH-10002602,241.568
500,CA-2017-126158,FUR-FU-10000073,69.3
501,US-2017-105578,OFF-BI-10001670,22.62
502,US-2017-105578,OFF-BI-10001658,14.952
503,US-2017-105578,FUR-CH-10001215,801.568
504,US-2017-105578,OFF-BI-10000831,2.376
505,US-2017-105578,OFF-PA-10000357,32.792
506,CA-2018-134978,OFF-BI-10003274,15.92
507,CA-2016-145352,OFF-AR-10001662,2.74
508,CA-2016-145352,OFF-AR-10003856,8.34
509,CA-2016-145352,OFF-ST-10001228,46.74
510,CA-2016-145352,OFF-BI-10003527,6354.95
511,CA-2018-135307,FUR-FU-10001290,126.3
512,CA-2018-135307,TEC-AC-10002399,38.04
513,CA-2017-106341,OFF-AR-10002053,7.152
514,CA-2018-163405,OFF-AR-10003811,6.63
515,CA-2018-163405,OFF-AR-10001246,5.88
516,CA-2018-127432,TEC-CO-10003236,2999.95
517,CA-2018-127432,OFF-ST-10004507,51.45
518,CA-2018-127432,OFF-PA-10001667,11.96
519,CA-2018-127432,OFF-ST-10004459,1126.02
520,CA-2016-157812,TEC-AC-10000171,18.392
521,CA-2016-157812,OFF-ST-10000736,129.568
522,CA-2016-157812,OFF-BI-10000285,14.112
523,CA-2018-145142,FUR-TA-10001857,210.98
524,US-2017-139486,TEC-PH-10003555,55.176
525,US-2017-139486,TEC-AC-10003832,66.26
526,CA-2016-158792,OFF-FA-10002815,22.2
527,CA-2018-113558,FUR-CH-10003379,683.952
528,CA-2018-113558,FUR-FU-10001756,45.696
529,US-2016-138303,OFF-ST-10004963,36.336
530,US-2016-138303,OFF-SU-10002881,666.248
531,US-2016-138303,OFF-EN-10001335,52.512
532,CA-2016-102848,FUR-CH-10000595,190.72
533,US-2018-129441,FUR-FU-10000448,47.94
534,CA-2017-168753,TEC-PH-10000984,979.95
535,CA-2017-168753,OFF-BI-10002557,22.75
536,CA-2017-126613,OFF-ST-10001325,16.768
537,US-2018-122637,OFF-BI-10002429,42.616
538,CA-2016-147851,OFF-BI-10004528,10.752
539,CA-2016-134894,OFF-AP-10001271,152.94
540,CA-2016-134894,FUR-CH-10002647,283.92
541,CA-2015-140795,TEC-AC-10001432,468.9
542,CA-2017-136924,TEC-PH-10002262,380.864
543,US-2016-120161,OFF-ST-10001809,646.776
544,CA-2015-103849,TEC-AC-10001465,58.112
545,CA-2015-103849,TEC-PH-10002597,100.792
546,CA-2015-103849,FUR-FU-10000723,66.112
547,CA-2018-162929,OFF-BI-10000404,41.28
548,CA-2018-162929,OFF-PA-10002986,13.36
549,CA-2016-113173,OFF-ST-10000604,250.272
550,CA-2016-113173,OFF-BI-10004738,11.364
551,CA-2016-113173,OFF-SU-10001935,8.72
552,CA-2017-136406,FUR-CH-10002024,1121.568
553,CA-2018-112774,FUR-FU-10003039,34.504
554,CA-2018-101945,OFF-FA-10004248,10.824
555,CA-2018-100650,OFF-ST-10001780,1295.78
556,CA-2015-155852,OFF-AR-10003560,19.456
557,CA-2017-113243,OFF-LA-10001297,20.7
558,CA-2017-113243,FUR-TA-10004256,1335.68
559,CA-2017-113243,OFF-PA-10003441,32.4
560,CA-2018-118731,FUR-FU-10003347,42.6
561,CA-2018-118731,OFF-BI-10000069,84.056
562,CA-2015-145576,OFF-AP-10003914,13.0
563,CA-2015-145576,FUR-FU-10004020,13.128
564,CA-2016-130736,OFF-FA-10003467,3.96
565,CA-2016-130736,OFF-LA-10000634,2.61
566,CA-2018-137099,TEC-PH-10002496,374.376
567,CA-2018-156951,OFF-PA-10004530,91.84
568,CA-2018-156951,OFF-BI-10001107,81.088
569,CA-2018-156951,OFF-PA-10004451,19.44
570,CA-2018-156951,FUR-CH-10004997,451.152
571,CA-2018-164826,OFF-LA-10001297,72.45
572,CA-2018-164826,OFF-FA-10000585,13.96
573,CA-2018-164826,OFF-BI-10001922,33.264
574,CA-2018-164826,TEC-PH-10000347,14.85
575,CA-2017-127250,OFF-AR-10003394,8.82
576,CA-2016-149713,OFF-PA-10004530,160.72
577,CA-2016-149713,OFF-PA-10001450,19.92
578,CA-2016-149713,OFF-SU-10001574,7.3
579,CA-2018-118640,OFF-ST-10002974,69.712
580,CA-2018-118640,FUR-FU-10001475,8.792
581,CA-2016-132906,OFF-SU-10004498,51.52
582,CA-2018-145233,TEC-PH-10004977,470.376
583,CA-2018-145233,TEC-PH-10000586,105.584
584,CA-2018-145233,OFF-AP-10000358,31.152
585,CA-2018-145233,OFF-BI-10002764,6.783
586,CA-2018-145233,TEC-PH-10001254,406.368
587,CA-2016-128139,FUR-CH-10003956,70.98
588,CA-2016-128139,OFF-LA-10003930,294.93
589,US-2017-156986,TEC-PH-10003800,84.784
590,US-2017-156986,OFF-PA-10002005,20.736
591,US-2017-156986,OFF-BI-10002498,16.821
592,US-2017-156986,OFF-PA-10004101,10.368
593,CA-2015-135405,OFF-AR-10004078,9.344
594,CA-2015-135405,TEC-AC-10001266,31.2
595,CA-2015-131450,OFF-AP-10004708,76.12
596,CA-2015-131450,TEC-CO-10004115,1199.976
597,CA-2015-131450,TEC-PH-10002398,445.96
598,CA-2015-131450,FUR-FU-10001979,327.76
599,CA-2017-120180,OFF-SU-10004115,11.632
600,US-2017-100720,TEC-PH-10001425,143.982
601,US-2017-100720,TEC-PH-10003963,494.376
602,US-2017-100720,OFF-SU-10001574,5.84
603,CA-2015-149958,OFF-ST-10001490,142.776
604,CA-2015-149958,FUR-FU-10001756,45.696
605,CA-2015-149958,OFF-BI-10000773,7.218
606,CA-2015-149958,OFF-BI-10001543,43.188
607,CA-2015-149958,OFF-PA-10002120,131.904
608,US-2015-105767,OFF-BI-10000848,3.282
609,US-2015-105767,OFF-AR-10001246,21.168
610,US-2015-105767,TEC-PH-10003092,55.188
611,CA-2017-161816,TEC-PH-10003012,369.576
612,CA-2017-161816,OFF-LA-10004345,15.712
613,CA-2017-121223,OFF-PA-10001204,8.448
614,CA-2017-121223,TEC-PH-10004667,728.946
615,CA-2018-138611,TEC-PH-10000011,119.94
616,CA-2018-138611,OFF-BI-10002949,3.648
617,CA-2018-117947,FUR-FU-10003849,40.48
618,CA-2018-117947,FUR-FU-10000010,9.94
619,CA-2018-117947,OFF-BI-10002824,107.424
620,CA-2018-117947,TEC-PH-10002538,37.91
621,CA-2018-117947,FUR-FU-10000521,88.02
622,US-2015-111171,OFF-BI-10002103,8.69
623,CA-2016-138009,FUR-CH-10004853,301.96
624,CA-2016-138009,OFF-AP-10000179,555.21
625,CA-2016-138009,OFF-ST-10001272,523.48
626,CA-2016-138009,OFF-AR-10004042,161.82
627,CA-2018-163020,FUR-FU-10000221,35.56
628,CA-2018-153787,OFF-AP-10001563,97.16
629,CA-2018-133431,OFF-BI-10000605,15.24
630,CA-2018-133431,OFF-PA-10002615,13.23
631,US-2017-135720,OFF-ST-10001963,243.384
632,US-2017-135720,TEC-AC-10001267,119.8
633,US-2017-135720,TEC-PH-10002103,300.768
634,CA-2018-144694,TEC-AC-10002857,17.88
635,CA-2018-144694,OFF-LA-10003930,235.944
636,CA-2016-168004,FUR-CH-10001482,392.94
637,US-2017-123470,OFF-BI-10001989,18.882
638,US-2017-123470,OFF-AP-10003287,122.328
639,CA-2017-115917,FUR-FU-10000576,1049.2
640,CA-2017-115917,OFF-BI-10004728,15.424
641,CA-2017-147067,FUR-FU-10000732,18.84
642,CA-2018-167913,OFF-ST-10000585,330.4
643,CA-2018-167913,OFF-LA-10002787,26.25
644,CA-2018-106103,TEC-AC-10003832,132.52
645,US-2018-127719,OFF-PA-10001934,6.48
646,CA-2018-126221,OFF-AP-10002457,209.3
647,CA-2017-103947,OFF-FA-10003112,31.56
648,CA-2017-103947,OFF-AP-10002350,30.144
649,CA-2017-160745,FUR-FU-10001935,14.8
650,CA-2017-160745,TEC-PH-10003273,302.376
651,CA-2017-160745,TEC-AC-10001142,316.0
652,CA-2017-132661,OFF-PA-10000482,379.4
653,CA-2018-140844,OFF-PA-10003892,97.82
654,CA-2018-140844,TEC-AC-10001101,103.12
655,CA-2017-137239,OFF-AP-10002439,113.552
656,CA-2017-137239,OFF-BI-10002827,3.318
657,CA-2017-137239,OFF-EN-10002230,134.288
658,US-2017-156097,FUR-CH-10001215,701.372
659,US-2017-156097,OFF-BI-10004654,2.308
660,CA-2016-146563,OFF-ST-10001490,999.432
661,CA-2016-146563,OFF-ST-10001511,724.08
662,CA-2016-146563,FUR-TA-10001768,918.785
663,CA-2016-146563,OFF-BI-10003981,2.724
664,CA-2017-123666,OFF-ST-10001522,459.95
665,CA-2017-143308,OFF-FA-10000621,10.74
666,CA-2018-132682,OFF-SU-10004231,23.76
667,CA-2018-132682,OFF-PA-10000474,85.056
668,CA-2018-132682,TEC-PH-10004042,381.576
669,CA-2015-156314,FUR-FU-10003096,30.36
670,US-2018-106663,FUR-FU-10002759,23.976
671,US-2018-106663,FUR-TA-10000688,108.925
672,US-2018-106663,OFF-PA-10002377,36.352
673,CA-2018-111178,OFF-AR-10001954,19.56
674,CA-2018-130351,OFF-AP-10004532,61.44
675,CA-2018-130351,OFF-PA-10002137,38.9
676,CA-2018-130351,TEC-AC-10003832,99.39
677,US-2018-119438,OFF-AP-10000804,2.688
678,US-2018-119438,TEC-AC-10003614,27.816
679,US-2018-119438,FUR-FU-10003553,82.524
680,US-2018-119438,OFF-BI-10004632,182.994
681,CA-2017-164511,OFF-BI-10003305,14.352
682,CA-2017-164511,OFF-ST-10002583,64.96
683,CA-2017-164511,OFF-ST-10004507,68.6
684,US-2018-168116,TEC-MA-10004125,7999.98
685,US-2018-168116,OFF-AP-10002457,167.44
686,CA-2015-157784,TEC-AC-10003911,479.97
687,CA-2015-157784,OFF-LA-10001934,14.62
688,CA-2015-157784,OFF-PA-10000304,19.44
689,CA-2018-161480,FUR-BO-10004015,191.984
690,US-2015-117135,FUR-FU-10004071,104.01
691,US-2015-117135,TEC-PH-10002033,284.82
692,US-2015-117135,OFF-ST-10002444,36.84
693,CA-2016-131534,TEC-AC-10002253,166.24
694,CA-2016-131534,OFF-PA-10000743,33.4
695,CA-2016-119291,OFF-AR-10003373,198.272
696,CA-2016-119291,OFF-LA-10002312,47.36
697,CA-2016-119291,OFF-EN-10000927,200.984
698,CA-2016-119291,OFF-LA-10003510,97.696
699,CA-2016-119291,OFF-AR-10001118,2.696
700,CA-2016-119291,OFF-BI-10001575,18.588
701,CA-2016-119291,OFF-BI-10001982,4.896
702,CA-2018-114552,FUR-FU-10002960,15.072
703,CA-2017-163755,FUR-FU-10003394,209.88
704,CA-2016-142027,FUR-TA-10002774,369.912
705,CA-2015-138527,OFF-PA-10001800,10.368
706,CA-2015-138527,OFF-AP-10001469,166.84
707,CA-2015-138527,TEC-AC-10002399,15.216
708,CA-2015-112158,TEC-AC-10003628,119.96
709,CA-2015-112158,FUR-BO-10003272,883.92
710,CA-2015-112158,OFF-BI-10000050,46.72
711,CA-2015-113887,OFF-PA-10004071,55.48
712,CA-2018-146136,OFF-EN-10001219,24.448
713,US-2018-100048,OFF-AP-10001154,281.34
714,US-2018-100048,TEC-PH-10003012,307.98
715,US-2018-100048,TEC-AC-10001606,299.97
716,CA-2015-153150,OFF-BI-10003355,19.92
717,CA-2015-130092,FUR-FU-10000010,9.94
718,CA-2018-108910,FUR-FU-10002253,103.056
719,CA-2015-104472,OFF-BI-10001658,59.808
720,CA-2015-104472,FUR-FU-10000246,73.32
721,CA-2017-112942,OFF-PA-10004092,146.82
722,CA-2017-142335,FUR-TA-10000198,1652.94
723,CA-2017-142335,OFF-ST-10000036,296.37
724,CA-2015-117429,FUR-FU-10000222,129.92
725,CA-2017-114713,OFF-SU-10004664,45.584
726,CA-2018-144113,OFF-EN-10001141,17.568
727,CA-2018-144113,TEC-PH-10002170,55.992
728,US-2017-150861,OFF-PA-10001954,182.72
729,US-2017-150861,FUR-TA-10002228,400.032
730,US-2017-150861,OFF-ST-10004634,33.63
731,US-2017-150861,FUR-CH-10002965,542.646
732,US-2017-150861,OFF-LA-10001317,6.3
733,CA-2018-131954,OFF-ST-10000736,242.94
734,CA-2018-131954,TEC-AC-10003610,179.97
735,CA-2018-131954,OFF-BI-10003982,99.696
736,CA-2018-131954,OFF-BI-10003291,27.936
737,CA-2018-131954,FUR-BO-10001619,84.98
738,CA-2018-131954,OFF-BI-10000138,18.72
739,CA-2015-132500,TEC-AC-10001383,49.98
740,CA-2015-112326,OFF-LA-10003223,11.784
741,CA-2015-112326,OFF-ST-10002743,272.736
742,CA-2015-112326,OFF-BI-10004094,3.54
743,US-2017-146710,OFF-SU-10004498,51.52
744,US-2017-146710,OFF-PA-10002615,3.528
745,US-2017-146710,OFF-PA-10004971,4.624
746,US-2017-146710,OFF-SU-10004261,55.168
747,CA-2015-124429,FUR-TA-10002607,567.12
748,CA-2015-124429,OFF-ST-10001809,359.32
749,CA-2017-150889,TEC-PH-10000004,11.992
750,CA-2018-126074,OFF-BI-10003638,58.05
751,CA-2018-126074,FUR-FU-10003577,157.74
752,CA-2018-126074,OFF-AR-10003478,56.98
753,CA-2018-126074,OFF-BI-10000546,2.88
754,CA-2017-110499,TEC-CO-10002095,1199.976
755,CA-2016-135272,FUR-FU-10002759,79.92
756,CA-2017-140928,FUR-TA-10001095,383.438
757,CA-2015-106803,OFF-ST-10002444,24.56
758,CA-2015-106803,TEC-AC-10001267,119.8
759,CA-2018-117240,OFF-BI-10000848,13.128
760,CA-2018-133333,OFF-PA-10002377,22.72
761,CA-2016-112319,OFF-PA-10003441,58.32
762,CA-2018-126046,OFF-LA-10004484,12.39
763,CA-2016-114923,TEC-PH-10003931,107.982
764,CA-2015-162775,OFF-EN-10001990,11.36
765,CA-2015-162775,OFF-EN-10001532,50.94
766,CA-2015-162775,TEC-AC-10003174,646.74
767,CA-2015-162775,OFF-BI-10004187,5.64
768,CA-2015-162775,OFF-ST-10000025,572.58
769,CA-2015-106810,FUR-FU-10004306,310.88
770,CA-2017-157245,FUR-CH-10003746,641.96
771,CA-2018-104220,OFF-BI-10001036,18.28
772,CA-2018-104220,TEC-PH-10004614,207.0
773,CA-2018-104220,OFF-BI-10000301,32.35
774,CA-2018-104220,OFF-BI-10003910,7.71
775,CA-2018-104220,OFF-AR-10004648,40.3
776,CA-2018-104220,FUR-FU-10002597,34.58
777,CA-2015-165974,OFF-AR-10003405,32.76
778,CA-2016-144267,FUR-CH-10002335,544.008
779,CA-2016-144267,OFF-PA-10000157,59.94
780,CA-2016-144267,OFF-PA-10001947,23.92
781,CA-2016-144267,OFF-PA-10003657,4.28
782,US-2016-157014,OFF-BI-10001098,32.07
783,US-2016-157014,TEC-AC-10002167,24.0
784,US-2016-157014,FUR-BO-10004409,35.49
785,US-2016-157014,TEC-AC-10000057,47.984
786,CA-2016-154921,OFF-EN-10000056,186.69
787,CA-2018-129567,OFF-BI-10000014,17.456
788,CA-2016-154620,FUR-CH-10004675,348.928
789,CA-2016-115938,OFF-BI-10001543,143.96
790,CA-2016-115938,OFF-ST-10001321,15.42
791,CA-2016-115938,OFF-BI-10001132,43.04
792,CA-2016-115938,FUR-CH-10003199,332.94
793,CA-2017-105256,TEC-PH-10001530,1363.96
794,CA-2015-156433,OFF-LA-10001569,9.96
795,CA-2015-156433,OFF-PA-10003724,21.72
796,CA-2018-151428,OFF-BI-10000546,20.16
797,CA-2016-124653,OFF-PA-10000176,132.79
798,CA-2016-124653,OFF-PA-10002365,12.96
799,CA-2016-124653,OFF-LA-10002271,21.56
800,CA-2016-101910,FUR-CH-10002647,283.92
801,CA-2018-105809,FUR-FU-10004090,22.23
802,CA-2018-105809,TEC-PH-10001580,215.968
803,CA-2017-136133,OFF-AP-10000576,355.32
804,CA-2017-115504,OFF-PA-10003953,12.96
805,CA-2018-135783,FUR-FU-10000794,18.28
806,CA-2015-134313,OFF-AR-10001897,43.176
807,CA-2015-134313,TEC-PH-10001795,1983.968
808,CA-2016-140921,FUR-FU-10003347,28.4
809,CA-2016-140921,TEC-AC-10004901,149.97
810,CA-2015-151995,OFF-AR-10003190,11.52
811,CA-2015-151995,FUR-TA-10002903,1298.55
812,CA-2015-151995,OFF-AP-10000240,213.92
813,CA-2015-151995,TEC-AC-10001101,25.78
814,CA-2018-143686,FUR-FU-10000794,18.28
815,CA-2018-143686,TEC-AC-10001838,1399.93
816,CA-2016-106565,OFF-PA-10000061,51.84
817,CA-2017-149370,OFF-PA-10003651,5.344
818,CA-2015-140858,OFF-PA-10000304,41.472
819,CA-2015-140858,OFF-BI-10003094,3.168
820,CA-2015-140858,FUR-CH-10001394,1228.465
821,CA-2015-140858,OFF-BI-10004230,31.086
822,CA-2015-140858,OFF-PA-10003395,335.52
823,CA-2018-101434,TEC-AC-10002402,239.97
824,CA-2018-101434,OFF-LA-10003223,9.82
825,US-2015-102071,TEC-AC-10003441,67.8
826,US-2015-102071,TEC-AC-10000109,167.97
827,CA-2018-126956,OFF-FA-10002280,35.0
828,CA-2018-126956,OFF-SU-10000381,37.24
829,CA-2018-126956,OFF-EN-10004459,15.28
830,CA-2018-129462,FUR-CH-10000665,301.96
831,CA-2018-129462,OFF-AP-10003884,180.66
832,CA-2018-129462,TEC-PH-10001557,191.98
833,CA-2018-129462,TEC-PH-10002085,65.99
834,CA-2017-165316,OFF-AR-10002956,35.216
835,CA-2017-165316,OFF-AP-10003266,23.696
836,CA-2017-165316,TEC-MA-10004002,265.475
837,US-2015-115987,OFF-BI-10001071,51.184
838,US-2018-156083,OFF-PA-10001560,9.664
839,US-2017-137547,TEC-PH-10002365,21.072
840,CA-2016-100454,OFF-AR-10004648,60.45
841,CA-2016-100454,OFF-AR-10002578,11.52
842,CA-2016-100454,FUR-BO-10001519,186.048
843,CA-2017-161669,OFF-BI-10001294,37.44
844,CA-2017-161669,OFF-BI-10001636,26.976
845,CA-2017-161669,OFF-SU-10002503,11.36
846,CA-2017-161669,OFF-LA-10004093,14.62
847,CA-2016-114300,TEC-PH-10001552,83.72
848,CA-2016-114300,FUR-CH-10001891,287.94
849,CA-2018-107503,FUR-FU-10003878,48.896
850,CA-2015-107755,TEC-AC-10000710,115.36
851,CA-2017-152534,OFF-AR-10002335,5.16
852,CA-2017-152534,OFF-PA-10001870,38.88
853,CA-2017-113747,OFF-AR-10003373,185.88
854,CA-2017-123274,FUR-FU-10004090,44.46
855,CA-2017-123274,OFF-ST-10000736,242.94
856,CA-2015-125612,OFF-PA-10001019,39.96
857,CA-2015-125612,OFF-SU-10002537,102.3
858,CA-2015-125612,OFF-ST-10003221,21.36
859,CA-2018-161984,OFF-PA-10004569,7.61
860,CA-2018-161984,OFF-FA-10000624,7.16
861,CA-2015-133851,OFF-SU-10001225,7.36
862,CA-2015-133851,OFF-AR-10003752,23.1
863,CA-2017-134474,TEC-AC-10001714,191.472
864,CA-2017-134474,OFF-AR-10003958,5.248
865,CA-2017-134474,TEC-PH-10002923,59.184
866,CA-2015-149020,OFF-LA-10004272,2.89
867,CA-2015-149020,FUR-FU-10000965,51.94
868,CA-2017-134362,OFF-LA-10004853,15.936
869,CA-2015-136742,OFF-BI-10003719,44.91
870,CA-2017-158099,OFF-BI-10000545,1141.47
871,CA-2017-158099,TEC-PH-10002496,280.782
872,CA-2016-131128,OFF-PA-10003591,34.44
873,CA-2015-148488,OFF-PA-10004470,11.36
874,CA-2015-148488,OFF-BI-10000315,106.344
875,CA-2018-114636,OFF-PA-10001790,192.16
876,CA-2017-116736,FUR-FU-10004017,322.59
877,CA-2017-116736,TEC-AC-10003628,29.99
878,CA-2017-116736,TEC-AC-10002049,371.97
879,US-2015-158638,OFF-BI-10003712,5.892
880,CA-2018-111689,OFF-BI-10003984,68.472
881,CA-2018-111689,FUR-CH-10004287,1242.9
882,CA-2016-129098,OFF-ST-10001321,30.84
883,US-2018-123463,OFF-AR-10001118,13.48
884,CA-2017-165148,FUR-FU-10000732,31.4
885,CA-2015-134061,FUR-FU-10001424,17.46
886,CA-2016-143602,OFF-BI-10002071,13.944
887,CA-2018-115364,OFF-ST-10002486,83.76
888,CA-2018-150707,OFF-BI-10001078,37.66
889,CA-2015-104976,OFF-PA-10003845,34.68
890,CA-2018-132934,TEC-AC-10000927,149.95
891,CA-2018-132934,OFF-BI-10001098,51.312
892,CA-2018-133256,OFF-PA-10001622,4.54
893,CA-2018-133256,OFF-AR-10003158,15.92
894,CA-2018-133256,TEC-PH-10002660,543.92
895,CA-2017-105494,OFF-ST-10002205,155.82
896,CA-2017-105494,OFF-BI-10003364,70.008
897,CA-2017-140634,OFF-EN-10001099,15.648
898,CA-2015-144407,OFF-LA-10003923,103.6
899,CA-2018-160983,OFF-PA-10002250,46.96
900,US-2017-114622,OFF-BI-10004716,8.904
901,CA-2018-150959,OFF-LA-10001045,10.44
902,CA-2018-150959,OFF-BI-10001510,18.336
903,CA-2018-132353,TEC-PH-10004536,323.976
904,CA-2017-130477,OFF-PA-10002947,20.04
905,CA-2017-130477,OFF-ST-10002583,64.96
906,CA-2017-130477,OFF-PA-10000019,12.96
907,CA-2018-143259,FUR-BO-10003441,323.136
908,CA-2018-143259,TEC-PH-10004774,90.93
909,CA-2018-143259,OFF-BI-10003684,52.776
910,CA-2018-137596,TEC-PH-10001494,1199.8
911,CA-2018-137596,TEC-AC-10004666,1928.78
912,CA-2018-137596,OFF-ST-10003816,352.38
913,CA-2016-133627,FUR-FU-10001935,22.2
914,CA-2018-102519,FUR-FU-10004091,46.94
915,CA-2018-102519,TEC-AC-10001772,143.73
916,US-2015-141215,FUR-TA-10001520,99.918
917,US-2015-141215,FUR-CH-10003379,797.944
918,US-2015-141215,OFF-BI-10002706,8.568
919,CA-2017-165218,OFF-EN-10000056,149.352
920,CA-2017-165218,OFF-ST-10001558,12.992
921,CA-2015-138296,OFF-ST-10002444,24.56
922,CA-2016-111164,TEC-AC-10002473,85.14
923,CA-2016-111164,TEC-PH-10004531,21.99
924,CA-2016-111164,OFF-AP-10004487,406.6
925,CA-2017-149797,OFF-BI-10003650,841.568
926,CA-2015-132962,OFF-PA-10003543,15.552
927,CA-2015-132962,TEC-AC-10004353,252.0
928,CA-2016-115091,OFF-AR-10000658,46.2
929,CA-2016-115091,OFF-AP-10000696,28.84
930,CA-2018-144932,OFF-AR-10003560,14.592
931,CA-2018-144932,OFF-AR-10001468,89.856
932,CA-2018-144932,OFF-PA-10004971,13.872
933,CA-2018-114216,OFF-PA-10002195,12.192
934,CA-2017-140081,OFF-PA-10001745,45.056
935,CA-2017-140081,OFF-BI-10004826,29.718
936,CA-2017-140081,OFF-PA-10001870,15.552
937,CA-2017-140081,OFF-AP-10001058,447.696
938,US-2018-111745,TEC-AC-10003911,159.99
939,CA-2016-148250,OFF-PA-10000289,12.96
940,CA-2016-148250,OFF-AP-10003040,134.48
941,CA-2017-105760,OFF-PA-10000350,17.12
942,CA-2017-142958,OFF-BI-10001759,6.096
943,CA-2017-142958,FUR-TA-10000577,1114.272
944,CA-2016-120880,OFF-PA-10004101,32.4
945,CA-2016-120880,OFF-ST-10001496,540.57
946,CA-2016-120880,OFF-BI-10002931,167.76
947,US-2016-140200,FUR-TA-10002356,393.165
948,US-2018-110576,FUR-FU-10003601,516.488
949,US-2018-110576,FUR-FU-10000576,1007.232
950,US-2018-110576,FUR-TA-10004154,2065.32
951,US-2018-110576,OFF-PA-10000788,15.552
952,US-2018-110576,OFF-PA-10002479,25.344
953,CA-2018-131156,FUR-FU-10001940,25.472
954,CA-2018-136539,OFF-AR-10001958,27.168
955,CA-2018-136539,FUR-BO-10004709,78.8528
956,CA-2018-119305,OFF-ST-10000604,173.8
957,CA-2018-102414,TEC-PH-10002923,29.592
958,CA-2018-102414,OFF-BI-10004465,4.752
959,CA-2018-102414,OFF-PA-10002333,15.552
960,CA-2016-112571,FUR-FU-10004188,204.6
961,CA-2018-152142,FUR-CH-10002965,321.568
962,CA-2016-160059,OFF-BI-10000145,6.24
963,CA-2017-120859,OFF-EN-10001335,21.88
964,CA-2015-127488,OFF-LA-10001613,4.608
965,CA-2018-135279,OFF-LA-10004055,9.82
966,CA-2018-135279,OFF-AR-10004344,35.97
967,CA-2018-135279,OFF-PA-10004621,12.96
968,CA-2018-135279,OFF-PA-10001281,191.6
969,CA-2018-135279,OFF-LA-10001613,8.64
970,CA-2018-135279,OFF-ST-10001097,501.81
971,CA-2015-115791,FUR-FU-10001095,127.104
972,CA-2015-115791,TEC-PH-10004614,124.2
973,CA-2015-115791,OFF-BI-10001575,18.588
974,CA-2015-115791,OFF-LA-10001074,30.072
975,US-2018-103247,TEC-PH-10003555,160.93
976,US-2018-103247,OFF-BI-10004492,75.792
977,US-2018-100209,OFF-BI-10002012,1.08
978,CA-2018-159366,TEC-MA-10000822,3059.982
979,CA-2017-145499,OFF-BI-10000848,3.282
980,CA-2016-157035,OFF-PA-10004156,34.02
981,CA-2017-144939,FUR-CH-10003199,599.292
982,CA-2015-163419,OFF-AR-10000034,3.392
983,CA-2015-163419,TEC-PH-10000560,559.984
984,CA-2015-163419,FUR-CH-10000665,603.92
985,CA-2018-100314,OFF-LA-10001569,7.968
986,CA-2018-100314,OFF-EN-10000461,27.968
987,CA-2018-100314,TEC-MA-10003066,336.51
988,CA-2016-146829,OFF-BI-10004022,1.112
989,CA-2018-167899,FUR-FU-10004071,520.05
990,CA-2018-167899,OFF-AR-10001988,17.97
991,CA-2016-153549,FUR-CH-10004086,1166.92
992,CA-2017-110023,OFF-BI-10001036,14.624
993,CA-2017-105585,OFF-FA-10002983,10.23
994,CA-2017-105585,OFF-PA-10003625,154.9
995,CA-2015-117639,OFF-BI-10003925,2715.93
996,CA-2015-117639,TEC-PH-10001530,617.97
997,CA-2016-162537,OFF-EN-10003862,10.67
998,CA-2016-162537,OFF-ST-10004258,36.63
999,CA-2016-162537,FUR-FU-10002885,24.1
1000,CA-2016-162537,FUR-FU-10001918,33.11
1001,CA-2017-155488,OFF-AR-10002956,44.02
1002,CA-2016-124891,TEC-AC-10003033,2309.65
1003,CA-2016-124891,FUR-TA-10002903,1090.782
1004,CA-2016-124891,OFF-PA-10004621,19.44
1005,CA-2016-126445,OFF-ST-10000046,484.65
1006,CA-2016-111199,OFF-PA-10001790,115.296
1007,CA-2016-105312,OFF-EN-10002600,7.08
1008,CA-2016-105312,OFF-BI-10002049,4.401
1009,US-2018-106705,OFF-PA-10001509,44.75
1010,CA-2018-135034,TEC-PH-10003931,95.984
1011,CA-2015-158540,FUR-FU-10001602,151.72
1012,CA-2018-118437,FUR-FU-10004848,155.25
1013,CA-2018-118437,OFF-ST-10003722,14.03
1014,US-2016-126214,FUR-TA-10003748,1618.37
1015,US-2016-126214,TEC-AC-10003198,99.6
1016,CA-2016-133025,OFF-PA-10004100,32.4
1017,CA-2016-108665,FUR-FU-10002191,13.96
1018,CA-2016-108665,FUR-FU-10000965,155.82
1019,CA-2016-108665,TEC-PH-10004188,124.95
1020,CA-2016-108665,OFF-ST-10001526,601.65
1021,CA-2016-124450,OFF-AR-10001166,22.74
1022,CA-2016-124450,FUR-CH-10000309,1267.53
1023,CA-2016-124450,TEC-MA-10004212,1379.92
1024,CA-2016-167269,OFF-EN-10003072,6.208
1025,CA-2018-106964,OFF-BI-10000320,11.808
1026,CA-2017-126529,OFF-PA-10001166,15.552
1027,CA-2017-126529,OFF-PA-10003656,63.312
1028,CA-2017-126529,TEC-PH-10000148,15.588
1029,CA-2015-163552,OFF-PA-10000474,177.2
1030,CA-2015-163552,TEC-PH-10003885,197.97
1031,CA-2015-163552,FUR-CH-10003379,854.94
1032,CA-2015-163552,FUR-FU-10000629,124.11
1033,CA-2015-163552,OFF-LA-10001175,14.4
1034,CA-2017-109820,OFF-PA-10000955,15.696
1035,CA-2017-109820,OFF-BI-10003460,2.628
1036,CA-2017-109820,OFF-BI-10000474,14.427
1037,CA-2017-113061,FUR-FU-10003975,86.62
1038,CA-2016-127418,OFF-BI-10003707,36.624
1039,CA-2018-121818,OFF-AR-10000203,23.968
1040,CA-2018-121818,OFF-AR-10004790,28.728
1041,CA-2017-127670,FUR-TA-10001095,697.16
1042,CA-2017-102981,TEC-AC-10004761,31.86
1043,CA-2017-102981,FUR-BO-10001811,722.352
1044,CA-2018-115651,OFF-AR-10001130,8.84
1045,CA-2018-115651,OFF-AP-10000055,58.464
1046,CA-2018-152702,FUR-CH-10002304,254.604
1047,CA-2017-169103,TEC-PH-10001530,1363.96
1048,CA-2017-169103,FUR-FU-10004006,102.36
1049,CA-2015-139192,TEC-PH-10000486,1113.504
1050,CA-2015-139192,TEC-AC-10001606,99.99
1051,US-2016-153500,FUR-FU-10000293,168.464
1052,US-2016-153500,OFF-PA-10001307,6.72
1053,US-2016-153500,FUR-FU-10004460,282.888
1054,CA-2016-110667,OFF-AR-10000716,11.16
1055,CA-2016-110667,FUR-FU-10004622,108.4
1056,CA-2016-110667,OFF-BI-10002735,82.344
1057,CA-2016-110667,OFF-BI-10003529,9.088
1058,CA-2018-167150,OFF-BI-10001097,19.936
1059,CA-2018-167150,OFF-BI-10001597,65.568
1060,CA-2017-105284,OFF-FA-10001754,4.416
1061,US-2016-125374,FUR-CH-10003396,107.772
1062,CA-2016-161263,OFF-AP-10002350,45.216
1063,CA-2016-161263,OFF-FA-10004838,10.416
1064,CA-2016-161263,OFF-AR-10004757,7.872
1065,CA-2016-161263,TEC-PH-10002115,118.782
1066,CA-2016-161263,OFF-FA-10003059,1.448
1067,CA-2016-161263,OFF-BI-10004330,55.47
1068,CA-2017-157686,FUR-CH-10001146,194.848
1069,US-2018-139955,OFF-SU-10001935,1.744
1070,US-2016-150161,OFF-BI-10001524,25.176
1071,CA-2016-144652,OFF-AR-10003732,19.46
1072,CA-2017-152814,OFF-PA-10001970,29.472
1073,CA-2018-106943,OFF-BI-10003669,8.64
1074,CA-2017-134348,OFF-BI-10003727,6.27
1075,CA-2017-134348,OFF-BI-10004967,4.368
1076,CA-2017-134348,TEC-AC-10003447,31.984
1077,CA-2017-161781,OFF-AR-10000255,40.88
1078,CA-2018-132521,OFF-AP-10002191,119.96
1079,CA-2018-132521,OFF-ST-10001325,31.44
1080,CA-2018-132521,OFF-BI-10000404,6.88
1081,CA-2016-110016,OFF-PA-10000349,19.92
1082,CA-2016-110016,FUR-CH-10002880,1106.91
1083,US-2017-143819,FUR-TA-10001095,836.592
1084,US-2017-143819,OFF-PA-10003127,26.38
1085,US-2017-143819,OFF-ST-10003208,362.92
1086,US-2017-143819,TEC-MA-10003979,4899.93
1087,CA-2017-167584,OFF-PA-10000029,6.48
1088,CA-2017-166163,TEC-PH-10004896,71.976
1089,CA-2017-166163,OFF-LA-10000452,3.15
1090,CA-2018-158407,FUR-FU-10001967,31.984
1091,CA-2018-158407,TEC-PH-10001819,71.984
1092,CA-2016-143490,OFF-AR-10002952,120.15
1093,CA-2016-143490,TEC-PH-10000576,219.184
1094,CA-2016-165085,OFF-PA-10000605,28.9
1095,CA-2016-165085,OFF-AP-10002518,355.96
1096,CA-2018-160423,OFF-ST-10004340,348.208
1097,CA-2018-160423,OFF-BI-10004001,35.784
1098,CA-2015-159338,FUR-TA-10004147,447.84
1099,CA-2017-107216,OFF-AR-10001545,7.04
1100,CA-2017-107216,FUR-FU-10000206,8.73
1101,CA-2017-107216,TEC-AC-10001013,29.29
1102,CA-2017-107216,OFF-AR-10002255,8.64
1103,US-2018-145863,OFF-BI-10004140,2.694
1104,US-2018-145863,OFF-BI-10002049,2.934
1105,CA-2017-112340,OFF-PA-10001892,22.92
1106,US-2017-110156,OFF-ST-10000642,100.704
1107,US-2017-110156,FUR-FU-10000206,2.328
1108,US-2017-110156,OFF-BI-10003676,10.78
1109,US-2017-110156,OFF-FA-10003495,58.368
1110,US-2017-110156,OFF-EN-10003798,40.968
1111,US-2017-110156,TEC-PH-10003589,71.96
1112,US-2017-110156,OFF-PA-10004735,10.368
1113,US-2017-110156,OFF-BI-10002609,1.192
1114,CA-2018-140585,OFF-BI-10003364,46.672
1115,CA-2018-140585,FUR-BO-10002206,119.833
1116,CA-2018-140585,TEC-AC-10003610,119.98
1117,CA-2017-144855,OFF-LA-10003766,6.3
1118,CA-2016-142755,OFF-PA-10001970,279.9
1119,CA-2016-142755,TEC-AC-10002049,619.95
1120,CA-2016-142755,OFF-PA-10000141,4.36
1121,CA-2016-142755,OFF-EN-10004459,15.28
1122,US-2015-147627,TEC-PH-10001061,699.93
1123,US-2015-147627,OFF-AR-10002375,22.96
1124,US-2015-147627,FUR-FU-10003194,38.6
1125,US-2015-147627,OFF-AR-10003811,6.63
1126,US-2015-147627,OFF-EN-10001539,23.34
1127,US-2015-147627,FUR-CH-10002331,1067.94
1128,CA-2016-105970,OFF-AR-10003156,10.16
1129,CA-2016-105970,OFF-EN-10001532,101.88
1130,CA-2017-112102,FUR-TA-10004086,343.92
1131,CA-2017-112102,OFF-PA-10000100,40.99
1132,CA-2017-112102,OFF-EN-10002500,63.9
1133,US-2017-114776,OFF-PA-10004100,19.44
1134,US-2017-134908,OFF-ST-10003479,124.608
1135,US-2017-134908,OFF-LA-10000973,7.56
1136,US-2017-148803,OFF-ST-10001476,85.224
1137,CA-2017-152170,OFF-EN-10002831,287.52
1138,CA-2017-152170,OFF-AP-10002350,37.68
1139,CA-2017-152170,OFF-PA-10001763,19.98
1140,CA-2017-152170,OFF-AR-10003394,20.58
1141,CA-2017-152170,OFF-BI-10002072,17.38
1142,CA-2015-146969,FUR-FU-10004188,204.6
1143,CA-2015-146969,OFF-FA-10001561,8.72
1144,CA-2015-146969,OFF-PA-10002105,6.48
1145,CA-2015-146969,TEC-MA-10004241,686.32
1146,CA-2015-146969,OFF-ST-10004340,62.18
1147,CA-2016-112452,OFF-AP-10003849,644.076
1148,CA-2016-112452,OFF-FA-10000735,5.84
1149,CA-2016-112452,OFF-BI-10003350,12.76
1150,CA-2016-112452,TEC-PH-10000307,10.95
1151,CA-2016-112452,TEC-CO-10004202,599.98
1152,CA-2016-113971,FUR-FU-10001852,8.352
1153,CA-2017-160395,OFF-AR-10003759,3.64
1154,CA-2017-160395,OFF-BI-10003984,159.768
1155,CA-2015-136567,OFF-ST-10004337,122.48
1156,CA-2015-136567,FUR-TA-10001932,2244.48
1157,CA-2015-136567,OFF-BI-10003982,62.31
1158,CA-2015-136567,FUR-TA-10000617,455.1
1159,CA-2017-149314,FUR-CH-10002126,195.184
1160,CA-2018-147039,OFF-AP-10000576,362.94
1161,CA-2018-147039,OFF-BI-10004654,11.54
1162,CA-2015-126522,OFF-AR-10004042,53.94
1163,CA-2015-127964,TEC-PH-10004700,9.99
1164,CA-2015-127964,OFF-BI-10004593,125.76
1165,CA-2015-127964,OFF-BI-10003429,25.32
1166,CA-2015-117709,OFF-BI-10001294,46.8
1167,CA-2016-125416,TEC-AC-10001552,447.93
1168,CA-2018-145226,FUR-FU-10004952,109.48
1169,CA-2018-145226,OFF-ST-10004123,272.94
1170,CA-2018-145226,OFF-PA-10003172,19.44
1171,CA-2018-145226,OFF-ST-10002352,31.92
1172,US-2015-100279,OFF-PA-10002259,22.38
1173,CA-2015-158064,OFF-BI-10002976,16.52
1174,US-2016-104430,OFF-BI-10000301,5.176
1175,CA-2016-132080,OFF-BI-10003694,50.112
1176,CA-2017-161207,OFF-SU-10000381,27.93
1177,CA-2015-120243,OFF-LA-10004425,11.56
1178,CA-2017-113621,FUR-CH-10001270,172.5
1179,CA-2017-113621,TEC-PH-10003931,179.97
1180,CA-2017-168081,TEC-AC-10003174,258.696
1181,CA-2015-128146,TEC-PH-10004539,1322.93
1182,CA-2015-128146,OFF-AR-10001919,3.76
1183,CA-2018-138779,OFF-EN-10002504,21.744
1184,CA-2018-138779,TEC-PH-10003655,7.92
1185,CA-2015-127131,OFF-BI-10004656,12.096
1186,CA-2015-127131,OFF-ST-10002344,485.88
1187,CA-2015-127131,OFF-PA-10001800,25.92
1188,CA-2015-127131,OFF-ST-10000036,197.58
1189,CA-2018-117212,OFF-AP-10004532,81.92
1190,CA-2018-117212,TEC-PH-10004447,889.536
1191,CA-2018-117212,FUR-CH-10003973,892.224
1192,CA-2018-117212,OFF-PA-10001970,223.92
1193,CA-2018-117212,OFF-PA-10000682,23.12
1194,US-2016-130519,OFF-PA-10001937,15.552
1195,US-2016-130519,FUR-FU-10002268,15.712
1196,US-2016-130519,OFF-ST-10001321,24.672
1197,US-2016-130519,FUR-FU-10003394,55.968
1198,CA-2017-130946,TEC-AC-10001990,431.928
1199,CA-2017-130946,FUR-CH-10004540,95.984
1200,CA-2017-130946,OFF-BI-10004995,1088.792
1201,CA-2017-114727,FUR-CH-10002335,544.008
1202,CA-2017-114727,OFF-BI-10004967,1.872
1203,CA-2017-114727,FUR-CH-10002331,854.352
1204,CA-2017-114727,OFF-ST-10002292,593.568
1205,CA-2017-114727,OFF-ST-10000689,338.04
1206,CA-2018-133235,TEC-PH-10002660,271.96
1207,CA-2017-137050,OFF-ST-10004634,11.21
1208,CA-2017-137050,OFF-BI-10002160,9.144
1209,CA-2017-137050,OFF-FA-10002988,14.07
1210,CA-2017-137050,OFF-AR-10004999,41.86
1211,CA-2017-137050,OFF-BI-10001031,8.544
1212,CA-2017-137050,FUR-BO-10004695,579.136
1213,US-2018-118087,FUR-CH-10004860,141.372
1214,US-2018-118087,OFF-BI-10002432,3.036
1215,US-2018-118087,OFF-BI-10000069,4.503
1216,US-2018-118087,OFF-AR-10003602,4.672
1217,US-2018-118087,TEC-AC-10004469,95.88
1218,US-2018-118087,FUR-FU-10001867,17.024
1219,US-2018-118087,TEC-AC-10003174,258.696
1220,US-2018-118087,TEC-PH-10002200,1931.958
1221,CA-2015-110184,OFF-ST-10000107,249.75
1222,CA-2015-110184,TEC-PH-10000439,255.936
1223,CA-2017-126004,FUR-FU-10001602,113.79
1224,CA-2017-126004,TEC-AC-10001432,78.15
1225,CA-2017-126004,OFF-BI-10004656,1.728
1226,CA-2017-126004,OFF-PA-10001685,40.56
1227,CA-2017-126004,OFF-ST-10001418,182.94
1228,CA-2017-126004,OFF-ST-10000676,193.86
1229,CA-2018-100013,OFF-EN-10001219,15.28
1230,CA-2018-100013,FUR-FU-10001424,8.73
1231,CA-2018-100013,OFF-AR-10001022,5.68
1232,CA-2016-132570,OFF-AR-10000369,2.78
1233,CA-2016-132570,OFF-EN-10003055,79.96
1234,CA-2017-153682,TEC-CO-10001046,839.988
1235,CA-2017-144344,FUR-FU-10000076,47.952
1236,CA-2017-144344,OFF-BI-10003719,37.425
1237,CA-2017-144344,FUR-FU-10003268,63.968
1238,CA-2017-144344,FUR-FU-10003553,165.048
1239,CA-2015-127012,FUR-FU-10003691,12.35
1240,CA-2015-127012,OFF-AR-10003903,40.97
1241,CA-2015-127012,OFF-FA-10004854,22.96
1242,CA-2017-128727,TEC-PH-10003442,22.0
1243,US-2017-162859,OFF-BI-10004519,398.352
1244,US-2017-162859,OFF-FA-10000304,8.72
1245,CA-2018-133641,OFF-EN-10004955,48.69
1246,CA-2015-168494,FUR-TA-10004619,764.688
1247,CA-2015-168494,FUR-TA-10003473,3610.848
1248,CA-2015-168494,FUR-BO-10004467,254.9745
1249,CA-2018-115602,OFF-AR-10002280,38.82
1250,CA-2018-115602,FUR-CH-10001708,1141.938
1251,CA-2018-115602,OFF-AP-10000891,1704.56
1252,CA-2018-115602,OFF-AR-10000462,3.2
1253,CA-2016-154956,TEC-PH-10004165,1099.96
1254,CA-2018-144638,OFF-AR-10003958,5.248
1255,CA-2018-144638,TEC-PH-10000149,35.91
1256,CA-2018-144638,FUR-FU-10003724,6.696
1257,CA-2018-144638,FUR-FU-10003535,43.872
1258,US-2017-168620,OFF-BI-10001575,27.882
1259,US-2017-168620,OFF-ST-10003716,540.048
1260,US-2017-168620,TEC-AC-10004469,255.68
1261,CA-2018-117079,TEC-PH-10004586,863.88
1262,US-2017-144393,OFF-BI-10004236,17.616
1263,CA-2018-105053,OFF-BI-10001634,17.472
1264,CA-2017-155992,TEC-PH-10000215,69.9
1265,CA-2017-155992,FUR-FU-10003724,41.85
1266,CA-2018-110380,OFF-AR-10000422,6.57
1267,US-2015-167738,OFF-ST-10003306,142.86
1268,US-2015-167738,FUR-CH-10001146,292.272
1269,CA-2018-121412,FUR-FU-10000246,29.328
1270,CA-2018-100426,OFF-PA-10002870,12.48
1271,US-2017-103646,OFF-ST-10000563,102.336
1272,US-2017-103646,OFF-AP-10004487,48.792
1273,US-2017-103646,OFF-BI-10002854,44.848
1274,CA-2017-119186,OFF-PA-10004621,10.368
1275,CA-2017-119186,FUR-CH-10001973,388.43
1276,CA-2017-119186,OFF-PA-10004040,14.352
1277,CA-2017-119186,TEC-AC-10000580,63.992
1278,CA-2017-148698,OFF-AR-10004022,86.352
1279,CA-2015-163293,TEC-AC-10004209,32.97
1280,CA-2015-163293,TEC-AC-10000023,83.88
1281,CA-2017-160815,TEC-PH-10003505,278.4
1282,CA-2018-122154,OFF-LA-10000121,15.12
1283,CA-2018-122154,OFF-BI-10002026,17.43
1284,CA-2018-122154,OFF-PA-10000994,251.64
1285,US-2016-149692,OFF-BI-10002813,2.772
1286,CA-2017-119445,OFF-ST-10000617,14.9
1287,CA-2016-124268,OFF-AR-10004817,15.48
1288,CA-2017-154711,FUR-FU-10000397,39.88
1289,CA-2017-154711,OFF-BI-10000605,12.192
1290,CA-2017-154711,OFF-AR-10001860,20.82
1291,CA-2017-163384,OFF-BI-10004970,13.216
1292,CA-2017-163384,OFF-PA-10003172,32.4
1293,CA-2016-101707,OFF-SU-10001218,32.94
1294,CA-2016-101707,OFF-PA-10002968,114.2
1295,CA-2016-101707,OFF-LA-10000134,3.08
1296,CA-2016-138898,OFF-AP-10004487,845.728
1297,CA-2018-115427,OFF-BI-10002103,13.904
1298,CA-2018-115427,OFF-BI-10004632,20.72
1299,CA-2017-134425,TEC-PH-10003555,114.95
1300,CA-2016-121391,OFF-ST-10001590,26.96
1301,CA-2017-137043,FUR-FU-10003664,572.76
1302,CA-2017-137043,FUR-FU-10003664,286.38
1303,CA-2016-115847,FUR-BO-10003433,61.96
1304,US-2018-126179,FUR-FU-10002554,23.99
1305,US-2018-126179,TEC-PH-10001557,287.97
1306,CA-2017-101966,TEC-PH-10003437,419.944
1307,CA-2017-141397,OFF-PA-10002986,46.76
1308,CA-2017-141397,OFF-BI-10000320,17.712
1309,CA-2017-141397,OFF-AP-10003971,21.78
1310,CA-2017-141397,OFF-ST-10001469,161.94
1311,CA-2017-141397,FUR-CH-10003846,161.568
1312,CA-2017-141082,OFF-LA-10001404,3.69
1313,CA-2017-141082,OFF-LA-10001474,122.12
1314,US-2017-134488,FUR-CH-10003199,155.372
1315,CA-2017-145919,OFF-PA-10003072,38.88
1316,CA-2017-145919,FUR-FU-10004960,183.84
1317,CA-2017-145919,OFF-SU-10003505,579.3
1318,CA-2018-157651,TEC-AC-10003116,14.2
1319,CA-2015-160773,TEC-PH-10004586,575.92
1320,CA-2015-160773,OFF-BI-10000546,5.184
1321,CA-2018-167703,OFF-BI-10002071,5.229
1322,CA-2018-167703,OFF-ST-10001490,285.552
1323,CA-2018-121804,OFF-AP-10004859,72.8
1324,CA-2018-162635,OFF-PA-10002659,10.816
1325,CA-2015-107153,OFF-ST-10001321,46.26
1326,US-2015-117058,OFF-BI-10004139,17.46
1327,CA-2016-120439,FUR-FU-10001867,51.072
1328,CA-2017-128258,OFF-PA-10004156,11.34
1329,CA-2018-106033,OFF-AR-10002818,87.92
1330,CA-2017-142762,FUR-FU-10003691,37.05
1331,CA-2018-127705,TEC-PH-10000347,2.97
1332,CA-2018-127705,OFF-ST-10004507,27.44
1333,CA-2015-122567,OFF-BI-10002012,1.08
1334,CA-2015-122567,OFF-AP-10001303,7.96
1335,CA-2015-121664,OFF-BI-10003684,140.736
1336,CA-2017-122133,OFF-ST-10002574,552.56
1337,US-2018-123281,FUR-FU-10003724,25.11
1338,CA-2018-100524,FUR-FU-10004018,29.78
1339,CA-2018-100524,TEC-PH-10002549,677.58
1340,CA-2018-100524,OFF-PA-10004911,75.04
1341,CA-2018-113481,TEC-MA-10002178,695.7
1342,CA-2018-113481,OFF-BI-10003694,15.66
1343,CA-2018-113481,OFF-BI-10000474,28.854
1344,CA-2016-131758,OFF-AR-10000411,47.82
1345,CA-2016-131758,OFF-LA-10000262,13.05
1346,CA-2015-118339,OFF-AP-10001154,93.78
1347,CA-2015-118339,OFF-PA-10000466,47.18
1348,CA-2015-118339,OFF-AR-10003829,19.68
1349,CA-2015-118339,OFF-BI-10001758,53.4
1350,CA-2015-118339,OFF-BI-10000136,35.88
1351,CA-2015-153976,FUR-CH-10002880,258.279
1352,CA-2017-162901,OFF-ST-10000649,31.4
1353,CA-2018-162978,TEC-PH-10003092,183.96
1354,CA-2018-162978,OFF-PA-10002250,17.61
1355,CA-2018-162978,FUR-TA-10003473,300.904
1356,US-2015-160444,OFF-ST-10001522,220.776
1357,US-2015-160444,OFF-ST-10000563,281.424
1358,CA-2017-145247,OFF-PA-10003641,79.14
1359,CA-2018-160045,FUR-FU-10000010,1.988
1360,US-2015-151925,FUR-CH-10002961,145.568
1361,CA-2018-125199,OFF-AR-10002956,123.256
1362,CA-2018-125199,OFF-PA-10004041,23.68
1363,CA-2018-125199,TEC-PH-10001336,309.576
1364,US-2018-155425,OFF-BI-10001036,38.388
1365,US-2018-155425,TEC-MA-10003183,95.994
1366,US-2018-155425,TEC-AC-10001314,239.952
1367,US-2018-155425,TEC-PH-10002563,201.584
1368,US-2018-155425,FUR-CH-10003312,899.136
1369,CA-2018-133249,FUR-FU-10001588,145.9
1370,US-2016-103471,FUR-BO-10002613,590.058
1371,US-2016-103471,OFF-AR-10003405,14.04
1372,CA-2018-136672,TEC-AC-10004510,49.08
1373,US-2015-157021,OFF-LA-10002312,29.6
1374,US-2015-157021,OFF-BI-10000042,17.088
1375,CA-2016-120362,FUR-TA-10003008,912.75
1376,CA-2015-126361,OFF-AP-10003590,1089.75
1377,CA-2015-126361,OFF-PA-10000806,447.84
1378,CA-2015-126361,OFF-AR-10000896,16.4
1379,CA-2015-126361,TEC-PH-10002310,399.96
1380,CA-2015-126361,OFF-ST-10002289,158.9
1381,CA-2015-126361,OFF-BI-10002852,13.184
1382,US-2017-100566,FUR-FU-10003394,83.952
1383,US-2017-108504,OFF-ST-10002344,80.98
1384,US-2017-108504,OFF-PA-10001289,348.84
1385,US-2017-108504,OFF-FA-10000053,9.45
1386,US-2017-108504,FUR-FU-10004091,18.84
1387,US-2017-108504,FUR-BO-10004015,239.98
1388,US-2017-108504,OFF-EN-10003001,167.96
1389,US-2017-108504,TEC-PH-10000215,104.85
1390,US-2017-108504,TEC-PH-10003645,484.83
1391,US-2017-108504,OFF-PA-10000357,122.97
1392,US-2017-108504,OFF-ST-10004804,154.44
1393,US-2017-108504,OFF-PA-10003892,342.37
1394,CA-2018-124828,OFF-AR-10003514,9.552
1395,US-2018-117247,FUR-TA-10002958,652.45
1396,US-2018-117247,FUR-TA-10001676,66.645
1397,CA-2017-124485,OFF-BI-10000822,17.216
1398,CA-2017-124485,OFF-PA-10004971,11.56
1399,CA-2017-124485,TEC-AC-10002323,88.4
1400,CA-2017-124485,OFF-PA-10004888,6.48
1401,CA-2017-159212,TEC-PH-10003988,21.8
1402,CA-2017-159212,OFF-EN-10002230,251.79
1403,US-2017-161396,FUR-TA-10002622,205.176
1404,US-2017-161396,OFF-PA-10000418,419.4
1405,US-2015-118486,OFF-SU-10004498,10.304
1406,US-2015-118486,FUR-TA-10001039,154.764
1407,US-2015-118486,TEC-AC-10004659,116.784
1408,CA-2017-130407,OFF-AR-10002240,75.48
1409,CA-2017-130407,FUR-FU-10001967,39.98
1410,US-2017-122245,FUR-TA-10002356,393.165
1411,CA-2018-105144,OFF-LA-10003923,23.68
1412,CA-2017-136329,FUR-CH-10002335,408.006
1413,CA-2017-136329,FUR-FU-10000723,165.28
1414,CA-2015-146640,OFF-BI-10002867,334.768
1415,CA-2018-115994,TEC-AC-10000580,239.97
1416,CA-2018-115994,FUR-FU-10003976,37.74
1417,CA-2016-126697,TEC-PH-10002922,946.344
1418,CA-2016-126697,TEC-AC-10004353,151.2
1419,CA-2016-126697,FUR-FU-10001706,4.928
1420,CA-2016-124800,OFF-PA-10000501,86.272
1421,CA-2016-124800,OFF-BI-10000778,72.588
1422,CA-2016-124800,OFF-AP-10004980,60.672
1423,CA-2016-124800,OFF-BI-10003984,77.031
1424,CA-2016-124800,OFF-ST-10000798,119.904
1425,CA-2016-124800,TEC-PH-10001750,263.96
1426,CA-2016-124800,OFF-ST-10002743,363.648
1427,US-2016-164448,OFF-BI-10002949,9.728
1428,US-2016-164448,OFF-EN-10002600,14.75
1429,US-2016-164448,OFF-BI-10003708,29.8
1430,US-2016-164448,OFF-LA-10003510,427.42
1431,CA-2018-122700,TEC-PH-10003092,220.752
1432,CA-2015-120768,OFF-BI-10001191,152.76
1433,CA-2015-120768,OFF-SU-10004115,7.27
1434,CA-2015-120768,FUR-CH-10000513,1819.86
1435,US-2017-153129,OFF-PA-10003673,33.9
1436,CA-2018-106852,OFF-PA-10001639,31.104
1437,CA-2018-106852,OFF-AR-10003829,5.248
1438,CA-2016-139731,TEC-AC-10004975,263.88
1439,CA-2016-139731,FUR-CH-10002024,2453.43
1440,CA-2018-122735,OFF-BI-10004364,29.7
1441,CA-2018-122735,OFF-PA-10001712,39.96
1442,CA-2018-128160,OFF-BI-10001510,36.672
1443,CA-2018-117695,OFF-PA-10002713,13.76
1444,CA-2016-166135,OFF-ST-10002974,139.424
1445,CA-2017-133725,TEC-PH-10004165,1979.928
1446,CA-2018-102337,OFF-ST-10004804,164.736
1447,CA-2018-102337,FUR-CH-10004289,470.302
1448,CA-2018-102337,TEC-PH-10002564,47.984
1449,US-2015-112564,OFF-BI-10004876,2.502
1450,CA-2016-145821,TEC-PH-10004348,88.752
1451,US-2016-160150,OFF-BI-10004352,2.025
1452,CA-2017-133711,OFF-PA-10001685,70.98
1453,CA-2017-133711,OFF-BI-10000666,91.68
1454,CA-2017-133711,OFF-BI-10004352,33.75
1455,CA-2017-133711,TEC-MA-10000010,3040.0
1456,CA-2018-148474,OFF-BI-10000977,91.2
1457,CA-2018-148474,FUR-TA-10002530,452.94
1458,CA-2016-111297,OFF-BI-10002412,52.2
1459,CA-2017-123722,OFF-LA-10001569,15.936
1460,CA-2015-155271,FUR-FU-10001473,27.46
1461,CA-2016-119907,OFF-BI-10001765,55.424
1462,US-2017-128902,FUR-TA-10001095,244.006
1463,CA-2017-152289,TEC-AC-10004571,159.984
1464,CA-2017-152289,FUR-CH-10002126,1024.716
1465,US-2017-104794,OFF-FA-10001754,3.68
1466,CA-2015-151708,FUR-FU-10001602,121.376
1467,CA-2015-151708,TEC-AC-10001767,95.976
1468,CA-2016-100769,TEC-AC-10002402,255.968
1469,CA-2018-139199,FUR-CH-10000847,872.94
1470,CA-2018-139199,OFF-BI-10003982,41.54
1471,CA-2018-139199,OFF-PA-10001293,12.96
1472,US-2016-161466,OFF-AR-10000634,6.848
1473,CA-2018-164959,OFF-LA-10004272,8.67
1474,US-2016-105676,FUR-FU-10004270,6.688
1475,CA-2017-113138,OFF-AR-10003770,17.28
1476,CA-2017-113138,OFF-BI-10000320,17.712
1477,US-2018-104955,OFF-LA-10003121,28.91
1478,CA-2017-121958,OFF-SU-10000381,52.136
1479,CA-2018-121468,TEC-PH-10000376,31.968
1480,US-2017-108455,OFF-PA-10002262,25.92
1481,US-2017-108455,OFF-PA-10002464,40.46
1482,US-2017-108455,OFF-ST-10002214,33.87
1483,CA-2018-101210,OFF-AR-10003560,9.728
1484,CA-2018-101210,OFF-PA-10000130,3.424
1485,US-2017-108098,TEC-AC-10000865,177.0
1486,CA-2015-119032,OFF-FA-10003021,3.76
1487,CA-2016-140410,TEC-PH-10003580,1212.848
1488,CA-2016-140410,TEC-AC-10001109,89.97
1489,CA-2016-140410,FUR-FU-10003347,42.6
1490,CA-2015-136280,OFF-LA-10000452,5.04
1491,CA-2018-151911,OFF-EN-10002986,62.96
1492,CA-2018-166436,OFF-PA-10001838,5.88
1493,CA-2018-166436,FUR-CH-10000785,977.292
1494,CA-2018-139661,FUR-FU-10002885,9.64
1495,CA-2015-123925,OFF-AR-10002952,40.05
1496,CA-2018-152485,OFF-AR-10003759,10.192
1497,CA-2018-152485,OFF-ST-10004950,16.784
1498,CA-2018-152485,OFF-AR-10001940,13.12
1499,CA-2017-141586,OFF-BI-10003981,18.16
1500,CA-2018-130386,OFF-PA-10002749,16.056
1501,CA-2018-130386,OFF-PA-10003823,223.056
1502,CA-2018-130386,OFF-ST-10003716,540.048
1503,CA-2017-100468,TEC-PH-10001300,33.52
1504,CA-2017-100468,FUR-FU-10000010,9.94
1505,CA-2016-153388,OFF-AR-10001868,6.72
1506,CA-2016-153388,FUR-TA-10003715,1004.976
1507,CA-2018-154935,OFF-BI-10003708,17.88
1508,CA-2017-134208,TEC-MA-10004458,396.0
1509,CA-2018-108294,OFF-BI-10004965,34.5
1510,CA-2018-103611,FUR-FU-10004270,8.36
1511,CA-2018-100384,OFF-AR-10002135,385.6
1512,CA-2018-100384,OFF-AR-10003514,35.82
1513,CA-2018-112809,OFF-ST-10002276,200.064
1514,CA-2018-112809,OFF-BI-10001098,21.38
1515,CA-2018-112809,OFF-BI-10001636,6.744
1516,US-2018-160759,FUR-CH-10002961,63.686
1517,CA-2018-148446,FUR-TA-10004256,1669.6
1518,CA-2015-111059,OFF-BI-10004593,83.84
1519,CA-2015-111059,OFF-BI-10002827,13.272
1520,CA-2018-116204,OFF-BI-10001759,21.336
1521,CA-2018-109946,OFF-AR-10001419,16.52
1522,CA-2016-144806,FUR-FU-10002253,206.112
1523,CA-2016-144806,OFF-PA-10002586,19.92
1524,CA-2016-144806,OFF-PA-10003039,198.272
1525,CA-2016-144806,OFF-ST-10004804,247.104
1526,CA-2016-144806,OFF-AR-10004042,86.304
1527,CA-2017-122392,OFF-AR-10002221,4.16
1528,CA-2017-122392,FUR-FU-10002456,11.648
1529,CA-2016-148432,OFF-FA-10004968,26.18
1530,CA-2016-148432,OFF-PA-10001274,7.3
1531,CA-2016-103793,OFF-PA-10001125,74.352
1532,CA-2018-159884,OFF-ST-10000344,10.744
1533,CA-2018-159884,OFF-FA-10000585,8.376
1534,CA-2017-139885,OFF-ST-10003324,212.88
1535,CA-2018-124086,FUR-BO-10004015,203.983
1536,CA-2017-112389,OFF-ST-10000419,40.74
1537,CA-2017-112389,OFF-AP-10001626,11.67
1538,CA-2018-121888,TEC-PH-10000439,39.99
1539,CA-2018-121888,OFF-AR-10003478,16.28
1540,CA-2018-121888,FUR-BO-10002545,782.94
1541,CA-2018-121888,OFF-BI-10001765,242.48
1542,CA-2015-166884,FUR-FU-10003981,8.32
1543,CA-2015-166884,OFF-FA-10001561,10.464
1544,CA-2015-107181,OFF-BI-10004230,82.896
1545,CA-2015-107181,OFF-PA-10000350,34.24
1546,CA-2015-150245,FUR-BO-10002613,1573.488
1547,CA-2016-111395,OFF-PA-10000994,335.52
1548,CA-2016-111395,OFF-BI-10002867,23.912
1549,CA-2016-111395,OFF-ST-10001291,27.056
1550,CA-2015-134278,TEC-CO-10001046,559.992
1551,US-2018-124926,OFF-AP-10004868,9.324
1552,CA-2017-159345,OFF-PA-10000806,111.96
1553,CA-2015-130274,OFF-LA-10002195,21.56
1554,CA-2018-158386,OFF-BI-10003719,124.75
1555,CA-2016-111507,OFF-AR-10001315,5.28
1556,CA-2018-120761,TEC-AC-10000171,91.96
1557,CA-2017-109176,OFF-EN-10003134,9.344
1558,CA-2017-109176,OFF-AR-10001955,79.36
1559,CA-2016-112116,FUR-TA-10001039,171.96
1560,CA-2017-126809,OFF-BI-10003712,35.352
1561,CA-2015-105172,OFF-LA-10001641,18.9
1562,CA-2018-107293,OFF-AR-10003732,2.78
1563,US-2018-102890,FUR-TA-10000577,1044.63
1564,CA-2016-158554,OFF-PA-10004000,11.352
1565,CA-2015-116239,OFF-ST-10001370,354.9
1566,CA-2016-132101,TEC-PH-10004539,453.576
1567,CA-2016-129112,TEC-AC-10003038,21.48
1568,CA-2016-129112,OFF-BI-10000088,8.784
1569,US-2018-152002,OFF-PA-10000357,122.97
1570,CA-2018-165029,OFF-AR-10003504,12.84
1571,US-2015-157385,FUR-CH-10000863,603.92
1572,US-2015-157385,OFF-EN-10003160,21.84
1573,US-2015-157385,TEC-AC-10003280,29.99
1574,US-2015-157385,FUR-CH-10000595,381.44
1575,CA-2015-101602,TEC-PH-10000169,40.68
1576,CA-2015-101602,FUR-CH-10004675,763.28
1577,CA-2017-109057,OFF-ST-10002406,23.952
1578,CA-2017-154403,OFF-PA-10001526,4.98
1579,CA-2017-102456,OFF-AP-10004336,170.88
1580,CA-2016-131338,TEC-PH-10003012,307.98
1581,CA-2016-131338,FUR-TA-10002607,382.806
1582,CA-2016-131338,OFF-ST-10000642,41.96
1583,CA-2016-131338,OFF-BI-10000545,1217.568
1584,CA-2016-131338,FUR-FU-10002157,47.04
1585,CA-2016-131338,FUR-FU-10001706,6.16
1586,CA-2016-131338,TEC-PH-10000984,979.95
1587,CA-2016-131338,OFF-PA-10001357,143.7
1588,CA-2016-131338,OFF-FA-10000992,10.65
1589,CA-2016-131338,TEC-AC-10002600,247.8
1590,CA-2017-109911,OFF-AR-10001662,10.96
1591,US-2017-132423,OFF-AR-10001221,33.488
1592,US-2017-132423,OFF-FA-10002988,8.04
1593,CA-2016-122826,TEC-PH-10004830,201.568
1594,CA-2015-117317,OFF-PA-10004519,13.44
1595,CA-2016-118423,FUR-BO-10000362,359.058
1596,CA-2018-149181,FUR-CH-10004540,47.992
1597,CA-2018-132234,FUR-FU-10001290,547.3
1598,CA-2018-158876,OFF-PA-10000308,16.896
1599,CA-2018-158876,OFF-SU-10001165,6.672
1600,CA-2018-158876,OFF-AR-10003373,99.136
1601,CA-2018-158876,FUR-FU-10001967,15.992
1602,CA-2017-164672,FUR-FU-10001488,211.96
1603,US-2017-132857,OFF-AR-10003251,6.672
1604,CA-2018-116645,OFF-AR-10001044,155.94
1605,US-2017-115819,TEC-PH-10004700,39.96
1606,US-2017-115819,OFF-AR-10000823,5.46
1607,US-2017-115819,OFF-AR-10004456,73.2
1608,US-2017-115819,OFF-BI-10000050,5.84
1609,US-2017-115819,OFF-PA-10002377,22.72
1610,US-2017-115819,OFF-BI-10000591,9.336
1611,CA-2015-156349,FUR-BO-10000362,290.666
1612,CA-2015-156349,TEC-PH-10000441,201.584
1613,CA-2015-156349,TEC-PH-10002726,83.984
1614,CA-2018-138380,OFF-ST-10003306,1000.02
1615,US-2017-113509,TEC-AC-10004855,83.976
1616,CA-2016-130022,OFF-LA-10002787,3.75
1617,CA-2016-130022,OFF-LA-10002043,41.4
1618,CA-2016-130022,OFF-AR-10001915,29.79
1619,US-2017-118780,OFF-ST-10000352,59.48
1620,US-2017-118780,OFF-PA-10000575,6.69
1621,CA-2018-108560,FUR-FU-10002937,198.46
1622,CA-2018-108560,OFF-LA-10003930,786.48
1623,CA-2018-108560,OFF-BI-10001107,23.168
1624,CA-2018-108560,TEC-AC-10003063,50.0
1625,CA-2016-157084,TEC-PH-10002922,675.96
1626,CA-2016-157084,TEC-AC-10002049,1265.85
1627,CA-2016-164539,OFF-AP-10002457,523.25
1628,CA-2016-143119,FUR-CH-10001270,517.5
1629,CA-2018-101049,FUR-FU-10004415,17.92
1630,CA-2018-101049,OFF-BI-10001510,41.256
1631,CA-2017-106530,OFF-ST-10002011,1006.056
1632,CA-2017-106530,OFF-PA-10002986,10.688
1633,CA-2017-106530,OFF-PA-10004451,10.368
1634,CA-2017-106530,OFF-ST-10000649,25.12
1635,CA-2017-106530,TEC-AC-10001465,58.112
1636,CA-2015-168984,OFF-PA-10001166,15.552
1637,CA-2015-168984,OFF-ST-10001097,669.08
1638,CA-2015-168984,TEC-PH-10000038,438.336
1639,CA-2017-157266,OFF-PA-10002689,19.44
1640,CA-2017-157266,OFF-BI-10004728,9.64
1641,CA-2017-157266,OFF-PA-10004675,12.7
1642,CA-2017-157266,FUR-FU-10000629,41.37
1643,US-2015-134712,OFF-FA-10003112,12.624
1644,CA-2016-111829,OFF-ST-10000142,1247.64
1645,CA-2016-111829,TEC-CO-10001766,3149.93
1646,CA-2016-111829,OFF-PA-10004359,209.7
1647,CA-2016-105221,TEC-AC-10002323,35.36
1648,CA-2016-105221,OFF-FA-10001135,3.168
1649,CA-2016-120341,OFF-BI-10004224,121.104
1650,CA-2016-120341,TEC-PH-10003357,45.894
1651,CA-2015-135699,OFF-PA-10004475,109.92
1652,CA-2015-135699,OFF-PA-10003001,13.36
1653,US-2018-132444,OFF-ST-10003442,169.68
1654,US-2018-132444,TEC-AC-10003832,132.52
1655,US-2018-132444,OFF-FA-10000611,2.96
1656,US-2018-132444,OFF-BI-10001116,8.448
1657,US-2018-132444,OFF-ST-10000563,95.94
1658,CA-2015-127159,FUR-FU-10000010,34.79
1659,CA-2018-161809,TEC-PH-10004922,160.776
1660,CA-2018-127285,OFF-BI-10004330,88.752
1661,CA-2018-127285,OFF-BI-10002072,13.904
1662,CA-2018-144526,TEC-PH-10002549,677.58
1663,CA-2018-144526,OFF-BI-10002353,13.896
1664,CA-2017-128531,OFF-ST-10001325,41.92
1665,CA-2017-128531,TEC-AC-10002049,297.576
1666,CA-2017-128531,OFF-FA-10002676,4.344
1667,CA-2017-128531,TEC-AC-10003023,94.992
1668,CA-2017-128531,OFF-PA-10000167,74.352
1669,CA-2017-128531,OFF-AR-10003405,14.04
1670,US-2016-157154,FUR-TA-10001889,1018.104
1671,CA-2018-159457,TEC-PH-10002185,16.68
1672,CA-2017-107615,TEC-AC-10001013,58.58
1673,CA-2018-111647,TEC-PH-10002726,167.968
1674,CA-2016-150560,OFF-LA-10003930,196.62
1675,CA-2016-143077,FUR-FU-10003535,21.936
1676,CA-2016-143077,OFF-BI-10000088,6.588
1677,CA-2017-122728,OFF-ST-10000604,104.28
1678,CA-2017-122728,OFF-PA-10004040,17.94
1679,CA-2015-122882,OFF-ST-10002344,64.784
1680,CA-2015-122882,TEC-PH-10003589,32.382
1681,CA-2015-122882,FUR-FU-10000758,42.368
1682,CA-2015-122882,TEC-MA-10004679,399.54
1683,US-2017-101497,OFF-PA-10000176,18.97
1684,CA-2017-147585,FUR-FU-10002597,14.82
1685,CA-2018-149489,OFF-AP-10002495,99.28
1686,CA-2018-149489,OFF-BI-10002813,1.188
1687,CA-2018-149489,OFF-BI-10002414,7.518
1688,CA-2018-143798,OFF-PA-10000788,10.368
1689,CA-2018-143798,FUR-FU-10004306,310.88
1690,CA-2015-142839,FUR-TA-10001539,853.092
1691,CA-2018-129833,OFF-PA-10000575,33.45
1692,CA-2018-129833,OFF-BI-10004182,10.4
1693,US-2017-154361,FUR-FU-10004020,21.88
1694,US-2017-158708,TEC-AC-10003133,13.616
1695,CA-2016-156335,TEC-AC-10002006,63.96
1696,CA-2016-156335,OFF-BI-10003314,14.46
1697,CA-2016-156335,TEC-PH-10002726,104.98
1698,CA-2016-148376,OFF-AP-10000240,106.96
1699,CA-2016-148376,OFF-LA-10002381,21.56
1700,CA-2015-135657,FUR-TA-10004086,515.88
1701,CA-2016-114069,OFF-BI-10000320,11.808
1702,CA-2016-114069,FUR-CH-10000595,1931.04
1703,CA-2016-114069,OFF-PA-10000349,9.96
1704,CA-2015-139857,OFF-FA-10001843,12.35
1705,CA-2017-106306,OFF-BI-10003676,9.702
1706,CA-2016-100545,OFF-BI-10003638,11.61
1707,CA-2018-123491,OFF-LA-10003077,43.86
1708,CA-2018-123491,TEC-PH-10003505,148.48
1709,CA-2018-123491,OFF-PA-10003424,7.42
1710,CA-2018-123491,FUR-CH-10003061,71.992
1711,CA-2018-123491,OFF-AR-10003514,19.9
1712,CA-2018-123491,OFF-AP-10002684,1702.12
1713,CA-2016-145401,OFF-PA-10004405,14.304
1714,US-2018-124968,FUR-TA-10004289,765.625
1715,CA-2018-104003,FUR-BO-10003965,307.666
1716,CA-2017-154788,OFF-BI-10003314,7.712
1717,CA-2017-169943,OFF-AP-10001563,242.9
1718,CA-2017-169943,OFF-ST-10004123,454.9
1719,CA-2017-169943,FUR-FU-10002088,35.92
1720,CA-2017-169943,FUR-FU-10000010,39.76
1721,CA-2017-169943,OFF-BI-10002824,47.744
1722,US-2016-123218,TEC-PH-10001061,159.984
1723,US-2016-123218,TEC-AC-10000736,255.968
1724,US-2016-123218,FUR-BO-10003966,359.058
1725,CA-2016-127453,OFF-AP-10000828,434.352
1726,CA-2016-127453,OFF-AP-10002906,3.552
1727,CA-2016-127453,OFF-AP-10003860,88.832
1728,US-2018-164056,FUR-TA-10001307,1048.35
1729,CA-2017-106894,TEC-AC-10003063,100.0
1730,CA-2017-106894,OFF-LA-10001045,7.83
1731,CA-2015-125136,OFF-PA-10001457,96.256
1732,CA-2015-125136,OFF-PA-10001804,10.688
1733,US-2017-131149,OFF-ST-10000689,338.04
1734,US-2017-131149,OFF-AR-10002135,154.24
1735,CA-2018-101483,OFF-AP-10002082,34.848
1736,CA-2018-101483,TEC-PH-10003442,22.0
1737,CA-2018-101483,OFF-AR-10002833,4.368
1738,CA-2016-130204,OFF-ST-10001325,31.44
1739,CA-2016-130204,TEC-AC-10003038,17.9
1740,CA-2016-130204,TEC-AC-10003590,129.45
1741,CA-2015-110527,OFF-LA-10000262,20.88
1742,CA-2018-152807,OFF-PA-10004355,20.736
1743,CA-2018-152807,FUR-FU-10004415,7.168
1744,CA-2018-152807,OFF-ST-10002486,11.168
1745,CA-2018-152807,TEC-AC-10001142,442.4
1746,CA-2015-133270,OFF-AR-10002656,13.36
1747,CA-2017-155670,OFF-BI-10000138,11.232
1748,CA-2017-155670,OFF-PA-10004947,10.272
1749,US-2015-157406,OFF-PA-10003543,10.368
1750,US-2015-157406,OFF-AR-10002221,6.24
1751,CA-2016-139094,FUR-TA-10004607,206.962
1752,CA-2018-168837,FUR-FU-10001918,9.46
1753,CA-2018-116715,OFF-ST-10004340,559.62
1754,CA-2018-116715,OFF-PA-10004475,109.92
1755,CA-2018-116715,OFF-PA-10003893,8.56
1756,CA-2016-135622,OFF-PA-10000100,360.712
1757,CA-2016-135622,TEC-PH-10001817,1718.4
1758,US-2016-107349,OFF-BI-10001765,41.568
1759,CA-2015-139017,TEC-AC-10001013,46.864
1760,CA-2015-141817,OFF-AR-10003478,19.536
1761,CA-2016-130785,FUR-BO-10000330,411.332
1762,CA-2016-130785,OFF-BI-10001900,28.752
1763,CA-2016-130785,FUR-BO-10003159,293.199
1764,CA-2017-110254,OFF-SU-10002573,35.06
1765,CA-2017-110254,OFF-LA-10004484,4.13
1766,CA-2017-110254,FUR-FU-10001591,109.8
1767,CA-2017-110254,OFF-LA-10002034,9.82
1768,US-2015-158057,OFF-BI-10004410,7.644
1769,US-2015-158057,OFF-BI-10002735,51.465
1770,CA-2018-146024,OFF-SU-10001935,6.976
1771,CA-2018-146024,OFF-BI-10003291,12.222
1772,CA-2017-129686,OFF-ST-10004337,97.984
1773,CA-2017-129686,TEC-AC-10001266,62.4
1774,CA-2015-118976,OFF-BI-10001628,20.86
1775,CA-2015-118976,OFF-ST-10000877,497.61
1776,CA-2015-118976,OFF-AR-10004752,5.34
1777,CA-2015-118976,OFF-LA-10000452,3.15
1778,CA-2016-105347,OFF-PA-10000675,368.91
1779,CA-2016-105347,OFF-AR-10003045,14.7
1780,CA-2017-124667,TEC-AC-10003447,59.97
1781,CA-2017-124667,OFF-ST-10002276,83.36
1782,CA-2016-111094,OFF-PA-10001609,6.58
1783,CA-2016-111094,OFF-BI-10001597,122.94
1784,CA-2018-166317,OFF-PA-10004475,219.84
1785,CA-2018-166317,TEC-AC-10004510,98.16
1786,CA-2018-166317,OFF-BI-10002976,33.04
1787,CA-2018-166317,TEC-PH-10001615,86.97
1788,CA-2016-154326,TEC-PH-10001819,134.97
1789,CA-2016-154326,TEC-PH-10000560,699.98
1790,CA-2016-154326,TEC-AC-10004568,139.95
1791,CA-2015-102008,OFF-PA-10004092,48.94
1792,CA-2015-120474,FUR-CH-10001854,2807.84
1793,CA-2015-120474,OFF-AR-10000475,46.64
1794,CA-2015-104773,OFF-ST-10000777,60.416
1795,CA-2017-140774,OFF-AR-10004022,107.94
1796,US-2018-139465,OFF-ST-10002352,63.84
1797,US-2018-139465,TEC-PH-10000455,347.97
1798,US-2018-139465,OFF-BI-10003910,37.008
1799,CA-2017-100965,FUR-FU-10003039,215.65
1800,CA-2017-121034,OFF-FA-10000585,11.168
1801,CA-2017-121034,OFF-PA-10001994,53.952
1802,CA-2017-149461,FUR-FU-10004270,4.18
1803,CA-2018-158379,OFF-BI-10002498,5.607
1804,CA-2018-158379,OFF-SU-10002881,4663.736
1805,CA-2018-158379,TEC-AC-10002926,79.984
1806,US-2017-116729,TEC-PH-10002200,2575.944
1807,US-2017-116729,OFF-PA-10002005,45.36
1808,US-2017-116729,TEC-AC-10001465,254.24
1809,CA-2017-164938,TEC-PH-10004897,69.93
1810,CA-2017-165484,FUR-FU-10001196,16.156
1811,CA-2017-165484,OFF-PA-10000595,54.816
1812,CA-2015-132612,FUR-TA-10004534,1441.3
1813,US-2018-161193,FUR-FU-10001861,77.6
1814,US-2018-161193,FUR-FU-10000206,4.656
1815,CA-2016-131597,FUR-TA-10002607,170.136
1816,CA-2016-164833,OFF-LA-10000443,7.38
1817,CA-2016-164833,OFF-AR-10004685,9.26
1818,CA-2016-125423,OFF-LA-10001771,9.96
1819,US-2015-130379,OFF-AP-10001394,75.6
1820,US-2015-130379,FUR-FU-10002553,29.32
1821,CA-2017-168956,OFF-AP-10004233,92.064
1822,CA-2017-168956,OFF-FA-10000304,6.976
1823,CA-2017-168956,FUR-CH-10004754,62.958
1824,CA-2017-168956,OFF-PA-10000809,5.184
1825,CA-2017-167507,OFF-BI-10003694,31.32
1826,CA-2017-167507,FUR-FU-10001935,11.84
1827,CA-2017-167507,FUR-FU-10002878,22.784
1828,CA-2017-109344,TEC-PH-10002624,1127.976
1829,US-2016-140851,OFF-PA-10000019,38.88
1830,CA-2015-103373,TEC-PH-10002885,779.796
1831,CA-2018-145884,TEC-PH-10000895,1439.92
1832,CA-2018-145884,FUR-TA-10002356,262.11
1833,CA-2016-131422,FUR-CH-10001270,207.0
1834,CA-2018-162691,TEC-MA-10000488,1439.982
1835,CA-2018-162691,OFF-PA-10003729,36.288
1836,CA-2015-141278,OFF-AR-10003056,21.4
1837,CA-2018-122693,OFF-AP-10002518,1245.86
1838,CA-2015-117345,OFF-LA-10000240,17.544
1839,CA-2015-117345,FUR-FU-10000629,44.128
1840,CA-2015-117345,OFF-AP-10001005,62.92
1841,CA-2015-117345,OFF-PA-10002377,78.304
1842,CA-2017-157763,FUR-CH-10000988,140.81
1843,CA-2016-135391,OFF-LA-10001074,40.096
1844,CA-2016-135391,FUR-FU-10001986,40.784
1845,US-2018-113852,TEC-AC-10003027,90.57
1846,US-2018-158512,OFF-PA-10001804,40.08
1847,US-2018-158512,FUR-FU-10004973,37.68
1848,CA-2018-128370,FUR-CH-10002602,362.352
1849,CA-2018-128370,OFF-BI-10004140,7.184
1850,CA-2016-160472,OFF-ST-10000464,34.76
1851,CA-2016-160472,TEC-AC-10002253,831.2
1852,CA-2016-160472,OFF-PA-10000528,26.4
1853,CA-2016-160472,OFF-EN-10000483,106.75
1854,CA-2016-160472,OFF-PA-10003129,97.82
1855,CA-2016-160472,OFF-ST-10003442,141.4
1856,CA-2015-114643,OFF-AR-10003631,14.52
1857,US-2018-158218,OFF-ST-10000563,127.92
1858,US-2018-158218,OFF-BI-10002133,34.24
1859,CA-2016-121608,OFF-AP-10002311,137.62
1860,CA-2016-121608,TEC-PH-10004959,100.49
1861,US-2018-121251,FUR-BO-10001918,257.568
1862,US-2018-121251,TEC-PH-10004896,119.96
1863,CA-2015-151078,OFF-ST-10001328,49.632
1864,US-2017-100839,FUR-TA-10004575,727.45
1865,US-2017-100839,FUR-FU-10001617,24.96
1866,US-2018-116659,TEC-PH-10002824,370.782
1867,CA-2018-118857,FUR-FU-10004460,196.45
1868,CA-2016-127110,OFF-PA-10003309,31.104
1869,CA-2016-127110,OFF-ST-10002554,78.256
1870,CA-2017-148201,OFF-PA-10000019,6.48
1871,CA-2015-116932,OFF-AR-10002067,99.2
1872,CA-2015-116932,FUR-CH-10001215,801.568
1873,CA-2015-116932,FUR-TA-10004175,272.848
1874,CA-2018-142888,FUR-TA-10004767,70.98
1875,CA-2015-147914,OFF-PA-10001685,16.224
1876,US-2017-112977,FUR-BO-10003272,176.784
1877,CA-2018-112039,TEC-PH-10000984,470.376
1878,CA-2018-118885,FUR-CH-10002880,393.568
1879,CA-2018-118885,TEC-PH-10002563,302.376
1880,US-2018-166611,OFF-BI-10001191,68.742
1881,CA-2016-109512,OFF-EN-10002621,29.34
1882,CA-2016-109512,FUR-CH-10001146,383.607
1883,CA-2016-109512,OFF-ST-10000689,563.4
1884,CA-2017-118570,OFF-PA-10001289,217.056
1885,CA-2018-154718,OFF-LA-10003714,6.0
1886,CA-2017-147578,FUR-FU-10001889,31.56
1887,CA-2015-140165,OFF-FA-10002815,7.104
1888,CA-2015-140165,OFF-BI-10004519,398.352
1889,CA-2015-142587,OFF-AP-10004708,121.792
1890,CA-2015-142587,FUR-TA-10000617,409.59
1891,CA-2015-157623,OFF-PA-10001204,10.56
1892,CA-2015-157623,OFF-AR-10003723,3.38
1893,CA-2018-145310,OFF-EN-10002621,7.824
1894,CA-2017-100083,OFF-PA-10000241,24.784
1895,US-2018-108063,OFF-AR-10001446,34.65
1896,CA-2016-109197,OFF-BI-10004632,487.984
1897,CA-2018-141789,OFF-BI-10001359,1793.98
1898,CA-2015-169775,OFF-EN-10001749,29.808
1899,CA-2015-169775,OFF-BI-10004390,505.176
1900,CA-2015-169775,FUR-TA-10001857,174.0585
1901,CA-2017-140543,OFF-ST-10000563,191.88
1902,CA-2017-151141,TEC-PH-10004924,14.78
1903,CA-2018-167094,OFF-PA-10003953,5.184
1904,CA-2018-167094,FUR-CH-10000155,478.48
1905,CA-2018-167094,TEC-AC-10003116,28.4
1906,CA-2018-154410,OFF-ST-10002743,909.12
1907,US-2017-150567,OFF-BI-10001757,2.952
1908,US-2017-150567,OFF-BI-10000069,27.018
1909,CA-2016-157959,FUR-FU-10004093,136.92
1910,CA-2018-105886,FUR-FU-10001037,18.96
1911,CA-2017-105963,TEC-AC-10003832,99.39
1912,CA-2018-121503,OFF-PA-10001878,273.896
1913,CA-2018-121503,TEC-MA-10003674,597.132
1914,CA-2015-103366,TEC-AC-10003628,149.95
1915,CA-2018-124597,OFF-LA-10003190,4.608
1916,CA-2018-124597,OFF-AR-10002280,15.528
1917,CA-2018-124597,OFF-LA-10001569,11.952
1918,CA-2016-105634,OFF-AR-10001573,11.65
1919,CA-2016-123673,TEC-PH-10001809,299.9
1920,US-2018-111423,OFF-BI-10003091,895.92
1921,US-2018-111423,FUR-CH-10003981,462.564
1922,CA-2016-125178,OFF-ST-10002562,15.008
1923,CA-2017-156685,TEC-PH-10004345,863.64
1924,CA-2017-156685,OFF-AR-10000588,47.616
1925,CA-2018-126865,OFF-PA-10003039,92.94
1926,CA-2018-102834,TEC-AC-10001908,199.98
1927,US-2017-139710,TEC-PH-10001198,177.48
1928,CA-2018-121538,OFF-PA-10004071,88.768
1929,US-2018-101539,OFF-PA-10001972,6.48
1930,US-2018-101539,OFF-ST-10004180,46.51
1931,US-2018-101539,TEC-PH-10004165,659.976
1932,CA-2017-152121,TEC-PH-10002483,271.992
1933,CA-2018-161200,FUR-BO-10000468,145.74
1934,CA-2018-161200,FUR-FU-10001706,15.4
1935,CA-2018-101245,OFF-PA-10003129,244.55
1936,CA-2018-101245,TEC-AC-10001284,166.16
1937,CA-2016-141768,FUR-FU-10002268,14.73
1938,CA-2017-112109,OFF-BI-10002082,19.968
1939,CA-2017-112109,OFF-ST-10001505,33.488
1940,CA-2017-112109,OFF-BI-10001634,8.736
1941,CA-2017-112109,FUR-CH-10004287,662.88
1942,CA-2018-144064,OFF-LA-10004544,47.36
1943,CA-2018-144064,OFF-ST-10004507,27.44
1944,CA-2018-144064,OFF-BI-10002012,3.24
1945,CA-2017-108581,TEC-AC-10001109,95.968
1946,CA-2017-108581,OFF-PA-10000809,10.368
1947,CA-2018-157987,OFF-AR-10000658,23.1
1948,CA-2018-157987,FUR-FU-10001196,11.54
1949,CA-2018-157987,FUR-TA-10001889,254.526
1950,CA-2018-157987,OFF-AP-10000358,12.98
1951,CA-2018-157987,OFF-BI-10004970,26.432
1952,CA-2018-157987,TEC-PH-10003885,197.97
1953,CA-2018-157987,OFF-LA-10001641,18.9
1954,CA-2018-157987,FUR-CH-10003379,1282.41
1955,CA-2018-157987,OFF-AR-10004582,4.92
1956,CA-2018-157987,TEC-AC-10002842,238.0
1957,CA-2018-157987,TEC-AC-10000109,167.97
1958,CA-2018-157987,OFF-PA-10003893,17.12
1959,CA-2018-110905,OFF-BI-10003669,16.2
1960,CA-2018-110905,OFF-AP-10004785,33.99
1961,CA-2018-110905,TEC-AC-10003023,296.85
1962,CA-2018-110905,TEC-AC-10002217,112.8
1963,CA-2018-110905,OFF-BI-10002954,13.71
1964,CA-2018-110905,OFF-PA-10002586,24.9
1965,CA-2018-110905,OFF-ST-10000025,286.29
1966,CA-2018-110905,OFF-AP-10003281,24.18
1967,CA-2018-165841,TEC-PH-10002103,281.97
1968,CA-2018-165841,OFF-SU-10000898,69.5
1969,CA-2018-165841,OFF-PA-10001144,166.44
1970,CA-2018-117485,TEC-AC-10004659,291.96
1971,CA-2018-140242,OFF-AR-10004752,6.408
1972,CA-2018-140242,TEC-AC-10004659,408.744
1973,CA-2015-148950,OFF-BI-10001249,5.104
1974,CA-2015-148950,OFF-FA-10003059,2.896
1975,CA-2015-148950,TEC-AC-10002718,35.016
1976,CA-2015-110408,OFF-ST-10001522,275.97
1977,CA-2015-110408,TEC-PH-10002352,1394.95
1978,CA-2015-110408,FUR-CH-10003774,545.88
1979,CA-2016-109939,OFF-AR-10000127,5.248
1980,CA-2017-112669,FUR-CH-10004086,933.536
1981,CA-2017-112669,OFF-ST-10001228,42.976
1982,CA-2016-119592,OFF-BI-10004187,3.76
1983,CA-2015-122749,TEC-PH-10003811,479.96
1984,CA-2015-164721,OFF-AP-10000240,320.88
1985,CA-2015-164721,FUR-FU-10001940,23.88
1986,CA-2015-164721,OFF-PA-10000575,26.76
1987,CA-2017-147417,TEC-CO-10001449,1439.976
1988,CA-2016-127509,OFF-BI-10002393,17.22
1989,CA-2016-127509,FUR-TA-10002855,1024.38
1990,CA-2016-127509,OFF-EN-10000781,26.22
1991,CA-2016-127509,OFF-PA-10002160,17.34
1992,CA-2018-111374,OFF-BI-10004970,4.956
1993,CA-2018-133648,OFF-LA-10003923,71.04
1994,CA-2018-133648,OFF-AR-10002257,5.344
1995,CA-2018-133648,OFF-FA-10004395,11.304
1996,US-2018-147221,OFF-AP-10002534,294.62
1997,US-2018-147221,FUR-FU-10004020,8.752
1998,CA-2015-131905,OFF-LA-10002787,15.0
1999,CA-2015-131905,TEC-PH-10003645,161.61
2000,CA-2015-131905,TEC-PH-10001615,144.95
2001,CA-2018-166128,TEC-AC-10001767,199.95
2002,CA-2018-166128,OFF-AR-10001221,41.86
2003,CA-2018-163510,OFF-ST-10000563,95.94
2004,CA-2018-163510,FUR-CH-10001146,304.45
2005,US-2018-143028,OFF-BI-10004738,11.364
2006,CA-2015-111150,OFF-AR-10000034,29.68
2007,CA-2015-111150,TEC-AC-10000290,47.53
2008,CA-2018-165386,FUR-BO-10003034,183.372
2009,CA-2015-116407,OFF-AR-10001315,4.224
2010,CA-2015-116407,OFF-AP-10002118,333.056
2011,CA-2015-116407,OFF-PA-10002137,24.896
2012,CA-2016-155761,TEC-AC-10001606,159.984
2013,CA-2016-155761,OFF-ST-10000943,46.344
2014,CA-2017-145905,FUR-CH-10001854,350.98
2015,CA-2017-145905,OFF-PA-10000533,13.08
2016,CA-2017-145905,OFF-ST-10003716,900.08
2017,CA-2016-113110,OFF-BI-10000088,17.568
2018,CA-2016-113110,OFF-LA-10000240,14.62
2019,CA-2016-113110,OFF-SU-10001165,33.36
2020,CA-2016-113110,OFF-PA-10002749,40.14
2021,CA-2017-168354,OFF-ST-10001490,1606.23
2022,CA-2017-168354,OFF-PA-10002377,17.04
2023,CA-2017-168354,OFF-BI-10004826,49.53
2024,CA-2017-168354,FUR-CH-10004675,872.32
2025,US-2018-111241,OFF-BI-10002867,239.12
2026,CA-2016-114237,FUR-BO-10004409,141.96
2027,CA-2017-113516,OFF-BI-10002225,33.024
2028,CA-2017-113516,OFF-BI-10001989,67.136
2029,CA-2016-117961,OFF-BI-10000343,14.73
2030,CA-2016-117961,OFF-ST-10001172,104.9
2031,CA-2016-117961,OFF-BI-10003707,61.04
2032,CA-2016-117961,OFF-PA-10001274,10.95
2033,CA-2017-128923,OFF-PA-10002250,9.392
2034,CA-2017-128923,OFF-AR-10000475,9.328
2035,CA-2018-162481,OFF-BI-10002976,8.26
2036,CA-2018-162481,FUR-CH-10003061,269.97
2037,CA-2016-119214,OFF-PA-10002893,29.04
2038,CA-2016-119214,OFF-LA-10003077,14.62
2039,CA-2016-122287,OFF-PA-10001661,11.952
2040,CA-2016-122287,OFF-BI-10004656,4.536
2041,CA-2016-122287,OFF-BI-10003707,9.156
2042,CA-2016-122287,FUR-FU-10004973,75.36
2043,CA-2016-104493,OFF-BI-10004817,57.504
2044,US-2018-158946,OFF-AR-10001860,38.864
2045,CA-2015-129168,OFF-PA-10001639,15.552
2046,CA-2017-131835,OFF-AP-10004487,162.64
2047,CA-2017-131835,TEC-PH-10001760,597.0
2048,CA-2017-131835,OFF-PA-10004071,55.48
2049,CA-2016-142237,FUR-FU-10004848,289.8
2050,CA-2016-142237,OFF-BI-10004022,2.502
2051,CA-2016-142237,OFF-BI-10003669,6.48
2052,CA-2016-142237,FUR-CH-10003833,341.488
2053,CA-2016-142237,OFF-AR-10003732,11.12
2054,CA-2016-142237,FUR-FU-10003142,25.344
2055,CA-2017-136434,FUR-FU-10001196,17.31
2056,CA-2018-120376,TEC-AC-10001114,199.95
2057,CA-2018-120376,FUR-CH-10002335,1586.69
2058,CA-2018-120376,TEC-AC-10000844,84.99
2059,CA-2018-120376,FUR-TA-10004534,411.8
2060,CA-2015-106439,OFF-FA-10002975,11.34
2061,CA-2015-106439,OFF-ST-10003996,80.3
2062,CA-2015-106439,OFF-BI-10002571,15.968
2063,CA-2015-106439,OFF-PA-10000477,64.74
2064,CA-2015-106439,OFF-BI-10004209,19.296
2065,CA-2015-106439,OFF-ST-10001963,405.64
2066,CA-2015-106439,FUR-CH-10003833,146.352
2067,CA-2015-106439,TEC-AC-10004568,251.91
2068,CA-2015-106439,OFF-AR-10001419,12.39
2069,CA-2016-133452,TEC-AC-10002800,199.96
2070,CA-2016-133452,FUR-TA-10003954,710.832
2071,CA-2017-146521,OFF-BI-10000301,1.941
2072,US-2018-110996,FUR-CH-10003956,283.92
2073,CA-2017-129693,OFF-BI-10002954,7.312
2074,CA-2018-122504,TEC-AC-10003289,59.97
2075,CA-2018-122504,TEC-PH-10002468,761.544
2076,CA-2015-131051,FUR-FU-10001861,58.2
2077,CA-2018-140676,OFF-PA-10004082,39.9
2078,CA-2018-140676,OFF-AP-10000358,90.86
2079,CA-2018-140676,OFF-PA-10004243,94.85
2080,CA-2016-120103,OFF-PA-10001295,106.232
2081,CA-2016-120103,TEC-PH-10002170,111.984
2082,CA-2016-120103,FUR-FU-10002885,7.712
2083,CA-2018-104647,OFF-PA-10002870,37.44
2084,CA-2015-110352,OFF-LA-10003923,23.68
2085,CA-2017-140501,OFF-LA-10003510,122.12
2086,CA-2017-140501,OFF-LA-10000248,18.45
2087,CA-2017-140501,OFF-ST-10000060,324.9
2088,CA-2017-140501,OFF-PA-10003129,146.73
2089,CA-2017-140501,OFF-FA-10004076,3.96
2090,CA-2016-139290,OFF-LA-10004008,5.76
2091,CA-2018-166142,OFF-BI-10004094,26.55
2092,CA-2018-166142,FUR-TA-10004607,310.443
2093,CA-2015-145926,FUR-CH-10004289,479.9
2094,CA-2016-149678,OFF-SU-10004498,12.88
2095,US-2016-164357,OFF-AR-10001177,13.12
2096,US-2017-146570,OFF-BI-10001718,511.84
2097,US-2017-146570,OFF-AR-10004602,91.96
2098,US-2017-146570,OFF-AR-10003856,8.34
2099,CA-2018-124401,OFF-ST-10000649,37.68
2100,CA-2018-124401,TEC-AC-10002926,279.944
2101,US-2015-140116,OFF-ST-10000078,636.408
2102,US-2015-140116,OFF-AR-10001044,83.168
2103,CA-2015-123295,FUR-CH-10002372,259.136
2104,CA-2018-167101,OFF-PA-10000357,221.92
2105,CA-2018-167101,TEC-AC-10001266,26.0
2106,US-2015-167633,OFF-PA-10004888,15.552
2107,US-2015-152723,OFF-BI-10003460,0.876
2108,CA-2016-164882,OFF-PA-10000157,19.98
2109,CA-2016-164882,OFF-BI-10004519,398.352
2110,CA-2016-164882,OFF-AR-10004272,5.04
2111,CA-2016-164882,OFF-FA-10000585,17.45
2112,CA-2016-164882,FUR-CH-10004218,323.136
2113,CA-2016-164882,OFF-SU-10004231,29.7
2114,CA-2016-164882,TEC-PH-10001578,1295.84
2115,CA-2016-164882,OFF-ST-10003638,46.84
2116,CA-2016-164882,FUR-BO-10002213,425.833
2117,CA-2016-159786,FUR-TA-10001307,209.67
2118,CA-2017-130267,OFF-PA-10002222,159.88
2119,CA-2018-155460,OFF-PA-10002479,5.28
2120,CA-2018-155460,OFF-BI-10003091,895.92
2121,US-2018-168690,OFF-BI-10000145,2.808
2122,CA-2018-158246,FUR-CH-10003061,215.976
2123,CA-2018-167381,FUR-BO-10001972,241.96
2124,CA-2018-167381,OFF-LA-10000134,27.72
2125,CA-2018-144862,OFF-EN-10003040,104.68
2126,CA-2018-144862,TEC-PH-10000923,62.958
2127,CA-2015-126032,TEC-AC-10000158,86.376
2128,CA-2016-134859,FUR-FU-10003623,64.944
2129,CA-2016-134859,OFF-PA-10001293,20.736
2130,US-2015-114188,OFF-AP-10000124,33.28
2131,US-2015-114188,OFF-AR-10004511,38.52
2132,US-2015-114188,FUR-FU-10000076,139.86
2133,CA-2016-156524,OFF-PA-10003883,19.65
2134,CA-2016-122210,OFF-BI-10003656,152.991
2135,CA-2016-122210,OFF-FA-10000053,10.584
2136,CA-2016-122210,TEC-PH-10002807,94.92
2137,CA-2016-156377,FUR-FU-10002364,14.76
2138,CA-2016-156377,OFF-BI-10002954,3.656
2139,US-2018-157896,OFF-PA-10004092,146.82
2140,CA-2015-159520,OFF-BI-10003982,149.544
2141,CA-2015-159520,OFF-SU-10001664,17.14
2142,CA-2015-159520,FUR-TA-10003238,991.764
2143,CA-2017-155481,OFF-PA-10004675,30.48
2144,CA-2017-155481,TEC-PH-10002293,23.988
2145,CA-2017-155481,OFF-FA-10002780,16.688
2146,US-2017-152051,FUR-CH-10002965,422.058
2147,US-2017-152051,OFF-BI-10004781,38.088
2148,US-2017-152051,OFF-ST-10001713,254.352
2149,CA-2015-141607,FUR-FU-10003975,43.31
2150,CA-2018-102771,TEC-PH-10001536,84.95
2151,US-2018-139969,FUR-CH-10001973,233.058
2152,CA-2015-167360,TEC-AC-10001772,111.79
2153,CA-2016-123505,OFF-PA-10002586,14.94
2154,CA-2017-117282,OFF-BI-10004094,14.16
2155,US-2017-120460,FUR-FU-10004973,22.608
2156,CA-2017-111115,OFF-FA-10000624,21.48
2157,CA-2015-124646,OFF-ST-10001097,501.81
2158,CA-2015-124646,OFF-ST-10001469,161.94
2159,CA-2018-148166,OFF-AR-10004956,17.856
2160,CA-2017-159737,OFF-BI-10004236,8.808
2161,CA-2017-141019,FUR-FU-10002937,79.384
2162,CA-2017-101938,OFF-AR-10003696,34.58
2163,CA-2018-166296,OFF-PA-10004359,314.55
2164,CA-2017-154018,TEC-AC-10002402,191.976
2165,CA-2017-154018,OFF-PA-10000551,8.288
2166,CA-2017-154018,FUR-FU-10003394,139.92
2167,CA-2017-154018,OFF-AR-10002067,15.872
2168,CA-2017-154018,OFF-BI-10004140,6.286
2169,CA-2018-117870,OFF-AR-10004078,14.016
2170,CA-2018-117870,TEC-AC-10000927,71.976
2171,CA-2018-117870,TEC-PH-10003931,107.982
2172,US-2018-137491,FUR-CH-10004675,305.312
2173,CA-2015-152296,OFF-BI-10004506,19.752
2174,CA-2017-112025,OFF-BI-10002353,9.264
2175,CA-2016-132507,OFF-ST-10000943,61.792
2176,CA-2017-125738,OFF-PA-10000740,45.68
2177,CA-2017-125738,OFF-PA-10003001,60.12
2178,CA-2017-125738,OFF-BI-10001628,41.72
2179,CA-2017-125738,OFF-PA-10001509,71.6
2180,CA-2017-128818,OFF-BI-10000309,85.232
2181,CA-2017-128818,OFF-LA-10003923,44.4
2182,CA-2017-128818,FUR-CH-10002084,442.764
2183,CA-2017-128818,TEC-MA-10000488,3999.95
2184,CA-2017-128818,TEC-AC-10001767,199.95
2185,CA-2017-128818,FUR-FU-10001940,63.68
2186,CA-2018-124576,OFF-BI-10002735,54.896
2187,CA-2017-101378,TEC-AC-10002345,29.0
2188,CA-2018-143063,OFF-EN-10003134,70.08
2189,CA-2018-143063,FUR-FU-10003708,121.3
2190,CA-2018-143063,TEC-PH-10003645,1454.49
2191,CA-2017-118913,OFF-AP-10000692,60.81
2192,CA-2017-128412,OFF-BI-10001718,153.552
2193,CA-2017-128412,OFF-AP-10002082,65.34
2194,CA-2017-128412,OFF-PA-10001125,123.92
2195,CA-2017-128412,OFF-AP-10000252,35.1
2196,CA-2017-128412,TEC-AC-10003038,44.75
2197,CA-2017-136483,OFF-AR-10000940,4.704
2198,CA-2015-163013,OFF-AR-10001954,14.67
2199,CA-2016-135363,OFF-PA-10003177,15.552
2200,CA-2016-135363,OFF-PA-10000533,5.232
2201,US-2015-165659,FUR-FU-10001935,22.2
2202,US-2015-165659,TEC-PH-10002563,881.93
2203,CA-2016-138002,OFF-BI-10002160,6.096
2204,CA-2016-138002,FUR-FU-10004748,191.82
2205,CA-2016-128860,FUR-FU-10001473,20.104
2206,CA-2017-164350,OFF-AR-10000538,67.56
2207,US-2015-103905,OFF-BI-10001098,29.932
2208,US-2015-103905,TEC-PH-10001552,38.272
2209,CA-2016-129854,OFF-AR-10000390,16.52
2210,CA-2015-125556,TEC-PH-10001079,832.93
2211,CA-2015-125556,OFF-BI-10003460,43.8
2212,CA-2017-162313,OFF-AP-10003842,167.292
2213,CA-2018-107874,FUR-FU-10003535,27.42
2214,CA-2018-129378,OFF-BI-10002012,1.44
2215,CA-2018-129378,OFF-BI-10001922,61.776
2216,CA-2018-129378,OFF-AP-10000576,241.96
2217,CA-2018-129378,FUR-CH-10000553,108.608
2218,CA-2015-151953,OFF-AR-10003469,2.816
2219,CA-2018-130841,OFF-BI-10000145,9.984
2220,CA-2018-130841,OFF-ST-10001580,14.98
2221,CA-2018-130841,TEC-PH-10001817,1145.6
2222,CA-2016-131884,TEC-PH-10001578,485.94
2223,CA-2016-131884,OFF-AR-10004078,37.376
2224,CA-2016-131884,FUR-CH-10004860,70.686
2225,CA-2018-121909,OFF-PA-10003790,54.816
2226,CA-2017-106383,FUR-BO-10002202,72.294
2227,CA-2018-130771,OFF-FA-10003059,2.896
2228,CA-2018-130771,TEC-PH-10002496,124.792
2229,CA-2017-139157,FUR-TA-10003238,330.588
2230,CA-2015-128055,OFF-BI-10004390,673.568
2231,CA-2015-128055,OFF-AP-10002765,52.98
2232,CA-2018-157091,FUR-FU-10000293,526.45
2233,CA-2018-132122,OFF-ST-10003692,228.92
2234,CA-2016-123232,TEC-PH-10001051,319.968
2235,CA-2016-145849,OFF-ST-10000025,190.86
2236,CA-2016-145849,OFF-AR-10000817,24.32
2237,CA-2017-122322,OFF-SU-10000952,44.4
2238,CA-2018-166849,FUR-FU-10004597,44.4
2239,CA-2017-146633,OFF-BI-10003527,1016.792
2240,CA-2017-146633,OFF-BI-10002982,38.136
2241,US-2017-126893,TEC-PH-10004165,494.982
2242,CA-2018-103380,OFF-ST-10003442,56.56
2243,CA-2018-103380,OFF-AR-10003856,5.56
2244,CA-2018-103380,OFF-FA-10004248,9.02
2245,CA-2018-103380,OFF-AP-10001492,8.62
2246,CA-2018-103380,TEC-PH-10004165,659.976
2247,CA-2016-116092,OFF-PA-10004285,13.36
2248,CA-2016-116092,OFF-BI-10001628,41.72
2249,CA-2016-116092,OFF-BI-10000546,11.52
2250,CA-2016-116092,OFF-AP-10001391,541.44
2251,CA-2016-116092,OFF-PA-10000477,19.44
2252,CA-2017-117849,OFF-PA-10004327,143.7
2253,CA-2016-169201,OFF-AP-10000696,43.26
2254,CA-2016-169201,OFF-AP-10002082,43.56
2255,CA-2017-164091,TEC-PH-10001944,437.85
2256,CA-2017-164091,FUR-FU-10004952,109.48
2257,CA-2018-105214,FUR-CH-10000015,1212.96
2258,CA-2018-105214,OFF-PA-10001776,18.54
2259,CA-2016-117611,OFF-FA-10002280,5.0
2260,CA-2016-117611,TEC-AC-10002049,371.97
2261,US-2016-137960,TEC-AC-10002253,166.24
2262,CA-2018-122994,FUR-BO-10004015,359.97
2263,CA-2017-131065,TEC-AC-10004145,499.98
2264,CA-2017-131065,OFF-PA-10002479,5.28
2265,CA-2017-131065,OFF-BI-10004970,8.26
2266,CA-2018-149146,OFF-PA-10003919,7.968
2267,CA-2018-137470,OFF-PA-10002001,12.96
2268,CA-2018-105480,OFF-PA-10002787,6.48
2269,CA-2018-105480,OFF-BI-10003291,6.984
2270,CA-2018-164917,OFF-AR-10004344,47.96
2271,CA-2016-102036,OFF-ST-10003123,199.74
2272,CA-2016-142944,FUR-FU-10000308,435.26
2273,CA-2016-142944,TEC-CO-10003763,1119.984
2274,CA-2015-157882,FUR-TA-10001866,143.432
2275,CA-2015-157882,FUR-CH-10002774,122.352
2276,CA-2015-104283,OFF-ST-10004337,306.2
2277,CA-2015-104283,FUR-TA-10001039,85.98
2278,CA-2015-104283,TEC-AC-10000109,223.96
2279,CA-2018-142622,FUR-CH-10003833,97.568
2280,CA-2018-142622,FUR-CH-10004289,614.272
2281,CA-2018-142622,FUR-BO-10004467,199.98
2282,CA-2017-132143,OFF-PA-10002713,48.16
2283,CA-2016-153108,TEC-PH-10001552,23.92
2284,CA-2016-153108,OFF-AP-10002222,60.69
2285,CA-2017-112676,OFF-PA-10003971,14.352
2286,CA-2018-165687,OFF-AP-10004036,35.04
2287,US-2018-112928,OFF-AP-10002287,17.48
2288,CA-2018-143343,OFF-AR-10002375,16.4
2289,CA-2018-115154,FUR-TA-10001950,892.98
2290,CA-2016-149342,TEC-PH-10001557,287.97
2291,CA-2016-149342,FUR-FU-10002937,595.38
2292,CA-2016-149342,OFF-PA-10001166,12.96
2293,CA-2016-130995,TEC-PH-10000347,4.95
2294,CA-2018-127929,FUR-FU-10003708,181.95
2295,CA-2016-113145,OFF-PA-10002659,13.52
2296,CA-2016-113145,FUR-FU-10000965,259.7
2297,CA-2016-113145,TEC-PH-10001527,42.95
2298,CA-2016-113145,TEC-AC-10001838,1399.93
2299,CA-2016-113145,TEC-PH-10002597,503.96
2300,CA-2015-162362,OFF-BI-10000756,12.72
2301,CA-2015-162362,OFF-BI-10000546,11.52
2302,CA-2017-106558,TEC-AC-10001142,316.0
2303,CA-2018-157931,FUR-CH-10000785,723.92
2304,CA-2018-157931,OFF-PA-10000474,106.32
2305,CA-2017-115574,FUR-BO-10003441,141.372
2306,CA-2016-160794,OFF-PA-10004156,27.216
2307,CA-2018-116225,TEC-AC-10001432,390.75
2308,US-2018-120418,FUR-CH-10001394,280.792
2309,US-2018-120418,OFF-ST-10002370,68.448
2310,US-2018-120418,OFF-AR-10002956,88.04
2311,US-2018-120418,OFF-AR-10001955,15.872
2312,US-2018-120418,OFF-ST-10001809,215.592
2313,CA-2018-122035,OFF-LA-10004093,14.62
2314,CA-2018-122035,OFF-AP-10002118,416.32
2315,CA-2018-122035,OFF-BI-10000404,43.0
2316,CA-2018-122035,FUR-CH-10003833,182.94
2317,CA-2018-122035,OFF-BI-10002072,60.83
2318,CA-2018-122035,TEC-AC-10003095,389.97
2319,CA-2016-117828,OFF-AP-10001563,194.32
2320,CA-2018-165491,TEC-AC-10000358,265.93
2321,CA-2016-109470,OFF-BI-10004492,94.74
2322,CA-2016-109470,OFF-BI-10001072,60.64
2323,CA-2016-109470,OFF-BI-10003707,76.3
2324,CA-2016-109470,OFF-BI-10000977,364.8
2325,CA-2016-105102,OFF-BI-10002082,79.872
2326,CA-2016-105102,FUR-BO-10004709,46.384
2327,CA-2016-105102,OFF-PA-10002365,12.96
2328,CA-2018-138422,OFF-EN-10004147,14.352
2329,US-2016-147739,FUR-FU-10001468,547.136
2330,CA-2017-155187,OFF-ST-10000642,41.96
2331,CA-2017-155187,OFF-PA-10000380,41.7
2332,CA-2018-169285,OFF-PA-10004071,277.4
2333,CA-2018-169285,OFF-PA-10004971,5.78
2334,CA-2015-140886,OFF-AP-10000696,69.216
2335,CA-2018-152695,OFF-EN-10004030,10.86
2336,CA-2018-152695,OFF-AP-10000026,426.79
2337,CA-2015-110639,OFF-PA-10003936,25.92
2338,CA-2015-110639,OFF-PA-10004530,45.92
2339,CA-2015-121727,OFF-AR-10004930,10.72
2340,CA-2017-137736,OFF-AR-10004999,41.86
2341,US-2015-143231,FUR-FU-10002501,63.2
2342,US-2015-143231,TEC-AC-10000358,113.97
2343,US-2015-155894,OFF-ST-10004804,123.552
2344,CA-2017-119025,OFF-AP-10001205,490.32
2345,CA-2017-159373,OFF-PA-10000659,70.08
2346,CA-2017-159373,OFF-BI-10004141,1.272
2347,CA-2017-159373,FUR-TA-10004619,557.585
2348,CA-2018-109701,OFF-BI-10004187,9.024
2349,CA-2018-109701,OFF-BI-10000632,69.456
2350,CA-2018-109701,OFF-PA-10003724,10.86
2351,CA-2018-109701,OFF-AP-10002765,79.47
2352,CA-2018-109701,OFF-AR-10001868,10.08
2353,CA-2016-111514,FUR-BO-10002545,1552.831
2354,CA-2016-111514,OFF-BI-10002735,137.24
2355,CA-2016-111514,TEC-AC-10004864,36.51
2356,CA-2016-111514,TEC-MA-10000597,239.976
2357,US-2015-148838,FUR-TA-10003473,1579.746
2358,US-2015-148838,FUR-TA-10001950,1071.576
2359,US-2015-148838,FUR-TA-10004175,613.908
2360,US-2015-148838,OFF-PA-10002960,34.86
2361,US-2015-148838,OFF-PA-10000919,155.04
2362,CA-2018-136497,OFF-BI-10001553,13.71
2363,US-2017-108637,FUR-FU-10004864,127.88
2364,US-2017-108637,OFF-AP-10004540,160.32
2365,US-2017-108637,OFF-BI-10004965,46.0
2366,CA-2015-102295,FUR-CH-10001714,120.712
2367,CA-2018-123659,OFF-PA-10002464,23.12
2368,US-2017-129469,FUR-FU-10002298,532.704
2369,US-2017-129469,OFF-AR-10000315,4.912
2370,CA-2018-155152,TEC-AC-10004353,252.0
2371,CA-2017-159940,FUR-FU-10004973,60.288
2372,CA-2017-159940,OFF-FA-10000936,2.632
2373,CA-2017-159940,OFF-PA-10001609,23.688
2374,CA-2017-159940,FUR-CH-10000785,253.372
2375,CA-2018-119669,OFF-FA-10000053,5.67
2376,US-2015-164616,OFF-BI-10001718,76.776
2377,US-2015-164616,OFF-SU-10004768,9.184
2378,CA-2016-148628,OFF-PA-10003883,32.75
2379,CA-2017-118052,OFF-FA-10004248,7.216
2380,CA-2017-118052,OFF-PA-10002581,49.568
2381,CA-2017-118052,FUR-FU-10004848,54.712
2382,US-2018-117534,OFF-AP-10002403,176.04
2383,US-2018-117534,OFF-AR-10003087,16.02
2384,US-2018-117534,OFF-BI-10002026,185.92
2385,US-2018-117534,TEC-PH-10000141,211.168
2386,US-2018-117534,TEC-CO-10000971,479.984
2387,CA-2016-145065,OFF-FA-10001229,7.86
2388,CA-2016-145065,OFF-BI-10002437,24.448
2389,US-2016-127040,OFF-PA-10004255,6.48
2390,US-2016-127040,OFF-PA-10001184,41.86
2391,US-2016-127040,TEC-AC-10002637,1619.91
2392,US-2016-127040,FUR-FU-10002878,113.92
2393,CA-2017-128111,OFF-AR-10000588,39.68
2394,CA-2016-137897,TEC-AC-10002217,37.6
2395,CA-2016-137897,TEC-AC-10001267,59.9
2396,CA-2016-137897,OFF-PA-10004041,37.0
2397,CA-2018-169264,OFF-LA-10001613,5.76
2398,CA-2018-169264,OFF-AR-10000246,16.68
2399,CA-2018-147361,OFF-ST-10001809,628.81
2400,CA-2018-147361,OFF-ST-10002214,56.45
2401,CA-2018-145877,OFF-ST-10000649,94.2
2402,CA-2018-145877,OFF-EN-10001990,28.4
2403,US-2017-110170,FUR-BO-10000780,956.6648
2404,CA-2018-108574,TEC-AC-10002049,1115.91
2405,CA-2018-108574,TEC-PH-10003555,128.744
2406,CA-2018-108574,TEC-PH-10000702,79.92
2407,CA-2018-144589,OFF-AR-10003631,24.2
2408,CA-2018-144589,TEC-PH-10003072,359.976
2409,CA-2018-155985,FUR-FU-10000758,211.84
2410,CA-2015-162684,OFF-FA-10000992,5.68
2411,CA-2016-142041,OFF-BI-10004187,7.52
2412,CA-2015-151295,OFF-PA-10001947,11.96
2413,CA-2015-151295,FUR-TA-10002356,629.064
2414,CA-2017-156300,FUR-CH-10001714,754.45
2415,CA-2016-146087,FUR-BO-10002824,301.96
2416,CA-2018-168655,TEC-AC-10002842,595.0
2417,CA-2018-168655,OFF-BI-10002082,79.872
2418,CA-2017-107202,TEC-MA-10000112,2396.4
2419,CA-2018-159597,OFF-ST-10002289,63.56
2420,CA-2018-159597,TEC-AC-10004171,99.99
2421,CA-2017-155551,OFF-ST-10003656,230.376
2422,CA-2017-155551,OFF-PA-10001560,9.664
2423,US-2018-147669,TEC-AC-10002473,158.928
2424,US-2018-147669,OFF-BI-10000632,13.023
2425,US-2018-147669,FUR-TA-10002645,273.06
2426,US-2018-147669,OFF-FA-10002975,39.312
2427,CA-2017-169922,OFF-BI-10003784,1.344
2428,CA-2017-169922,OFF-BI-10001617,8.272
2429,CA-2017-169922,FUR-FU-10004415,12.544
2430,CA-2018-100748,OFF-LA-10000240,58.48
2431,CA-2018-129805,FUR-FU-10001935,7.4
2432,CA-2015-148586,FUR-CH-10002439,366.786
2433,US-2018-112613,TEC-PH-10001536,54.368
2434,CA-2016-154746,OFF-EN-10001532,33.96
2435,CA-2016-154746,OFF-AP-10003057,826.11
2436,CA-2018-140053,FUR-FU-10003708,545.85
2437,CA-2015-164210,FUR-TA-10000849,145.98
2438,CA-2015-164210,OFF-PA-10002259,35.808
2439,CA-2018-139948,FUR-FU-10002597,7.904
2440,CA-2017-146934,TEC-PH-10004614,345.0
2441,CA-2017-146934,FUR-TA-10003748,174.286
2442,CA-2017-146934,OFF-AP-10003217,662.84
2443,CA-2017-146934,TEC-AC-10002399,95.1
2444,CA-2017-146934,OFF-EN-10002973,26.88
2445,CA-2017-146934,TEC-PH-10001336,257.98
2446,CA-2016-100573,OFF-EN-10000461,17.48
2447,CA-2017-119165,FUR-CH-10000988,492.835
2448,CA-2016-128027,OFF-ST-10001809,269.49
2449,CA-2017-140207,OFF-BI-10003963,29.12
2450,CA-2018-140949,OFF-LA-10000081,18.75
2451,CA-2018-140949,TEC-PH-10000149,119.7
2452,CA-2018-140949,OFF-BI-10000605,9.144
2453,CA-2018-140949,TEC-AC-10002399,57.06
2454,CA-2018-140949,TEC-AC-10003038,71.6
2455,CA-2018-140949,OFF-ST-10000344,107.44
2456,CA-2018-140949,OFF-LA-10004093,7.31
2457,CA-2018-140949,OFF-AR-10001683,59.1
2458,CA-2018-140949,OFF-ST-10003455,46.53
2459,CA-2018-138548,OFF-AP-10002578,97.84
2460,CA-2016-142419,OFF-PA-10001763,29.97
2461,CA-2016-142419,OFF-BI-10001597,98.352
2462,CA-2018-148691,OFF-BI-10001524,83.92
2463,CA-2018-148691,OFF-BI-10001553,14.624
2464,CA-2018-148691,TEC-PH-10000576,136.99
2465,CA-2018-148691,OFF-LA-10001317,3.15
2466,CA-2018-128755,OFF-PA-10000726,9.11
2467,CA-2018-128755,OFF-ST-10003306,571.44
2468,CA-2018-128755,OFF-PA-10004983,32.4
2469,CA-2018-128755,OFF-ST-10001291,16.91
2470,US-2017-135923,FUR-FU-10002107,14.272
2471,US-2017-135923,FUR-BO-10002213,451.136
2472,US-2017-135923,OFF-AP-10000692,64.864
2473,CA-2017-114972,FUR-CH-10001190,217.584
2474,CA-2017-114972,TEC-AC-10000682,82.95
2475,CA-2017-114972,OFF-LA-10004545,87.71
2476,CA-2017-114972,OFF-AP-10003057,1101.48
2477,CA-2018-102750,FUR-TA-10000198,1322.352
2478,CA-2015-145212,OFF-AR-10002833,5.46
2479,CA-2018-141992,OFF-SU-10002557,11.184
2480,CA-2018-141992,OFF-ST-10003656,153.584
2481,CA-2018-147956,OFF-ST-10001097,1003.62
2482,CA-2018-126067,TEC-PH-10000912,35.168
2483,CA-2018-126067,FUR-TA-10000617,1137.75
2484,CA-2018-126067,OFF-BI-10001658,99.68
2485,CA-2018-126067,OFF-AR-10003856,5.56
2486,CA-2016-104514,OFF-ST-10001837,85.52
2487,CA-2016-104514,OFF-AR-10001473,9.84
2488,CA-2016-104514,OFF-PA-10004285,20.04
2489,CA-2016-141040,TEC-PH-10001835,631.96
2490,CA-2016-141040,OFF-PA-10002245,23.92
2491,CA-2015-113579,OFF-PA-10001457,90.24
2492,CA-2015-144624,TEC-PH-10002885,4548.81
2493,CA-2017-146206,FUR-TA-10004086,300.93
2494,CA-2017-146206,TEC-PH-10000895,719.96
2495,CA-2015-136644,FUR-CH-10000225,647.84
2496,CA-2016-122371,OFF-ST-10002370,64.17
2497,CA-2016-122371,OFF-EN-10000056,124.46
2498,CA-2017-126935,OFF-BI-10004817,9.584
2499,US-2018-133781,OFF-EN-10004483,37.608
2500,CA-2018-131618,OFF-PA-10001892,12.224
2501,CA-2018-131618,OFF-BI-10000546,2.304
2502,CA-2018-131618,OFF-BI-10001294,9.36
2503,CA-2017-149482,OFF-LA-10000248,7.38
2504,CA-2015-143917,OFF-ST-10001228,53.72
2505,CA-2015-143917,OFF-SU-10000151,8187.65
2506,CA-2015-143917,FUR-FU-10004351,77.92
2507,CA-2016-120397,OFF-AP-10001293,32.784
2508,CA-2018-163902,TEC-PH-10000675,196.776
2509,CA-2018-163902,TEC-AC-10000580,479.94
2510,CA-2017-136812,OFF-ST-10003470,1117.92
2511,CA-2016-102722,TEC-AC-10003116,106.5
2512,CA-2018-155089,OFF-BI-10002429,45.66
2513,CA-2017-124506,TEC-AC-10003280,95.968
2514,CA-2017-124506,FUR-CH-10004540,47.992
2515,CA-2015-106572,OFF-ST-10000585,264.32
2516,CA-2015-128888,OFF-EN-10003001,604.656
2517,CA-2018-123134,FUR-FU-10003975,129.93
2518,CA-2017-124352,OFF-LA-10004559,20.16
2519,CA-2017-124352,OFF-LA-10003223,29.46
2520,CA-2017-124352,OFF-AP-10002651,868.59
2521,CA-2017-124352,OFF-PA-10003177,12.96
2522,CA-2017-124352,TEC-PH-10003442,5.5
2523,CA-2017-124352,OFF-BI-10000977,121.6
2524,CA-2016-124541,OFF-AR-10004078,42.048
2525,CA-2016-124541,TEC-AC-10002550,25.488
2526,CA-2016-124541,OFF-BI-10004965,6.9
2527,CA-2016-124541,OFF-BI-10004209,9.648
2528,CA-2016-124541,OFF-PA-10001526,7.968
2529,CA-2015-108707,OFF-PA-10000788,10.368
2530,CA-2015-111500,OFF-PA-10000595,114.2
2531,CA-2015-111500,OFF-BI-10000829,17.96
2532,CA-2015-111500,OFF-FA-10002676,12.67
2533,CA-2015-111500,TEC-AC-10000844,339.96
2534,US-2018-117723,OFF-ST-10004459,1801.632
2535,CA-2016-143238,TEC-AC-10003499,46.32
2536,CA-2016-168746,FUR-CH-10000513,181.986
2537,CA-2016-168746,TEC-PH-10000895,431.976
2538,CA-2016-168746,TEC-PH-10002555,155.37
2539,CA-2016-113404,FUR-CH-10003312,1348.704
2540,CA-2016-113404,FUR-CH-10004086,700.152
2541,CA-2017-144792,FUR-FU-10002759,111.888
2542,CA-2015-164385,OFF-AP-10002191,143.952
2543,US-2017-114174,FUR-BO-10003450,173.94
2544,US-2017-114174,OFF-LA-10000248,14.76
2545,CA-2018-108070,OFF-ST-10004804,205.92
2546,CA-2018-108070,FUR-BO-10001337,102.833
2547,US-2016-128090,OFF-AR-10002255,2.304
2548,US-2016-128090,TEC-PH-10002624,1879.96
2549,US-2016-128090,OFF-PA-10001878,313.024
2550,US-2016-128090,OFF-LA-10000452,5.04
2551,CA-2018-101042,FUR-FU-10004665,821.88
2552,CA-2018-101042,OFF-BI-10000088,21.96
2553,CA-2017-155439,OFF-PA-10000029,25.92
2554,CA-2017-118626,TEC-PH-10000369,705.544
2555,CA-2016-111458,TEC-AC-10001590,50.0
2556,US-2017-126844,FUR-FU-10004909,51.712
2557,US-2016-112508,OFF-AP-10002287,6.992
2558,CA-2016-147788,FUR-BO-10004357,1406.86
2559,CA-2016-147788,OFF-LA-10003766,15.75
2560,CA-2016-147788,OFF-ST-10000046,323.1
2561,CA-2016-144288,OFF-LA-10003190,9.216
2562,CA-2016-144288,OFF-PA-10002787,10.368
2563,CA-2016-110632,TEC-AC-10000387,15.02
2564,CA-2016-110632,OFF-ST-10001291,33.82
2565,CA-2018-109589,TEC-AC-10003116,71.0
2566,CA-2018-123967,OFF-BI-10001308,25.12
2567,CA-2018-123967,FUR-TA-10003954,2665.62
2568,CA-2018-148929,OFF-ST-10003282,478.08
2569,CA-2018-134404,TEC-PH-10000576,164.388
2570,CA-2018-134404,OFF-AR-10004441,13.248
2571,CA-2018-109778,OFF-AR-10003759,2.912
2572,CA-2017-155845,TEC-AC-10004145,1399.944
2573,CA-2018-145128,FUR-FU-10000293,526.45
2574,CA-2015-129091,OFF-EN-10004955,16.23
2575,CA-2015-129091,OFF-BI-10001071,319.9
2576,CA-2015-129091,OFF-EN-10001990,11.36
2577,CA-2015-129091,OFF-AP-10002734,675.12
2578,US-2015-155502,FUR-FU-10004587,62.82
2579,US-2015-155502,OFF-ST-10004337,489.92
2580,US-2015-155502,OFF-PA-10003072,19.44
2581,US-2015-155502,OFF-PA-10000380,16.68
2582,US-2015-155502,TEC-PH-10004833,155.35
2583,US-2015-155502,FUR-FU-10001847,12.42
2584,US-2015-155502,TEC-PH-10002103,187.98
2585,CA-2016-121041,OFF-EN-10001137,6.608
2586,CA-2018-131695,OFF-ST-10001476,248.57
2587,CA-2018-131695,FUR-FU-10002045,22.23
2588,CA-2017-137729,OFF-ST-10001505,5.98
2589,CA-2017-137729,TEC-PH-10001433,246.168
2590,US-2017-115455,FUR-FU-10004671,14.136
2591,US-2017-115455,FUR-TA-10003569,601.47
2592,CA-2018-128300,TEC-PH-10002807,79.1
2593,CA-2018-128300,OFF-BI-10001597,327.84
2594,CA-2018-149048,OFF-EN-10003296,180.96
2595,CA-2018-149048,OFF-BI-10004632,914.97
2596,CA-2018-149048,TEC-PH-10002310,587.97
2597,CA-2018-149048,OFF-ST-10000078,530.34
2598,CA-2018-149048,OFF-PA-10001752,14.94
2599,CA-2018-108553,OFF-AP-10000026,121.94
2600,CA-2018-108553,OFF-SU-10002573,122.71
2601,CA-2017-165848,OFF-PA-10000349,14.94
2602,CA-2017-165848,TEC-MA-10003356,1349.85
2603,CA-2017-165848,FUR-BO-10000362,136.784
2604,CA-2017-165848,FUR-FU-10003878,61.12
2605,CA-2015-112718,OFF-BI-10000591,1.167
2606,CA-2017-154053,OFF-AR-10003727,16.99
2607,CA-2015-127446,TEC-AC-10001635,24.672
2608,CA-2015-127446,OFF-LA-10001317,2.52
2609,CA-2015-127446,FUR-TA-10000577,1218.735
2610,CA-2015-127446,OFF-LA-10000248,5.904
2611,CA-2015-127446,OFF-PA-10000955,15.696
2612,CA-2015-127446,FUR-FU-10000221,6.096
2613,CA-2017-137204,FUR-CH-10002304,41.568
2614,CA-2015-147298,FUR-CH-10004886,230.28
2615,CA-2015-147298,OFF-BI-10001525,18.288
2616,CA-2018-147942,OFF-LA-10003663,5.78
2617,CA-2018-147942,OFF-BI-10001294,121.68
2618,CA-2018-115931,OFF-AR-10000369,4.17
2619,CA-2018-115931,TEC-PH-10001300,67.04
2620,CA-2018-115931,OFF-ST-10000876,37.32
2621,CA-2018-115931,OFF-LA-10001404,18.45
2622,CA-2015-164861,OFF-PA-10001972,25.92
2623,CA-2018-127180,TEC-CO-10004722,11199.968
2624,CA-2018-127180,TEC-PH-10001494,2399.6
2625,CA-2018-127180,OFF-EN-10002500,63.9
2626,CA-2018-127180,TEC-PH-10003800,52.99
2627,US-2018-165344,TEC-AC-10002399,60.864
2628,US-2018-165344,TEC-MA-10002210,652.995
2629,US-2018-165344,OFF-BI-10003196,11.22
2630,CA-2016-168186,OFF-PA-10000477,14.94
2631,US-2018-110604,FUR-FU-10000076,39.96
2632,US-2018-110604,FUR-CH-10002017,42.624
2633,US-2018-110604,FUR-CH-10004287,220.96
2634,CA-2016-116750,FUR-FU-10003829,4.928
2635,CA-2016-116750,OFF-BI-10004728,7.23
2636,CA-2016-162369,OFF-ST-10000046,323.1
2637,CA-2018-108441,OFF-PA-10000697,19.04
2638,CA-2018-108441,OFF-BI-10000848,13.128
2639,CA-2018-108441,OFF-AR-10004691,64.14
2640,CA-2018-108441,FUR-CH-10000595,858.24
2641,CA-2016-169740,TEC-AC-10000927,29.99
2642,CA-2017-124051,OFF-PA-10001289,186.048
2643,CA-2017-149111,TEC-PH-10003092,36.792
2644,CA-2017-149111,FUR-FU-10000206,18.624
2645,CA-2015-131002,FUR-FU-10004270,57.69
2646,CA-2015-131002,OFF-BI-10000948,42.81
2647,CA-2015-131002,OFF-PA-10000223,12.96
2648,CA-2015-131002,FUR-FU-10004665,821.88
2649,CA-2015-131002,TEC-PH-10000215,104.85
2650,US-2017-146794,FUR-BO-10004467,424.9575
2651,CA-2018-112515,OFF-BI-10000829,10.776
2652,CA-2018-112515,OFF-BI-10003712,11.784
2653,CA-2018-112515,OFF-PA-10000062,164.88
2654,CA-2018-112515,FUR-BO-10003404,1292.94
2655,CA-2018-112515,OFF-BI-10004233,25.584
2656,CA-2018-112515,OFF-ST-10001272,261.74
2657,CA-2018-112515,OFF-LA-10001175,14.4
2658,CA-2017-150343,OFF-EN-10004030,10.86
2659,CA-2016-135538,FUR-CH-10004287,883.84
2660,CA-2018-123372,TEC-PH-10002834,1979.89
2661,CA-2018-123372,OFF-EN-10003055,79.96
2662,CA-2018-159604,OFF-BI-10003460,8.76
2663,CA-2017-164784,OFF-LA-10001569,3.984
2664,CA-2017-164784,FUR-TA-10004534,370.62
2665,CA-2017-164784,OFF-BI-10002954,2.742
2666,CA-2017-111794,TEC-AC-10003832,79.512
2667,CA-2017-111794,OFF-PA-10000474,28.352
2668,US-2016-139759,FUR-CH-10002774,40.784
2669,US-2016-139759,OFF-AP-10002765,105.96
2670,CA-2015-126403,OFF-PA-10001144,166.44
2671,CA-2015-126403,FUR-CH-10003761,785.88
2672,CA-2015-126403,OFF-PA-10004665,26.2
2673,CA-2015-126403,OFF-ST-10000078,1325.85
2674,CA-2018-136875,OFF-PA-10000357,166.44
2675,CA-2018-132185,OFF-AR-10000422,8.76
2676,CA-2018-132185,OFF-AP-10001205,43.584
2677,US-2015-160780,OFF-BI-10001116,11.088
2678,US-2015-160780,OFF-BI-10002931,25.164
2679,CA-2018-127026,OFF-BI-10000546,14.4
2680,CA-2018-127026,TEC-AC-10002049,619.95
2681,CA-2018-127026,OFF-BI-10001196,89.52
2682,CA-2018-127026,TEC-MA-10002981,350.973
2683,CA-2018-127026,TEC-PH-10003601,164.99
2684,CA-2018-137085,OFF-BI-10000632,312.552
2685,CA-2017-133123,OFF-EN-10003055,95.952
2686,CA-2017-133123,OFF-BI-10001031,3.204
2687,US-2017-128195,OFF-BI-10002003,3.98
2688,CA-2016-153220,OFF-PA-10003016,15.7
2689,CA-2015-123064,OFF-AR-10004582,5.248
2690,CA-2018-156412,OFF-BI-10004364,5.346
2691,US-2017-144211,OFF-PA-10002246,15.48
2692,US-2017-144211,TEC-PH-10002890,108.576
2693,CA-2017-138079,FUR-FU-10001475,109.9
2694,CA-2015-143182,FUR-FU-10004270,15.384
2695,CA-2017-161662,OFF-PA-10003465,30.352
2696,CA-2015-145317,TEC-MA-10003626,821.3
2697,CA-2015-145317,TEC-MA-10002412,22638.48
2698,CA-2015-145317,OFF-PA-10001804,21.376
2699,CA-2015-145317,OFF-AR-10003183,8.016
2700,CA-2015-145317,FUR-FU-10004270,30.768
2701,CA-2015-145317,OFF-FA-10003112,18.936
2702,CA-2015-145317,FUR-FU-10001986,122.352
2703,CA-2015-143413,OFF-PA-10002319,116.28
2704,CA-2018-156818,TEC-AC-10002323,132.6
2705,CA-2018-155873,OFF-SU-10001165,16.68
2706,CA-2018-155873,OFF-PA-10001246,19.44
2707,CA-2018-155873,OFF-PA-10001815,192.16
2708,CA-2016-121797,FUR-FU-10001876,227.36
2709,CA-2016-121797,TEC-MA-10000488,1919.976
2710,US-2016-120572,OFF-BI-10001098,12.828
2711,CA-2018-132430,FUR-FU-10003577,45.888
2712,CA-2018-146031,OFF-AR-10002656,60.12
2713,CA-2015-110100,TEC-PH-10004531,302.376
2714,CA-2016-103723,OFF-AR-10003251,13.9
2715,CA-2015-127187,TEC-PH-10000673,129.98
2716,CA-2018-128475,TEC-AC-10000158,71.98
2717,CA-2015-100006,TEC-PH-10002075,377.97
2718,CA-2018-144827,OFF-ST-10004340,124.36
2719,CA-2015-110030,FUR-FU-10002759,23.976
2720,CA-2015-121286,OFF-FA-10000585,8.376
2721,CA-2015-121286,OFF-AP-10004859,58.24
2722,CA-2017-164735,OFF-ST-10001558,81.2
2723,CA-2015-153479,OFF-LA-10004689,14.45
2724,CA-2015-153479,OFF-BI-10002867,95.648
2725,CA-2018-149888,TEC-PH-10003811,359.97
2726,CA-2018-149888,FUR-TA-10000849,350.352
2727,CA-2018-119193,OFF-BI-10000848,1.641
2728,CA-2018-119193,TEC-PH-10003072,629.958
2729,CA-2018-104801,OFF-AR-10001547,6.63
2730,CA-2018-104801,TEC-AC-10001838,799.96
2731,CA-2018-104801,FUR-FU-10004017,107.53
2732,CA-2015-107594,TEC-PH-10002923,73.98
2733,CA-2015-107594,OFF-AR-10000716,5.58
2734,CA-2016-129770,OFF-PA-10000249,49.12
2735,CA-2016-115798,TEC-PH-10003691,377.97
2736,CA-2016-115798,OFF-PA-10001560,42.28
2737,CA-2016-115798,FUR-BO-10004467,299.97
2738,CA-2016-115798,TEC-PH-10001819,89.98
2739,CA-2018-122707,OFF-SU-10000157,477.24
2740,CA-2018-122707,TEC-AC-10004227,25.98
2741,CA-2017-165015,OFF-EN-10003134,46.72
2742,CA-2015-149244,FUR-FU-10004671,35.34
2743,CA-2016-140144,FUR-FU-10002253,257.64
2744,CA-2016-140144,TEC-PH-10002726,125.976
2745,CA-2018-163321,TEC-AC-10004571,79.992
2746,CA-2015-155887,FUR-TA-10002228,700.056
2747,US-2016-165449,TEC-AC-10004127,27.168
2748,CA-2016-110247,OFF-BI-10001553,8.226
2749,US-2015-141257,FUR-CH-10002758,585.552
2750,CA-2015-154669,OFF-ST-10000532,423.28
2751,CA-2015-158029,FUR-CH-10000988,225.296
2752,CA-2016-155306,OFF-AR-10003251,5.56
2753,CA-2016-155306,TEC-AC-10003174,323.37
2754,CA-2016-155306,TEC-PH-10002310,783.96
2755,CA-2016-155306,OFF-AP-10002651,1447.65
2756,CA-2016-155306,OFF-PA-10001184,11.96
2757,CA-2017-127775,TEC-AC-10002402,239.97
2758,CA-2017-146171,FUR-FU-10004270,76.92
2759,CA-2017-146171,OFF-ST-10001526,481.32
2760,CA-2015-129574,OFF-PA-10002893,48.4
2761,CA-2018-126536,TEC-AC-10003709,0.99
2762,CA-2018-126536,OFF-BI-10001191,101.84
2763,CA-2018-165757,OFF-BI-10003166,10.332
2764,CA-2018-165757,OFF-BI-10003982,31.155
2765,CA-2018-165757,OFF-ST-10004835,8.928
2766,CA-2018-167752,OFF-AP-10000159,34.384
2767,CA-2018-167752,OFF-AP-10002945,1924.16
2768,US-2016-122140,OFF-AP-10001242,32.192
2769,US-2016-122140,TEC-AC-10003038,50.12
2770,US-2016-122140,TEC-AC-10003289,47.976
2771,CA-2017-163986,OFF-ST-10000918,54.5
2772,CA-2018-158967,FUR-FU-10001940,19.104
2773,CA-2017-131576,OFF-BI-10002852,49.44
2774,CA-2018-143455,OFF-PA-10004451,10.368
2775,CA-2017-144729,OFF-ST-10004804,154.44
2776,CA-2016-127019,OFF-AP-10003971,60.984
2777,CA-2016-138534,FUR-BO-10003159,195.466
2778,CA-2018-108322,FUR-FU-10001935,23.68
2779,CA-2018-108322,TEC-AC-10003433,2.376
2780,CA-2018-167668,OFF-LA-10004544,59.2
2781,CA-2018-146724,OFF-AR-10001026,22.0
2782,CA-2017-139878,TEC-PH-10001336,257.98
2783,US-2017-106677,TEC-PH-10003187,23.988
2784,CA-2017-116974,TEC-PH-10004897,23.976
2785,CA-2016-149972,FUR-CH-10004997,601.536
2786,CA-2016-149972,OFF-FA-10002763,7.9
2787,US-2015-117744,FUR-FU-10001588,58.36
2788,US-2015-117744,OFF-AR-10000940,16.464
2789,US-2015-117744,FUR-FU-10002759,39.96
2790,CA-2015-125514,OFF-AP-10000358,25.96
2791,CA-2015-125514,OFF-AP-10003281,36.27
2792,CA-2015-125514,OFF-PA-10000029,6.48
2793,CA-2015-154599,TEC-PH-10001557,1075.088
2794,CA-2015-154599,TEC-PH-10000576,438.368
2795,CA-2015-154599,OFF-BI-10002764,18.088
2796,CA-2015-154599,FUR-BO-10001337,308.499
2797,CA-2018-158743,OFF-AR-10002257,13.36
2798,CA-2018-158743,OFF-PA-10001019,39.96
2799,CA-2018-158743,OFF-BI-10003364,145.85
2800,CA-2017-153318,TEC-PH-10000984,783.96
2801,US-2016-110163,OFF-AR-10001683,7.88
2802,CA-2018-143329,FUR-FU-10000629,41.37
2803,CA-2016-159380,OFF-PA-10003893,12.84
2804,CA-2016-159380,OFF-PA-10004239,25.68
2805,CA-2016-122623,FUR-CH-10000553,47.516
2806,CA-2016-148635,OFF-FA-10004395,9.42
2807,CA-2016-148635,OFF-PA-10004782,12.96
2808,CA-2016-148635,FUR-BO-10002213,704.9
2809,CA-2016-148635,FUR-CH-10001854,561.568
2810,CA-2016-135685,OFF-PA-10000157,179.82
2811,CA-2016-135685,FUR-FU-10001185,185.58
2812,CA-2016-135685,FUR-TA-10001520,214.11
2813,CA-2016-135685,TEC-AC-10004145,999.96
2814,CA-2016-135685,FUR-TA-10000688,653.55
2815,CA-2016-104626,OFF-BI-10001510,114.6
2816,CA-2016-104626,FUR-CH-10003817,60.74
2817,CA-2016-104626,FUR-FU-10000308,124.36
2818,CA-2016-104626,OFF-ST-10003208,1088.76
2819,CA-2017-160500,OFF-BI-10003784,6.72
2820,CA-2017-160500,FUR-TA-10003748,298.776
2821,CA-2017-100202,TEC-PH-10002563,302.376
2822,CA-2018-131016,OFF-AR-10000122,8.928
2823,CA-2018-131016,OFF-ST-10000352,47.584
2824,US-2015-112914,OFF-PA-10003270,33.792
2825,US-2015-112914,FUR-BO-10003272,300.5328
2826,US-2015-112914,OFF-BI-10002982,2.724
2827,US-2015-112914,OFF-EN-10001509,3.264
2828,CA-2017-124149,OFF-PA-10002421,108.336
2829,CA-2017-124149,OFF-ST-10000760,55.92
2830,CA-2017-124149,OFF-PA-10002923,78.304
2831,CA-2015-148915,OFF-ST-10001128,443.92
2832,CA-2015-148915,TEC-PH-10000673,155.976
2833,CA-2018-134649,OFF-AR-10001547,15.47
2834,CA-2018-134649,OFF-BI-10001890,7.16
2835,CA-2018-110842,OFF-AP-10003971,10.89
2836,CA-2018-110842,OFF-PA-10000520,19.44
2837,CA-2018-110842,OFF-BI-10000977,121.6
2838,CA-2017-147368,TEC-MA-10002178,695.7
2839,US-2016-104185,OFF-ST-10001526,120.33
2840,US-2015-125521,FUR-CH-10003379,1139.92
2841,US-2018-135062,OFF-PA-10000100,229.544
2842,CA-2018-135650,OFF-ST-10001809,143.728
2843,CA-2018-112865,TEC-AC-10000387,36.048
2844,US-2017-162852,FUR-CH-10004853,845.488
2845,CA-2018-138163,OFF-AR-10001958,50.94
2846,CA-2018-152093,OFF-BI-10003527,762.594
2847,CA-2018-157854,FUR-FU-10003832,56.28
2848,CA-2018-157854,OFF-BI-10001359,2690.97
2849,CA-2017-123617,OFF-BI-10002976,7.434
2850,US-2017-128293,OFF-ST-10000736,64.784
2851,CA-2018-107342,OFF-PA-10001745,28.16
2852,CA-2017-136371,FUR-FU-10000409,14.98
2853,CA-2017-136371,FUR-FU-10000221,20.32
2854,CA-2018-137344,OFF-ST-10000344,40.29
2855,CA-2018-169810,OFF-LA-10003663,20.23
2856,CA-2017-128594,FUR-CH-10001215,1603.136
2857,CA-2017-154690,FUR-CH-10000988,225.296
2858,CA-2018-138975,TEC-AC-10003441,67.8
2859,CA-2018-138975,TEC-PH-10004389,377.97
2860,CA-2018-138975,FUR-BO-10004695,1628.82
2861,CA-2018-138975,OFF-PA-10000100,286.93
2862,CA-2018-106537,OFF-PA-10000223,20.736
2863,US-2018-103828,OFF-ST-10001325,31.44
2864,US-2018-103828,OFF-AP-10004249,83.79
2865,US-2018-103828,OFF-AR-10000588,59.52
2866,US-2018-103828,OFF-SU-10000946,31.92
2867,CA-2017-115588,OFF-SU-10001225,14.72
2868,CA-2017-115588,OFF-ST-10001558,38.976
2869,CA-2018-143861,FUR-FU-10001546,17.088
2870,CA-2015-148040,OFF-PA-10002581,74.352
2871,CA-2015-148040,FUR-CH-10001482,314.352
2872,CA-2018-135167,OFF-AR-10002399,4.26
2873,CA-2018-137022,OFF-ST-10001963,811.28
2874,US-2018-102638,OFF-FA-10002988,6.03
2875,US-2017-167339,FUR-CH-10004289,153.568
2876,US-2017-167339,FUR-CH-10000785,1013.488
2877,CA-2017-152072,OFF-EN-10003040,52.34
2878,CA-2017-152072,OFF-AR-10001573,4.66
2879,CA-2017-152072,TEC-AC-10000844,254.97
2880,CA-2017-102932,OFF-BI-10000756,25.44
2881,CA-2017-102932,OFF-SU-10000381,27.93
2882,CA-2015-165540,OFF-BI-10004094,8.85
2883,CA-2017-130799,FUR-FU-10001852,6.96
2884,CA-2017-164483,OFF-BI-10000014,17.456
2885,US-2017-159856,FUR-CH-10003396,307.92
2886,CA-2018-102099,OFF-AR-10003811,6.63
2887,CA-2018-102099,OFF-PA-10003172,12.96
2888,CA-2018-102099,OFF-PA-10000289,32.4
2889,CA-2018-164049,OFF-PA-10000791,23.85
2890,CA-2015-142727,FUR-CH-10002304,51.96
2891,CA-2015-142727,OFF-BI-10000136,17.94
2892,CA-2018-139913,OFF-PA-10003739,11.56
2893,CA-2018-139913,OFF-PA-10002479,26.4
2894,CA-2018-139913,FUR-FU-10000771,69.08
2895,CA-2018-139913,TEC-PH-10001552,35.88
2896,CA-2015-169033,OFF-AR-10001915,49.65
2897,US-2017-164630,TEC-CO-10000971,959.968
2898,US-2016-114839,FUR-CH-10004086,408.422
2899,CA-2016-166464,TEC-CO-10000971,479.984
2900,CA-2016-166464,OFF-LA-10001317,12.6
2901,CA-2018-124898,OFF-PA-10003656,184.66
2902,CA-2017-164035,OFF-PA-10002160,23.12
2903,CA-2017-153577,OFF-PA-10000575,37.464
2904,CA-2017-153577,FUR-CH-10003981,539.658
2905,CA-2015-127586,OFF-ST-10002615,310.12
2906,CA-2018-121615,OFF-PA-10000327,8.56
2907,CA-2018-121615,OFF-ST-10001325,52.4
2908,CA-2018-121615,OFF-LA-10001771,14.94
2909,CA-2018-166415,OFF-FA-10004968,11.22
2910,CA-2016-118444,OFF-AP-10000576,387.136
2911,CA-2015-113929,OFF-EN-10003286,41.4
2912,CA-2015-113929,OFF-AR-10003772,35.0
2913,CA-2015-113929,OFF-BI-10002852,39.552
2914,CA-2016-134747,TEC-PH-10002890,135.72
2915,CA-2016-134747,OFF-BI-10001308,12.56
2916,CA-2016-134747,TEC-PH-10001750,263.96
2917,CA-2018-155047,OFF-AR-10003338,5.952
2918,CA-2017-160129,OFF-FA-10002763,15.8
2919,CA-2017-160129,FUR-FU-10002088,14.368
2920,CA-2017-160129,FUR-FU-10003976,70.448
2921,CA-2018-164329,OFF-ST-10001511,129.3
2922,US-2016-141453,OFF-BI-10000301,3.882
2923,CA-2015-156993,OFF-FA-10003495,6.08
2924,CA-2015-157721,OFF-AP-10001303,19.9
2925,CA-2015-157721,FUR-FU-10002116,70.71
2926,CA-2018-128629,FUR-FU-10000771,18.84
2927,CA-2018-158106,OFF-AR-10002255,8.64
2928,US-2018-120390,OFF-BI-10004995,1633.188
2929,CA-2018-143434,FUR-FU-10002597,19.76
2930,CA-2016-168564,OFF-BI-10004970,6.608
2931,CA-2016-168564,OFF-BI-10002557,7.28
2932,CA-2016-168564,FUR-CH-10000785,144.784
2933,US-2017-169040,TEC-PH-10002310,156.792
2934,US-2017-169040,TEC-PH-10002834,431.976
2935,US-2017-169040,OFF-EN-10000927,35.89
2936,US-2017-169040,OFF-BI-10001636,47.208
2937,US-2017-169040,OFF-PA-10001736,248.08
2938,US-2017-169040,OFF-PA-10000482,189.7
2939,US-2017-169040,OFF-BI-10001658,59.808
2940,CA-2018-155880,FUR-CH-10000422,90.99
2941,CA-2018-155880,FUR-CH-10004675,1526.56
2942,CA-2018-155880,FUR-CH-10002880,368.97
2943,CA-2018-126242,OFF-ST-10000675,305.01
2944,CA-2018-126242,FUR-FU-10002685,18.7
2945,CA-2017-166443,FUR-FU-10004020,38.29
2946,CA-2018-169859,FUR-FU-10004963,26.25
2947,CA-2018-169859,OFF-BI-10000174,64.96
2948,CA-2018-169859,OFF-EN-10000461,43.7
2949,CA-2018-134915,TEC-AC-10001266,41.6
2950,CA-2018-134915,OFF-PA-10002160,23.12
2951,CA-2018-134915,FUR-CH-10004875,113.888
2952,CA-2018-134915,FUR-FU-10000305,113.568
2953,CA-2018-134915,TEC-PH-10000347,7.92
2954,CA-2018-134915,TEC-PH-10001459,671.984
2955,CA-2017-153353,TEC-PH-10000439,39.99
2956,CA-2018-123638,FUR-CH-10002647,191.646
2957,CA-2018-168900,OFF-BI-10003910,2.313
2958,CA-2016-158456,OFF-BI-10001097,19.936
2959,CA-2016-158456,OFF-FA-10004854,45.92
2960,CA-2018-143665,OFF-PA-10003673,20.34
2961,CA-2018-143665,OFF-LA-10002034,39.28
2962,CA-2018-137428,FUR-CH-10002774,81.568
2963,CA-2018-137428,FUR-CH-10003817,97.184
2964,CA-2018-137428,OFF-BI-10002949,24.32
2965,CA-2018-137428,FUR-FU-10002445,18.96
2966,CA-2015-162866,FUR-FU-10001473,32.952
2967,CA-2015-162866,OFF-ST-10002562,30.016
2968,CA-2018-167941,OFF-AP-10002118,499.584
2969,CA-2018-167941,OFF-PA-10001800,31.104
2970,CA-2018-167941,OFF-BI-10002827,13.272
2971,CA-2018-167941,FUR-FU-10004671,28.272
2972,CA-2018-167941,OFF-ST-10000736,259.136
2973,CA-2018-111808,OFF-BI-10004656,10.8
2974,CA-2016-137512,FUR-TA-10001095,244.006
2975,CA-2016-137512,OFF-PA-10000213,15.936
2976,CA-2018-139773,FUR-CH-10001797,188.552
2977,CA-2018-134607,OFF-ST-10002214,22.58
2978,CA-2015-109232,FUR-CH-10000422,545.94
2979,CA-2016-139850,OFF-PA-10003848,20.736
2980,CA-2016-139850,FUR-FU-10003623,43.296
2981,CA-2015-131310,FUR-CH-10001797,123.136
2982,CA-2015-131310,OFF-BI-10003094,11.264
2983,US-2015-112872,OFF-ST-10002205,53.424
2984,US-2015-112872,FUR-TA-10003238,275.49
2985,CA-2017-139269,FUR-FU-10000755,24.96
2986,CA-2017-139269,OFF-PA-10002893,19.36
2987,CA-2017-139269,OFF-ST-10000689,1267.65
2988,CA-2017-139010,TEC-AC-10004227,12.99
2989,CA-2017-139010,OFF-BI-10000174,18.56
2990,CA-2017-139010,OFF-ST-10001809,449.15
2991,CA-2017-139010,OFF-BI-10002309,31.248
2992,CA-2017-134376,OFF-AP-10004532,61.44
2993,CA-2018-147291,OFF-BI-10003091,895.92
2994,CA-2017-112893,OFF-BI-10004654,55.36
2995,US-2015-150532,OFF-ST-10000760,55.92
2996,CA-2015-138317,OFF-EN-10001539,24.896
2997,CA-2015-138317,FUR-FU-10000550,3.984
2998,CA-2015-138317,TEC-AC-10003628,95.968
2999,CA-2015-138317,TEC-MA-10004521,206.991
3000,CA-2015-138317,OFF-AP-10003860,44.416
3001,CA-2015-138317,OFF-BI-10000069,9.006
3002,CA-2016-130610,OFF-BI-10003655,19.0
3003,CA-2018-104381,OFF-BI-10001628,33.376
3004,CA-2017-131499,OFF-AP-10003779,207.48
3005,CA-2015-148761,OFF-BI-10000666,91.68
3006,CA-2018-116519,OFF-AP-10000828,904.9
3007,CA-2015-130729,OFF-BI-10002706,34.272
3008,CA-2017-124772,FUR-FU-10004748,191.82
3009,CA-2017-115525,OFF-AP-10000026,243.88
3010,CA-2018-134845,OFF-BI-10000773,12.03
3011,CA-2018-134845,TEC-MA-10000822,2549.985
3012,CA-2018-134845,OFF-BI-10001543,21.594
3013,CA-2018-134845,OFF-BI-10003355,8.964
3014,CA-2018-134845,OFF-PA-10002005,20.736
3015,US-2016-138919,FUR-TA-10004154,344.22
3016,US-2017-160528,OFF-ST-10002743,727.296
3017,US-2017-160528,FUR-FU-10004973,22.608
3018,US-2017-160528,TEC-AC-10002842,666.4
3019,CA-2016-123568,OFF-FA-10002701,5.04
3020,CA-2016-123568,OFF-PA-10001125,92.94
3021,CA-2016-123568,FUR-FU-10004090,66.69
3022,CA-2016-123568,OFF-BI-10001510,91.68
3023,CA-2018-124674,FUR-BO-10002202,327.7328
3024,CA-2016-164441,OFF-BI-10001922,52.272
3025,CA-2016-164441,OFF-PA-10001667,17.94
3026,CA-2018-169054,FUR-FU-10001488,254.352
3027,CA-2015-106719,OFF-BI-10002799,8.288
3028,CA-2018-116855,FUR-CH-10003846,504.9
3029,US-2017-164189,TEC-PH-10003691,403.168
3030,CA-2016-168480,FUR-BO-10000468,194.32
3031,CA-2016-168480,OFF-AR-10001044,25.99
3032,US-2017-114293,FUR-CH-10003833,195.136
3033,CA-2018-134173,OFF-PA-10004355,20.736
3034,US-2016-123960,TEC-AC-10003038,53.7
3035,US-2016-123960,OFF-BI-10002799,36.26
3036,US-2016-123960,OFF-AR-10003582,56.3
3037,US-2016-123960,OFF-PA-10004451,32.4
3038,US-2016-123960,FUR-FU-10004666,29.16
3039,CA-2018-101749,FUR-TA-10001520,171.288
3040,US-2017-147991,FUR-FU-10004270,16.72
3041,CA-2018-149559,OFF-PA-10003172,12.96
3042,CA-2018-149559,OFF-EN-10002312,22.18
3043,CA-2018-149559,FUR-CH-10002320,2054.272
3044,CA-2016-135174,TEC-PH-10001530,1022.97
3045,CA-2018-125290,OFF-AR-10001216,13.9
3046,CA-2018-125290,OFF-PA-10003127,26.38
3047,CA-2015-137351,OFF-BI-10003910,43.176
3048,CA-2018-121419,FUR-TA-10004534,411.8
3049,CA-2018-121419,TEC-AC-10000892,360.0
3050,US-2018-148054,FUR-FU-10003247,41.96
3051,US-2018-148054,OFF-AP-10004336,227.84
3052,US-2018-148054,OFF-PA-10001295,37.94
3053,CA-2017-128517,TEC-PH-10002555,517.9
3054,CA-2017-128517,OFF-BI-10000831,5.28
3055,US-2016-100377,TEC-CO-10001046,2799.96
3056,CA-2018-131492,OFF-EN-10002973,8.96
3057,CA-2018-131492,OFF-LA-10001641,31.5
3058,CA-2018-131492,FUR-FU-10003878,30.56
3059,CA-2018-131492,FUR-TA-10003837,24.368
3060,CA-2017-144554,TEC-AC-10002800,119.976
3061,CA-2018-127621,OFF-PA-10001307,26.88
3062,CA-2016-145184,TEC-PH-10002350,83.97
3063,CA-2016-145184,TEC-AC-10000397,104.97
3064,CA-2018-106859,OFF-ST-10000615,90.8
3065,CA-2018-106859,TEC-PH-10004531,140.736
3066,CA-2018-106859,TEC-AC-10004001,214.95
3067,CA-2018-106859,OFF-PA-10001534,45.36
3068,CA-2018-106859,OFF-PA-10001815,288.24
3069,US-2018-120089,OFF-AP-10003779,663.936
3070,CA-2015-119375,OFF-ST-10002011,2934.33
3071,CA-2015-119375,FUR-FU-10002379,124.41
3072,CA-2015-119375,OFF-AR-10003752,57.75
3073,CA-2017-125206,OFF-ST-10003692,114.46
3074,CA-2016-126137,FUR-BO-10004409,120.666
3075,CA-2015-143903,OFF-ST-10003306,342.864
3076,CA-2015-143903,FUR-FU-10003724,16.74
3077,CA-2015-143903,FUR-CH-10002024,981.372
3078,CA-2015-104780,OFF-AR-10003514,31.84
3079,CA-2018-101182,OFF-PA-10001800,12.96
3080,CA-2018-101182,TEC-PH-10003589,43.176
3081,US-2018-132297,OFF-BI-10003364,58.34
3082,US-2018-132297,TEC-PH-10002834,539.97
3083,CA-2015-100328,OFF-BI-10000343,3.928
3084,CA-2018-118773,OFF-BI-10004584,252.784
3085,CA-2018-118773,TEC-AC-10002402,127.984
3086,CA-2018-118773,FUR-FU-10000550,3.984
3087,CA-2018-118773,OFF-AP-10000055,12.992
3088,US-2018-159205,FUR-FU-10001591,61.0
3089,US-2018-159205,TEC-PH-10000526,671.93
3090,CA-2017-112123,OFF-BI-10001071,447.86
3091,CA-2017-112123,TEC-PH-10001557,479.95
3092,CA-2017-112123,OFF-PA-10001977,166.44
3093,CA-2016-114468,OFF-SU-10004231,31.68
3094,CA-2016-114468,OFF-PA-10000809,10.368
3095,CA-2016-114468,OFF-FA-10003021,12.032
3096,CA-2016-114468,OFF-AP-10000696,5.768
3097,CA-2018-135692,OFF-LA-10001158,33.12
3098,CA-2018-135692,FUR-BO-10002268,220.2656
3099,CA-2018-131233,OFF-BI-10000829,10.776
3100,CA-2018-131233,FUR-BO-10003441,242.352
3101,CA-2018-119578,OFF-SU-10003505,695.16
3102,CA-2018-119578,FUR-BO-10003660,220.98
3103,CA-2017-124562,OFF-BI-10001267,12.957
3104,US-2018-140074,OFF-PA-10002741,25.68
3105,CA-2017-103037,OFF-LA-10004345,15.712
3106,CA-2018-127460,OFF-ST-10004340,298.464
3107,CA-2017-121671,OFF-PA-10001471,21.93
3108,CA-2017-121671,OFF-ST-10002344,242.94
3109,CA-2017-121671,OFF-PA-10001892,7.64
3110,CA-2017-121671,OFF-PA-10001934,51.84
3111,CA-2017-121671,OFF-ST-10000078,265.17
3112,CA-2017-150350,TEC-MA-10001972,837.6
3113,CA-2017-150350,OFF-EN-10002504,135.9
3114,CA-2017-150350,OFF-PA-10002160,34.68
3115,CA-2017-150350,FUR-CH-10001973,532.704
3116,CA-2017-150350,OFF-AP-10001492,43.1
3117,CA-2017-150350,OFF-SU-10002189,15.88
3118,CA-2016-121720,FUR-CH-10003312,1123.92
3119,CA-2016-121720,TEC-PH-10002496,249.584
3120,CA-2016-121720,FUR-FU-10003464,48.672
3121,CA-2016-121720,OFF-AR-10000380,60.768
3122,CA-2016-121720,OFF-BI-10004593,78.6
3123,CA-2016-121720,OFF-BI-10001308,3.768
3124,CA-2016-121720,OFF-ST-10001780,1036.624
3125,CA-2016-121720,OFF-ST-10003816,563.808
3126,CA-2018-149895,TEC-PH-10002200,258.528
3127,CA-2018-147564,OFF-PA-10004438,49.12
3128,CA-2015-136399,FUR-FU-10004090,44.46
3129,CA-2015-136399,FUR-CH-10002602,241.568
3130,CA-2015-136399,TEC-AC-10001142,395.0
3131,CA-2015-136399,TEC-PH-10004977,627.168
3132,CA-2015-107916,FUR-FU-10004586,13.28
3133,CA-2015-107916,OFF-BI-10001116,12.672
3134,CA-2018-164168,OFF-BI-10000666,30.56
3135,CA-2018-164168,OFF-ST-10002583,77.952
3136,CA-2018-164168,TEC-PH-10004908,67.992
3137,CA-2018-164168,OFF-EN-10001219,12.224
3138,CA-2018-164168,TEC-AC-10004568,44.784
3139,CA-2018-164168,FUR-FU-10001756,22.848
3140,CA-2016-112557,OFF-AP-10002311,206.43
3141,US-2015-122959,OFF-BI-10003650,210.392
3142,CA-2018-162572,TEC-AC-10003628,119.96
3143,CA-2018-162572,OFF-AR-10001547,10.608
3144,US-2017-148110,FUR-CH-10002647,347.802
3145,CA-2018-131828,FUR-CH-10004495,963.136
3146,CA-2018-131828,TEC-PH-10002923,88.776
3147,CA-2015-109218,OFF-AR-10001374,32.4
3148,CA-2017-120558,OFF-PA-10003441,32.4
3149,US-2015-109036,OFF-LA-10002043,31.05
3150,CA-2016-147830,TEC-AC-10002049,2025.36
3151,CA-2016-147830,TEC-MA-10000418,1799.994
3152,CA-2016-147830,TEC-PH-10004908,101.988
3153,CA-2016-147830,FUR-FU-10004091,262.864
3154,CA-2018-150497,OFF-BI-10004600,735.98
3155,CA-2015-128986,OFF-PA-10001289,93.024
3156,CA-2016-139584,FUR-TA-10001539,284.364
3157,CA-2016-139584,TEC-AC-10001266,26.0
3158,US-2017-162677,OFF-ST-10001291,67.64
3159,US-2017-162677,TEC-AC-10001314,119.976
3160,US-2015-150924,OFF-BI-10004040,5.18
3161,CA-2015-153969,OFF-EN-10001539,15.56
3162,CA-2015-153969,OFF-EN-10004483,78.35
3163,CA-2015-153969,OFF-AR-10001615,59.52
3164,CA-2015-153969,OFF-PA-10000327,38.52
3165,CA-2015-153969,TEC-PH-10001299,239.984
3166,CA-2015-153969,OFF-PA-10002246,19.35
3167,CA-2017-146682,FUR-FU-10002671,67.0
3168,CA-2017-138695,FUR-CH-10003833,390.272
3169,CA-2017-138695,OFF-PA-10001667,62.192
3170,CA-2018-107461,OFF-BI-10002003,23.88
3171,US-2017-133879,OFF-BI-10004465,3.168
3172,US-2017-133879,FUR-CH-10000665,528.43
3173,US-2017-133879,OFF-AR-10004956,13.392
3174,CA-2018-157483,OFF-AR-10004260,181.86
3175,US-2018-132059,FUR-BO-10001811,180.588
3176,US-2018-132059,TEC-AC-10003280,47.984
3177,CA-2018-122280,OFF-PA-10004911,18.76
3178,CA-2018-105235,FUR-FU-10001487,20.94
3179,CA-2018-105235,FUR-FU-10000521,58.68
3180,CA-2018-105235,OFF-AP-10001271,254.9
3181,CA-2018-152912,OFF-BI-10004728,9.64
3182,CA-2018-152912,TEC-AC-10004666,826.62
3183,CA-2018-152912,OFF-ST-10003208,1633.14
3184,CA-2018-152912,OFF-ST-10003208,544.38
3185,CA-2015-123498,OFF-BI-10000632,26.046
3186,CA-2015-123498,OFF-EN-10004773,74.352
3187,CA-2018-159352,TEC-PH-10004700,69.93
3188,US-2018-146416,OFF-LA-10003714,3.75
3189,US-2018-146416,OFF-BI-10001787,20.928
3190,US-2016-163783,OFF-ST-10002957,12.672
3191,CA-2018-123981,TEC-PH-10002115,65.99
3192,CA-2018-158953,OFF-BI-10002557,6.37
3193,CA-2015-165428,OFF-BI-10002949,3.648
3194,CA-2015-165428,OFF-PA-10004100,31.104
3195,CA-2017-169026,OFF-FA-10001883,23.34
3196,CA-2018-109750,TEC-PH-10000702,29.97
3197,CA-2016-149384,OFF-BI-10003196,3.366
3198,CA-2015-131527,TEC-PH-10001644,95.968
3199,CA-2018-164000,OFF-AR-10003183,18.704
3200,CA-2015-164224,FUR-FU-10000308,149.232
3201,CA-2015-164224,OFF-PA-10001526,15.936
3202,CA-2015-158372,TEC-PH-10002103,601.536
3203,CA-2015-158372,TEC-AC-10004209,10.99
3204,CA-2015-158372,FUR-FU-10000397,39.88
3205,CA-2015-158372,OFF-PA-10002137,62.24
3206,CA-2015-158372,FUR-FU-10001867,53.2
3207,CA-2015-158372,OFF-LA-10000407,39.84
3208,CA-2017-108882,TEC-AC-10000420,349.95
3209,CA-2017-108882,TEC-PH-10002726,377.928
3210,US-2018-108245,OFF-EN-10001415,13.392
3211,US-2018-108245,OFF-BI-10000773,11.228
3212,CA-2015-142314,OFF-AP-10002350,207.24
3213,CA-2017-132409,OFF-AR-10001919,1.504
3214,CA-2017-132409,OFF-AP-10002082,34.848
3215,CA-2018-150189,OFF-LA-10002762,75.18
3216,CA-2015-114433,TEC-AC-10002800,149.97
3217,CA-2018-104640,OFF-BI-10003925,931.176
3218,CA-2018-104640,TEC-PH-10002200,430.88
3219,US-2016-137008,OFF-PA-10001295,94.85
3220,US-2016-137008,OFF-EN-10002500,51.12
3221,US-2016-137008,TEC-AC-10000892,90.0
3222,CA-2015-108189,OFF-PA-10001838,9.408
3223,CA-2015-108189,OFF-FA-10000735,4.672
3224,CA-2015-108189,TEC-PH-10001760,318.4
3225,CA-2015-108189,OFF-EN-10004846,12.768
3226,CA-2015-108189,OFF-SU-10003567,15.36
3227,CA-2015-108189,TEC-PH-10001557,230.376
3228,CA-2015-108189,TEC-AC-10003038,7.16
3229,CA-2015-154641,OFF-ST-10004459,375.34
3230,CA-2018-131625,FUR-FU-10004960,114.9
3231,US-2018-156356,OFF-BI-10000632,26.046
3232,US-2018-156356,OFF-BI-10001107,2.896
3233,US-2018-156356,OFF-ST-10002301,32.544
3234,CA-2017-138933,OFF-BI-10003355,3.984
3235,CA-2017-140746,FUR-TA-10002903,181.797
3236,CA-2017-146836,OFF-ST-10001580,44.94
3237,CA-2017-146836,OFF-BI-10000315,45.576
3238,US-2017-127971,FUR-CH-10003774,318.43
3239,US-2017-127971,TEC-PH-10003095,122.92
3240,US-2017-127971,FUR-FU-10000023,7.068
3241,US-2017-140809,OFF-ST-10002214,56.45
3242,CA-2018-114524,OFF-BI-10002799,13.468
3243,CA-2018-113355,TEC-PH-10004912,219.8
3244,CA-2018-113355,FUR-CH-10002602,317.058
3245,US-2018-140907,TEC-AC-10004510,49.08
3246,US-2018-140907,OFF-ST-10000060,324.9
3247,US-2018-140907,OFF-AR-10000799,18.24
3248,CA-2017-159730,FUR-CH-10004875,113.888
3249,CA-2017-159730,TEC-PH-10002085,105.584
3250,CA-2017-157868,OFF-FA-10000992,24.85
3251,CA-2018-119389,FUR-FU-10001473,60.312
3252,CA-2018-110373,OFF-AR-10003045,7.056
3253,CA-2018-110373,TEC-PH-10001536,27.184
3254,CA-2017-155474,TEC-PH-10001580,107.984
3255,CA-2017-155474,OFF-BI-10004209,19.296
3256,CA-2016-155453,OFF-LA-10001613,4.608
3257,US-2017-161844,FUR-TA-10001676,79.974
3258,US-2017-161844,OFF-BI-10003712,2.946
3259,US-2017-162103,OFF-BI-10000285,3.136
3260,CA-2015-151554,OFF-PA-10004609,20.736
3261,CA-2015-140662,TEC-AC-10001314,99.98
3262,CA-2015-140662,OFF-PA-10003395,733.95
3263,CA-2015-140662,OFF-AP-10001242,241.44
3264,CA-2017-122518,OFF-LA-10001641,10.08
3265,US-2015-126571,OFF-ST-10003816,281.904
3266,US-2015-126571,OFF-EN-10002230,201.432
3267,CA-2015-143840,TEC-PH-10002660,135.98
3268,CA-2015-143840,TEC-PH-10003171,44.95
3269,CA-2015-115980,TEC-AC-10003709,2.97
3270,CA-2015-115980,OFF-FA-10000304,6.54
3271,CA-2016-155145,TEC-AC-10003709,7.92
3272,CA-2016-146038,FUR-CH-10002774,203.92
3273,CA-2018-133865,TEC-CO-10001046,3359.952
3274,CA-2018-116358,OFF-FA-10003495,18.24
3275,CA-2018-116358,OFF-AR-10004685,27.78
3276,CA-2015-102988,OFF-AR-10004757,22.96
3277,CA-2015-102988,TEC-PH-10001615,28.99
3278,CA-2015-102988,OFF-PA-10003349,12.96
3279,CA-2015-102988,OFF-AR-10000127,22.96
3280,CA-2015-102988,OFF-SU-10002881,4164.05
3281,US-2015-117170,TEC-AC-10001109,47.984
3282,US-2015-117170,OFF-PA-10000682,4.624
3283,CA-2015-159478,FUR-FU-10000221,15.24
3284,CA-2015-103702,OFF-BI-10002429,63.924
3285,CA-2018-150525,OFF-AR-10002375,6.56
3286,CA-2018-150525,OFF-AP-10000595,13.11
3287,CA-2016-157770,TEC-PH-10001530,494.376
3288,CA-2016-157770,OFF-BI-10000050,29.2
3289,CA-2016-157770,TEC-AC-10001552,248.85
3290,CA-2016-157770,TEC-AC-10003399,36.24
3291,CA-2017-167290,OFF-AR-10004078,11.68
3292,CA-2015-106264,OFF-SU-10002189,11.91
3293,CA-2015-106264,FUR-FU-10001852,3.48
3294,CA-2015-138023,OFF-BI-10003638,30.96
3295,CA-2018-113418,TEC-MA-10002428,1704.89
3296,US-2016-110569,OFF-BI-10001036,19.194
3297,US-2016-110569,OFF-AP-10004708,121.792
3298,CA-2018-136308,TEC-MA-10000488,1919.976
3299,US-2015-159926,OFF-BI-10003656,50.997
3300,US-2015-159926,OFF-ST-10003656,76.792
3301,US-2015-159926,TEC-PH-10001128,539.964
3302,US-2015-159926,FUR-FU-10001473,60.312
3303,US-2015-159926,OFF-BI-10004656,1.944
3304,CA-2015-104738,OFF-EN-10004955,12.984
3305,CA-2015-104738,TEC-PH-10002468,217.584
3306,CA-2015-104738,TEC-PH-10000576,328.776
3307,CA-2015-104738,OFF-BI-10002160,2.286
3308,CA-2015-104738,TEC-AC-10003628,47.984
3309,CA-2016-144386,OFF-BI-10001116,25.344
3310,CA-2017-111416,OFF-BI-10002026,232.4
3311,CA-2017-162747,FUR-FU-10003691,86.45
3312,US-2015-133130,FUR-CH-10002602,603.92
3313,US-2015-133130,OFF-PA-10000675,81.98
3314,CA-2018-169978,FUR-CH-10002602,271.764
3315,CA-2018-169978,OFF-BI-10001900,14.376
3316,CA-2018-161739,FUR-FU-10001468,341.96
3317,CA-2016-165057,OFF-AR-10004648,181.35
3318,CA-2016-165057,OFF-LA-10003190,8.64
3319,CA-2015-134551,OFF-AP-10004868,43.512
3320,CA-2015-134551,FUR-CH-10004287,662.88
3321,CA-2015-134551,OFF-PA-10002689,25.92
3322,CA-2016-120810,OFF-AP-10002892,68.94
3323,CA-2016-120810,FUR-FU-10002253,128.82
3324,CA-2015-165309,OFF-BI-10001359,896.99
3325,CA-2015-165309,OFF-BI-10001267,1.234
3326,CA-2015-165309,OFF-AR-10003582,67.56
3327,CA-2015-165309,OFF-PA-10003724,21.72
3328,CA-2015-165309,OFF-PA-10001033,262.336
3329,CA-2015-165309,TEC-PH-10003505,148.48
3330,CA-2015-165309,TEC-PH-10004959,241.176
3331,CA-2018-122595,TEC-AC-10000474,227.976
3332,CA-2018-122595,TEC-PH-10003095,52.68
3333,CA-2018-122595,FUR-FU-10002963,2.032
3334,US-2018-109253,OFF-AR-10000203,17.12
3335,US-2018-109253,TEC-PH-10004667,431.968
3336,US-2018-109253,FUR-FU-10000193,129.92
3337,US-2018-109253,FUR-TA-10001539,568.728
3338,US-2018-109253,OFF-BI-10000962,117.144
3339,US-2018-109253,OFF-AP-10002867,203.52
3340,US-2018-109253,OFF-LA-10001158,51.75
3341,CA-2017-145982,OFF-PA-10000675,122.97
3342,CA-2017-145982,FUR-TA-10001307,244.615
3343,CA-2017-145982,TEC-PH-10000011,59.97
3344,CA-2017-145982,OFF-PA-10002666,81.54
3345,CA-2017-145982,OFF-FA-10000735,11.68
3346,CA-2017-145982,OFF-BI-10000174,29.0
3347,CA-2016-112014,OFF-AR-10003156,50.8
3348,CA-2018-154732,OFF-BI-10000474,16.03
3349,US-2017-157308,OFF-BI-10003712,15.712
3350,CA-2017-147536,TEC-AC-10003280,89.97
3351,US-2015-134733,FUR-BO-10002916,435.999
3352,US-2015-134733,TEC-PH-10002726,83.984
3353,US-2015-150434,TEC-PH-10000895,359.98
3354,US-2015-150434,FUR-TA-10004152,70.56
3355,US-2015-150434,OFF-BI-10003694,20.88
3356,US-2015-150434,OFF-BI-10002160,3.81
3357,CA-2018-100335,OFF-PA-10001685,73.008
3358,CA-2017-139234,OFF-BI-10000773,3.208
3359,CA-2017-139234,TEC-AC-10004510,26.176
3360,US-2016-142020,OFF-PA-10004569,30.44
3361,US-2016-142020,FUR-FU-10000672,35.28
3362,CA-2016-139962,OFF-PA-10004451,19.44
3363,CA-2016-139962,OFF-BI-10004738,37.88
3364,CA-2017-130050,FUR-FU-10001940,9.552
3365,CA-2015-115161,FUR-BO-10003966,290.666
3366,CA-2015-165379,OFF-PA-10003072,10.368
3367,CA-2015-165379,OFF-PA-10002245,14.352
3368,CA-2016-115511,FUR-BO-10002598,141.96
3369,CA-2016-115511,OFF-BI-10002225,66.048
3370,CA-2017-134887,TEC-AC-10003832,1287.45
3371,CA-2018-123778,OFF-BI-10000822,25.824
3372,CA-2018-123778,OFF-AP-10001242,160.96
3373,CA-2016-161718,FUR-FU-10002445,28.44
3374,CA-2016-161718,FUR-CH-10002372,364.41
3375,CA-2016-161718,TEC-PH-10000376,39.96
3376,CA-2016-161718,FUR-CH-10002965,361.764
3377,CA-2017-100671,OFF-ST-10004950,111.672
3378,CA-2018-142867,OFF-BI-10003166,13.776
3379,CA-2018-142867,OFF-PA-10004610,10.272
3380,CA-2018-103156,FUR-FU-10000320,24.048
3381,US-2018-162208,OFF-EN-10004030,2.896
3382,CA-2016-130659,OFF-EN-10004147,17.94
3383,CA-2016-130659,FUR-CH-10003535,384.174
3384,CA-2016-130659,TEC-PH-10004586,1799.75
3385,CA-2018-148404,OFF-ST-10003208,580.672
3386,CA-2018-148404,OFF-FA-10003112,18.936
3387,CA-2018-148404,TEC-PH-10004447,222.384
3388,CA-2018-148404,OFF-BI-10002854,50.454
3389,CA-2018-148404,FUR-TA-10001039,154.764
3390,CA-2018-101077,OFF-PA-10004239,6.848
3391,CA-2015-166471,TEC-PH-10001530,1091.168
3392,CA-2015-166471,TEC-PH-10000038,219.168
3393,CA-2015-105340,OFF-BI-10001765,6.928
3394,US-2018-131583,OFF-PA-10000380,40.032
3395,US-2018-148362,OFF-ST-10001128,443.92
3396,US-2018-148362,OFF-BI-10003656,169.99
3397,US-2018-148362,OFF-PA-10003441,25.92
3398,CA-2015-102274,TEC-PH-10002923,36.99
3399,CA-2015-102274,OFF-PA-10004359,629.1
3400,CA-2015-102274,OFF-ST-10001511,193.95
3401,CA-2015-102274,OFF-AR-10002833,5.46
3402,CA-2016-129700,FUR-FU-10001940,22.288
3403,CA-2018-168739,FUR-FU-10003919,65.424
3404,CA-2016-152527,OFF-ST-10003479,77.88
3405,US-2015-150119,FUR-CH-10002965,281.372
3406,US-2015-150119,FUR-CH-10002965,281.372
3407,US-2015-150119,OFF-BI-10000145,7.488
3408,US-2015-150119,FUR-FU-10002191,22.336
3409,US-2018-150847,OFF-PA-10004451,10.368
3410,CA-2017-100244,OFF-PA-10001471,65.79
3411,CA-2017-100244,OFF-BI-10003656,271.984
3412,CA-2017-100244,OFF-AR-10000940,11.76
3413,CA-2017-100244,OFF-PA-10002319,77.52
3414,CA-2017-100244,OFF-BI-10000977,48.64
3415,CA-2017-116540,OFF-FA-10002676,1.81
3416,CA-2017-116540,OFF-BI-10004970,8.26
3417,CA-2016-151841,OFF-AP-10003971,43.56
3418,CA-2016-151841,OFF-SU-10001574,5.84
3419,CA-2016-150791,FUR-CH-10000665,271.764
3420,CA-2017-134803,OFF-AP-10000891,262.24
3421,CA-2017-134803,OFF-PA-10003790,182.72
3422,CA-2017-134803,TEC-AC-10002217,131.6
3423,CA-2017-134803,OFF-BI-10002215,22.72
3424,CA-2017-134803,TEC-MA-10001972,558.4
3425,CA-2016-153381,OFF-BI-10001525,15.24
3426,CA-2016-153381,FUR-CH-10000988,1408.1
3427,US-2018-111024,OFF-PA-10000174,32.896
3428,US-2018-111024,FUR-TA-10002041,215.148
3429,US-2018-111024,OFF-PA-10002246,30.96
3430,CA-2018-148264,OFF-ST-10003327,29.79
3431,CA-2018-148264,FUR-FU-10002703,128.9
3432,CA-2018-148264,OFF-PA-10003651,60.12
3433,CA-2018-131212,OFF-BI-10001617,24.816
3434,CA-2018-131212,OFF-BI-10000145,14.976
3435,US-2016-100531,OFF-BI-10001670,15.08
3436,US-2016-100531,FUR-FU-10003849,24.288
3437,CA-2018-152583,FUR-FU-10003849,16.192
3438,CA-2018-152583,FUR-TA-10002041,251.006
3439,CA-2018-152583,OFF-ST-10002214,54.192
3440,CA-2016-144099,OFF-BI-10001078,4.304
3441,CA-2015-158337,OFF-PA-10002137,108.92
3442,CA-2018-168858,OFF-EN-10001415,16.74
3443,CA-2018-168858,OFF-AP-10003849,2504.74
3444,CA-2017-116344,OFF-ST-10001713,84.784
3445,CA-2016-131779,OFF-ST-10001505,29.9
3446,CA-2017-158869,OFF-PA-10000474,70.88
3447,CA-2018-102554,OFF-AR-10001919,3.76
3448,CA-2017-162614,OFF-BI-10004001,27.264
3449,CA-2015-168592,OFF-AP-10004785,56.65
3450,CA-2015-168592,OFF-ST-10002406,14.97
3451,CA-2015-168592,OFF-FA-10002988,4.02
3452,CA-2015-157609,TEC-PH-10002415,471.92
3453,CA-2016-153325,OFF-BI-10004236,58.72
3454,CA-2016-153626,OFF-AR-10000657,5.16
3455,CA-2017-166485,OFF-PA-10004996,16.496
3456,CA-2018-136448,TEC-AC-10001109,71.976
3457,CA-2018-136448,FUR-FU-10003832,22.512
3458,CA-2018-136448,OFF-BI-10002393,3.444
3459,CA-2018-136448,OFF-BI-10001359,538.194
3460,CA-2018-136448,TEC-AC-10003628,47.984
3461,CA-2018-114258,TEC-PH-10003012,492.768
3462,CA-2016-152611,OFF-AR-10003903,286.79
3463,CA-2017-165470,OFF-PA-10004675,5.08
3464,CA-2018-128699,TEC-AC-10001990,47.992
3465,US-2016-147242,OFF-AP-10003842,61.96
3466,US-2016-147242,FUR-BO-10004695,361.96
3467,US-2016-147242,OFF-PA-10003039,278.82
3468,CA-2017-146143,FUR-FU-10002045,133.38
3469,CA-2016-100888,OFF-PA-10001019,47.952
3470,US-2017-150035,FUR-FU-10003724,16.74
3471,CA-2018-122644,OFF-PA-10003673,10.848
3472,CA-2018-122644,TEC-AC-10003614,18.544
3473,CA-2018-111815,FUR-CH-10000785,180.98
3474,CA-2018-111815,TEC-AC-10002926,99.98
3475,CA-2017-144911,TEC-AC-10004633,34.95
3476,CA-2017-144911,OFF-BI-10000977,152.0
3477,CA-2015-143385,TEC-AC-10001635,92.52
3478,CA-2017-131289,OFF-AR-10003056,8.56
3479,CA-2017-131289,OFF-PA-10003363,45.36
3480,CA-2017-131289,FUR-TA-10003954,1421.664
3481,CA-2015-124023,FUR-FU-10004415,8.96
3482,CA-2015-124688,TEC-PH-10000455,579.95
3483,CA-2015-124688,FUR-FU-10002456,29.12
3484,CA-2015-124688,FUR-TA-10003569,1202.94
3485,CA-2017-151169,OFF-BI-10002813,7.92
3486,US-2017-134761,TEC-PH-10002890,36.192
3487,CA-2018-120705,OFF-ST-10001522,147.184
3488,CA-2016-157322,FUR-CH-10004086,408.422
3489,CA-2016-157322,FUR-CH-10003774,382.116
3490,CA-2016-157322,OFF-ST-10004507,68.6
3491,CA-2016-157322,OFF-ST-10003208,435.504
3492,CA-2016-157322,OFF-PA-10000659,11.168
3493,CA-2018-142034,TEC-AC-10002305,72.0
3494,CA-2018-142034,TEC-AC-10000990,655.9
3495,CA-2018-142034,FUR-CH-10000665,603.92
3496,CA-2017-107328,FUR-TA-10001932,513.024
3497,CA-2017-107328,OFF-AP-10004487,487.92
3498,CA-2017-107328,OFF-BI-10002160,15.24
3499,CA-2017-108616,TEC-AC-10000420,209.97
3500,CA-2017-108616,OFF-BI-10001989,62.94
3501,CA-2017-108616,OFF-AR-10001149,25.92
3502,CA-2018-125115,OFF-PA-10004101,10.368
3503,CA-2018-125115,TEC-AC-10001714,95.736
3504,CA-2017-150945,OFF-ST-10003716,900.08
3505,CA-2015-166863,TEC-PH-10000369,201.584
3506,CA-2015-166863,OFF-BI-10000756,3.392
3507,CA-2015-166863,FUR-BO-10001608,193.0656
3508,CA-2015-166863,OFF-PA-10001166,15.552
3509,CA-2015-166863,OFF-PA-10000587,11.648
3510,CA-2015-166863,TEC-MA-10001972,418.8
3511,CA-2015-166863,OFF-ST-10004123,509.488
3512,CA-2018-140326,FUR-BO-10000112,825.174
3513,CA-2018-140326,OFF-PA-10004041,17.76
3514,CA-2018-140326,OFF-AR-10001149,6.912
3515,CA-2017-168536,TEC-AC-10002323,66.3
3516,US-2017-113649,OFF-PA-10000130,30.816
3517,US-2017-113649,TEC-PH-10002350,44.784
3518,US-2017-113649,OFF-AP-10002518,569.536
3519,CA-2016-124975,FUR-TA-10002645,796.425
3520,CA-2016-168767,OFF-BI-10000773,12.832
3521,CA-2017-114482,OFF-PA-10003845,40.46
3522,CA-2017-114482,TEC-PH-10001580,404.94
3523,CA-2017-137673,TEC-AC-10002345,116.0
3524,CA-2017-132731,TEC-PH-10004120,657.552
3525,CA-2018-148922,TEC-AC-10001838,599.97
3526,CA-2018-148922,TEC-PH-10000148,38.97
3527,CA-2018-148922,OFF-BI-10003476,45.84
3528,CA-2017-130680,TEC-PH-10004833,38.24
3529,CA-2016-141145,TEC-AC-10001465,87.168
3530,US-2017-152835,OFF-AR-10003056,21.4
3531,CA-2017-155565,OFF-SU-10001218,54.9
3532,CA-2015-110849,TEC-MA-10002859,287.968
3533,CA-2015-110849,OFF-AR-10002375,13.12
3534,CA-2015-110849,OFF-AR-10000657,10.75
3535,CA-2015-110849,OFF-FA-10000134,11.62
3536,CA-2017-145842,OFF-ST-10000419,40.74
3537,CA-2015-158771,OFF-ST-10000107,83.25
3538,CA-2015-158771,OFF-LA-10001641,9.45
3539,CA-2015-158771,OFF-LA-10003121,20.65
3540,CA-2015-158771,OFF-PA-10002689,45.36
3541,CA-2017-157511,FUR-FU-10002107,5.352
3542,CA-2017-157511,FUR-CH-10002647,99.372
3543,CA-2017-157511,OFF-AR-10002257,2.672
3544,CA-2018-121216,OFF-PA-10004519,28.672
3545,CA-2018-121216,OFF-AP-10001947,29.312
3546,CA-2018-155292,OFF-ST-10004963,105.98
3547,CA-2018-155292,OFF-SU-10002573,35.06
3548,CA-2018-155292,FUR-CH-10000553,33.94
3549,CA-2018-155292,OFF-LA-10001982,30.0
3550,CA-2017-152555,OFF-PA-10001295,45.528
3551,CA-2017-152555,FUR-CH-10002965,844.116
3552,CA-2017-152555,TEC-PH-10001254,812.736
3553,CA-2018-107832,OFF-BI-10001658,7.476
3554,CA-2015-120838,OFF-ST-10000585,330.4
3555,CA-2015-120838,TEC-PH-10003484,604.752
3556,CA-2018-118542,OFF-PA-10004735,45.36
3557,CA-2018-118542,OFF-BI-10003429,10.128
3558,CA-2018-152737,OFF-BI-10002982,21.792
3559,CA-2018-152737,TEC-AC-10004975,439.8
3560,CA-2018-109757,OFF-AR-10002335,8.256
3561,CA-2018-109757,OFF-BI-10004001,25.56
3562,CA-2018-109757,OFF-BI-10001634,4.368
3563,CA-2018-109757,OFF-PA-10000007,11.52
3564,CA-2017-130029,OFF-PA-10000552,12.96
3565,CA-2017-130029,OFF-FA-10001135,3.96
3566,CA-2018-103877,OFF-BI-10003650,1577.94
3567,CA-2017-137176,FUR-FU-10003832,15.008
3568,CA-2018-168109,TEC-AC-10003628,59.98
3569,CA-2018-168109,TEC-MA-10001148,2395.2
3570,CA-2018-168109,TEC-AC-10002049,1687.8
3571,CA-2018-168109,TEC-PH-10000702,7.992
3572,US-2018-126081,OFF-PA-10003953,5.184
3573,CA-2018-117023,OFF-AR-10003602,11.68
3574,CA-2018-117023,OFF-AR-10004062,104.8
3575,CA-2016-143532,OFF-PA-10001560,14.496
3576,CA-2017-103163,OFF-BI-10003305,4.784
3577,CA-2017-103163,OFF-PA-10004000,4.73
3578,CA-2017-104157,OFF-ST-10000321,7.89
3579,CA-2017-104157,OFF-PA-10004665,65.5
3580,CA-2017-104157,FUR-TA-10004915,2430.08
3581,CA-2018-117807,OFF-PA-10000994,104.85
3582,CA-2016-121650,OFF-AR-10001149,3.9
3583,CA-2016-121650,FUR-TA-10003569,801.96
3584,CA-2016-121650,FUR-CH-10004289,191.96
3585,CA-2016-121650,OFF-LA-10001045,2.61
3586,CA-2018-161823,OFF-AR-10002053,5.96
3587,CA-2018-121839,TEC-PH-10002885,1169.694
3588,CA-2018-158729,OFF-SU-10002881,1665.62
3589,CA-2018-146535,OFF-BI-10000546,2.88
3590,CA-2018-146535,OFF-ST-10001526,1443.96
3591,CA-2015-154186,OFF-SU-10001574,2.92
3592,CA-2017-108434,OFF-ST-10002615,465.18
3593,CA-2017-164154,OFF-BI-10001658,22.428
3594,CA-2017-164154,OFF-ST-10002562,37.52
3595,CA-2018-148012,OFF-AR-10004757,2.624
3596,CA-2015-102869,OFF-PA-10000788,15.552
3597,CA-2015-102869,TEC-AC-10002134,64.704
3598,CA-2015-102869,FUR-FU-10002456,17.472
3599,CA-2015-102869,TEC-PH-10002549,135.516
3600,CA-2018-138310,TEC-AC-10001990,431.928
3601,CA-2015-159835,OFF-PA-10002137,12.448
3602,CA-2015-159835,FUR-CH-10004997,657.93
3603,CA-2018-112956,OFF-PA-10000357,277.4
3604,CA-2018-112956,FUR-FU-10003976,25.16
3605,CA-2018-112956,FUR-FU-10004960,91.92
3606,CA-2017-119683,OFF-EN-10001099,29.34
3607,CA-2015-163559,OFF-BI-10002026,139.44
3608,CA-2015-140228,OFF-LA-10001613,6.912
3609,CA-2015-140228,OFF-ST-10002214,27.096
3610,CA-2015-140228,OFF-ST-10001128,177.568
3611,US-2017-131674,TEC-AC-10004864,58.416
3612,CA-2016-110093,OFF-PA-10000174,16.448
3613,CA-2016-110093,TEC-AC-10000171,36.784
3614,CA-2018-112529,FUR-TA-10002622,718.116
3615,CA-2018-112529,OFF-AR-10001915,31.776
3616,CA-2017-154536,OFF-BI-10004410,9.555
3617,CA-2018-141929,OFF-BI-10004632,487.984
3618,CA-2018-141929,TEC-PH-10002185,5.56
3619,CA-2018-141929,OFF-ST-10002974,217.85
3620,CA-2017-109743,OFF-AR-10003727,40.776
3621,CA-2017-109743,TEC-PH-10004071,63.936
3622,CA-2015-159184,FUR-FU-10002878,142.4
3623,CA-2015-159184,OFF-BI-10001890,7.16
3624,CA-2018-113530,FUR-CH-10002647,681.408
3625,CA-2018-113530,OFF-AR-10001315,3.52
3626,CA-2018-113530,OFF-AR-10000122,5.58
3627,CA-2018-113530,TEC-AC-10001465,36.32
3628,CA-2015-169726,OFF-BI-10004600,2060.744
3629,CA-2018-155957,OFF-AP-10002082,52.272
3630,CA-2018-155957,OFF-AP-10004708,213.136
3631,CA-2018-132178,OFF-ST-10000464,69.52
3632,CA-2018-132178,OFF-ST-10000025,763.44
3633,CA-2017-145177,OFF-LA-10001613,9.216
3634,CA-2017-145177,TEC-PH-10000376,41.958
3635,CA-2017-145177,OFF-PA-10004039,89.568
3636,CA-2017-145177,OFF-PA-10001776,22.248
3637,CA-2017-145177,OFF-AP-10002457,334.88
3638,CA-2017-145177,FUR-FU-10000758,148.288
3639,CA-2017-145177,OFF-PA-10000682,4.624
3640,CA-2017-145177,TEC-AC-10002550,178.92
3641,CA-2017-145177,OFF-BI-10002082,69.888
3642,CA-2015-156594,OFF-BI-10004632,487.984
3643,CA-2015-156594,OFF-AR-10001725,47.3
3644,CA-2015-156594,OFF-AR-10004269,4.13
3645,CA-2015-156594,OFF-BI-10003007,155.12
3646,CA-2015-146528,OFF-PA-10002195,6.48
3647,CA-2015-146528,OFF-SU-10002522,15.52
3648,CA-2016-168459,OFF-BI-10003712,2.946
3649,CA-2016-168459,OFF-FA-10004854,55.104
3650,CA-2018-109960,TEC-AC-10004859,104.88
3651,CA-2018-109960,OFF-AR-10001860,34.7
3652,CA-2018-109960,OFF-BI-10001636,33.72
3653,CA-2018-109960,OFF-PA-10000349,14.94
3654,CA-2018-133004,OFF-AP-10002439,638.73
3655,CA-2018-168102,OFF-ST-10001370,113.568
3656,CA-2018-158036,TEC-AC-10002558,9.096
3657,CA-2016-128083,OFF-EN-10004030,8.688
3658,CA-2016-128083,FUR-FU-10003194,30.88
3659,CA-2016-128083,FUR-FU-10001731,6.408
3660,CA-2017-161676,OFF-SU-10004782,33.8
3661,CA-2017-155005,TEC-PH-10003484,377.97
3662,US-2018-129777,TEC-AC-10003590,258.9
3663,US-2018-129777,OFF-PA-10001970,24.56
3664,CA-2015-129364,OFF-LA-10001569,27.888
3665,CA-2015-129364,OFF-BI-10001132,6.456
3666,CA-2015-129364,TEC-PH-10003095,52.68
3667,CA-2015-129364,OFF-SU-10000432,13.88
3668,CA-2015-129364,TEC-AC-10004227,103.92
3669,CA-2015-129364,OFF-LA-10004409,11.52
3670,CA-2015-129364,OFF-PA-10001569,10.368
3671,CA-2015-129364,OFF-ST-10001031,39.072
3672,CA-2017-104969,OFF-EN-10002312,8.872
3673,CA-2017-104969,OFF-BI-10004224,121.104
3674,CA-2018-154109,FUR-CH-10003774,127.372
3675,CA-2018-154109,OFF-PA-10000157,47.952
3676,CA-2016-156440,FUR-FU-10004090,44.46
3677,CA-2016-132626,OFF-FA-10002763,15.8
3678,CA-2016-132626,TEC-MA-10002428,464.97
3679,CA-2016-132626,FUR-FU-10002918,181.96
3680,CA-2016-132626,OFF-LA-10000476,12.39
3681,CA-2016-132626,OFF-BI-10002854,84.09
3682,CA-2016-132626,OFF-AR-10002987,79.36
3683,CA-2016-132626,OFF-BI-10004001,153.36
3684,CA-2016-132626,OFF-BI-10001634,43.68
3685,CA-2016-132626,OFF-ST-10003722,98.21
3686,CA-2017-102792,OFF-AR-10004757,9.84
3687,CA-2017-108567,OFF-BI-10004140,2.694
3688,CA-2018-140760,OFF-PA-10002479,25.344
3689,CA-2018-140760,OFF-EN-10001141,43.92
3690,US-2016-131359,TEC-MA-10000597,59.994
3691,US-2016-131359,TEC-CO-10001571,439.992
3692,US-2016-131359,TEC-PH-10004531,87.96
3693,US-2016-131359,FUR-FU-10003026,15.488
3694,CA-2017-142097,OFF-BI-10002082,232.96
3695,CA-2017-142097,OFF-EN-10002312,66.54
3696,CA-2017-142097,OFF-AP-10000696,43.26
3697,CA-2016-151680,FUR-FU-10000305,141.96
3698,CA-2015-140039,OFF-ST-10001034,79.4
3699,CA-2018-160416,TEC-AC-10004114,163.96
3700,CA-2018-169411,FUR-FU-10001602,37.93
3701,CA-2017-126543,FUR-FU-10002445,15.168
3702,CA-2016-104941,OFF-AR-10004269,24.78
3703,CA-2016-104941,OFF-BI-10001249,19.14
3704,CA-2016-104941,TEC-CO-10004202,899.97
3705,CA-2016-104941,OFF-PA-10003363,32.4
3706,CA-2018-160087,OFF-AR-10001915,23.832
3707,CA-2015-120544,FUR-FU-10001940,6.368
3708,CA-2015-120544,OFF-AP-10004336,34.176
3709,CA-2015-120544,TEC-AC-10003709,5.544
3710,CA-2018-113670,FUR-TA-10001705,510.24
3711,CA-2018-113670,OFF-PA-10000675,204.95
3712,CA-2018-166198,TEC-AC-10000521,11.54
3713,CA-2018-166198,FUR-FU-10004622,162.6
3714,CA-2015-135608,OFF-PA-10001954,45.68
3715,CA-2015-135608,FUR-CH-10002602,603.92
3716,CA-2018-144568,OFF-FA-10004395,23.55
3717,CA-2017-142370,OFF-SU-10003002,5.04
3718,CA-2017-142370,TEC-AC-10002926,249.95
3719,CA-2017-105900,OFF-AR-10002656,33.4
3720,CA-2017-151155,FUR-FU-10001918,18.92
3721,CA-2017-151155,OFF-BI-10003910,15.42
3722,CA-2018-144036,OFF-AR-10000122,35.712
3723,US-2015-169789,OFF-BI-10004600,551.985
3724,CA-2018-127264,OFF-AR-10003045,7.056
3725,CA-2017-151512,OFF-AP-10000252,18.72
3726,CA-2017-165169,OFF-ST-10001496,360.38
3727,CA-2017-165169,OFF-AR-10000122,11.16
3728,CA-2017-165169,OFF-LA-10000407,14.94
3729,CA-2016-109575,OFF-ST-10004950,41.96
3730,CA-2016-109575,OFF-ST-10004123,636.86
3731,CA-2016-109575,TEC-PH-10000730,499.99
3732,CA-2016-109575,TEC-PH-10000895,1259.93
3733,CA-2016-109575,OFF-BI-10000962,65.08
3734,CA-2018-168193,OFF-PA-10002254,26.38
3735,CA-2018-168193,FUR-FU-10002554,71.97
3736,CA-2017-115476,TEC-PH-10000673,129.98
3737,CA-2017-115476,OFF-BI-10000962,32.54
3738,CA-2017-133340,TEC-PH-10003988,10.9
3739,CA-2017-133340,TEC-AC-10001109,59.98
3740,CA-2017-133340,OFF-AP-10002311,61.929
3741,CA-2017-137848,OFF-EN-10001137,16.52
3742,CA-2017-137848,OFF-PA-10004285,60.12
3743,CA-2017-137848,OFF-BI-10002225,49.536
3744,CA-2015-113047,OFF-FA-10002763,11.85
3745,CA-2017-149979,OFF-ST-10003058,118.25
3746,CA-2017-149979,FUR-CH-10002084,368.97
3747,CA-2018-161956,FUR-FU-10002937,198.46
3748,CA-2018-161956,OFF-AP-10001242,321.92
3749,CA-2018-161956,TEC-CO-10001571,879.984
3750,CA-2018-161956,OFF-SU-10002503,28.4
3751,CA-2018-161956,FUR-CH-10004886,230.28
3752,CA-2018-161956,OFF-PA-10001289,116.28
3753,CA-2018-161956,OFF-BI-10003650,841.568
3754,CA-2018-161956,OFF-ST-10001370,354.9
3755,CA-2017-116799,OFF-PA-10001892,42.784
3756,CA-2017-116799,FUR-CH-10004983,563.43
3757,CA-2017-111283,OFF-AR-10001615,111.104
3758,CA-2016-167745,OFF-AR-10003602,11.68
3759,CA-2016-167745,OFF-SU-10004782,16.9
3760,CA-2016-167745,FUR-FU-10001591,24.4
3761,CA-2018-104577,OFF-PA-10000659,87.6
3762,CA-2017-156251,FUR-BO-10001337,241.96
3763,CA-2017-156251,OFF-BI-10003529,8.52
3764,CA-2018-125878,OFF-BI-10002609,1.788
3765,CA-2017-163153,FUR-TA-10004767,99.372
3766,CA-2017-163153,OFF-AR-10001868,1.344
3767,CA-2016-103205,TEC-PH-10004896,119.96
3768,CA-2015-153913,FUR-CH-10000988,1013.832
3769,CA-2015-153913,OFF-FA-10000490,1.984
3770,CA-2017-155530,FUR-TA-10004256,2003.52
3771,US-2017-101196,OFF-ST-10004804,82.368
3772,CA-2015-115357,TEC-AC-10000023,62.91
3773,US-2015-102715,OFF-FA-10001332,6.912
3774,US-2015-102715,TEC-AC-10002001,383.976
3775,US-2015-102715,OFF-PA-10000029,10.368
3776,US-2015-102715,TEC-AC-10001874,335.944
3777,CA-2016-107937,FUR-FU-10002298,665.88
3778,US-2018-148768,TEC-PH-10002564,71.976
3779,CA-2018-118521,OFF-PA-10003465,37.94
3780,CA-2015-149643,TEC-PH-10000038,273.96
3781,CA-2016-135314,TEC-PH-10003072,269.982
3782,CA-2018-165204,OFF-PA-10003424,8.904
3783,CA-2018-165204,OFF-ST-10003716,720.064
3784,CA-2018-125752,TEC-AC-10003590,41.424
3785,CA-2018-112487,OFF-BI-10000494,3.132
3786,CA-2017-144218,OFF-ST-10002615,1085.42
3787,CA-2017-169971,OFF-AR-10002804,3.912
3788,CA-2017-169971,OFF-AR-10001044,62.376
3789,US-2017-133508,OFF-FA-10000134,29.05
3790,CA-2015-107139,OFF-BI-10001670,180.96
3791,CA-2016-111325,OFF-BI-10000343,4.419
3792,CA-2016-111325,OFF-AR-10002257,16.032
3793,CA-2016-163762,OFF-AR-10001915,29.79
3794,US-2015-117163,OFF-ST-10003692,57.23
3795,US-2015-117163,FUR-TA-10003469,333.0
3796,US-2015-117163,OFF-AR-10003179,36.44
3797,CA-2018-121314,OFF-PA-10003395,251.64
3798,CA-2018-147760,FUR-TA-10004575,523.764
3799,CA-2018-147760,TEC-PH-10002483,1359.96
3800,CA-2017-156503,FUR-CH-10003606,102.592
3801,CA-2017-156503,TEC-AC-10002473,22.704
3802,CA-2017-156503,OFF-PA-10002319,93.024
3803,CA-2017-156503,OFF-SU-10000946,12.768
3804,CA-2017-156503,OFF-EN-10001335,35.008
3805,CA-2017-156503,OFF-PA-10002377,39.152
3806,CA-2016-113628,OFF-AR-10001246,11.76
3807,CA-2016-113628,OFF-BI-10003291,5.238
3808,CA-2016-113628,OFF-BI-10002799,4.662
3809,CA-2016-113628,FUR-CH-10003298,523.92
3810,CA-2016-113628,TEC-PH-10000441,100.792
3811,CA-2016-113628,FUR-CH-10004477,146.136
3812,CA-2018-147753,OFF-LA-10003537,25.06
3813,CA-2016-103961,OFF-LA-10004484,19.824
3814,CA-2017-152471,TEC-PH-10002824,823.96
3815,CA-2017-152471,OFF-PA-10004965,15.984
3816,CA-2016-102582,FUR-TA-10003569,801.96
3817,CA-2016-102582,TEC-PH-10003187,59.97
3818,CA-2016-102582,FUR-CH-10004853,1056.86
3819,CA-2018-141873,OFF-BI-10001031,12.816
3820,CA-2018-141873,FUR-BO-10003034,314.352
3821,CA-2018-141873,OFF-PA-10000069,18.98
3822,CA-2018-141873,OFF-BI-10003655,18.24
3823,CA-2016-140984,OFF-ST-10000585,991.2
3824,CA-2016-140984,TEC-CO-10001571,879.984
3825,CA-2016-140984,OFF-BI-10002012,12.96
3826,CA-2015-132801,OFF-ST-10001228,107.44
3827,CA-2018-141733,FUR-CH-10004086,1458.65
3828,CA-2018-141733,FUR-CH-10002017,26.64
3829,CA-2018-141733,FUR-CH-10000595,476.8
3830,CA-2018-141733,OFF-AP-10001563,87.444
3831,US-2016-111927,FUR-FU-10004017,76.14
3832,US-2016-111927,OFF-BI-10002571,19.96
3833,CA-2015-105984,TEC-PH-10000560,1049.97
3834,CA-2015-105984,FUR-CH-10000847,611.058
3835,CA-2015-100363,OFF-FA-10000611,2.368
3836,CA-2015-100363,OFF-PA-10004733,19.008
3837,CA-2015-126760,TEC-PH-10001363,911.984
3838,CA-2015-126760,FUR-CH-10003312,674.352
3839,CA-2015-126760,FUR-FU-10004018,134.01
3840,CA-2015-126760,TEC-AC-10004814,170.97
3841,US-2015-109162,FUR-CH-10002647,170.352
3842,CA-2015-101931,OFF-BI-10004140,7.184
3843,CA-2015-101931,OFF-SU-10002301,6.28
3844,CA-2015-101931,OFF-SU-10000646,480.74
3845,CA-2015-101931,FUR-BO-10001337,616.998
3846,CA-2015-101931,OFF-ST-10003442,141.4
3847,CA-2018-129000,OFF-ST-10001097,501.81
3848,CA-2018-161053,OFF-BI-10004318,691.96
3849,CA-2018-161053,TEC-AC-10004633,34.95
3850,CA-2016-142377,OFF-PA-10001970,85.96
3851,CA-2016-127593,FUR-FU-10004006,85.3
3852,CA-2018-130526,OFF-BI-10001524,33.568
3853,US-2018-131849,FUR-FU-10004164,4.95
3854,US-2018-131849,OFF-ST-10002957,26.4
3855,US-2018-105389,OFF-BI-10004364,3.564
3856,US-2018-105389,TEC-PH-10002824,823.96
3857,US-2018-105389,OFF-AR-10000634,10.272
3858,CA-2015-140816,TEC-AC-10001539,447.944
3859,CA-2018-154039,FUR-TA-10001932,480.96
3860,CA-2018-154039,TEC-PH-10002789,124.792
3861,CA-2015-135755,OFF-BI-10004828,40.176
3862,CA-2015-135755,OFF-BI-10003981,10.896
3863,CA-2018-123246,OFF-AR-10001770,10.64
3864,CA-2016-157133,FUR-FU-10004904,151.96
3865,CA-2015-124709,TEC-AC-10002842,238.0
3866,CA-2018-146360,TEC-AC-10003590,155.34
3867,CA-2016-132486,TEC-AC-10000710,148.32
3868,CA-2016-132486,FUR-CH-10004495,240.784
3869,CA-2016-132486,FUR-CH-10004540,191.968
3870,CA-2016-132486,OFF-PA-10004971,11.56
3871,CA-2016-132486,OFF-EN-10002600,11.8
3872,CA-2016-132486,FUR-CH-10001854,842.352
3873,CA-2017-136231,OFF-EN-10001099,23.472
3874,CA-2017-136231,OFF-BI-10001597,86.058
3875,CA-2017-136231,TEC-PH-10002660,108.784
3876,CA-2017-136231,OFF-PA-10000327,10.272
3877,CA-2017-140641,OFF-BI-10001191,38.19
3878,CA-2015-151001,OFF-ST-10003455,49.632
3879,CA-2015-151001,OFF-ST-10001031,52.096
3880,CA-2016-129896,OFF-PA-10002245,9.568
3881,CA-2016-129896,OFF-ST-10004804,82.368
3882,CA-2016-129896,FUR-FU-10004904,364.704
3883,CA-2016-129896,FUR-FU-10002396,40.256
3884,CA-2015-152849,OFF-AR-10002833,4.368
3885,US-2018-127341,OFF-BI-10001072,12.128
3886,CA-2017-167759,TEC-PH-10003171,134.85
3887,CA-2015-100895,OFF-AR-10004511,8.56
3888,CA-2015-100895,TEC-PH-10001425,239.97
3889,CA-2015-100895,OFF-ST-10001490,356.94
3890,US-2017-163881,TEC-AC-10003033,659.9
3891,US-2017-163881,FUR-CH-10001394,1684.752
3892,US-2017-163881,TEC-AC-10000420,559.92
3893,US-2017-144547,TEC-AC-10004901,279.944
3894,US-2015-112200,OFF-BI-10002571,9.98
3895,CA-2018-110212,TEC-AC-10002331,48.9
3896,CA-2018-134285,OFF-FA-10000611,3.552
3897,CA-2018-134285,OFF-PA-10000304,15.552
3898,CA-2018-102267,OFF-FA-10000611,2.368
3899,CA-2018-157980,TEC-AC-10002567,127.984
3900,CA-2016-121097,OFF-PA-10001937,10.368
3901,CA-2016-151043,TEC-AC-10001090,47.984
3902,US-2016-119312,OFF-ST-10000943,270.34
3903,CA-2016-167010,OFF-AP-10004036,98.112
3904,CA-2016-167010,OFF-ST-10003816,563.808
3905,CA-2016-167010,OFF-BI-10002072,10.428
3906,CA-2016-167010,FUR-FU-10001468,547.136
3907,CA-2016-167010,TEC-PH-10000347,14.85
3908,CA-2016-167010,TEC-PH-10002844,41.988
3909,CA-2016-167010,FUR-FU-10001037,7.584
3910,CA-2016-167010,FUR-BO-10004218,352.45
3911,CA-2018-126788,TEC-PH-10001619,470.376
3912,CA-2018-148068,OFF-PA-10001639,19.44
3913,CA-2018-148068,FUR-FU-10002268,9.82
3914,US-2018-142573,FUR-TA-10001932,801.6
3915,US-2018-142573,FUR-CH-10004218,161.568
3916,US-2018-142573,OFF-PA-10000246,16.096
3917,US-2018-142573,OFF-BI-10003350,7.656
3918,US-2018-142573,FUR-CH-10000513,311.976
3919,US-2016-148817,OFF-ST-10001321,61.68
3920,US-2016-148817,OFF-BI-10004233,63.96
3921,CA-2017-110044,TEC-PH-10001299,359.976
3922,CA-2018-146920,OFF-PA-10002479,25.344
3923,CA-2018-146920,OFF-PA-10001461,26.72
3924,CA-2015-103940,OFF-ST-10004963,30.28
3925,CA-2015-103940,OFF-ST-10000943,57.93
3926,CA-2015-103940,FUR-FU-10004671,35.34
3927,CA-2015-103940,OFF-BI-10002735,137.24
3928,CA-2017-162082,FUR-BO-10004409,241.332
3929,CA-2017-162082,OFF-PA-10001934,5.184
3930,CA-2017-162082,OFF-AR-10001044,145.544
3931,CA-2017-132094,OFF-AR-10004165,5.472
3932,CA-2017-132094,TEC-AC-10001109,47.984
3933,CA-2018-123001,OFF-AR-10001919,9.4
3934,CA-2018-123001,OFF-LA-10004544,74.0
3935,CA-2018-123001,TEC-PH-10003484,201.584
3936,CA-2016-118955,OFF-EN-10001028,28.752
3937,CA-2016-118955,OFF-PA-10004156,27.216
3938,CA-2016-118955,FUR-CH-10001708,197.372
3939,US-2017-143448,FUR-CH-10003379,1424.9
3940,CA-2018-117863,FUR-FU-10002456,14.56
3941,CA-2018-117863,OFF-BI-10000605,3.048
3942,CA-2018-160458,OFF-PA-10001166,25.92
3943,US-2017-142685,OFF-SU-10000157,835.17
3944,CA-2017-133144,OFF-PA-10004971,17.34
3945,CA-2018-167871,OFF-PA-10001977,44.384
3946,CA-2018-167871,OFF-SU-10001225,2.944
3947,CA-2017-119963,OFF-AR-10003514,6.368
3948,CA-2017-119963,OFF-LA-10003510,48.848
3949,CA-2017-119963,OFF-PA-10001970,19.648
3950,CA-2017-119963,FUR-CH-10003817,255.108
3951,CA-2015-121167,OFF-BI-10003676,17.248
3952,US-2017-151862,TEC-PH-10003535,159.984
3953,CA-2018-152961,OFF-PA-10004675,12.7
3954,CA-2015-133228,FUR-FU-10004020,5.47
3955,CA-2015-133228,OFF-AR-10001955,79.36
3956,CA-2017-114951,FUR-FU-10002364,22.14
3957,CA-2017-156573,OFF-BI-10002414,11.277
3958,CA-2017-156573,OFF-AR-10003732,4.448
3959,CA-2017-156573,FUR-FU-10001085,44.76
3960,CA-2016-113901,OFF-BI-10001249,38.28
3961,CA-2016-113901,TEC-PH-10002564,149.95
3962,CA-2018-134838,OFF-AR-10000634,12.84
3963,CA-2018-134838,FUR-FU-10004018,44.67
3964,CA-2017-120257,OFF-AR-10003481,7.872
3965,CA-2015-164910,OFF-AR-10003651,7.872
3966,CA-2017-149902,OFF-AR-10002956,88.04
3967,CA-2017-146010,OFF-BI-10003638,40.635
3968,US-2016-163685,OFF-BI-10001890,5.728
3969,US-2016-163685,OFF-PA-10002606,42.24
3970,CA-2015-135090,OFF-PA-10002245,53.82
3971,CA-2016-132374,OFF-AR-10001615,79.36
3972,CA-2017-167556,OFF-PA-10000466,13.48
3973,CA-2017-167556,OFF-BI-10003708,29.8
3974,CA-2017-167556,FUR-FU-10004848,414.0
3975,CA-2017-167556,OFF-BI-10000320,41.328
3976,US-2017-116400,FUR-FU-10003731,39.92
3977,CA-2018-101308,OFF-FA-10002780,8.94
3978,CA-2018-101308,TEC-PH-10003800,84.784
3979,CA-2015-114517,FUR-TA-10001676,53.316
3980,CA-2015-114517,OFF-AP-10002350,56.52
3981,CA-2018-119564,FUR-FU-10003096,22.77
3982,CA-2017-135265,FUR-CH-10003061,287.968
3983,CA-2017-135265,TEC-CO-10003763,2799.96
3984,CA-2017-135265,OFF-PA-10002923,48.94
3985,CA-2017-108735,FUR-BO-10003441,257.499
3986,CA-2018-112333,OFF-ST-10001780,2591.56
3987,CA-2018-112333,OFF-AP-10001962,41.95
3988,US-2017-159415,FUR-FU-10003798,79.12
3989,CA-2015-122588,FUR-FU-10001095,52.96
3990,CA-2015-137589,OFF-SU-10000157,286.344
3991,CA-2016-161998,FUR-FU-10001095,63.552
3992,CA-2016-161998,OFF-SU-10004261,41.376
3993,CA-2016-161998,OFF-AR-10004022,172.704
3994,CA-2016-105627,FUR-BO-10002916,512.94
3995,CA-2016-105627,FUR-CH-10002084,860.93
3996,CA-2016-105627,TEC-PH-10003012,769.95
3997,CA-2016-105627,OFF-AR-10002704,14.98
3998,CA-2016-105627,FUR-FU-10000308,373.08
3999,US-2016-149629,FUR-BO-10004709,231.92
4000,CA-2015-116834,FUR-FU-10001196,63.47
4001,CA-2015-116834,TEC-AC-10002942,345.0
4002,CA-2017-145730,FUR-TA-10004915,637.896
4003,CA-2017-145730,TEC-MA-10001016,287.91
4004,CA-2017-145730,OFF-EN-10000483,36.6
4005,US-2016-168732,OFF-AR-10003087,1.78
4006,US-2016-168732,OFF-PA-10000520,25.92
4007,US-2016-168732,TEC-AC-10001553,101.94
4008,CA-2016-107468,OFF-AR-10000634,6.848
4009,CA-2018-144463,FUR-FU-10001215,474.43
4010,CA-2018-100811,OFF-PA-10001204,8.448
4011,CA-2018-100811,OFF-ST-10002444,39.296
4012,CA-2016-153612,OFF-AR-10000203,17.12
4013,CA-2016-165624,OFF-AP-10000828,542.94
4014,CA-2016-165624,OFF-LA-10003190,8.64
4015,CA-2016-165624,OFF-PA-10002319,193.8
4016,CA-2016-165624,OFF-PA-10003893,21.4
4017,CA-2016-165624,OFF-PA-10002499,97.88
4018,CA-2016-165624,TEC-AC-10004568,251.91
4019,CA-2016-165624,OFF-AP-10001492,25.86
4020,CA-2015-154963,FUR-CH-10004698,170.058
4021,CA-2015-154963,TEC-PH-10004093,82.782
4022,CA-2015-154963,FUR-CH-10000454,853.93
4023,CA-2018-130764,FUR-BO-10003034,556.665
4024,CA-2018-130764,TEC-PH-10003215,95.84
4025,CA-2018-139311,OFF-PA-10001776,29.664
4026,CA-2018-139311,OFF-AR-10004582,9.184
4027,CA-2018-139311,TEC-PH-10001557,153.584
4028,CA-2018-139311,OFF-BI-10004209,12.864
4029,CA-2018-124296,TEC-MA-10003183,479.97
4030,CA-2018-124296,FUR-CH-10002439,232.88
4031,CA-2017-169957,OFF-AP-10000576,236.88
4032,CA-2017-169957,OFF-PA-10004040,29.9
4033,CA-2017-169957,TEC-AC-10003063,100.0
4034,US-2017-108777,OFF-BI-10003982,18.693
4035,US-2017-108777,TEC-AC-10002567,383.952
4036,CA-2016-148859,OFF-ST-10004950,24.816
4037,CA-2015-110786,FUR-FU-10000550,24.9
4038,CA-2015-110786,OFF-PA-10000528,21.12
4039,CA-2015-110786,TEC-MA-10003183,767.952
4040,CA-2015-110786,OFF-BI-10003305,14.352
4041,CA-2015-110786,TEC-PH-10001425,191.976
4042,CA-2015-110786,OFF-LA-10001474,274.77
4043,CA-2015-110786,FUR-FU-10000672,70.56
4044,CA-2016-137750,FUR-FU-10001979,204.85
4045,CA-2016-136378,OFF-BI-10003707,9.156
4046,CA-2018-100356,OFF-AP-10002191,23.992
4047,US-2016-166520,OFF-PA-10000501,80.88
4048,US-2016-166520,TEC-AC-10001990,599.9
4049,CA-2018-136350,FUR-FU-10003601,276.69
4050,CA-2018-136350,FUR-CH-10001891,172.764
4051,CA-2015-122931,OFF-AR-10003469,4.224
4052,CA-2015-122931,FUR-TA-10004175,409.272
4053,CA-2015-122931,OFF-LA-10002945,55.44
4054,CA-2015-122931,OFF-PA-10000533,20.928
4055,CA-2015-122931,OFF-ST-10004459,1801.632
4056,CA-2015-122931,FUR-TA-10004147,67.176
4057,CA-2015-163034,OFF-ST-10000046,646.2
4058,CA-2016-124058,TEC-PH-10004774,72.744
4059,CA-2016-124058,FUR-CH-10000595,572.16
4060,CA-2017-129196,TEC-AC-10002473,68.112
4061,US-2016-138716,OFF-BI-10001628,25.032
4062,US-2017-122182,TEC-AC-10002800,39.992
4063,US-2015-130358,OFF-AR-10002766,20.016
4064,US-2015-130358,OFF-SU-10002522,3.104
4065,CA-2015-102673,OFF-FA-10003021,7.52
4066,CA-2015-102673,OFF-AR-10000634,10.272
4067,CA-2015-102673,OFF-LA-10001771,47.808
4068,CA-2015-102673,TEC-PH-10004434,978.84
4069,CA-2017-145303,OFF-BI-10000050,13.14
4070,CA-2017-145303,OFF-BI-10002414,10.024
4071,CA-2017-145303,FUR-BO-10003159,156.3728
4072,CA-2016-156104,TEC-CO-10002095,999.98
4073,US-2016-164308,TEC-PH-10004120,821.94
4074,CA-2018-108112,FUR-FU-10003553,220.064
4075,CA-2018-108112,FUR-FU-10001488,339.136
4076,CA-2016-100685,OFF-BI-10003094,7.04
4077,CA-2016-100685,OFF-FA-10003472,5.04
4078,CA-2016-100685,OFF-PA-10001289,116.28
4079,CA-2016-165414,TEC-PH-10002293,47.976
4080,CA-2017-140417,OFF-PA-10000380,60.048
4081,CA-2017-140417,OFF-BI-10004828,5.022
4082,US-2018-151316,OFF-BI-10004632,182.994
4083,US-2018-151316,OFF-PA-10000327,10.272
4084,CA-2018-163692,OFF-BI-10003291,7.857
4085,CA-2017-111913,TEC-PH-10002275,302.384
4086,CA-2017-111913,OFF-BI-10003291,20.952
4087,CA-2017-111913,OFF-BI-10000343,11.784
4088,US-2015-156559,FUR-BO-10000711,638.82
4089,CA-2017-161473,OFF-LA-10001297,20.7
4090,CA-2017-161473,OFF-SU-10001574,10.95
4091,CA-2017-161473,OFF-BI-10003305,14.352
4092,CA-2018-166576,OFF-ST-10002574,221.024
4093,CA-2016-102491,TEC-MA-10000864,3080.0
4094,CA-2016-102491,TEC-AC-10003289,79.96
4095,CA-2016-102491,TEC-PH-10001619,587.97
4096,CA-2015-116904,OFF-PA-10004888,32.4
4097,CA-2015-116904,OFF-ST-10000736,404.9
4098,CA-2015-116904,OFF-BI-10001120,9449.95
4099,CA-2015-116904,OFF-BI-10000301,12.94
4100,US-2018-102288,OFF-AP-10004655,2.264
4101,US-2018-102288,OFF-AP-10002906,0.444
4102,US-2018-102288,OFF-PA-10000740,146.176
4103,CA-2018-137456,FUR-FU-10001940,15.92
4104,US-2018-155999,TEC-PH-10000439,159.96
4105,US-2018-155999,OFF-BI-10000404,13.76
4106,US-2017-148334,OFF-BI-10003676,4.312
4107,CA-2016-105599,OFF-ST-10002486,13.96
4108,CA-2016-105599,FUR-TA-10003837,27.414
4109,CA-2016-153717,TEC-PH-10002923,73.98
4110,CA-2016-153717,FUR-BO-10004360,160.98
4111,CA-2016-153717,OFF-PA-10002160,17.34
4112,CA-2016-153717,OFF-AR-10002375,3.28
4113,CA-2016-116687,OFF-LA-10000443,8.856
4114,CA-2016-116687,TEC-PH-10001750,158.376
4115,CA-2017-163573,OFF-BI-10004632,1219.96
4116,CA-2016-153416,OFF-BI-10002813,3.168
4117,CA-2016-153416,OFF-PA-10002005,19.44
4118,CA-2016-153416,OFF-ST-10000060,454.86
4119,CA-2016-153416,OFF-BI-10002706,91.392
4120,CA-2018-117394,TEC-AC-10000199,19.04
4121,CA-2018-133823,OFF-PA-10002870,37.44
4122,CA-2018-133823,OFF-LA-10004545,37.59
4123,CA-2018-133823,OFF-BI-10000962,26.032
4124,CA-2015-127523,OFF-AP-10004249,35.91
4125,CA-2018-123239,FUR-FU-10001602,91.032
4126,CA-2018-156769,OFF-AR-10003179,54.66
4127,CA-2015-127299,OFF-ST-10003722,67.344
4128,CA-2015-127299,TEC-MA-10001127,2624.985
4129,CA-2016-121272,OFF-AP-10001947,73.28
4130,CA-2015-115336,OFF-BI-10001107,14.48
4131,CA-2016-111703,OFF-PA-10000349,11.952
4132,CA-2016-111703,OFF-PA-10003349,15.552
4133,CA-2015-128839,OFF-FA-10002280,45.0
4134,CA-2015-128839,TEC-MA-10000029,209.97
4135,CA-2018-105914,OFF-BI-10002854,112.12
4136,CA-2018-105914,OFF-ST-10003716,1575.14
4137,CA-2018-110926,OFF-FA-10000624,25.06
4138,CA-2017-117226,OFF-BI-10004654,6.924
4139,CA-2018-127313,OFF-ST-10001228,37.392
4140,CA-2018-127313,FUR-FU-10003798,79.12
4141,CA-2017-136287,OFF-LA-10003148,18.9
4142,US-2015-107699,OFF-BI-10001249,57.42
4143,CA-2018-112725,OFF-AR-10003759,12.74
4144,CA-2018-112725,OFF-AR-10001227,8.82
4145,CA-2018-112725,FUR-CH-10000863,120.784
4146,CA-2016-136196,FUR-FU-10004017,322.59
4147,CA-2018-106068,OFF-BI-10000962,9.762
4148,CA-2018-106068,OFF-ST-10004507,13.72
4149,CA-2018-106068,TEC-AC-10002942,55.2
4150,CA-2018-106068,OFF-ST-10002344,259.136
4151,CA-2018-100160,OFF-LA-10002475,29.24
4152,CA-2018-100160,OFF-PA-10003072,15.552
4153,CA-2018-100160,OFF-EN-10001509,4.896
4154,CA-2017-139689,OFF-BI-10004781,38.088
4155,CA-2017-139689,OFF-BI-10000145,2.808
4156,CA-2016-101091,TEC-AC-10003280,47.984
4157,CA-2016-101091,OFF-BI-10001107,26.064
4158,CA-2015-126907,OFF-PA-10000533,15.696
4159,US-2017-164588,OFF-AR-10003056,12.84
4160,CA-2018-115546,TEC-PH-10002834,539.97
4161,CA-2018-115546,OFF-ST-10002214,22.58
4162,CA-2016-163587,OFF-LA-10004484,16.52
4163,CA-2016-163587,OFF-BI-10003091,671.94
4164,US-2018-106131,TEC-AC-10003027,169.064
4165,US-2018-106131,OFF-ST-10003638,168.624
4166,CA-2016-160213,OFF-PA-10003848,19.44
4167,CA-2015-157924,OFF-ST-10002352,31.92
4168,CA-2015-157924,FUR-CH-10000229,433.568
4169,CA-2016-100216,OFF-PA-10000788,31.104
4170,CA-2016-100216,OFF-PA-10002968,54.816
4171,CA-2018-100601,OFF-ST-10002486,48.86
4172,CA-2017-152163,OFF-BI-10002215,14.2
4173,CA-2017-152163,OFF-PA-10000788,12.96
4174,CA-2017-152163,OFF-BI-10003364,58.34
4175,CA-2016-154340,OFF-AR-10003582,56.3
4176,CA-2015-128846,TEC-PH-10003273,629.95
4177,CA-2015-128846,OFF-PA-10000100,122.97
4178,CA-2017-148593,OFF-PA-10001776,46.35
4179,US-2018-119039,OFF-BI-10004182,14.976
4180,CA-2018-128426,OFF-BI-10000756,4.24
4181,US-2018-136868,TEC-AC-10001539,319.96
4182,US-2018-136868,OFF-PA-10002377,17.04
4183,US-2018-136868,OFF-ST-10000991,344.91
4184,CA-2017-143749,FUR-BO-10002853,81.94
4185,CA-2017-111493,TEC-AC-10004510,98.16
4186,CA-2018-112536,OFF-BI-10003712,6.874
4187,CA-2018-112536,OFF-BI-10002571,1.996
4188,CA-2018-112536,OFF-ST-10004835,8.928
4189,CA-2017-157714,OFF-PA-10004022,9.99
4190,CA-2018-166709,TEC-CO-10004722,10499.97
4191,CA-2016-129392,OFF-PA-10004248,21.12
4192,CA-2016-150875,FUR-TA-10000577,696.42
4193,CA-2016-150875,TEC-PH-10001254,304.776
4194,CA-2016-154200,OFF-AR-10001044,51.98
4195,CA-2017-124233,FUR-FU-10002597,24.7
4196,US-2016-134271,OFF-LA-10004093,21.93
4197,US-2017-161683,OFF-AP-10000179,394.816
4198,US-2017-161683,OFF-BI-10001072,18.192
4199,CA-2016-143105,OFF-LA-10004093,7.31
4200,CA-2016-143105,TEC-CO-10002095,799.984
4201,CA-2016-143105,OFF-PA-10002713,41.28
4202,CA-2016-143105,OFF-PA-10002254,184.66
4203,CA-2015-145387,OFF-AR-10001683,49.25
4204,CA-2015-145387,OFF-PA-10002195,10.16
4205,CA-2015-145387,FUR-FU-10002364,14.76
4206,CA-2015-145387,OFF-BI-10004001,34.08
4207,CA-2015-145387,FUR-FU-10000023,17.67
4208,CA-2015-145387,FUR-CH-10002320,1604.9
4209,CA-2015-145387,FUR-TA-10003238,385.686
4210,CA-2018-109715,OFF-PA-10004965,15.984
4211,CA-2015-166457,OFF-PA-10003016,9.42
4212,CA-2015-166457,OFF-AR-10003651,6.56
4213,CA-2015-166457,OFF-PA-10001363,24.56
4214,CA-2017-164637,OFF-BI-10003876,128.4
4215,CA-2015-103590,OFF-EN-10004007,62.28
4216,CA-2016-111234,OFF-LA-10002271,9.24
4217,CA-2018-149881,FUR-BO-10003894,482.664
4218,CA-2018-149881,TEC-MA-10000418,4799.984
4219,CA-2018-134565,OFF-PA-10004243,37.94
4220,CA-2018-134565,OFF-BI-10001759,18.288
4221,CA-2018-134565,TEC-MA-10001570,385.8
4222,CA-2018-134565,OFF-ST-10004804,102.96
4223,CA-2018-134565,FUR-BO-10001519,174.42
4224,CA-2017-108644,OFF-BI-10000343,1.964
4225,US-2015-102631,FUR-FU-10003930,94.428
4226,CA-2018-120327,OFF-FA-10004854,45.92
4227,CA-2016-154970,FUR-CH-10003396,61.584
4228,CA-2017-113803,OFF-PA-10001994,22.48
4229,CA-2018-100223,FUR-FU-10003601,332.028
4230,CA-2018-100223,OFF-BI-10003429,11.394
4231,CA-2018-100223,OFF-PA-10000232,15.552
4232,CA-2018-100223,OFF-PA-10002195,31.104
4233,CA-2018-100223,OFF-BI-10004492,6.316
4234,CA-2015-168823,OFF-PA-10004000,11.352
4235,CA-2015-168823,OFF-LA-10004425,20.808
4236,CA-2017-162404,OFF-BI-10000948,11.416
4237,CA-2018-104024,OFF-AR-10001972,9.408
4238,CA-2018-147144,OFF-AR-10004587,19.83
4239,CA-2018-158673,OFF-PA-10000994,209.7
4240,CA-2015-133704,OFF-AP-10001366,43.92
4241,CA-2015-133704,OFF-BI-10001636,20.232
4242,CA-2017-159142,TEC-PH-10001448,149.97
4243,CA-2017-159142,OFF-PA-10001776,27.81
4244,CA-2015-138436,TEC-AC-10002323,66.3
4245,CA-2018-117702,OFF-AR-10004582,1.64
4246,CA-2018-117702,FUR-FU-10000576,1049.2
4247,CA-2018-117702,FUR-FU-10004270,20.9
4248,CA-2017-157336,OFF-BI-10004236,88.08
4249,CA-2017-157336,FUR-CH-10004997,751.92
4250,CA-2015-168130,FUR-CH-10000988,887.103
4251,CA-2016-155068,TEC-PH-10004897,55.944
4252,CA-2016-155068,OFF-AR-10002656,10.688
4253,CA-2016-155068,TEC-PH-10004924,11.824
4254,CA-2018-163160,OFF-PA-10003127,63.312
4255,CA-2018-163160,OFF-BI-10000778,96.784
4256,CA-2018-163160,FUR-FU-10001424,10.476
4257,CA-2016-101924,OFF-BI-10000962,9.762
4258,CA-2017-124793,FUR-CH-10002880,196.784
4259,CA-2018-118367,OFF-EN-10004386,47.98
4260,CA-2018-164819,OFF-LA-10001045,13.05
4261,CA-2018-158344,TEC-AC-10002006,63.96
4262,CA-2018-123351,OFF-AP-10001242,80.48
4263,CA-2018-110429,OFF-BI-10000216,11.673
4264,US-2017-131611,FUR-TA-10002774,863.128
4265,US-2017-131611,OFF-BI-10004364,3.564
4266,US-2017-131611,FUR-BO-10000780,956.6648
4267,US-2017-131611,OFF-BI-10001989,12.588
4268,US-2017-131611,TEC-AC-10004001,171.96
4269,US-2018-124821,FUR-TA-10000688,871.4
4270,CA-2016-166975,FUR-FU-10003930,692.472
4271,CA-2017-123806,FUR-FU-10000965,207.76
4272,US-2018-158505,TEC-PH-10004071,71.928
4273,US-2018-158505,OFF-AR-10001044,25.99
4274,CA-2016-142692,OFF-BI-10004140,3.592
4275,CA-2016-123456,OFF-AP-10002684,48.632
4276,CA-2018-151358,OFF-ST-10000046,323.1
4277,US-2017-107440,TEC-MA-10001047,9099.93
4278,US-2017-107440,FUR-FU-10000550,9.96
4279,US-2017-107440,OFF-BI-10002432,25.3
4280,CA-2015-166989,OFF-PA-10004470,11.36
4281,CA-2015-166989,FUR-CH-10001797,69.264
4282,CA-2015-103100,OFF-LA-10003720,3.69
4283,CA-2015-103100,OFF-BI-10004600,1103.97
4284,CA-2016-105690,FUR-BO-10003965,246.1328
4285,CA-2016-105690,OFF-LA-10000240,11.696
4286,CA-2016-105690,TEC-CO-10001571,439.992
4287,CA-2018-127516,OFF-ST-10000736,64.784
4288,US-2016-117184,OFF-BI-10002082,33.28
4289,US-2016-117184,OFF-PA-10002250,14.088
4290,CA-2018-102407,OFF-AR-10000122,11.16
4291,CA-2018-102407,FUR-TA-10003748,896.328
4292,CA-2018-102407,OFF-AP-10001394,189.0
4293,CA-2018-130967,TEC-PH-10004896,53.982
4294,CA-2018-101581,FUR-TA-10002607,177.225
4295,CA-2018-169124,FUR-FU-10001215,129.39
4296,CA-2018-117261,OFF-ST-10000419,54.32
4297,CA-2018-129021,TEC-PH-10001459,4367.896
4298,CA-2018-129021,OFF-PA-10000241,49.568
4299,CA-2018-129021,OFF-AP-10003040,161.376
4300,CA-2018-129021,FUR-FU-10001852,2.784
4301,CA-2018-129021,OFF-PA-10000141,8.72
4302,CA-2015-123253,OFF-AR-10002804,3.912
4303,CA-2017-121601,OFF-EN-10003862,59.752
4304,CA-2015-162278,FUR-FU-10000448,63.92
4305,CA-2015-162278,TEC-PH-10000526,383.96
4306,CA-2017-161095,OFF-BI-10002764,7.752
4307,CA-2017-161095,OFF-BI-10001524,33.568
4308,CA-2015-125829,TEC-PH-10001079,666.344
4309,CA-2015-125829,FUR-TA-10002041,573.728
4310,CA-2015-125829,OFF-BI-10001036,21.936
4311,CA-2015-125829,OFF-PA-10000223,19.44
4312,CA-2015-125829,TEC-MA-10003246,447.968
4313,CA-2015-123127,OFF-AP-10001962,16.78
4314,CA-2016-115945,OFF-AR-10004062,20.96
4315,CA-2016-115945,OFF-BI-10004330,88.752
4316,CA-2016-115945,OFF-ST-10001963,304.23
4317,CA-2016-136735,OFF-EN-10002230,167.86
4318,US-2018-136189,FUR-FU-10000175,82.38
4319,CA-2015-152345,TEC-PH-10004897,23.976
4320,CA-2015-152345,OFF-ST-10003123,33.29
4321,US-2016-147662,OFF-BI-10001658,14.952
4322,US-2016-147662,TEC-PH-10002834,323.982
4323,US-2016-147662,OFF-BI-10002160,2.286
4324,US-2016-147662,OFF-AR-10004999,14.352
4325,US-2016-147662,TEC-AC-10003280,71.976
4326,CA-2017-153346,OFF-AR-10000315,9.21
4327,CA-2017-153346,OFF-PA-10000007,18.0
4328,CA-2018-118360,OFF-PA-10000791,42.93
4329,CA-2018-149853,OFF-PA-10000556,15.552
4330,CA-2018-149853,OFF-AP-10000804,17.92
4331,CA-2018-107909,TEC-AC-10001998,19.99
4332,CA-2018-107909,OFF-BI-10003476,22.92
4333,CA-2016-112375,TEC-AC-10003237,50.88
4334,CA-2016-112375,OFF-EN-10003798,27.312
4335,CA-2016-154795,OFF-EN-10003068,7.92
4336,CA-2016-154795,FUR-FU-10002088,14.368
4337,CA-2016-125234,TEC-AC-10000158,107.97
4338,CA-2016-125234,OFF-PA-10000482,113.82
4339,CA-2018-133501,OFF-PA-10004888,5.184
4340,US-2015-129609,OFF-AR-10003478,16.28
4341,CA-2018-130309,OFF-ST-10003208,544.38
4342,CA-2018-105410,OFF-BI-10004970,19.824
4343,CA-2018-105410,TEC-PH-10000038,657.504
4344,CA-2018-105410,TEC-AC-10001552,99.54
4345,CA-2018-105410,TEC-AC-10002926,199.96
4346,CA-2017-120355,FUR-CH-10001394,631.782
4347,CA-2017-120355,FUR-FU-10004053,60.72
4348,CA-2018-169894,OFF-BI-10004230,20.724
4349,CA-2018-169894,OFF-ST-10000060,415.872
4350,US-2018-100482,OFF-ST-10001325,16.768
4351,US-2018-100482,TEC-AC-10003441,27.12
4352,CA-2018-107748,TEC-PH-10003215,95.84
4353,CA-2018-107748,OFF-PA-10002005,12.96
4354,CA-2018-153654,OFF-BI-10004465,19.008
4355,CA-2016-155600,OFF-BI-10000545,1598.058
4356,CA-2016-155600,OFF-AR-10003752,36.96
4357,CA-2018-162565,OFF-PA-10001937,10.368
4358,CA-2018-162565,FUR-FU-10004306,77.72
4359,CA-2018-162565,FUR-CH-10003973,520.464
4360,CA-2017-127642,OFF-PA-10000565,111.96
4361,US-2018-163195,TEC-PH-10003875,29.16
4362,CA-2018-111332,OFF-AR-10001953,131.94
4363,CA-2018-111332,OFF-AR-10001374,25.92
4364,CA-2018-111332,OFF-ST-10003816,704.76
4365,CA-2018-111332,OFF-FA-10001843,7.41
4366,CA-2018-111332,OFF-AR-10000657,21.5
4367,CA-2018-117044,OFF-FA-10000936,10.528
4368,CA-2018-117044,OFF-PA-10003657,20.544
4369,US-2017-165078,OFF-BI-10001989,104.9
4370,US-2017-165078,OFF-AR-10002987,39.68
4371,US-2017-165078,OFF-LA-10000414,51.75
4372,US-2018-169320,OFF-AR-10003602,11.68
4373,US-2018-169320,TEC-AC-10002550,159.75
4374,CA-2017-158575,OFF-AP-10002998,103.968
4375,CA-2015-166954,FUR-FU-10003708,303.25
4376,CA-2015-166954,OFF-AP-10001391,270.72
4377,CA-2015-166954,FUR-CH-10003973,1487.04
4378,CA-2016-140830,OFF-EN-10000461,17.48
4379,CA-2016-140830,OFF-EN-10002831,71.88
4380,CA-2016-152891,OFF-AR-10004648,60.45
4381,CA-2016-152891,FUR-TA-10001857,253.176
4382,US-2016-122784,OFF-BI-10000546,2.88
4383,US-2016-122784,FUR-BO-10004690,384.944
4384,US-2016-122784,TEC-PH-10001557,153.584
4385,US-2016-122784,FUR-BO-10002545,913.43
4386,CA-2017-156811,OFF-AP-10001366,43.92
4387,CA-2017-156811,OFF-BI-10001628,25.032
4388,CA-2018-111556,OFF-PA-10003651,46.76
4389,CA-2018-111556,FUR-BO-10003159,183.968
4390,CA-2018-111556,TEC-PH-10001459,1259.97
4391,CA-2018-111556,OFF-AR-10004602,68.97
4392,CA-2017-108868,OFF-AR-10001953,70.368
4393,CA-2017-108868,TEC-PH-10000923,59.96
4394,CA-2015-142965,OFF-ST-10002583,25.984
4395,CA-2015-142965,OFF-BI-10000977,27.36
4396,CA-2017-148740,TEC-PH-10002549,361.376
4397,US-2015-138758,FUR-CH-10002880,172.186
4398,US-2015-138758,FUR-FU-10003039,69.008
4399,CA-2017-131737,OFF-EN-10003055,199.9
4400,CA-2017-131737,OFF-AP-10002945,901.95
4401,CA-2017-131737,FUR-FU-10004306,971.5
4402,CA-2017-114538,OFF-AR-10002445,11.328
4403,CA-2015-127936,OFF-AR-10002445,21.24
4404,CA-2016-164336,TEC-AC-10002345,34.8
4405,CA-2016-164336,OFF-ST-10001558,38.976
4406,CA-2017-100041,OFF-PA-10001622,9.08
4407,CA-2017-100041,OFF-PA-10000418,314.55
4408,CA-2017-100041,OFF-BI-10000343,4.91
4409,US-2015-154879,OFF-LA-10004425,5.78
4410,US-2015-154879,OFF-AR-10001897,107.94
4411,CA-2015-130624,OFF-PA-10003883,19.65
4412,CA-2015-130624,TEC-PH-10003963,617.97
4413,CA-2015-130624,OFF-AP-10001303,59.7
4414,CA-2018-132339,OFF-BI-10003925,387.99
4415,CA-2015-153983,TEC-PH-10004586,575.92
4416,CA-2015-153983,OFF-FA-10003495,30.4
4417,CA-2018-112900,OFF-BI-10002867,478.24
4418,CA-2015-160157,FUR-FU-10003773,190.848
4419,CA-2015-139633,OFF-BI-10002954,5.484
4420,CA-2016-163090,OFF-SU-10002537,40.92
4421,CA-2015-117016,OFF-AR-10001374,15.552
4422,CA-2018-159464,OFF-AP-10001492,17.24
4423,CA-2018-159464,FUR-BO-10003546,302.94
4424,CA-2018-159464,TEC-PH-10002185,34.75
4425,CA-2018-159464,OFF-BI-10000315,113.94
4426,CA-2018-159464,TEC-PH-10002350,55.98
4427,US-2018-103226,OFF-PA-10002666,27.18
4428,CA-2018-119452,FUR-CH-10004495,1805.88
4429,CA-2018-147725,OFF-AR-10001725,70.95
4430,CA-2017-168893,OFF-FA-10002280,20.0
4431,CA-2017-168893,OFF-AR-10001770,7.98
4432,CA-2017-168893,FUR-FU-10002885,24.1
4433,CA-2017-168893,OFF-AR-10003772,8.75
4434,CA-2017-168893,FUR-TA-10003392,842.94
4435,CA-2017-163398,OFF-BI-10000014,2.182
4436,CA-2017-163398,OFF-AR-10003217,27.384
4437,CA-2017-163398,OFF-AP-10002403,26.406
4438,CA-2017-162726,OFF-PA-10001972,10.368
4439,CA-2017-162726,OFF-PA-10004041,23.68
4440,US-2017-111290,TEC-AC-10004975,109.95
4441,US-2017-111290,OFF-ST-10001932,965.85
4442,US-2017-111290,OFF-AR-10001761,29.2
4443,US-2017-111290,OFF-PA-10002262,32.4
4444,US-2015-147704,OFF-EN-10004483,78.35
4445,US-2015-147704,OFF-PA-10003270,31.68
4446,US-2015-147704,OFF-BI-10001634,29.12
4447,US-2015-147704,OFF-ST-10000675,169.45
4448,CA-2016-121965,FUR-FU-10000732,12.56
4449,CA-2016-121965,OFF-PA-10004355,6.48
4450,CA-2016-121965,OFF-EN-10000056,186.69
4451,CA-2017-147137,FUR-FU-10000221,25.4
4452,CA-2017-147137,OFF-EN-10003567,43.96
4453,CA-2017-147137,FUR-BO-10001811,1279.165
4454,CA-2017-147137,OFF-ST-10002486,27.92
4455,US-2016-146745,FUR-CH-10002372,129.568
4456,US-2016-146745,OFF-BI-10003274,6.368
4457,CA-2018-115175,OFF-PA-10001878,244.55
4458,CA-2018-105851,OFF-SU-10002881,1332.496
4459,US-2018-125717,FUR-FU-10001979,32.776
4460,US-2018-125717,OFF-ST-10001522,147.184
4461,US-2018-125717,TEC-AC-10003657,54.384
4462,US-2018-125717,OFF-BI-10001718,76.776
4463,US-2018-125717,OFF-PA-10003022,14.352
4464,US-2018-125717,OFF-AP-10000891,209.792
4465,CA-2016-163895,OFF-BI-10004970,3.304
4466,CA-2018-168641,OFF-AR-10003759,16.38
4467,CA-2018-168641,OFF-EN-10003001,167.96
4468,CA-2018-168641,FUR-BO-10000780,321.568
4469,CA-2018-168641,OFF-PA-10001972,12.96
4470,CA-2018-156895,FUR-CH-10003535,128.058
4471,CA-2018-121300,FUR-CH-10003774,63.686
4472,CA-2018-121300,TEC-AC-10004571,239.976
4473,CA-2018-121300,FUR-TA-10004442,344.22
4474,CA-2018-121300,OFF-PA-10002787,15.552
4475,CA-2018-121300,FUR-FU-10004586,21.248
4476,CA-2018-121300,OFF-PA-10002606,8.448
4477,CA-2018-130211,OFF-ST-10000129,333.09
4478,CA-2018-130211,FUR-TA-10003748,248.98
4479,CA-2015-147235,OFF-PA-10004948,24.9
4480,CA-2017-109365,OFF-FA-10001561,15.26
4481,CA-2017-109365,OFF-AP-10002998,43.32
4482,CA-2017-109365,OFF-BI-10003981,43.584
4483,CA-2017-109365,OFF-PA-10001725,116.28
4484,CA-2017-109365,OFF-BI-10002071,9.296
4485,CA-2017-109365,OFF-PA-10000477,19.44
4486,CA-2017-109365,OFF-PA-10004359,314.55
4487,CA-2016-162621,OFF-BI-10000962,16.27
4488,CA-2016-162621,OFF-SU-10003567,69.12
4489,CA-2016-162621,OFF-BI-10003708,4.47
4490,CA-2018-105921,FUR-TA-10001095,418.296
4491,CA-2015-150798,TEC-CO-10001571,659.988
4492,CA-2015-150798,FUR-FU-10000221,8.128
4493,CA-2015-150798,OFF-PA-10001972,36.288
4494,CA-2015-150798,FUR-CH-10000015,909.72
4495,CA-2018-112753,FUR-BO-10004015,917.9235
4496,CA-2018-112753,OFF-PA-10002036,38.88
4497,CA-2018-155075,OFF-BI-10003650,631.176
4498,CA-2015-103401,OFF-PA-10003309,12.96
4499,CA-2017-124814,OFF-PA-10002787,12.96
4500,CA-2017-124814,OFF-BI-10000174,23.2
4501,CA-2015-116757,OFF-PA-10002005,25.92
4502,CA-2015-116757,OFF-FA-10002815,21.312
4503,US-2015-138247,TEC-PH-10000213,173.656
4504,US-2015-138247,OFF-AP-10000828,361.96
4505,US-2015-138247,TEC-AC-10004708,62.85
4506,US-2015-138247,TEC-PH-10001530,818.376
4507,US-2015-138247,OFF-ST-10002301,20.34
4508,US-2015-138247,FUR-FU-10002554,23.99
4509,CA-2018-167003,FUR-TA-10001520,171.288
4510,CA-2017-119935,FUR-FU-10001085,37.3
4511,CA-2017-119935,OFF-BI-10001597,81.96
4512,CA-2017-118969,OFF-BI-10002429,54.792
4513,CA-2017-145240,OFF-ST-10001590,10.784
4514,CA-2017-120873,FUR-CH-10000847,290.98
4515,US-2018-111920,OFF-AR-10003179,36.44
4516,US-2017-128678,OFF-PA-10000807,21.4
4517,US-2017-128678,OFF-BI-10002103,48.664
4518,CA-2017-101385,OFF-AR-10004441,16.56
4519,CA-2018-107167,OFF-ST-10003805,1347.52
4520,CA-2015-109491,TEC-AC-10001284,62.31
4521,CA-2015-109491,FUR-FU-10000221,20.32
4522,CA-2018-105445,OFF-FA-10001229,9.432
4523,CA-2015-107454,OFF-LA-10001569,34.86
4524,CA-2015-107454,FUR-FU-10004018,89.34
4525,US-2018-105046,TEC-PH-10004536,269.98
4526,US-2018-105046,OFF-PA-10004353,99.9
4527,US-2018-105046,FUR-FU-10004848,39.08
4528,CA-2018-152856,TEC-AC-10004864,116.832
4529,CA-2017-134691,OFF-BI-10002393,2.296
4530,CA-2017-118759,FUR-CH-10002335,408.006
4531,CA-2017-118759,OFF-ST-10001590,40.44
4532,CA-2015-140403,FUR-CH-10002774,122.352
4533,CA-2015-140403,OFF-EN-10001219,15.28
4534,CA-2016-163104,OFF-PA-10001947,11.96
4535,CA-2018-138464,FUR-FU-10003142,15.84
4536,CA-2018-138464,OFF-BI-10001543,86.376
4537,CA-2018-138464,OFF-AR-10003560,18.24
4538,CA-2018-138464,OFF-AR-10004757,13.12
4539,CA-2016-104129,TEC-PH-10003800,105.98
4540,CA-2016-104129,FUR-TA-10004152,493.92
4541,US-2018-132206,OFF-BI-10000756,5.936
4542,CA-2018-113474,OFF-EN-10004206,325.86
4543,CA-2016-126557,FUR-CH-10004477,383.607
4544,CA-2016-126557,TEC-PH-10003505,148.48
4545,CA-2016-126557,TEC-PH-10000526,537.544
4546,CA-2016-126557,OFF-BI-10003314,1.928
4547,CA-2016-126557,OFF-AR-10003190,6.912
4548,CA-2016-126557,FUR-FU-10001861,7.76
4549,CA-2016-126557,TEC-PH-10003963,659.168
4550,US-2018-107636,OFF-LA-10003388,5.76
4551,US-2015-165862,FUR-TA-10002855,351.216
4552,US-2015-106334,FUR-CH-10004886,230.28
4553,US-2015-106334,OFF-PA-10003657,12.84
4554,CA-2017-101448,OFF-BI-10004738,56.82
4555,CA-2016-130218,OFF-FA-10003112,31.56
4556,CA-2016-130218,OFF-ST-10002486,27.92
4557,US-2018-117331,OFF-BI-10003984,8.559
4558,CA-2015-127383,OFF-EN-10004773,49.568
4559,CA-2015-110219,FUR-CH-10001146,127.869
4560,CA-2016-118871,OFF-EN-10003296,271.44
4561,CA-2016-118871,TEC-PH-10000193,110.352
4562,CA-2016-118871,FUR-FU-10002111,36.4
4563,CA-2018-129490,FUR-CH-10003298,419.136
4564,CA-2015-101175,OFF-ST-10004950,100.704
4565,US-2018-149510,OFF-AP-10002350,45.216
4566,US-2018-149510,OFF-BI-10004233,28.782
4567,US-2018-149510,OFF-PA-10001892,24.448
4568,CA-2016-111990,OFF-BI-10003291,10.476
4569,CA-2015-169460,FUR-FU-10004017,76.14
4570,US-2016-152128,OFF-AR-10002445,21.24
4571,US-2016-152128,OFF-BI-10001718,127.96
4572,CA-2018-126662,TEC-CO-10004202,479.984
4573,CA-2017-139395,TEC-PH-10002103,657.93
4574,CA-2017-139395,FUR-FU-10003724,33.48
4575,CA-2017-139395,OFF-AR-10003732,13.9
4576,CA-2017-139395,OFF-ST-10000885,26.86
4577,US-2015-121734,OFF-BI-10004817,9.584
4578,CA-2016-110947,OFF-BI-10001670,113.1
4579,US-2015-150126,OFF-PA-10002709,65.78
4580,CA-2016-164427,TEC-AC-10004469,239.7
4581,CA-2017-120250,FUR-FU-10003424,25.632
4582,CA-2017-121993,OFF-LA-10003720,23.616
4583,US-2017-100405,OFF-AR-10000390,8.26
4584,US-2018-163790,OFF-EN-10001335,76.58
4585,US-2018-163790,OFF-AR-10003469,8.8
4586,US-2018-163790,OFF-BI-10003718,590.352
4587,US-2018-163790,OFF-FA-10004838,5.58
4588,US-2018-163790,FUR-FU-10002508,25.02
4589,US-2018-163790,OFF-ST-10001511,452.55
4590,CA-2017-129868,OFF-SU-10000952,17.76
4591,CA-2017-129868,TEC-PH-10002275,302.384
4592,CA-2017-129868,FUR-CH-10003535,146.352
4593,CA-2017-129868,OFF-AP-10004052,7.9
4594,CA-2017-129868,FUR-TA-10003473,902.712
4595,CA-2017-129868,OFF-AR-10001897,53.97
4596,CA-2017-140564,OFF-AR-10000034,33.92
4597,US-2018-169502,OFF-SU-10004115,21.81
4598,US-2018-169502,OFF-AP-10001947,91.6
4599,CA-2016-146948,FUR-CH-10004853,150.98
4600,CA-2016-146948,OFF-EN-10000483,137.25
4601,CA-2016-146948,OFF-FA-10001332,11.52
4602,US-2016-113327,OFF-PA-10003790,18.272
4603,US-2016-113327,OFF-PA-10003134,153.728
4604,US-2016-113327,OFF-EN-10004459,12.224
4605,US-2016-113327,TEC-AC-10003628,167.944
4606,CA-2016-135020,TEC-PH-10004093,45.99
4607,CA-2016-135020,OFF-ST-10001490,535.41
4608,CA-2016-135020,OFF-BI-10000605,6.096
4609,CA-2016-135020,OFF-PA-10004255,45.36
4610,US-2018-141852,FUR-FU-10000023,47.12
4611,CA-2017-109407,OFF-BI-10000285,31.36
4612,US-2017-165953,OFF-AR-10000588,47.616
4613,US-2017-165953,OFF-PA-10002250,23.48
4614,CA-2017-144540,OFF-AP-10002457,62.79
4615,CA-2017-144540,OFF-FA-10002763,28.44
4616,CA-2016-159863,TEC-AC-10000109,134.376
4617,CA-2016-117800,TEC-PH-10002415,589.9
4618,CA-2016-117800,FUR-CH-10000785,542.94
4619,CA-2018-145219,TEC-CO-10001449,2879.952
4620,CA-2018-145219,OFF-BI-10001670,90.48
4621,CA-2016-161214,OFF-ST-10001328,77.55
4622,CA-2018-147228,OFF-SU-10001225,8.832
4623,CA-2018-147228,OFF-PA-10000357,177.536
4624,CA-2018-147228,OFF-ST-10000046,258.48
4625,CA-2018-147228,FUR-FU-10000023,14.136
4626,CA-2017-101336,OFF-ST-10003455,77.55
4627,CA-2017-101336,OFF-ST-10000876,24.88
4628,CA-2017-101336,OFF-AR-10003582,140.75
4629,CA-2017-101336,OFF-ST-10004258,36.63
4630,US-2016-126235,FUR-FU-10000719,17.14
4631,CA-2018-168396,OFF-LA-10001297,51.75
4632,CA-2018-168396,FUR-FU-10000723,123.96
4633,CA-2016-130456,FUR-BO-10003893,586.398
4634,CA-2016-130456,OFF-ST-10000736,80.98
4635,CA-2018-116288,OFF-ST-10000736,242.94
4636,CA-2018-168228,OFF-AR-10003373,123.92
4637,CA-2018-168228,OFF-AR-10000390,12.39
4638,CA-2018-168228,OFF-AR-10001725,47.3
4639,CA-2017-102162,TEC-CO-10001943,1599.92
4640,CA-2017-102162,OFF-EN-10002312,11.09
4641,CA-2018-130141,OFF-BI-10000831,3.168
4642,CA-2018-130141,FUR-CH-10000749,579.136
4643,CA-2016-147501,OFF-BI-10002003,6.368
4644,CA-2016-147501,TEC-MA-10001972,558.4
4645,CA-2017-143910,FUR-CH-10000225,145.764
4646,CA-2015-146885,OFF-PA-10001622,13.62
4647,CA-2017-139556,FUR-CH-10004983,434.646
4648,CA-2018-129357,OFF-PA-10003228,440.19
4649,CA-2018-129357,OFF-SU-10004498,64.4
4650,CA-2018-150987,OFF-PA-10001878,244.55
4651,CA-2018-150987,OFF-PA-10002923,195.76
4652,CA-2018-132647,OFF-PA-10001838,11.76
4653,CA-2018-132647,OFF-ST-10003123,166.45
4654,CA-2018-159107,OFF-FA-10001332,2.88
4655,CA-2015-160738,OFF-ST-10003442,45.248
4656,CA-2016-112130,OFF-AR-10001468,59.904
4657,CA-2016-112130,OFF-AP-10003266,23.696
4658,CA-2016-112130,OFF-PA-10002230,7.968
4659,CA-2016-112130,OFF-AP-10003622,18.2
4660,CA-2016-112130,TEC-AC-10001542,27.552
4661,CA-2016-112130,FUR-CH-10002965,844.116
4662,CA-2016-112130,OFF-ST-10000563,76.752
4663,CA-2017-111409,OFF-LA-10002787,3.0
4664,CA-2017-116232,OFF-BI-10004022,7.506
4665,CA-2017-116232,OFF-LA-10001158,16.56
4666,CA-2017-116547,FUR-FU-10000076,79.92
4667,CA-2017-116547,TEC-AC-10002335,69.98
4668,US-2018-133200,OFF-BI-10002827,11.06
4669,US-2018-133200,FUR-BO-10001601,623.4648
4670,US-2018-133200,OFF-ST-10001932,772.68
4671,CA-2017-133550,OFF-AP-10001005,283.14
4672,CA-2017-133550,TEC-PH-10004042,635.96
4673,CA-2017-133550,TEC-PH-10001079,118.99
4674,CA-2017-133550,FUR-FU-10002918,272.94
4675,CA-2018-139416,FUR-FU-10003832,15.008
4676,CA-2015-114510,OFF-BI-10001617,33.088
4677,CA-2015-114510,OFF-ST-10000736,80.98
4678,CA-2015-114510,TEC-AC-10004877,82.8
4679,CA-2015-114510,OFF-ST-10003221,21.36
4680,CA-2015-114510,OFF-BI-10003007,62.048
4681,CA-2017-169215,OFF-FA-10000936,29.61
4682,CA-2017-127698,TEC-PH-10003811,863.928
4683,CA-2017-159912,FUR-TA-10004152,241.92
4684,CA-2017-159912,FUR-BO-10002853,163.88
4685,CA-2017-159912,OFF-BI-10002071,3.486
4686,CA-2017-159912,OFF-FA-10000053,10.584
4687,CA-2017-101987,TEC-PH-10001305,440.91
4688,US-2018-154851,OFF-BI-10001525,5.715
4689,CA-2015-138681,FUR-FU-10001876,51.968
4690,CA-2015-138681,TEC-AC-10003628,71.976
4691,CA-2015-138681,FUR-CH-10004860,242.352
4692,CA-2015-138681,OFF-PA-10000357,221.92
4693,CA-2015-138681,OFF-PA-10003270,8.448
4694,US-2016-138121,OFF-BI-10000320,29.52
4695,US-2016-138121,FUR-CH-10003846,302.94
4696,US-2016-138121,FUR-CH-10004875,142.36
4697,US-2016-138121,FUR-CH-10003817,546.66
4698,US-2016-138121,FUR-FU-10002116,212.13
4699,CA-2018-140298,OFF-AR-10003481,5.248
4700,CA-2018-140298,OFF-ST-10004180,74.416
4701,CA-2018-140298,OFF-PA-10003657,6.848
4702,CA-2018-140298,FUR-FU-10001967,7.996
4703,CA-2017-166240,OFF-AP-10002082,8.712
4704,CA-2017-158435,OFF-SU-10000381,65.17
4705,CA-2017-158435,OFF-LA-10002475,14.62
4706,CA-2017-158435,FUR-FU-10003975,173.24
4707,CA-2018-138149,OFF-BI-10003091,895.92
4708,CA-2018-138149,OFF-ST-10002974,130.71
4709,CA-2018-138149,OFF-AR-10000255,11.68
4710,CA-2018-138149,TEC-AC-10001284,62.31
4711,CA-2015-112403,OFF-BI-10003529,0.852
4712,CA-2015-108273,OFF-PA-10000029,36.288
4713,CA-2015-108273,FUR-FU-10002116,56.568
4714,CA-2018-121643,TEC-PH-10002200,344.704
4715,US-2016-122910,TEC-PH-10000441,201.584
4716,CA-2018-143126,FUR-TA-10002958,521.96
4717,CA-2016-129042,OFF-AR-10001662,8.22
4718,CA-2016-109736,OFF-PA-10004101,45.36
4719,CA-2016-142601,OFF-ST-10002756,947.17
4720,CA-2016-142601,OFF-PA-10000483,61.96
4721,CA-2015-106229,FUR-TA-10002041,268.935
4722,US-2018-135230,OFF-AR-10001166,7.58
4723,CA-2017-159653,OFF-LA-10004345,14.73
4724,CA-2017-131968,OFF-BI-10002852,9.888
4725,CA-2017-131968,OFF-AP-10001058,671.544
4726,CA-2015-119151,OFF-ST-10003470,1117.92
4727,CA-2015-119151,FUR-BO-10003159,275.952
4728,CA-2015-123323,OFF-BI-10003684,123.144
4729,CA-2017-124681,TEC-AC-10000487,15.576
4730,US-2016-103996,OFF-PA-10001736,212.64
4731,US-2016-103996,OFF-PA-10001609,9.87
4732,US-2016-103996,TEC-AC-10003116,53.25
4733,US-2016-103996,FUR-FU-10004586,19.92
4734,CA-2017-120530,FUR-CH-10000454,658.746
4735,CA-2016-155054,OFF-BI-10004970,8.26
4736,CA-2016-155054,OFF-BI-10002824,29.84
4737,CA-2016-155054,TEC-AC-10003657,67.98
4738,CA-2016-105725,OFF-LA-10003510,61.06
4739,CA-2016-105725,FUR-TA-10001676,35.544
4740,CA-2018-164364,OFF-LA-10004853,9.96
4741,CA-2018-164364,OFF-AR-10000315,9.21
4742,CA-2018-164364,OFF-SU-10000381,27.93
4743,CA-2018-168123,OFF-FA-10002763,7.9
4744,CA-2018-168123,OFF-ST-10000877,221.16
4745,CA-2018-168123,OFF-BI-10001071,127.96
4746,CA-2018-168123,OFF-BI-10001097,18.69
4747,CA-2017-120005,OFF-SU-10004782,25.35
4748,CA-2017-120005,FUR-FU-10000672,35.28
4749,CA-2017-123526,OFF-PA-10002986,33.4
4750,CA-2017-127649,TEC-MA-10001972,837.6
4751,CA-2017-159989,TEC-PH-10000169,40.68
4752,CA-2018-103499,FUR-CH-10001482,209.568
4753,US-2016-167220,TEC-AC-10002018,22.368
4754,CA-2018-126354,OFF-BI-10000301,3.882
4755,CA-2018-126354,OFF-PA-10004381,115.296
4756,CA-2018-169817,OFF-BI-10004141,1.908
4757,US-2018-144582,OFF-BI-10001575,43.372
4758,CA-2015-121573,TEC-PH-10000984,783.96
4759,CA-2015-121573,OFF-BI-10000666,48.896
4760,CA-2015-121573,OFF-BI-10003712,7.856
4761,CA-2017-117660,OFF-LA-10003720,5.904
4762,CA-2017-117660,OFF-SU-10001664,13.712
4763,CA-2015-112851,OFF-EN-10001453,182.94
4764,CA-2018-123701,OFF-AR-10001860,27.76
4765,CA-2016-118227,OFF-AR-10001044,25.99
4766,CA-2016-123155,TEC-AC-10002473,113.52
4767,CA-2016-123155,TEC-PH-10001809,359.88
4768,CA-2018-158883,OFF-PA-10004733,25.344
4769,US-2017-114888,OFF-BI-10003355,11.952
4770,US-2017-114888,OFF-SU-10001212,6.24
4771,US-2015-167262,TEC-PH-10000486,742.336
4772,CA-2018-119746,FUR-FU-10004909,6.464
4773,CA-2018-119746,OFF-LA-10001613,11.52
4774,CA-2018-119746,TEC-PH-10004447,222.384
4775,CA-2018-108091,OFF-AR-10000255,23.36
4776,CA-2017-101630,OFF-LA-10004425,8.67
4777,CA-2017-101630,OFF-SU-10001664,25.71
4778,CA-2018-132346,OFF-AP-10000696,100.94
4779,CA-2015-150301,FUR-CH-10002647,63.882
4780,CA-2015-159310,FUR-CH-10002758,683.144
4781,CA-2015-159310,OFF-BI-10000201,1.476
4782,CA-2015-159310,OFF-SU-10004115,40.712
4783,US-2018-147984,OFF-PA-10000806,279.9
4784,CA-2016-104346,OFF-AR-10001473,13.12
4785,CA-2016-104346,FUR-BO-10003450,69.576
4786,CA-2016-104346,OFF-AR-10001545,4.224
4787,CA-2016-104346,TEC-AC-10004396,58.08
4788,CA-2016-104346,FUR-FU-10002456,52.416
4789,CA-2016-104346,FUR-FU-10001473,54.92
4790,CA-2016-104346,FUR-TA-10000849,364.95
4791,CA-2016-104346,OFF-PA-10001166,85.056
4792,CA-2016-104346,OFF-PA-10003256,27.696
4793,US-2016-141684,OFF-PA-10002870,24.96
4794,CA-2016-144722,FUR-FU-10001215,43.13
4795,CA-2016-120516,OFF-BI-10004187,5.64
4796,US-2017-148901,OFF-BI-10001718,57.582
4797,US-2017-148901,OFF-PA-10004983,31.104
4798,US-2017-148901,FUR-FU-10002396,30.192
4799,US-2017-148901,TEC-PH-10003988,43.6
4800,US-2017-148901,OFF-AR-10002467,4.768
4801,US-2017-148901,OFF-BI-10004002,10.38
4802,US-2017-148901,OFF-BI-10002309,13.392
4803,CA-2018-136364,TEC-PH-10003885,39.594
4804,CA-2018-136364,FUR-FU-10002501,91.008
4805,CA-2016-137708,OFF-PA-10000176,37.94
4806,CA-2016-137708,OFF-PA-10000327,42.8
4807,CA-2016-137708,OFF-ST-10004634,33.63
4808,CA-2015-149055,OFF-EN-10003040,62.808
4809,CA-2016-151589,OFF-PA-10003228,195.64
4810,CA-2016-151589,TEC-PH-10004345,239.9
4811,CA-2017-121370,FUR-CH-10000785,380.058
4812,CA-2017-121370,TEC-CO-10004115,1199.976
4813,CA-2017-121370,FUR-FU-10002813,48.576
4814,CA-2017-111696,OFF-PA-10002751,17.94
4815,CA-2015-139598,OFF-PA-10004569,18.264
4816,CA-2015-139598,OFF-AP-10002998,34.656
4817,CA-2015-139598,OFF-AP-10003287,81.552
4818,CA-2015-139598,OFF-ST-10001370,227.136
4819,CA-2018-117436,OFF-BI-10004040,10.36
4820,CA-2016-140025,OFF-AP-10002651,463.248
4821,CA-2016-140025,TEC-AC-10002402,383.952
4822,CA-2017-134222,OFF-BI-10001658,44.856
4823,CA-2017-140018,TEC-MA-10000752,30.345
4824,CA-2017-140018,FUR-CH-10003817,127.554
4825,CA-2017-140018,FUR-FU-10001876,77.952
4826,US-2018-136707,OFF-BI-10003460,14.016
4827,CA-2015-152562,OFF-ST-10000464,69.52
4828,CA-2015-152562,OFF-AR-10001919,5.64
4829,CA-2017-152408,OFF-BI-10002393,13.776
4830,CA-2015-120278,OFF-AP-10001293,245.88
4831,CA-2015-120278,OFF-ST-10004258,36.63
4832,CA-2015-120278,OFF-ST-10002214,22.58
4833,CA-2015-120278,OFF-BI-10004970,12.39
4834,CA-2018-167661,OFF-BI-10002571,39.92
4835,CA-2018-167661,OFF-PA-10002581,61.96
4836,CA-2018-167661,OFF-BI-10001097,19.936
4837,CA-2018-106831,OFF-BI-10003429,3.798
4838,CA-2018-106831,OFF-PA-10000682,27.744
4839,CA-2018-106831,TEC-PH-10001700,158.376
4840,CA-2018-154123,FUR-FU-10000629,27.58
4841,CA-2017-136049,OFF-BI-10001267,5.553
4842,CA-2018-118402,OFF-ST-10001418,243.92
4843,US-2017-139388,OFF-FA-10004968,14.96
4844,US-2015-128685,OFF-BI-10004140,7.184
4845,CA-2016-124044,OFF-BI-10003460,10.512
4846,CA-2015-164469,TEC-PH-10002115,263.96
4847,CA-2015-164469,OFF-AR-10003478,71.632
4848,CA-2015-164469,OFF-AR-10000475,9.328
4849,CA-2015-107818,OFF-AR-10003045,5.88
4850,CA-2015-107818,FUR-CH-10000454,975.92
4851,CA-2015-107818,OFF-AR-10000380,303.84
4852,CA-2015-107818,OFF-ST-10000736,485.88
4853,CA-2015-113320,FUR-FU-10004270,12.54
4854,CA-2015-113320,OFF-ST-10000617,8.94
4855,CA-2015-113320,FUR-FU-10001706,9.24
4856,CA-2016-137526,OFF-BI-10003364,70.008
4857,CA-2016-137526,FUR-FU-10001861,77.6
4858,CA-2016-137526,FUR-FU-10004845,464.85
4859,CA-2018-136063,OFF-AR-10000823,10.192
4860,CA-2017-101546,OFF-BI-10001359,1793.98
4861,CA-2015-138940,TEC-PH-10001835,758.352
4862,CA-2017-125164,OFF-BI-10001191,20.368
4863,CA-2017-125164,OFF-BI-10003982,49.848
4864,CA-2018-163531,TEC-PH-10001425,239.97
4865,CA-2018-122490,FUR-CH-10001215,2404.704
4866,CA-2018-122490,OFF-BI-10001718,563.024
4867,CA-2018-122490,OFF-ST-10000991,344.91
4868,CA-2018-122490,OFF-LA-10001613,8.64
4869,CA-2018-131366,TEC-PH-10003437,89.988
4870,CA-2018-131366,OFF-PA-10000675,229.544
4871,CA-2018-164042,OFF-FA-10000840,1.824
4872,CA-2018-164042,OFF-AP-10001947,18.32
4873,CA-2018-164042,OFF-ST-10002301,48.816
4874,CA-2018-164042,OFF-BI-10001922,1.188
4875,CA-2015-132864,TEC-AC-10001267,119.8
4876,US-2015-155817,OFF-ST-10000532,61.568
4877,US-2015-155817,OFF-AR-10002335,6.192
4878,US-2017-131891,OFF-BI-10000201,2.214
4879,CA-2018-143567,OFF-EN-10004846,5.32
4880,CA-2018-143567,FUR-CH-10000454,975.92
4881,CA-2018-143567,TEC-AC-10004145,2249.91
4882,CA-2018-143567,OFF-ST-10001580,59.92
4883,CA-2018-104080,OFF-BI-10003876,171.2
4884,CA-2018-104080,OFF-AR-10001972,3.36
4885,CA-2015-151379,OFF-PA-10000595,114.2
4886,CA-2017-163167,FUR-CH-10004477,182.67
4887,CA-2017-163167,TEC-AC-10003441,101.7
4888,CA-2017-163167,OFF-ST-10004459,1126.02
4889,CA-2017-163167,OFF-ST-10003805,1263.3
4890,CA-2017-135776,OFF-AR-10001246,8.82
4891,CA-2017-135776,OFF-PA-10001295,37.94
4892,CA-2017-135776,OFF-AR-10001231,4.2
4893,CA-2017-135776,OFF-ST-10002743,227.28
4894,CA-2017-135776,OFF-PA-10004327,47.9
4895,CA-2017-135776,OFF-EN-10004773,61.96
4896,CA-2017-135776,OFF-ST-10003470,1117.92
4897,US-2015-122021,FUR-CH-10003761,183.372
4898,US-2015-122021,OFF-PA-10002230,7.968
4899,CA-2017-130484,OFF-BI-10000088,26.352
4900,CA-2018-120936,OFF-ST-10001526,481.32
4901,CA-2018-120936,OFF-SU-10002557,13.98
4902,CA-2018-110884,OFF-BI-10003669,25.92
4903,CA-2018-110884,OFF-LA-10003510,91.59
4904,US-2015-161613,FUR-CH-10003746,674.058
4905,US-2015-146353,OFF-BI-10003476,22.92
4906,US-2015-146353,OFF-ST-10001469,269.9
4907,CA-2015-133809,OFF-BI-10001757,11.808
4908,CA-2015-133809,TEC-PH-10004875,9.588
4909,CA-2018-127306,OFF-EN-10001219,18.336
4910,CA-2018-127306,OFF-PA-10000019,36.288
4911,CA-2018-127306,TEC-PH-10001924,111.984
4912,CA-2018-127306,OFF-BI-10002003,5.97
4913,CA-2018-127306,OFF-BI-10003727,2.508
4914,CA-2016-161830,OFF-AR-10004042,35.96
4915,CA-2016-161830,OFF-BI-10001097,14.952
4916,CA-2018-163125,OFF-AR-10004344,67.144
4917,CA-2018-163125,FUR-CH-10001802,254.058
4918,CA-2017-160304,FUR-BO-10004709,173.94
4919,CA-2017-160304,TEC-PH-10000455,231.98
4920,CA-2018-101728,OFF-BI-10002393,2.296
4921,CA-2018-114055,OFF-PA-10004381,96.08
4922,CA-2018-114055,OFF-FA-10003059,3.62
4923,CA-2018-114055,OFF-PA-10000994,629.1
4924,CA-2018-114055,TEC-PH-10002890,90.48
4925,CA-2018-126438,OFF-AR-10003338,14.88
4926,CA-2018-117653,FUR-TA-10003008,91.275
4927,CA-2018-143245,OFF-PA-10001972,19.44
4928,CA-2018-143245,FUR-CH-10000155,897.15
4929,US-2015-138828,OFF-AR-10000658,57.75
4930,US-2015-138828,OFF-PA-10000349,14.94
4931,CA-2018-143651,OFF-AR-10001446,23.1
4932,CA-2016-106978,OFF-EN-10004483,12.536
4933,CA-2016-106978,OFF-BI-10002012,1.08
4934,CA-2016-106978,OFF-FA-10003021,4.512
4935,CA-2016-155124,TEC-PH-10003356,16.776
4936,CA-2018-150931,OFF-BI-10004728,33.74
4937,CA-2015-157147,OFF-ST-10000078,1325.85
4938,CA-2015-157147,FUR-BO-10003034,333.999
4939,CA-2015-157147,OFF-AR-10003514,19.9
4940,CA-2016-156482,FUR-CH-10001708,1268.82
4941,CA-2016-156482,FUR-BO-10002598,283.92
4942,CA-2016-156482,OFF-AR-10001022,5.68
4943,CA-2018-106782,OFF-ST-10004459,375.34
4944,CA-2017-151372,OFF-PA-10004381,96.08
4945,CA-2017-151372,OFF-BI-10000050,11.68
4946,CA-2017-151372,OFF-FA-10000304,4.36
4947,CA-2015-102085,OFF-LA-10002475,29.24
4948,CA-2018-107125,OFF-BI-10001989,117.488
4949,CA-2018-107125,FUR-FU-10000732,18.84
4950,CA-2017-125815,OFF-AR-10004441,12.42
4951,CA-2016-144190,OFF-PA-10000304,12.96
4952,CA-2018-117926,OFF-AP-10002670,69.48
4953,CA-2016-153906,TEC-PH-10001527,85.9
4954,CA-2015-160262,OFF-AR-10002335,18.06
4955,CA-2015-160262,OFF-PA-10003641,79.14
4956,CA-2015-160262,FUR-FU-10002685,37.4
4957,CA-2016-127607,OFF-BI-10001308,2.512
4958,CA-2016-127607,OFF-FA-10003485,18.864
4959,CA-2017-166226,TEC-PH-10003357,61.192
4960,CA-2017-166226,OFF-AP-10002867,67.84
4961,CA-2015-156587,FUR-CH-10004477,48.712
4962,CA-2015-156587,OFF-AR-10001427,17.94
4963,CA-2015-156587,OFF-ST-10002344,242.94
4964,CA-2017-141180,OFF-BI-10000301,7.764
4965,CA-2016-109708,TEC-PH-10001944,467.04
4966,CA-2016-122406,TEC-PH-10001527,128.85
4967,CA-2016-122406,OFF-PA-10001307,8.4
4968,CA-2016-122406,TEC-AC-10004571,199.98
4969,CA-2016-122406,FUR-CH-10001973,110.98
4970,US-2017-153815,FUR-CH-10000513,207.984
4971,US-2017-153815,OFF-PA-10002421,36.112
4972,US-2017-153815,FUR-FU-10004090,35.568
4973,US-2017-153815,OFF-PA-10004071,88.768
4974,CA-2017-164896,OFF-PA-10002246,12.9
4975,CA-2016-142202,TEC-AC-10003198,717.12
4976,CA-2016-165050,OFF-BI-10001031,21.36
4977,CA-2016-165050,OFF-BI-10003727,6.688
4978,CA-2016-165050,TEC-PH-10001336,773.94
4979,US-2017-131114,OFF-SU-10001664,20.568
4980,US-2017-131114,OFF-AP-10003971,4.356
4981,US-2017-131114,TEC-AC-10000199,19.04
4982,CA-2015-160066,OFF-LA-10001045,5.22
4983,CA-2017-109925,OFF-ST-10003442,84.84
4984,CA-2016-160696,OFF-FA-10003059,7.24
4985,CA-2015-125171,OFF-LA-10001175,14.4
4986,CA-2017-149279,OFF-PA-10003441,15.552
4987,CA-2017-149279,FUR-CH-10004287,1325.76
4988,CA-2017-149279,OFF-BI-10004040,3.108
4989,CA-2018-107321,OFF-BI-10004022,6.672
4990,CA-2018-107321,TEC-PH-10002200,689.408
4991,US-2018-122714,OFF-BI-10001120,1889.99
4992,CA-2016-153038,OFF-EN-10000461,55.936
4993,CA-2016-153038,OFF-LA-10004008,18.432
4994,CA-2016-153038,FUR-FU-10000221,20.32
4995,CA-2015-132227,OFF-BI-10000962,52.064
4996,CA-2018-155824,OFF-AP-10000390,48.784
4997,CA-2018-155824,OFF-BI-10000014,13.092
4998,CA-2017-129238,TEC-PH-10004120,109.592
4999,CA-2017-129238,OFF-PA-10002764,56.7
5000,CA-2018-159688,TEC-AC-10000736,79.99
5001,CA-2017-136126,OFF-SU-10000898,69.5
5002,CA-2017-136126,OFF-PA-10004327,191.6
5003,CA-2017-155033,OFF-PA-10000143,10.56
5004,CA-2015-156006,TEC-AC-10002550,47.79
5005,CA-2016-158659,OFF-ST-10003306,714.3
5006,CA-2016-169796,TEC-MA-10000045,2321.9
5007,CA-2016-169796,OFF-ST-10001505,17.94
5008,CA-2016-102876,OFF-BI-10004781,9.522
5009,CA-2016-102876,TEC-PH-10002680,791.964
5010,CA-2016-102876,OFF-BI-10000848,4.923
5011,US-2018-139647,FUR-BO-10004467,209.979
5012,US-2018-160465,OFF-BI-10001670,33.93
5013,US-2018-160465,OFF-ST-10000136,222.32
5014,US-2018-160465,TEC-PH-10004522,210.564
5015,CA-2015-153850,FUR-FU-10002960,35.168
5016,CA-2015-153850,TEC-PH-10002584,1502.376
5017,CA-2015-127558,FUR-FU-10002505,10.11
5018,CA-2015-127558,TEC-AC-10003832,772.47
5019,CA-2015-127558,OFF-SU-10002537,20.46
5020,CA-2018-136511,OFF-SU-10003505,347.58
5021,CA-2017-133795,TEC-AC-10001465,72.64
5022,CA-2017-133795,TEC-AC-10003832,772.47
5023,CA-2017-133795,FUR-FU-10003731,39.92
5024,US-2018-130953,OFF-BI-10004828,33.48
5025,US-2018-130953,TEC-PH-10003012,461.97
5026,US-2018-130953,OFF-AP-10002311,137.62
5027,US-2018-130953,FUR-CH-10004626,302.67
5028,CA-2015-151792,TEC-AC-10001606,239.976
5029,CA-2018-139304,OFF-AR-10001216,8.34
5030,CA-2018-139304,OFF-SU-10001664,8.57
5031,CA-2018-139304,OFF-BI-10002498,119.616
5032,CA-2017-155166,FUR-CH-10003968,212.94
5033,CA-2017-155166,OFF-AP-10002765,26.49
5034,CA-2016-103954,FUR-BO-10004690,687.4
5035,CA-2015-169803,FUR-TA-10000688,653.55
5036,CA-2015-169803,TEC-AC-10003441,33.9
5037,CA-2018-141719,TEC-AC-10003610,239.96
5038,CA-2016-136469,FUR-TA-10001520,199.836
5039,CA-2016-136469,TEC-PH-10001817,716.0
5040,CA-2016-136469,OFF-BI-10004492,221.06
5041,CA-2017-158694,OFF-PA-10002421,67.71
5042,CA-2017-158694,OFF-AP-10000055,129.92
5043,CA-2017-158694,FUR-FU-10000965,467.46
5044,CA-2017-158694,OFF-PA-10001363,61.4
5045,CA-2017-158694,OFF-ST-10001496,720.76
5046,CA-2017-158694,OFF-BI-10004656,5.184
5047,CA-2017-158694,OFF-AR-10001227,14.7
5048,US-2015-104759,OFF-BI-10002071,8.134
5049,US-2015-104759,TEC-AC-10004901,79.984
5050,CA-2016-150511,OFF-PA-10001776,18.54
5051,CA-2016-134922,OFF-EN-10000483,24.4
5052,US-2018-120607,OFF-PA-10003129,195.64
5053,CA-2016-141243,TEC-AC-10003198,398.4
5054,CA-2016-141243,OFF-AR-10001246,7.056
5055,CA-2016-141243,FUR-BO-10003272,1352.3976
5056,CA-2016-162166,OFF-PA-10002606,26.4
5057,CA-2016-162166,OFF-ST-10002486,41.88
5058,CA-2017-120796,OFF-BI-10004330,99.846
5059,CA-2017-109722,TEC-PH-10000560,699.98
5060,CA-2017-109722,OFF-ST-10000060,584.82
5061,CA-2016-136798,OFF-BI-10003684,43.98
5062,CA-2016-136798,TEC-PH-10000441,377.97
5063,CA-2016-136798,FUR-FU-10000723,123.96
5064,CA-2018-122196,TEC-PH-10004977,391.98
5065,CA-2018-142090,TEC-AC-10002001,383.976
5066,CA-2018-142090,FUR-TA-10001889,1781.682
5067,CA-2018-160934,OFF-AR-10003504,21.4
5068,CA-2015-124478,TEC-CO-10001571,549.99
5069,CA-2015-124478,OFF-AP-10002495,167.535
5070,CA-2015-124478,OFF-EN-10002500,38.34
5071,CA-2015-124478,FUR-FU-10002088,53.88
5072,CA-2015-124478,TEC-PH-10001128,299.98
5073,CA-2016-145485,OFF-ST-10000649,62.8
5074,CA-2018-151071,OFF-BI-10002103,13.904
5075,CA-2015-134572,FUR-TA-10001705,744.1
5076,CA-2015-134572,OFF-ST-10004634,44.84
5077,CA-2015-134572,FUR-TA-10004442,401.59
5078,CA-2018-143217,OFF-BI-10002949,18.24
5079,US-2018-133312,FUR-BO-10002213,359.499
5080,US-2018-133312,OFF-ST-10001325,10.48
5081,US-2016-137533,OFF-PA-10003441,20.736
5082,CA-2017-155138,TEC-AC-10004209,35.168
5083,CA-2017-155138,OFF-PA-10000501,64.704
5084,CA-2017-108350,OFF-PA-10003656,105.52
5085,CA-2016-144302,OFF-BI-10001107,5.792
5086,CA-2016-109001,TEC-PH-10000562,466.158
5087,CA-2016-109001,TEC-AC-10001101,10.312
5088,CA-2016-109001,OFF-BI-10003529,2.556
5089,CA-2018-132738,OFF-PA-10001752,7.968
5090,CA-2018-132738,OFF-EN-10001141,8.784
5091,CA-2018-156720,OFF-FA-10003472,3.024
5092,CA-2016-119102,OFF-ST-10004507,51.45
5093,US-2015-140452,OFF-AP-10004036,14.016
5094,US-2015-140452,FUR-TA-10004086,214.95
5095,US-2015-140452,TEC-PH-10000307,35.04
5096,US-2015-140452,FUR-FU-10002088,10.776
5097,US-2015-140452,OFF-BI-10004965,4.6
5098,US-2015-140452,OFF-ST-10002485,35.168
5099,CA-2016-141936,OFF-BI-10002194,19.152
5100,CA-2015-158442,OFF-AR-10003732,4.448
5101,CA-2015-158442,OFF-PA-10002195,5.184
5102,CA-2015-158442,OFF-PA-10002365,15.552
5103,CA-2016-167374,OFF-PA-10001950,40.032
5104,CA-2016-167374,TEC-AC-10004633,16.776
5105,CA-2015-116568,FUR-CH-10002439,186.304
5106,CA-2016-147102,TEC-AC-10000682,66.36
5107,CA-2018-132213,OFF-AR-10004078,42.048
5108,CA-2018-132213,OFF-AR-10001958,67.92
5109,CA-2015-138450,OFF-EN-10001335,52.512
5110,CA-2015-138450,OFF-ST-10003479,186.912
5111,CA-2015-138450,OFF-PA-10003016,10.048
5112,CA-2016-153073,FUR-FU-10001025,17.496
5113,CA-2017-147970,OFF-PA-10003936,15.552
5114,CA-2017-150658,OFF-BI-10004140,10.776
5115,CA-2018-125640,OFF-LA-10004178,3.304
5116,CA-2018-154137,OFF-ST-10003324,35.48
5117,CA-2016-127173,OFF-FA-10004854,34.44
5118,CA-2016-127173,TEC-MA-10002859,629.93
5119,CA-2016-127173,OFF-BI-10000088,79.056
5120,CA-2015-149538,OFF-ST-10004180,232.55
5121,CA-2015-149538,TEC-AC-10002926,99.98
5122,CA-2015-149538,OFF-PA-10003797,19.44
5123,CA-2015-149538,OFF-PA-10002195,12.96
5124,CA-2015-160766,FUR-TA-10001039,464.292
5125,CA-2015-160766,OFF-EN-10001099,68.46
5126,CA-2015-160766,TEC-MA-10003979,2799.96
5127,CA-2015-160766,OFF-AP-10002945,601.3
5128,CA-2015-160766,TEC-PH-10001536,16.99
5129,CA-2015-160766,TEC-PH-10000526,287.97
5130,CA-2015-160766,OFF-PA-10000213,44.82
5131,CA-2018-146626,FUR-FU-10002501,101.12
5132,CA-2016-123330,TEC-PH-10001819,107.976
5133,CA-2018-155607,OFF-AP-10001962,58.73
5134,CA-2018-155607,OFF-BI-10003364,93.344
5135,CA-2017-151323,OFF-FA-10002983,17.05
5136,CA-2016-146696,OFF-BI-10002432,8.096
5137,CA-2017-128972,FUR-FU-10003096,30.36
5138,CA-2018-128335,OFF-EN-10001539,23.34
5139,CA-2018-128335,OFF-PA-10004996,51.55
5140,CA-2016-154886,TEC-AC-10001956,119.9
5141,CA-2017-111213,FUR-CH-10000454,1317.492
5142,CA-2017-111213,OFF-SU-10000946,63.84
5143,CA-2017-111213,OFF-BI-10004140,3.592
5144,CA-2018-161333,FUR-FU-10003039,86.26
5145,CA-2018-161333,OFF-ST-10000464,139.04
5146,CA-2018-161333,OFF-AP-10000252,46.8
5147,CA-2018-128734,FUR-FU-10001731,8.544
5148,CA-2018-128734,FUR-CH-10001394,842.376
5149,CA-2015-141796,TEC-PH-10001578,1214.85
5150,CA-2018-125101,OFF-ST-10000675,67.78
5151,CA-2018-169929,OFF-ST-10002352,39.9
5152,US-2015-121566,OFF-BI-10004528,2.688
5153,US-2015-121566,OFF-AR-10001026,6.6
5154,US-2016-124219,OFF-BI-10002215,28.4
5155,US-2016-124219,FUR-FU-10000305,212.94
5156,CA-2018-163006,TEC-PH-10002584,1001.584
5157,CA-2018-163006,FUR-CH-10000229,569.058
5158,CA-2018-163006,FUR-FU-10003799,14.224
5159,CA-2016-156146,TEC-PH-10001700,105.584
5160,CA-2016-156146,TEC-PH-10001527,68.72
5161,CA-2015-111192,FUR-BO-10002916,1367.84
5162,CA-2017-115378,FUR-CH-10000863,301.96
5163,CA-2016-161627,FUR-CH-10003968,170.352
5164,CA-2015-121006,OFF-AR-10001149,3.9
5165,CA-2015-121006,OFF-PA-10000130,12.84
5166,CA-2015-121006,OFF-PA-10002479,15.84
5167,CA-2015-121006,FUR-CH-10004997,563.94
5168,CA-2015-121006,OFF-ST-10004950,62.94
5169,CA-2015-121006,OFF-ST-10001490,535.41
5170,CA-2017-122903,FUR-CH-10002024,3504.9
5171,CA-2017-122903,OFF-PA-10001790,144.12
5172,CA-2017-122903,OFF-PA-10000994,314.55
5173,CA-2016-107741,OFF-AR-10002399,3.408
5174,CA-2018-106432,OFF-BI-10002799,2.072
5175,CA-2018-106432,FUR-BO-10004360,328.3992
5176,CA-2017-148908,OFF-BI-10002082,53.248
5177,CA-2017-123015,OFF-BI-10004967,4.992
5178,US-2016-120502,FUR-FU-10004973,37.68
5179,US-2016-120502,TEC-PH-10003645,258.576
5180,US-2016-120502,OFF-AP-10004980,75.84
5181,CA-2018-108749,OFF-PA-10003797,45.36
5182,CA-2018-108749,OFF-BI-10003707,45.78
5183,CA-2018-163335,OFF-ST-10000885,40.29
5184,CA-2018-163335,OFF-BI-10002827,38.71
5185,CA-2016-134719,OFF-ST-10004459,1801.632
5186,US-2016-154389,TEC-PH-10002789,748.752
5187,CA-2016-115567,TEC-AC-10001314,199.96
5188,CA-2016-115567,FUR-CH-10000015,1516.2
5189,US-2018-136679,TEC-AC-10004855,167.952
5190,US-2018-136679,OFF-AR-10003582,45.04
5191,US-2018-141943,OFF-EN-10003448,23.16
5192,CA-2015-101560,FUR-FU-10003773,397.6
5193,CA-2015-101560,OFF-PA-10001363,85.96
5194,CA-2015-101560,OFF-AR-10004757,13.12
5195,CA-2015-101560,OFF-BI-10000309,45.66
5196,CA-2015-159709,OFF-EN-10001434,158.13
5197,CA-2015-159709,TEC-PH-10003988,43.6
5198,CA-2017-103982,OFF-SU-10000151,3930.072
5199,CA-2017-103982,OFF-FA-10001332,2.304
5200,CA-2017-103982,TEC-PH-10000895,431.976
5201,CA-2017-103982,TEC-AC-10002857,41.72
5202,CA-2016-142454,FUR-FU-10004018,104.23
5203,CA-2016-142454,OFF-ST-10003638,70.26
5204,CA-2016-102016,OFF-AR-10004685,9.26
5205,CA-2016-102016,OFF-ST-10001713,105.98
5206,CA-2016-102016,OFF-FA-10000490,1.24
5207,CA-2016-102016,OFF-LA-10002043,20.7
5208,CA-2016-102016,OFF-PA-10002464,28.9
5209,CA-2016-102016,OFF-EN-10002504,27.18
5210,CA-2016-156755,OFF-ST-10002615,465.18
5211,CA-2016-130876,OFF-ST-10004258,36.63
5212,CA-2017-145898,OFF-ST-10004507,51.45
5213,CA-2017-145898,OFF-LA-10000262,7.83
5214,CA-2017-145898,OFF-AR-10002445,35.4
5215,CA-2017-145898,OFF-PA-10001667,29.9
5216,US-2018-159562,OFF-EN-10000461,17.48
5217,CA-2018-134635,OFF-PA-10002254,79.14
5218,CA-2018-167080,OFF-AR-10001868,8.4
5219,CA-2018-145653,FUR-CH-10004875,498.26
5220,CA-2015-140487,FUR-BO-10000711,212.94
5221,CA-2018-117401,OFF-AP-10000938,706.86
5222,CA-2018-117401,TEC-PH-10003555,114.95
5223,CA-2018-117401,OFF-BI-10001267,43.19
5224,US-2018-109582,OFF-PA-10004071,166.44
5225,CA-2017-119865,OFF-BI-10001553,36.56
5226,CA-2017-119865,OFF-BI-10003007,186.144
5227,CA-2017-119865,FUR-BO-10003272,353.568
5228,US-2015-147648,OFF-PA-10001033,81.98
5229,CA-2018-124436,OFF-BI-10001553,14.624
5230,CA-2018-124436,FUR-TA-10001095,697.16
5231,CA-2018-124436,FUR-FU-10001185,30.93
5232,CA-2018-124436,OFF-BI-10000343,27.496
5233,CA-2015-115084,FUR-CH-10004626,605.34
5234,CA-2018-131037,FUR-TA-10001768,210.008
5235,CA-2017-111143,OFF-AP-10001947,54.96
5236,CA-2015-166744,FUR-FU-10004952,164.22
5237,CA-2015-166744,FUR-BO-10001337,362.94
5238,CA-2015-166744,TEC-AC-10003628,59.98
5239,CA-2017-116561,OFF-ST-10004186,332.94
5240,CA-2017-116561,OFF-BI-10001658,39.872
5241,CA-2017-110730,OFF-SU-10004737,13.68
5242,CA-2018-146367,OFF-BI-10002827,3.318
5243,CA-2017-149454,OFF-BI-10003694,10.44
5244,CA-2017-156265,FUR-TA-10001691,136.464
5245,CA-2017-156265,TEC-PH-10001918,333.576
5246,CA-2017-156265,OFF-BI-10000285,12.544
5247,US-2016-168914,OFF-AP-10000358,20.768
5248,US-2018-110989,TEC-AC-10002345,43.5
5249,CA-2016-106215,OFF-FA-10001229,12.576
5250,US-2017-169369,TEC-AC-10001314,249.95
5251,US-2017-169369,OFF-PA-10004438,49.12
5252,CA-2016-132318,OFF-AP-10000026,182.91
5253,US-2015-131982,OFF-BI-10004224,107.648
5254,CA-2016-125185,FUR-CH-10002647,99.372
5255,CA-2016-125185,FUR-FU-10003247,33.568
5256,CA-2017-130078,OFF-PA-10003270,10.56
5257,US-2018-114034,OFF-PA-10004735,38.88
5258,US-2018-115595,OFF-PA-10001745,35.2
5259,CA-2018-158722,OFF-PA-10000176,45.528
5260,CA-2015-105165,TEC-PH-10000675,196.776
5261,CA-2015-105165,OFF-BI-10000050,2.92
5262,CA-2015-105165,FUR-TA-10004154,200.795
5263,CA-2015-105165,TEC-AC-10002718,46.688
5264,CA-2015-105165,OFF-AR-10003179,21.864
5265,CA-2018-147452,OFF-PA-10001838,11.76
5266,CA-2018-147452,OFF-PA-10004039,167.94
5267,CA-2018-147452,OFF-AP-10001626,3.89
5268,US-2018-114657,TEC-MA-10003173,52.44
5269,CA-2018-144484,FUR-FU-10000260,32.36
5270,CA-2018-144484,OFF-AP-10004487,406.6
5271,CA-2018-125913,FUR-FU-10001487,27.92
5272,CA-2018-125913,FUR-TA-10001520,399.672
5273,US-2017-158309,OFF-BI-10000145,3.744
5274,CA-2018-147333,TEC-AC-10004469,159.8
5275,CA-2018-147333,TEC-AC-10003038,44.75
5276,CA-2015-113859,FUR-CH-10004698,340.116
5277,CA-2015-159681,OFF-PA-10003641,105.52
5278,US-2018-104094,TEC-AC-10002134,13.48
5279,CA-2018-152709,OFF-ST-10001837,85.52
5280,CA-2016-105158,FUR-FU-10001706,6.16
5281,CA-2016-105158,OFF-PA-10001970,36.84
5282,CA-2015-133424,OFF-ST-10002957,15.84
5283,CA-2015-133424,OFF-LA-10002312,44.4
5284,CA-2018-105991,OFF-EN-10002600,21.24
5285,CA-2018-105991,OFF-BI-10003274,9.552
5286,CA-2018-105991,FUR-BO-10004467,89.991
5287,US-2018-136784,OFF-PA-10000675,163.96
5288,CA-2015-146283,OFF-PA-10002259,17.904
5289,CA-2015-146283,FUR-CH-10004287,966.7
5290,CA-2015-146283,OFF-PA-10000482,182.112
5291,CA-2018-151218,OFF-ST-10004835,4.464
5292,CA-2016-111073,FUR-TA-10004086,51.588
5293,CA-2018-144883,OFF-LA-10000305,50.4
5294,CA-2018-142174,OFF-PA-10000806,89.568
5295,CA-2018-108791,FUR-FU-10004018,14.89
5296,CA-2018-108791,TEC-PH-10002660,543.92
5297,CA-2017-106656,OFF-EN-10001509,4.08
5298,CA-2017-106656,OFF-LA-10003148,18.9
5299,CA-2017-113831,FUR-TA-10002645,2275.5
5300,CA-2017-113831,TEC-AC-10003033,1979.7
5301,CA-2017-113831,OFF-LA-10001297,62.1
5302,US-2015-139500,FUR-CH-10002017,37.296
5303,US-2015-166310,FUR-FU-10001546,8.544
5304,US-2017-168410,FUR-FU-10000629,68.95
5305,US-2017-168410,OFF-ST-10000036,296.37
5306,US-2017-168410,TEC-PH-10002583,39.98
5307,CA-2018-131254,FUR-CH-10003774,191.058
5308,CA-2018-131254,OFF-AR-10003876,13.04
5309,CA-2018-131254,OFF-BI-10003527,1525.188
5310,CA-2017-123414,OFF-LA-10004559,9.216
5311,CA-2017-123414,OFF-SU-10002573,28.048
5312,CA-2018-137876,FUR-FU-10000222,64.96
5313,CA-2018-137876,OFF-EN-10001219,30.56
5314,CA-2017-154060,FUR-CH-10002304,187.056
5315,US-2018-162558,FUR-FU-10002364,11.808
5316,US-2018-162558,FUR-FU-10004864,9.656
5317,US-2018-162558,OFF-PA-10003172,20.736
5318,US-2018-162558,OFF-BI-10000977,27.36
5319,US-2018-162558,FUR-TA-10000198,2314.116
5320,US-2018-162558,OFF-BI-10003984,34.236
5321,US-2018-162558,FUR-FU-10003691,19.76
5322,CA-2018-134439,OFF-PA-10004082,15.96
5323,CA-2016-119508,OFF-AR-10003723,16.9
5324,CA-2016-119508,FUR-FU-10004270,25.08
5325,CA-2016-152681,OFF-AR-10003183,6.68
5326,CA-2015-130813,OFF-PA-10002005,19.44
5327,CA-2016-120320,TEC-PH-10000149,31.92
5328,CA-2017-111941,OFF-BI-10001524,33.568
5329,CA-2017-123120,FUR-FU-10004748,63.94
5330,CA-2017-123120,OFF-BI-10001460,60.6
5331,CA-2017-123120,OFF-SU-10002503,22.72
5332,CA-2015-103331,FUR-FU-10001731,10.68
5333,CA-2015-103331,OFF-PA-10002160,17.34
5334,CA-2015-103331,OFF-PA-10002659,3.38
5335,CA-2016-169278,OFF-BI-10001636,26.976
5336,CA-2018-111577,OFF-PA-10000062,307.776
5337,CA-2016-146486,OFF-ST-10002554,244.55
5338,CA-2016-146486,OFF-EN-10001509,12.24
5339,CA-2016-146486,TEC-AC-10002018,13.98
5340,CA-2016-146486,TEC-AC-10002637,899.95
5341,US-2015-168501,OFF-EN-10001509,1.632
5342,US-2015-168501,TEC-PH-10004922,267.96
5343,CA-2016-112053,TEC-AC-10002550,31.95
5344,CA-2018-108539,OFF-ST-10003208,725.84
5345,CA-2018-108539,OFF-BI-10003981,10.896
5346,CA-2018-108539,OFF-BI-10001031,8.544
5347,CA-2016-149811,OFF-BI-10003676,32.34
5348,CA-2016-149811,OFF-PA-10004082,39.9
5349,US-2018-103814,OFF-PA-10001019,143.856
5350,CA-2017-123932,OFF-PA-10004665,41.92
5351,CA-2017-123932,TEC-PH-10002447,329.584
5352,US-2017-101616,OFF-BI-10000014,87.28
5353,CA-2015-113768,FUR-CH-10002439,279.456
5354,CA-2015-113768,OFF-PA-10003063,8.0
5355,CA-2017-138037,OFF-BI-10002982,27.24
5356,CA-2015-150490,TEC-AC-10004510,16.36
5357,CA-2015-150490,OFF-ST-10000321,15.78
5358,CA-2015-150490,OFF-AR-10004602,45.98
5359,US-2018-126060,FUR-BO-10003433,198.272
5360,CA-2018-100951,OFF-ST-10001496,720.76
5361,CA-2017-122017,FUR-FU-10000672,70.56
5362,CA-2017-122017,OFF-AP-10001293,81.96
5363,CA-2015-123477,OFF-AP-10000692,64.864
5364,CA-2017-107790,TEC-PH-10004539,151.192
5365,CA-2018-158071,TEC-PH-10002923,88.776
5366,CA-2018-158071,OFF-LA-10004689,11.56
5367,CA-2018-158071,OFF-ST-10001228,15.58
5368,CA-2018-147403,OFF-PA-10003302,85.056
5369,US-2018-136721,FUR-FU-10004665,273.96
5370,US-2018-136721,FUR-FU-10004188,306.9
5371,CA-2016-118738,OFF-PA-10003177,15.552
5372,CA-2016-118738,FUR-TA-10002607,347.361
5373,CA-2016-118738,OFF-PA-10001166,10.368
5374,CA-2018-134152,TEC-AC-10004510,98.16
5375,CA-2018-134152,OFF-AR-10004062,31.44
5376,CA-2015-125542,OFF-EN-10000056,348.488
5377,CA-2015-125542,OFF-ST-10001469,172.736
5378,CA-2017-136021,OFF-PA-10000551,15.54
5379,CA-2017-136021,TEC-MA-10000423,105.552
5380,CA-2017-149195,OFF-PA-10001870,25.92
5381,CA-2017-149195,OFF-FA-10001843,15.808
5382,CA-2017-149195,OFF-PA-10002036,10.368
5383,CA-2018-161410,TEC-PH-10001760,358.2
5384,CA-2018-161410,TEC-PH-10000673,545.916
5385,CA-2018-152786,OFF-BI-10000829,40.41
5386,CA-2018-164707,TEC-PH-10001924,167.976
5387,CA-2018-164707,TEC-AC-10004864,109.53
5388,CA-2018-164707,OFF-LA-10004345,9.82
5389,CA-2018-163874,OFF-BI-10000088,26.352
5390,US-2015-123183,OFF-LA-10002787,22.5
5391,US-2015-123183,OFF-LA-10001569,9.96
5392,US-2015-123183,OFF-BI-10002429,213.08
5393,US-2015-123183,FUR-BO-10000362,1025.88
5394,CA-2015-104829,OFF-PA-10003016,21.98
5395,US-2017-147340,FUR-FU-10002501,63.2
5396,CA-2017-145492,OFF-AP-10003622,39.0
5397,CA-2017-163202,OFF-BI-10002764,2.907
5398,CA-2017-117681,FUR-BO-10001798,556.665
5399,CA-2018-132262,TEC-AC-10000158,71.98
5400,CA-2018-132262,TEC-AC-10000303,79.98
5401,CA-2018-123043,OFF-BI-10003910,24.672
5402,CA-2018-123043,OFF-BI-10000138,3.744
5403,US-2017-143280,TEC-PH-10002398,445.96
5404,US-2017-143280,TEC-AC-10003399,36.24
5405,US-2017-143280,OFF-FA-10000992,10.65
5406,CA-2018-108854,OFF-PA-10003022,87.92
5407,CA-2018-108854,OFF-BI-10002854,22.424
5408,CA-2018-108854,OFF-BI-10001670,90.48
5409,CA-2018-108854,OFF-ST-10001837,42.76
5410,CA-2018-166856,OFF-BI-10002012,10.08
5411,CA-2018-166856,TEC-AC-10004992,101.34
5412,CA-2017-153157,TEC-PH-10003171,224.75
5413,US-2018-125647,OFF-AP-10000390,73.176
5414,US-2018-125647,OFF-PA-10004888,20.736
5415,US-2018-125647,TEC-PH-10004188,39.984
5416,CA-2015-132542,OFF-BI-10004099,15.36
5417,CA-2016-110877,OFF-PA-10004621,36.288
5418,CA-2016-110877,TEC-PH-10002103,150.384
5419,US-2017-151827,TEC-PH-10002789,280.782
5420,US-2017-151827,TEC-AC-10003289,31.984
5421,US-2017-163258,OFF-BI-10000138,11.232
5422,CA-2018-103009,OFF-PA-10001215,26.4
5423,US-2018-120649,OFF-AR-10001545,3.52
5424,CA-2017-153598,TEC-AC-10003870,1649.95
5425,CA-2017-153598,FUR-FU-10001085,111.9
5426,US-2017-108497,FUR-BO-10004218,599.165
5427,CA-2017-113096,OFF-ST-10003455,46.53
5428,CA-2015-136861,FUR-FU-10001967,31.984
5429,CA-2018-117422,OFF-AP-10000938,161.568
5430,CA-2018-117422,OFF-PA-10002195,4.064
5431,CA-2018-117422,OFF-BI-10002799,6.216
5432,CA-2018-129707,OFF-AR-10000246,8.896
5433,CA-2016-160171,OFF-AP-10000275,1640.7
5434,CA-2016-160171,TEC-AC-10000892,270.0
5435,CA-2015-103317,FUR-FU-10001591,19.52
5436,CA-2015-103317,OFF-BI-10001787,9.81
5437,CA-2015-103317,FUR-FU-10003192,213.216
5438,CA-2017-167115,OFF-BI-10004600,588.784
5439,US-2018-153633,OFF-AR-10002335,2.064
5440,CA-2018-155929,OFF-PA-10000859,6.368
5441,CA-2016-148712,TEC-AC-10003198,99.6
5442,CA-2016-148712,OFF-BI-10001900,62.296
5443,CA-2016-148712,OFF-AR-10000614,10.71
5444,CA-2017-128307,OFF-EN-10003040,20.936
5445,US-2017-127425,TEC-PH-10003442,33.0
5446,US-2017-127425,TEC-AC-10002800,249.95
5447,US-2015-119081,OFF-SU-10000157,357.93
5448,US-2015-119081,TEC-AC-10001542,57.4
5449,US-2015-119081,OFF-BI-10004519,331.96
5450,US-2015-119081,FUR-FU-10003464,40.56
5451,CA-2017-140613,OFF-SU-10004261,86.2
5452,US-2018-108700,OFF-PA-10004733,38.016
5453,CA-2018-160962,OFF-ST-10001325,8.384
5454,CA-2018-160962,OFF-AR-10003056,6.848
5455,CA-2018-130631,OFF-FA-10000089,19.6
5456,CA-2018-130631,FUR-FU-10004093,68.46
5457,CA-2018-116680,OFF-BI-10004022,13.344
5458,CA-2018-116680,FUR-TA-10001771,1478.272
5459,US-2015-107405,OFF-ST-10002301,16.272
5460,CA-2018-101574,FUR-FU-10001706,9.24
5461,CA-2015-146591,OFF-BI-10003676,32.34
5462,CA-2015-146591,OFF-PA-10000659,56.064
5463,CA-2015-146591,OFF-EN-10002504,108.72
5464,CA-2015-146591,FUR-BO-10001972,181.47
5465,CA-2015-107706,OFF-PA-10000466,16.176
5466,CA-2017-122448,FUR-CH-10002774,122.352
5467,CA-2015-132451,FUR-CH-10000454,585.552
5468,CA-2015-132451,OFF-PA-10004888,19.44
5469,CA-2017-158547,OFF-AP-10003842,123.92
5470,CA-2018-116946,FUR-FU-10000320,13.36
5471,CA-2018-116946,OFF-ST-10002554,78.256
5472,CA-2018-116946,FUR-BO-10000468,102.018
5473,CA-2018-121741,OFF-ST-10004459,750.68
5474,CA-2018-169691,OFF-LA-10002312,44.4
5475,CA-2018-169691,OFF-ST-10001291,84.55
5476,CA-2018-169691,OFF-PA-10003022,17.94
5477,CA-2017-121356,OFF-BI-10002133,128.4
5478,CA-2015-101770,OFF-BI-10001097,1.869
5479,CA-2018-105487,TEC-PH-10001336,103.192
5480,CA-2018-105487,TEC-AC-10002305,36.0
5481,CA-2018-105487,TEC-AC-10003610,239.96
5482,CA-2018-105487,OFF-ST-10002301,40.68
5483,CA-2018-148999,FUR-CH-10002044,419.136
5484,CA-2015-107573,OFF-EN-10001099,23.472
5485,CA-2016-156608,OFF-BI-10004140,3.592
5486,CA-2018-134495,TEC-PH-10004897,23.976
5487,CA-2018-134495,OFF-LA-10000262,6.264
5488,CA-2018-134495,OFF-AP-10002222,20.808
5489,CA-2018-134495,FUR-CH-10003774,218.352
5490,CA-2018-164098,OFF-ST-10000615,18.16
5491,CA-2015-105249,OFF-SU-10001225,7.36
5492,CA-2015-105249,OFF-LA-10002043,41.4
5493,CA-2015-105249,FUR-BO-10000330,411.332
5494,CA-2016-113523,OFF-BI-10001249,7.656
5495,CA-2018-117821,TEC-AC-10004469,63.92
5496,CA-2018-164378,OFF-AR-10001177,6.56
5497,CA-2018-164378,OFF-LA-10000634,7.83
5498,CA-2018-164378,TEC-AC-10004708,41.9
5499,CA-2018-164378,FUR-CH-10002084,664.146
5500,CA-2018-164378,OFF-PA-10004519,8.96
5501,CA-2018-127782,FUR-FU-10001847,3.312
5502,CA-2018-127782,OFF-AP-10001962,20.136
5503,CA-2018-127782,OFF-EN-10003845,8.856
5504,CA-2018-127782,TEC-PH-10001817,859.2
5505,US-2017-162026,OFF-PA-10000167,61.96
5506,CA-2017-150000,OFF-EN-10002973,17.92
5507,CA-2016-168529,FUR-FU-10001588,145.9
5508,US-2018-152569,OFF-PA-10001736,56.704
5509,US-2018-152569,TEC-PH-10002185,11.12
5510,US-2015-137680,OFF-PA-10000174,32.896
5511,US-2015-137680,OFF-PA-10000069,22.776
5512,CA-2016-103177,TEC-PH-10001795,239.97
5513,CA-2016-103177,OFF-AP-10004540,160.32
5514,CA-2016-103177,TEC-PH-10001527,128.85
5515,US-2017-138408,TEC-AC-10003870,1319.96
5516,CA-2018-117667,FUR-CH-10004540,239.96
5517,CA-2018-117667,FUR-FU-10004093,54.768
5518,CA-2018-117667,OFF-AR-10000716,13.392
5519,CA-2018-117667,OFF-PA-10002709,23.92
5520,CA-2018-117667,TEC-AC-10000580,255.968
5521,CA-2017-110982,OFF-BI-10000829,21.552
5522,CA-2017-110982,OFF-AP-10004859,58.24
5523,CA-2017-147123,OFF-PA-10000575,80.28
5524,CA-2018-154501,OFF-AR-10002804,9.78
5525,CA-2018-166933,OFF-FA-10002676,1.81
5526,CA-2016-142055,OFF-PA-10003465,37.94
5527,CA-2016-137106,TEC-PH-10000011,79.96
5528,CA-2018-136609,OFF-PA-10004381,115.296
5529,CA-2018-160885,TEC-PH-10001795,2479.96
5530,US-2017-167472,TEC-AC-10001109,179.94
5531,US-2017-167472,TEC-AC-10003038,26.85
5532,US-2017-167472,TEC-AC-10003174,323.37
5533,US-2017-167472,OFF-PA-10000157,59.94
5534,US-2017-167472,OFF-BI-10001721,64.14
5535,US-2017-167472,OFF-BI-10000591,11.67
5536,US-2017-167472,OFF-PA-10001534,12.96
5537,CA-2016-120551,OFF-BI-10002071,17.43
5538,US-2018-150595,FUR-CH-10000513,181.986
5539,US-2018-150595,OFF-BI-10003274,1.592
5540,US-2018-150595,OFF-SU-10000381,22.344
5541,CA-2017-134936,FUR-TA-10001086,455.97
5542,CA-2017-134936,OFF-BI-10000174,10.44
5543,CA-2017-134936,OFF-BI-10002103,5.214
5544,CA-2018-102967,OFF-ST-10001590,67.4
5545,CA-2018-151008,FUR-FU-10002396,25.16
5546,CA-2018-151008,TEC-PH-10002807,126.56
5547,CA-2015-159800,OFF-AP-10004859,43.68
5548,CA-2015-159800,TEC-AC-10003447,139.93
5549,US-2015-159618,OFF-AR-10003183,2.672
5550,US-2015-159618,OFF-SU-10000432,16.656
5551,US-2015-159618,TEC-AC-10003832,79.512
5552,US-2015-159618,OFF-PA-10004100,36.288
5553,US-2015-159618,FUR-BO-10004467,67.9932
5554,CA-2018-116113,FUR-FU-10002963,10.16
5555,CA-2016-125066,FUR-FU-10003829,6.16
5556,CA-2016-125066,OFF-AR-10003582,56.3
5557,US-2016-114741,OFF-PA-10000048,6.48
5558,US-2016-114741,OFF-ST-10000078,1325.85
5559,US-2016-114741,OFF-LA-10004853,14.94
5560,CA-2018-133263,OFF-BI-10001153,34.54
5561,CA-2018-133263,TEC-CO-10001449,2999.95
5562,CA-2018-133263,OFF-BI-10000474,64.12
5563,CA-2018-157966,OFF-AR-10000799,19.456
5564,CA-2018-157966,TEC-MA-10002109,209.986
5565,CA-2018-157966,OFF-AR-10003338,29.76
5566,CA-2018-157966,FUR-CH-10003606,89.768
5567,CA-2018-157966,TEC-CO-10001449,959.984
5568,CA-2018-157966,OFF-PA-10001934,15.552
5569,CA-2018-157966,TEC-PH-10001527,34.36
5570,CA-2015-151162,OFF-PA-10001033,98.376
5571,CA-2015-151162,OFF-BI-10003719,29.94
5572,CA-2015-151162,OFF-PA-10003036,17.472
5573,CA-2015-151162,TEC-PH-10001870,36.738
5574,CA-2015-151162,TEC-PH-10001809,179.94
5575,CA-2017-136686,FUR-FU-10004864,383.64
5576,CA-2017-136686,OFF-AP-10002350,56.52
5577,CA-2018-137498,OFF-AR-10003829,6.56
5578,CA-2018-137498,FUR-CH-10003833,243.92
5579,CA-2018-137498,OFF-PA-10000143,47.52
5580,CA-2018-163818,FUR-FU-10000076,19.98
5581,CA-2017-161158,OFF-AR-10000462,8.0
5582,CA-2015-116673,FUR-FU-10003829,6.16
5583,CA-2018-105333,OFF-ST-10002182,83.56
5584,CA-2018-105333,TEC-PH-10001468,546.06
5585,CA-2018-105333,OFF-ST-10001809,269.49
5586,CA-2016-149993,OFF-FA-10001561,10.9
5587,CA-2015-168158,OFF-BI-10001759,6.096
5588,CA-2017-115224,OFF-ST-10000615,34.05
5589,CA-2017-115224,OFF-ST-10003816,352.38
5590,CA-2015-164742,FUR-CH-10002880,245.98
5591,CA-2015-164742,OFF-BI-10004738,18.94
5592,US-2018-108014,OFF-BI-10003984,59.913
5593,CA-2018-160325,TEC-PH-10000984,391.98
5594,CA-2018-160325,TEC-PH-10001944,437.85
5595,CA-2016-159779,OFF-BI-10002735,68.62
5596,CA-2018-151176,OFF-SU-10001165,25.02
5597,CA-2018-151176,OFF-AR-10000614,10.71
5598,CA-2015-108903,OFF-AR-10004010,55.984
5599,CA-2015-108903,OFF-EN-10004030,14.48
5600,CA-2015-108903,TEC-AC-10003023,142.488
5601,CA-2017-117919,OFF-ST-10003572,14.16
5602,CA-2017-117919,OFF-PA-10004353,79.92
5603,CA-2016-142475,OFF-BI-10003718,590.352
5604,CA-2017-134516,FUR-FU-10001546,17.088
5605,CA-2017-134516,FUR-CH-10002880,98.392
5606,CA-2018-105193,OFF-AR-10001547,11.05
5607,CA-2016-168634,OFF-AP-10001626,7.78
5608,CA-2018-117198,TEC-AC-10003033,659.9
5609,CA-2016-145828,TEC-AC-10002323,53.04
5610,CA-2018-121027,TEC-AC-10002049,843.9
5611,CA-2018-121027,TEC-AC-10002253,1496.16
5612,CA-2017-147431,OFF-ST-10003994,117.96
5613,CA-2017-158001,OFF-AR-10002399,21.3
5614,CA-2017-158001,OFF-AP-10002118,1040.8
5615,CA-2017-158001,OFF-AR-10001954,29.34
5616,CA-2018-125745,FUR-FU-10001591,19.52
5617,CA-2016-101154,OFF-ST-10004186,443.92
5618,US-2017-124163,TEC-AC-10001908,499.95
5619,US-2017-124163,OFF-AR-10000817,3.04
5620,US-2017-124163,FUR-CH-10004218,201.96
5621,US-2017-124163,FUR-FU-10000755,68.64
5622,CA-2017-121748,TEC-AC-10003063,100.0
5623,CA-2017-121748,TEC-AC-10002637,359.98
5624,CA-2015-126683,FUR-FU-10001706,6.16
5625,CA-2015-126683,FUR-TA-10002958,2348.82
5626,CA-2018-148810,OFF-LA-10004689,13.872
5627,CA-2018-148810,FUR-CH-10001545,273.552
5628,US-2017-146066,FUR-TA-10002530,815.292
5629,CA-2015-127614,TEC-AC-10001432,234.45
5630,CA-2015-127614,FUR-TA-10003715,1256.22
5631,CA-2015-127614,OFF-BI-10003291,17.46
5632,CA-2017-101742,OFF-BI-10004187,10.528
5633,CA-2016-134943,OFF-BI-10000666,152.8
5634,CA-2018-123022,OFF-BI-10002225,82.56
5635,CA-2018-123022,TEC-AC-10000474,284.97
5636,CA-2018-113208,FUR-FU-10004245,60.84
5637,CA-2015-154893,FUR-CH-10004287,1325.76
5638,CA-2015-154893,FUR-CH-10000595,572.16
5639,CA-2015-147900,OFF-PA-10003063,28.8
5640,CA-2018-106355,OFF-AR-10000246,11.12
5641,CA-2017-127985,FUR-FU-10003274,7.04
5642,CA-2016-166604,OFF-EN-10004147,17.94
5643,CA-2018-120719,OFF-BI-10002103,34.76
5644,CA-2018-127117,FUR-FU-10004018,74.45
5645,CA-2016-104241,FUR-FU-10001473,192.22
5646,CA-2018-168179,OFF-PA-10001800,19.44
5647,CA-2018-142342,OFF-PA-10004609,32.4
5648,CA-2018-142342,OFF-EN-10002592,57.9
5649,CA-2018-142342,OFF-ST-10002957,10.56
5650,CA-2018-142342,FUR-BO-10002613,1194.165
5651,CA-2018-109099,OFF-PA-10001033,40.99
5652,US-2015-134187,OFF-AR-10000940,2.94
5653,CA-2017-145261,OFF-BI-10001670,45.24
5654,CA-2017-145261,OFF-AR-10004078,18.688
5655,CA-2017-145261,OFF-PA-10003036,11.648
5656,CA-2017-145261,TEC-AC-10000991,112.776
5657,CA-2017-145261,FUR-TA-10002530,377.45
5658,CA-2017-145261,OFF-LA-10000407,15.936
5659,CA-2017-145261,TEC-PH-10004833,28.68
5660,CA-2017-108875,FUR-FU-10002671,21.44
5661,CA-2017-108875,OFF-ST-10001370,511.056
5662,CA-2017-141957,OFF-AR-10000914,18.656
5663,CA-2017-141957,OFF-BI-10001116,11.088
5664,CA-2017-141957,OFF-ST-10002276,66.688
5665,CA-2017-141957,OFF-ST-10004340,99.488
5666,CA-2017-142405,OFF-LA-10004093,14.62
5667,CA-2017-142405,OFF-BI-10004728,53.984
5668,CA-2017-142405,TEC-AC-10003095,389.97
5669,CA-2016-141012,FUR-FU-10003192,355.36
5670,CA-2016-141012,TEC-PH-10004522,140.376
5671,CA-2018-127922,OFF-EN-10003068,15.84
5672,CA-2018-127922,OFF-PA-10001204,8.448
5673,CA-2017-146318,OFF-PA-10003953,12.96
5674,CA-2015-135993,TEC-PH-10001552,57.408
5675,CA-2015-135993,TEC-AC-10004877,27.6
5676,CA-2015-126802,FUR-FU-10000193,38.976
5677,CA-2017-143924,OFF-FA-10000735,20.44
5678,CA-2017-143924,OFF-PA-10002120,109.92
5679,CA-2017-141551,OFF-BI-10001249,6.38
5680,CA-2017-141551,OFF-PA-10001569,6.48
5681,CA-2015-164315,OFF-PA-10004248,15.84
5682,CA-2015-164315,TEC-PH-10001128,1049.93
5683,CA-2015-164315,OFF-AP-10003842,154.9
5684,CA-2016-131072,OFF-BI-10002794,98.352
5685,CA-2015-131541,OFF-FA-10000621,14.32
5686,CA-2015-131541,FUR-FU-10003623,129.888
5687,CA-2015-131541,OFF-EN-10000781,48.944
5688,CA-2016-119550,FUR-CH-10002044,275.058
5689,US-2016-138093,OFF-AR-10000817,27.36
5690,US-2016-138093,OFF-PA-10001509,44.75
5691,US-2016-138093,TEC-PH-10004667,134.99
5692,US-2016-138093,OFF-PA-10000143,26.4
5693,US-2016-138093,FUR-CH-10000785,542.94
5694,CA-2017-126165,FUR-TA-10001676,71.088
5695,CA-2018-126123,OFF-BI-10000309,27.396
5696,CA-2018-126123,OFF-BI-10004224,13.456
5697,CA-2017-143441,OFF-LA-10002312,11.84
5698,CA-2018-148320,OFF-PA-10003022,35.88
5699,CA-2017-125661,OFF-EN-10001532,40.752
5700,CA-2017-125661,TEC-AC-10004855,139.96
5701,US-2015-123519,OFF-AR-10003829,2.624
5702,US-2015-123519,FUR-TA-10002645,136.53
5703,US-2015-123519,TEC-AC-10003033,263.96
5704,CA-2015-155593,OFF-SU-10002522,11.64
5705,CA-2018-136000,OFF-BI-10004828,40.176
5706,US-2016-160857,FUR-FU-10001095,79.44
5707,US-2016-160857,OFF-SU-10000157,357.93
5708,US-2016-160857,FUR-CH-10002647,127.764
5709,US-2016-160857,TEC-CO-10004115,2799.944
5710,US-2016-160857,OFF-PA-10003363,19.44
5711,CA-2018-115805,TEC-PH-10003092,36.792
5712,US-2015-143707,TEC-PH-10003655,5.94
5713,CA-2018-116939,OFF-ST-10001476,177.55
5714,CA-2016-124107,TEC-AC-10002049,619.95
5715,CA-2016-124107,TEC-PH-10003875,29.16
5716,CA-2016-124107,OFF-EN-10003286,57.96
5717,CA-2016-124107,OFF-AP-10003971,29.403
5718,CA-2018-126550,OFF-ST-10001031,81.4
5719,CA-2016-138674,OFF-FA-10000304,8.72
5720,CA-2016-138674,TEC-AC-10000358,91.176
5721,CA-2016-138674,TEC-AC-10002800,159.968
5722,CA-2017-165820,OFF-PA-10004735,12.96
5723,CA-2015-103191,OFF-ST-10002574,331.536
5724,CA-2016-103933,TEC-AC-10004171,899.91
5725,CA-2016-110548,TEC-PH-10002922,946.344
5726,CA-2018-117324,TEC-AC-10003023,178.11
5727,CA-2018-117324,OFF-AP-10003590,1089.75
5728,CA-2018-117324,OFF-LA-10003510,61.06
5729,CA-2018-117324,FUR-BO-10003159,459.92
5730,CA-2018-117324,OFF-PA-10002713,27.52
5731,CA-2018-143574,FUR-BO-10002598,638.82
5732,CA-2018-143574,OFF-SU-10002537,30.69
5733,CA-2018-143574,FUR-FU-10003976,25.16
5734,CA-2015-111773,OFF-BI-10000174,13.92
5735,CA-2015-148614,OFF-PA-10002893,19.36
5736,CA-2015-148614,FUR-FU-10003194,19.3
5737,CA-2017-156139,OFF-BI-10004233,38.376
5738,US-2018-147886,OFF-PA-10000232,12.96
5739,US-2018-147886,FUR-FU-10001095,26.48
5740,US-2018-147886,TEC-MA-10004679,532.72
5741,US-2018-147886,OFF-PA-10003651,26.72
5742,US-2018-147886,OFF-PA-10000743,20.04
5743,US-2018-147886,OFF-ST-10002743,795.48
5744,US-2018-147886,FUR-FU-10003829,21.56
5745,CA-2017-113733,TEC-PH-10002496,249.584
5746,CA-2017-113733,TEC-AC-10002473,68.112
5747,CA-2017-113733,TEC-AC-10004877,16.56
5748,CA-2018-104913,TEC-PH-10000923,74.95
5749,CA-2015-145800,FUR-TA-10001539,355.455
5750,CA-2017-125850,OFF-LA-10003498,44.4
5751,CA-2017-125850,OFF-LA-10004484,20.65
5752,CA-2017-118514,FUR-CH-10000015,866.4
5753,CA-2016-150749,OFF-AR-10003732,5.56
5754,CA-2015-163748,OFF-AP-10004052,3.16
5755,CA-2015-163748,TEC-CO-10002095,1999.96
5756,CA-2016-119634,FUR-FU-10004270,46.152
5757,CA-2016-149300,TEC-MA-10000423,32.985
5758,US-2017-111528,OFF-ST-10001526,481.32
5759,US-2017-111528,OFF-BI-10002194,6.384
5760,CA-2018-158169,OFF-AP-10000828,542.94
5761,CA-2018-158169,FUR-FU-10001473,54.92
5762,CA-2016-162047,FUR-CH-10004983,1448.82
5763,CA-2016-117772,OFF-ST-10003994,353.88
5764,US-2015-126340,TEC-PH-10004447,333.576
5765,CA-2017-149685,OFF-LA-10004545,60.144
5766,CA-2018-126396,TEC-AC-10003116,85.2
5767,CA-2016-154900,OFF-LA-10001641,3.15
5768,CA-2016-154900,OFF-PA-10002377,22.72
5769,CA-2016-103835,FUR-FU-10000010,14.91
5770,CA-2016-103835,OFF-AP-10002651,1158.12
5771,CA-2016-158939,TEC-CO-10002313,599.99
5772,CA-2017-117408,OFF-ST-10001580,23.968
5773,CA-2017-142398,FUR-CH-10001545,638.288
5774,CA-2017-142398,OFF-BI-10004826,13.208
5775,CA-2017-105277,OFF-BI-10000301,15.528
5776,CA-2017-112060,OFF-PA-10000994,104.85
5777,CA-2015-105270,OFF-AR-10003156,30.48
5778,CA-2015-105270,FUR-CH-10000988,112.648
5779,US-2016-159513,TEC-MA-10003329,71.976
5780,CA-2016-155586,OFF-AR-10001547,2.21
5781,CA-2016-155586,OFF-EN-10003072,15.52
5782,CA-2016-155586,OFF-PA-10000726,36.44
5783,CA-2018-141117,FUR-BO-10001972,217.764
5784,CA-2018-141117,OFF-SU-10004664,39.072
5785,CA-2018-141117,OFF-BI-10003676,22.638
5786,CA-2018-141117,OFF-AR-10003727,95.144
5787,CA-2018-115070,FUR-FU-10003829,12.32
5788,CA-2018-115070,OFF-BI-10003712,4.419
5789,CA-2018-140186,OFF-FA-10002280,35.0
5790,CA-2018-140186,FUR-CH-10002961,72.784
5791,CA-2018-140186,OFF-AP-10002578,97.84
5792,CA-2018-140186,FUR-FU-10004848,51.75
5793,CA-2018-140186,OFF-BI-10003364,46.672
5794,CA-2015-124856,OFF-ST-10002615,1395.54
5795,CA-2015-124856,FUR-FU-10000521,117.36
5796,CA-2015-124856,OFF-LA-10000121,18.9
5797,CA-2015-124856,OFF-PA-10001289,77.52
5798,CA-2015-166716,FUR-CH-10004495,421.372
5799,CA-2015-123225,TEC-PH-10000895,575.968
5800,CA-2015-123225,OFF-PA-10000552,10.368
5801,CA-2016-163440,TEC-PH-10000376,15.984
5802,US-2018-106796,OFF-AR-10003504,10.272
5803,CA-2018-113873,OFF-ST-10000943,61.792
5804,CA-2018-113873,FUR-BO-10003441,205.9992
5805,CA-2017-149783,OFF-PA-10002195,12.192
5806,CA-2017-149783,OFF-AP-10001205,87.168
5807,CA-2017-149783,OFF-AR-10002987,31.744
5808,CA-2017-125017,FUR-FU-10000723,132.224
5809,US-2016-163279,OFF-PA-10003127,105.52
5810,US-2016-163279,FUR-FU-10000747,91.96
5811,US-2016-163279,TEC-PH-10001795,1487.976
5812,CA-2016-150196,OFF-PA-10003797,19.44
5813,US-2016-106495,TEC-AC-10002718,11.672
5814,CA-2015-124730,TEC-PH-10002170,279.96
5815,CA-2015-124730,OFF-BI-10001078,12.912
5816,CA-2015-124730,OFF-BI-10001031,17.088
5817,CA-2015-124730,OFF-LA-10001158,93.15
5818,CA-2015-124730,OFF-LA-10001613,11.52
5819,CA-2018-117632,OFF-SU-10000157,238.62
5820,CA-2018-117632,OFF-AP-10004868,7.77
5821,CA-2018-117632,FUR-TA-10001520,285.48
5822,CA-2018-117632,OFF-BI-10001900,19.168
5823,CA-2015-115056,OFF-AP-10003971,26.136
5824,CA-2018-161067,OFF-PA-10000418,419.4
5825,CA-2018-161067,FUR-CH-10004626,90.801
5826,CA-2018-161067,FUR-CH-10004860,181.764
5827,CA-2018-161067,OFF-AR-10003251,5.56
5828,CA-2017-122063,FUR-TA-10004575,581.96
5829,CA-2017-122063,FUR-CH-10004754,29.98
5830,CA-2016-111206,TEC-AC-10003095,519.96
5831,CA-2017-142895,OFF-LA-10000262,6.264
5832,CA-2017-142895,FUR-CH-10002961,363.92
5833,CA-2016-101868,OFF-BI-10003876,64.2
5834,CA-2016-101868,OFF-BI-10002133,38.52
5835,CA-2016-101868,TEC-AC-10004396,72.6
5836,CA-2018-133207,TEC-PH-10004100,57.568
5837,CA-2016-132948,OFF-ST-10000636,83.7
5838,CA-2016-134992,OFF-PA-10001972,32.4
5839,CA-2016-134992,FUR-FU-10002554,47.98
5840,CA-2016-126725,TEC-PH-10003174,415.968
5841,CA-2016-126725,OFF-ST-10001418,304.9
5842,CA-2016-126725,FUR-FU-10002813,80.96
5843,CA-2016-126725,OFF-ST-10000129,777.21
5844,CA-2016-126725,OFF-PA-10001639,32.4
5845,CA-2016-126725,FUR-CH-10001708,225.568
5846,CA-2016-126725,FUR-FU-10001591,36.6
5847,CA-2016-121783,OFF-AP-10003849,715.64
5848,CA-2016-121783,OFF-ST-10000078,795.51
5849,CA-2016-121783,TEC-CO-10001571,549.99
5850,CA-2016-121783,OFF-BI-10001658,74.76
5851,CA-2016-121783,FUR-FU-10004351,29.22
5852,US-2015-138835,OFF-BI-10003314,9.64
5853,CA-2016-112214,OFF-ST-10001505,33.488
5854,CA-2016-112214,OFF-SU-10003567,23.04
5855,CA-2016-112214,OFF-BI-10002982,1.362
5856,CA-2016-112214,FUR-FU-10002364,14.76
5857,US-2018-153255,FUR-BO-10004218,239.666
5858,CA-2016-108119,FUR-TA-10002530,301.96
5859,CA-2016-157434,OFF-PA-10001526,7.968
5860,CA-2017-101525,OFF-PA-10001497,109.92
5861,CA-2017-101525,OFF-PA-10003936,19.44
5862,CA-2017-101525,OFF-AR-10000716,11.16
5863,US-2015-117968,OFF-AP-10002765,79.47
5864,US-2015-117968,OFF-AR-10004165,4.56
5865,US-2015-117968,FUR-CH-10002335,1133.35
5866,CA-2017-158211,OFF-AR-10004078,4.672
5867,CA-2017-158211,OFF-BI-10002026,104.58
5868,CA-2017-152247,FUR-CH-10001215,1603.136
5869,CA-2017-128223,FUR-TA-10001771,1293.488
5870,CA-2017-154235,FUR-FU-10004006,127.95
5871,CA-2018-129910,OFF-ST-10003282,59.76
5872,CA-2018-133095,OFF-BI-10002353,108.08
5873,CA-2018-133095,OFF-BI-10004141,9.54
5874,CA-2016-130554,OFF-AR-10001954,11.736
5875,CA-2015-152443,OFF-BI-10001071,447.86
5876,CA-2015-152443,OFF-PA-10003022,17.94
5877,CA-2015-152443,OFF-AP-10001293,245.88
5878,CA-2017-133319,OFF-PA-10001815,192.16
5879,CA-2017-133935,FUR-CH-10001215,801.568
5880,CA-2017-133935,OFF-PA-10000100,368.91
5881,CA-2017-133935,FUR-CH-10002880,885.528
5882,CA-2017-136301,FUR-FU-10004712,28.28
5883,CA-2017-136301,OFF-SU-10000151,4912.59
5884,US-2015-109456,OFF-BI-10000136,14.352
5885,US-2015-109456,TEC-AC-10003610,179.97
5886,CA-2018-151596,OFF-ST-10001837,42.76
5887,CA-2016-147879,OFF-PA-10001952,45.68
5888,CA-2017-166625,OFF-BI-10002414,25.06
5889,CA-2017-146157,OFF-PA-10001790,38.432
5890,CA-2017-146157,OFF-ST-10001590,21.568
5891,CA-2017-146157,TEC-AC-10003657,81.576
5892,CA-2018-159954,OFF-BI-10004876,2.78
5893,CA-2018-100825,OFF-ST-10003123,99.87
5894,CA-2015-168305,OFF-LA-10003498,44.4
5895,CA-2015-168305,OFF-PA-10004947,21.4
5896,CA-2017-167682,FUR-FU-10003799,71.12
5897,CA-2017-167682,TEC-PH-10000673,259.96
5898,CA-2018-108000,OFF-EN-10002621,9.78
5899,CA-2016-146465,OFF-BI-10004528,24.192
5900,CA-2017-159639,FUR-FU-10001889,31.56
5901,US-2018-153948,OFF-PA-10000157,59.94
5902,US-2018-153948,OFF-PA-10002764,45.36
5903,US-2018-153948,OFF-PA-10000143,26.4
5904,US-2018-153948,OFF-LA-10000414,41.4
5905,US-2018-153948,TEC-AC-10003441,16.95
5906,US-2017-113985,OFF-BI-10002353,24.704
5907,US-2017-113985,OFF-AP-10001303,59.7
5908,US-2017-113985,FUR-FU-10003026,14.52
5909,US-2017-113985,OFF-BI-10000632,104.184
5910,CA-2017-155383,OFF-ST-10001328,46.53
5911,CA-2015-120432,OFF-SU-10004661,25.5
5912,US-2016-126977,OFF-ST-10000617,14.9
5913,US-2016-126977,OFF-LA-10002762,87.71
5914,US-2016-126977,FUR-CH-10001973,199.764
5915,US-2016-126977,OFF-ST-10003058,94.6
5916,US-2016-126977,FUR-BO-10004834,4228.704
5917,US-2016-126977,FUR-BO-10002213,2003.92
5918,US-2016-126977,TEC-PH-10002170,209.97
5919,US-2016-126977,TEC-AC-10003033,659.9
5920,US-2016-126977,OFF-PA-10004071,110.96
5921,US-2016-126977,TEC-PH-10000169,67.8
5922,CA-2017-130288,FUR-TA-10002958,313.176
5923,CA-2018-146458,OFF-AR-10001177,22.96
5924,CA-2018-150420,TEC-AC-10004975,1099.5
5925,US-2015-118997,FUR-TA-10001086,1215.92
5926,CA-2015-114314,OFF-LA-10000240,7.31
5927,CA-2015-114314,FUR-FU-10002107,8.92
5928,US-2018-169551,FUR-BO-10001519,87.21
5929,US-2018-169551,OFF-PA-10004100,15.552
5930,US-2018-169551,TEC-PH-10001363,683.988
5931,US-2018-169551,OFF-ST-10004835,13.392
5932,US-2018-169551,TEC-AC-10002018,16.776
5933,US-2018-169551,TEC-AC-10003033,527.92
5934,CA-2017-103107,FUR-FU-10000221,25.4
5935,CA-2017-103107,TEC-PH-10001198,177.48
5936,CA-2017-103107,TEC-PH-10002564,71.976
5937,CA-2018-122077,TEC-PH-10003811,95.992
5938,CA-2018-122077,OFF-LA-10004178,13.216
5939,CA-2018-112431,TEC-AC-10001465,435.84
5940,CA-2018-112431,OFF-AR-10000940,5.88
5941,CA-2017-151092,TEC-PH-10001700,211.168
5942,CA-2015-104178,FUR-FU-10000771,6.28
5943,CA-2015-104178,TEC-AC-10002399,95.1
5944,CA-2015-104178,OFF-PA-10004983,25.92
5945,CA-2015-104178,OFF-ST-10004258,48.84
5946,CA-2016-115924,OFF-BI-10004040,25.9
5947,CA-2018-161046,OFF-EN-10003862,42.68
5948,CA-2018-161046,TEC-AC-10004571,299.97
5949,CA-2018-161046,OFF-AP-10000891,262.24
5950,CA-2018-161046,OFF-BI-10002026,234.36
5951,US-2018-141698,OFF-PA-10001826,20.736
5952,US-2015-105151,OFF-AR-10001231,10.5
5953,CA-2015-155796,FUR-FU-10000409,23.968
5954,CA-2015-155796,FUR-BO-10002545,521.96
5955,CA-2017-127138,OFF-ST-10002756,676.55
5956,CA-2017-127138,OFF-AP-10003842,154.9
5957,CA-2017-127138,OFF-EN-10004459,30.56
5958,CA-2017-127138,FUR-CH-10003746,770.352
5959,CA-2018-150602,FUR-FU-10003142,21.12
5960,CA-2015-140732,TEC-PH-10001425,575.928
5961,CA-2015-140732,OFF-AP-10001626,7.78
5962,CA-2015-140732,OFF-PA-10003625,123.92
5963,CA-2018-119011,OFF-SU-10004768,17.22
5964,CA-2018-119011,OFF-ST-10000777,226.56
5965,CA-2018-119011,TEC-PH-10003171,107.88
5966,CA-2017-166912,OFF-PA-10001033,81.98
5967,CA-2015-141726,OFF-PA-10000418,104.85
5968,CA-2015-141726,OFF-BI-10001982,8.704
5969,CA-2015-141726,OFF-PA-10002230,19.92
5970,CA-2015-141726,FUR-FU-10003577,43.02
5971,CA-2018-115105,FUR-BO-10001811,240.784
5972,CA-2016-143980,OFF-AP-10003779,414.96
5973,CA-2017-135636,OFF-ST-10000676,387.72
5974,CA-2018-102155,OFF-ST-10001496,360.38
5975,CA-2018-102155,OFF-PA-10003673,13.56
5976,CA-2018-116953,TEC-PH-10004614,552.0
5977,CA-2015-117765,FUR-TA-10001039,429.9
5978,CA-2015-117765,OFF-BI-10000474,32.06
5979,CA-2015-117765,FUR-CH-10004698,161.96
5980,CA-2015-117765,OFF-ST-10003327,19.86
5981,CA-2017-114895,OFF-PA-10000232,12.96
5982,CA-2018-112984,OFF-PA-10003657,20.544
5983,CA-2017-163776,FUR-FU-10001185,185.58
5984,CA-2017-163776,OFF-BI-10003007,77.56
5985,CA-2017-163776,OFF-ST-10002485,87.92
5986,CA-2017-163776,OFF-PA-10001033,245.94
5987,CA-2017-163776,OFF-BI-10000404,8.6
5988,CA-2017-163776,FUR-BO-10003546,504.9
5989,US-2018-163300,OFF-BI-10004390,2357.488
5990,US-2018-163300,TEC-PH-10001700,369.544
5991,US-2018-163300,FUR-CH-10003396,184.752
5992,CA-2017-162187,OFF-ST-10001558,64.96
5993,CA-2017-162187,OFF-SU-10004782,13.52
5994,CA-2017-162187,FUR-CH-10003298,458.43
5995,CA-2017-162187,OFF-AP-10000576,387.136
5996,CA-2017-162187,FUR-TA-10003008,328.59
5997,US-2015-112991,FUR-CH-10001708,338.352
5998,US-2015-112991,OFF-PA-10000019,25.92
5999,US-2015-112991,OFF-PA-10002222,91.36
6000,CA-2015-124079,FUR-FU-10002553,87.96
6001,CA-2015-124079,OFF-BI-10002103,5.214
6002,US-2018-146878,OFF-BI-10002794,12.294
6003,CA-2018-107244,FUR-FU-10002597,19.76
6004,CA-2016-100657,FUR-CH-10003535,109.764
6005,CA-2018-129581,TEC-PH-10001527,128.85
6006,CA-2018-129028,FUR-FU-10004006,127.95
6007,CA-2016-135580,OFF-PA-10000595,68.52
6008,CA-2016-135580,OFF-ST-10000798,74.94
6009,CA-2016-135580,TEC-MA-10004002,2548.56
6010,CA-2016-135580,OFF-EN-10003296,271.44
6011,CA-2016-135580,TEC-PH-10004345,287.88
6012,CA-2017-159016,OFF-PA-10004405,14.9
6013,CA-2017-159016,TEC-PH-10002885,4158.912
6014,CA-2015-102652,FUR-FU-10000747,91.96
6015,CA-2015-102652,FUR-FU-10001918,33.11
6016,CA-2015-102652,OFF-PA-10003309,19.44
6017,CA-2015-102652,OFF-PA-10001977,55.48
6018,CA-2015-152422,OFF-AP-10002892,91.92
6019,US-2017-156692,OFF-AP-10002222,17.34
6020,US-2017-156692,TEC-AC-10000158,71.98
6021,CA-2015-130869,OFF-EN-10002600,7.08
6022,US-2018-128832,TEC-AC-10004855,69.98
6023,CA-2018-139717,OFF-AP-10000938,646.272
6024,CA-2018-139717,OFF-PA-10002195,10.368
6025,CA-2018-136007,OFF-FA-10002701,8.4
6026,CA-2018-136007,TEC-PH-10003589,71.96
6027,CA-2017-157364,OFF-AR-10003752,18.48
6028,US-2017-112970,OFF-AR-10003829,9.84
6029,US-2018-152492,FUR-CH-10000155,239.24
6030,CA-2017-101168,FUR-FU-10003142,21.12
6031,CA-2018-104010,OFF-SU-10001218,54.9
6032,CA-2016-130253,FUR-FU-10002963,15.24
6033,US-2016-155369,OFF-AP-10002578,19.568
6034,US-2016-155369,OFF-BI-10003925,310.392
6035,CA-2017-131205,FUR-FU-10003347,42.6
6036,CA-2017-131205,OFF-BI-10000315,113.94
6037,CA-2017-131205,OFF-ST-10002583,129.92
6038,CA-2017-131205,OFF-AR-10003469,5.28
6039,CA-2018-122364,TEC-PH-10001817,859.2
6040,CA-2018-122364,TEC-MA-10001031,506.28
6041,CA-2017-117912,FUR-FU-10002088,14.368
6042,CA-2018-145702,FUR-CH-10001482,314.352
6043,CA-2018-145702,OFF-PA-10001526,27.888
6044,CA-2016-113215,FUR-FU-10002937,238.152
6045,CA-2017-154662,FUR-TA-10001771,692.94
6046,CA-2016-105571,OFF-BI-10003305,16.146
6047,CA-2016-105571,OFF-BI-10001359,1345.485
6048,CA-2017-152765,OFF-PA-10000483,173.488
6049,CA-2016-153878,OFF-AR-10000658,57.75
6050,CA-2016-153878,OFF-AP-10001205,272.4
6051,CA-2017-124016,OFF-PA-10002586,11.952
6052,CA-2017-124016,FUR-FU-10004963,28.0
6053,CA-2017-124016,OFF-BI-10002071,12.201
6054,CA-2017-113551,OFF-BI-10001617,2.068
6055,CA-2017-113551,OFF-PA-10004665,83.84
6056,CA-2015-107524,OFF-EN-10001990,11.36
6057,CA-2015-107524,OFF-PA-10000587,36.4
6058,CA-2015-138072,TEC-AC-10004859,27.968
6059,CA-2016-134201,OFF-ST-10001476,142.04
6060,CA-2016-134201,OFF-AR-10002804,14.67
6061,CA-2016-111780,TEC-CO-10004202,1199.96
6062,CA-2016-111780,OFF-PA-10001307,12.6
6063,CA-2016-111780,OFF-PA-10001667,17.94
6064,CA-2016-119942,OFF-LA-10001569,23.904
6065,CA-2016-151547,OFF-SU-10000898,88.96
6066,CA-2018-166695,FUR-CH-10000225,518.272
6067,CA-2018-166695,FUR-FU-10002191,6.98
6068,CA-2018-166695,TEC-MA-10003176,343.2
6069,CA-2018-167542,OFF-LA-10004093,17.544
6070,CA-2016-120901,OFF-ST-10000025,152.688
6071,CA-2016-120901,OFF-FA-10001561,3.488
6072,CA-2016-120901,OFF-SU-10001225,5.888
6073,CA-2018-121398,OFF-BI-10001718,153.552
6074,CA-2018-121398,OFF-ST-10002756,270.62
6075,CA-2017-151561,TEC-AC-10001432,468.9
6076,CA-2017-151561,TEC-AC-10003399,72.48
6077,CA-2017-151561,OFF-SU-10001574,10.95
6078,CA-2017-151561,FUR-FU-10004864,191.82
6079,CA-2018-154676,OFF-ST-10001172,151.056
6080,US-2015-165589,FUR-FU-10002396,25.16
6081,US-2017-132577,OFF-BI-10004040,6.216
6082,US-2017-132577,OFF-AR-10003481,23.616
6083,US-2017-132577,TEC-AC-10000387,24.032
6084,US-2017-132577,OFF-LA-10000262,2.088
6085,US-2017-132577,OFF-BI-10003196,4.488
6086,CA-2016-114048,FUR-FU-10004351,29.22
6087,CA-2016-137281,OFF-PA-10001870,6.48
6088,US-2018-162068,OFF-BI-10002813,1.188
6089,CA-2018-100111,FUR-CH-10003846,272.646
6090,CA-2018-100111,TEC-AC-10002647,212.8
6091,CA-2018-100111,OFF-PA-10000807,38.52
6092,CA-2018-100111,TEC-AC-10001465,72.64
6093,CA-2018-100111,OFF-ST-10000615,45.4
6094,CA-2018-100111,OFF-PA-10002713,13.76
6095,CA-2018-100111,FUR-CH-10003061,80.991
6096,CA-2018-100111,OFF-BI-10000343,11.784
6097,CA-2018-100111,OFF-FA-10000304,4.36
6098,CA-2018-100111,FUR-CH-10004086,2888.127
6099,CA-2018-100111,TEC-PH-10002885,1299.66
6100,CA-2018-100111,FUR-CH-10001215,2254.41
6101,CA-2018-100111,TEC-PH-10000215,104.85
6102,CA-2018-100111,TEC-AC-10001998,59.97
6103,US-2018-132381,FUR-TA-10002356,314.532
6104,CA-2016-147011,OFF-AR-10002399,13.632
6105,CA-2015-120852,OFF-AP-10001563,19.432
6106,CA-2015-120852,TEC-AC-10004510,65.44
6107,CA-2017-150007,OFF-LA-10001982,6.0
6108,CA-2017-150007,OFF-BI-10004141,1.908
6109,CA-2017-124590,FUR-CH-10004495,1474.802
6110,CA-2017-124590,OFF-AP-10002311,110.096
6111,CA-2017-124590,OFF-FA-10000585,16.752
6112,CA-2017-124590,FUR-CH-10000454,1537.074
6113,CA-2017-124590,FUR-CH-10003746,449.372
6114,CA-2017-133802,OFF-BI-10003291,41.904
6115,US-2017-113677,TEC-PH-10002114,2279.96
6116,US-2017-113677,OFF-LA-10001569,14.94
6117,CA-2018-143378,TEC-PH-10001425,191.976
6118,CA-2018-143378,OFF-AR-10001915,23.832
6119,CA-2018-143378,FUR-FU-10004864,409.216
6120,CA-2018-143378,FUR-BO-10001972,72.588
6121,CA-2018-152660,OFF-ST-10000532,61.568
6122,CA-2016-142139,OFF-PA-10003883,20.96
6123,CA-2018-145772,TEC-AC-10003038,44.75
6124,CA-2018-145772,OFF-PA-10001593,11.96
6125,CA-2018-145772,OFF-BI-10002049,3.912
6126,CA-2017-124100,FUR-CH-10003817,327.996
6127,US-2015-158400,OFF-BI-10002353,49.408
6128,CA-2018-162033,TEC-AC-10003116,53.25
6129,CA-2018-162033,OFF-FA-10003021,3.76
6130,CA-2015-163447,FUR-CH-10004477,767.214
6131,CA-2018-145737,OFF-PA-10001033,163.96
6132,CA-2017-148096,FUR-TA-10004152,161.28
6133,CA-2017-146766,OFF-AR-10002135,192.8
6134,CA-2016-105613,TEC-AC-10000521,27.696
6135,CA-2016-105613,OFF-AP-10000026,73.164
6136,US-2017-142251,OFF-PA-10002986,32.064
6137,CA-2015-131247,FUR-BO-10001337,205.666
6138,US-2016-113593,OFF-ST-10000532,115.44
6139,CA-2018-121083,OFF-PA-10001497,274.8
6140,CA-2018-121083,OFF-ST-10002554,195.64
6141,CA-2018-121083,TEC-PH-10001336,257.98
6142,CA-2018-121083,OFF-AR-10002987,119.04
6143,CA-2018-151190,OFF-PA-10000575,20.07
6144,CA-2015-133543,OFF-AR-10003394,11.76
6145,CA-2018-105130,OFF-AR-10003394,11.76
6146,CA-2018-105130,OFF-BI-10001191,40.736
6147,CA-2017-161928,TEC-PH-10003484,201.584
6148,CA-2018-101322,FUR-CH-10003968,340.704
6149,US-2017-106600,FUR-BO-10001608,354.9
6150,CA-2015-111871,FUR-BO-10004218,1198.33
6151,CA-2018-139437,OFF-ST-10002485,87.92
6152,CA-2018-151484,FUR-FU-10001876,51.968
6153,CA-2018-151484,OFF-ST-10002370,51.336
6154,CA-2018-151484,OFF-ST-10000142,332.704
6155,CA-2018-151484,FUR-FU-10004671,42.408
6156,CA-2017-104150,OFF-EN-10002504,81.54
6157,CA-2017-104150,TEC-AC-10004803,167.28
6158,CA-2017-161025,OFF-ST-10001932,772.68
6159,CA-2015-103989,TEC-PH-10004667,323.976
6160,CA-2015-103989,OFF-LA-10000443,11.808
6161,CA-2015-103989,OFF-ST-10000918,26.16
6162,CA-2015-103989,OFF-BI-10001196,33.57
6163,CA-2015-103989,FUR-FU-10003981,4.992
6164,CA-2015-103989,FUR-FU-10002508,20.016
6165,CA-2015-103989,TEC-AC-10002647,170.24
6166,CA-2016-142433,OFF-PA-10002377,117.456
6167,CA-2016-132815,OFF-PA-10004530,22.96
6168,CA-2015-101266,OFF-PA-10002986,13.36
6169,CA-2017-141523,OFF-BI-10000948,34.248
6170,CA-2017-141523,OFF-AR-10001545,3.52
6171,US-2015-106299,OFF-BI-10001758,26.7
6172,US-2015-106299,TEC-AC-10003237,21.2
6173,US-2015-106299,OFF-ST-10002011,838.38
6174,CA-2016-158421,FUR-CH-10000309,1690.04
6175,CA-2016-158421,OFF-ST-10002444,85.96
6176,CA-2016-158421,OFF-EN-10001453,121.96
6177,CA-2016-158421,OFF-PA-10001801,23.92
6178,CA-2016-158421,OFF-ST-10000563,63.96
6179,CA-2016-158421,TEC-PH-10000369,629.95
6180,CA-2016-158421,TEC-PH-10002538,113.73
6181,CA-2016-158421,OFF-BI-10000050,14.6
6182,CA-2016-158421,OFF-ST-10004186,887.84
6183,CA-2017-143609,FUR-CH-10004218,403.92
6184,CA-2016-138331,OFF-AR-10002952,106.8
6185,CA-2016-138954,OFF-ST-10003058,70.95
6186,CA-2016-138954,OFF-BI-10003963,34.944
6187,CA-2016-138954,OFF-AR-10001955,119.04
6188,CA-2018-157903,TEC-PH-10004345,383.84
6189,CA-2017-157259,FUR-FU-10003192,799.56
6190,CA-2018-107986,OFF-ST-10001325,31.44
6191,CA-2018-104927,OFF-PA-10000019,25.92
6192,CA-2018-104927,OFF-BI-10003429,6.33
6193,CA-2018-104927,OFF-PA-10000176,75.88
6194,CA-2018-113453,TEC-PH-10004165,329.988
6195,CA-2018-113453,OFF-ST-10000352,71.376
6196,CA-2016-149909,OFF-PA-10000726,63.77
6197,CA-2016-149909,TEC-PH-10001536,50.97
6198,CA-2016-149909,OFF-PA-10001790,96.08
6199,CA-2016-146675,TEC-CO-10001766,1439.968
6200,CA-2016-146675,TEC-AC-10004396,43.56
6201,CA-2017-118332,FUR-CH-10001708,563.92
6202,CA-2017-133669,TEC-PH-10001305,235.152
6203,CA-2018-145660,FUR-FU-10002885,7.712
6204,CA-2017-133697,OFF-PA-10000726,51.016
6205,CA-2017-133697,OFF-FA-10003112,25.248
6206,CA-2017-133697,FUR-CH-10002372,56.686
6207,CA-2018-148138,OFF-ST-10000563,51.168
6208,CA-2018-119809,OFF-BI-10003925,2793.528
6209,CA-2018-119809,OFF-ST-10003306,1000.02
6210,CA-2018-119809,FUR-FU-10001475,65.94
6211,CA-2018-149944,OFF-FA-10003495,18.24
6212,CA-2018-149944,OFF-AP-10004708,76.12
6213,CA-2015-128538,OFF-EN-10001219,7.64
6214,CA-2016-161711,FUR-FU-10000087,68.16
6215,CA-2016-161711,OFF-EN-10001539,62.24
6216,US-2016-129553,TEC-PH-10004897,29.97
6217,CA-2017-160220,TEC-PH-10001300,125.7
6218,CA-2017-160220,TEC-PH-10001557,191.98
6219,CA-2017-160220,OFF-ST-10000617,20.86
6220,US-2018-157224,OFF-LA-10000121,56.7
6221,CA-2018-140627,FUR-FU-10000087,72.704
6222,CA-2018-140627,OFF-AR-10000422,12.264
6223,CA-2018-140627,OFF-ST-10004123,218.352
6224,CA-2016-133445,FUR-BO-10003660,66.294
6225,CA-2016-133445,FUR-CH-10000422,291.168
6226,CA-2015-148782,TEC-PH-10002923,88.776
6227,CA-2017-148208,TEC-PH-10004093,110.376
6228,CA-2017-148208,TEC-AC-10000171,55.176
6229,CA-2018-127656,OFF-AR-10001166,30.32
6230,US-2018-142188,FUR-CH-10003199,177.568
6231,US-2018-142188,OFF-PA-10002005,19.44
6232,US-2018-142188,OFF-PA-10004101,71.28
6233,US-2018-142188,OFF-BI-10004600,1471.96
6234,US-2018-142188,TEC-PH-10000127,79.96
6235,CA-2017-144400,OFF-EN-10004386,57.576
6236,US-2017-155180,OFF-BI-10004506,26.336
6237,CA-2016-134075,FUR-FU-10004597,166.5
6238,CA-2016-134075,OFF-ST-10001496,360.38
6239,US-2017-131912,OFF-BI-10004236,11.744
6240,CA-2018-141572,FUR-FU-10001185,247.44
6241,CA-2015-134621,OFF-BI-10000977,18.24
6242,CA-2017-165561,OFF-SU-10004782,25.35
6243,CA-2016-112305,OFF-AR-10002067,119.04
6244,CA-2016-112305,FUR-FU-10002364,22.14
6245,CA-2016-112305,TEC-AC-10002018,13.98
6246,CA-2018-121580,OFF-BI-10000632,43.41
6247,CA-2018-121580,FUR-FU-10003981,6.24
6248,CA-2018-121580,OFF-AP-10001564,465.16
6249,CA-2018-121580,OFF-PA-10004082,7.98
6250,CA-2015-101147,OFF-AP-10004249,2.394
6251,CA-2015-165806,OFF-PA-10003441,58.32
6252,CA-2015-165806,TEC-PH-10004922,200.97
6253,CA-2016-151624,FUR-FU-10001731,21.36
6254,CA-2018-139444,OFF-LA-10000134,9.856
6255,CA-2016-133977,OFF-BI-10003166,3.444
6256,CA-2018-141425,OFF-SU-10000646,384.592
6257,CA-2016-133536,OFF-EN-10004459,22.92
6258,CA-2016-150441,OFF-BI-10003529,11.36
6259,CA-2016-162607,OFF-BI-10002949,14.592
6260,CA-2018-103506,OFF-LA-10001158,41.4
6261,CA-2017-132479,OFF-BI-10004584,442.372
6262,CA-2018-160724,OFF-BI-10004965,34.5
6263,US-2017-115952,OFF-BI-10004654,28.85
6264,CA-2015-146731,OFF-PA-10000141,3.488
6265,CA-2015-146731,OFF-PA-10001019,143.856
6266,CA-2016-115392,TEC-PH-10002496,311.98
6267,CA-2016-115392,OFF-BI-10000829,22.45
6268,CA-2018-102379,TEC-PH-10001448,39.992
6269,CA-2018-102379,FUR-CH-10004983,1159.056
6270,CA-2018-102379,OFF-AR-10004022,179.9
6271,CA-2018-149706,TEC-AC-10001284,116.312
6272,US-2017-139087,FUR-FU-10001847,12.42
6273,US-2017-139087,TEC-AC-10004595,428.4
6274,US-2017-139087,FUR-FU-10004164,24.75
6275,US-2017-139087,OFF-LA-10001074,87.71
6276,US-2017-139087,OFF-ST-10000604,69.52
6277,US-2017-139087,TEC-PH-10000148,20.784
6278,US-2017-139087,OFF-BI-10000042,12.816
6279,CA-2018-152226,OFF-LA-10000443,5.904
6280,CA-2016-116484,FUR-FU-10002874,63.824
6281,CA-2016-116484,OFF-ST-10003994,141.552
6282,CA-2017-100944,OFF-EN-10001453,304.9
6283,CA-2017-100944,FUR-CH-10000988,563.24
6284,CA-2017-125080,FUR-TA-10003238,661.176
6285,CA-2017-121020,TEC-PH-10001061,239.976
6286,CA-2015-100090,FUR-TA-10003715,502.488
6287,CA-2015-100090,OFF-BI-10001597,196.704
6288,US-2016-139675,FUR-CH-10004063,915.136
6289,US-2016-139675,FUR-FU-10001979,327.76
6290,CA-2018-143756,FUR-CH-10001854,701.96
6291,CA-2016-151253,TEC-PH-10002923,88.776
6292,CA-2016-151253,OFF-AR-10004691,64.14
6293,CA-2015-141152,OFF-BI-10002931,33.552
6294,CA-2015-141313,OFF-AP-10002651,1737.18
6295,CA-2015-141313,OFF-ST-10000689,704.25
6296,CA-2015-141313,OFF-PA-10003302,141.76
6297,CA-2015-169852,OFF-BI-10001460,36.36
6298,CA-2018-107314,FUR-FU-10003489,25.83
6299,US-2015-161305,OFF-BI-10002794,24.588
6300,US-2015-161305,OFF-EN-10000461,13.984
6301,CA-2018-166919,TEC-PH-10001305,195.96
6302,CA-2018-162712,OFF-PA-10000167,74.352
6303,CA-2018-107552,OFF-PA-10002947,6.68
6304,CA-2017-163328,OFF-SU-10002301,17.584
6305,CA-2017-163328,FUR-CH-10003298,104.784
6306,CA-2017-163328,OFF-PA-10004353,47.952
6307,CA-2017-163328,FUR-CH-10000229,650.352
6308,CA-2017-163328,OFF-LA-10003930,629.184
6309,CA-2017-163328,OFF-PA-10000176,15.176
6310,CA-2015-112837,FUR-FU-10004006,127.95
6311,CA-2018-120019,OFF-ST-10001932,579.51
6312,CA-2018-120019,TEC-PH-10000923,14.99
6313,CA-2015-100762,OFF-AR-10000380,151.92
6314,CA-2015-100762,OFF-LA-10003930,196.62
6315,CA-2015-100762,OFF-PA-10001815,144.12
6316,CA-2015-100762,OFF-PA-10004082,15.96
6317,CA-2018-161459,TEC-PH-10004071,39.96
6318,CA-2018-161459,OFF-PA-10002377,34.08
6319,CA-2018-160017,OFF-PA-10001800,10.368
6320,CA-2015-123316,OFF-BI-10002764,7.752
6321,CA-2015-141299,OFF-EN-10004459,15.28
6322,CA-2015-104402,TEC-MA-10000423,65.97
6323,CA-2016-110289,OFF-PA-10002986,33.4
6324,CA-2016-110289,OFF-EN-10001434,210.84
6325,CA-2015-167927,OFF-ST-10000760,13.98
6326,CA-2015-167927,FUR-FU-10002918,272.94
6327,CA-2015-167927,OFF-BI-10000605,19.05
6328,CA-2015-167927,OFF-AP-10002311,247.716
6329,CA-2015-167927,OFF-ST-10003123,66.58
6330,CA-2015-167927,OFF-AR-10004456,43.92
6331,CA-2015-167927,FUR-FU-10002268,14.73
6332,CA-2015-167927,OFF-BI-10004364,29.7
6333,CA-2015-133305,OFF-PA-10001970,49.12
6334,CA-2015-133305,OFF-BI-10002954,18.28
6335,CA-2017-165995,FUR-FU-10000672,47.04
6336,CA-2017-165995,TEC-PH-10004908,339.96
6337,CA-2018-143112,TEC-PH-10003095,87.8
6338,CA-2018-143112,FUR-CH-10002880,221.382
6339,CA-2018-143112,TEC-MA-10001047,5199.96
6340,US-2017-105830,OFF-ST-10002554,156.512
6341,CA-2016-146255,TEC-AC-10004469,119.85
6342,CA-2016-146255,OFF-BI-10000309,30.44
6343,CA-2016-146255,OFF-BI-10001765,69.28
6344,CA-2016-146255,TEC-PH-10001619,587.97
6345,CA-2018-104822,OFF-LA-10002034,24.55
6346,CA-2016-104486,OFF-BI-10000309,12.176
6347,CA-2016-104486,OFF-ST-10000876,37.32
6348,CA-2016-104486,OFF-SU-10002573,35.06
6349,CA-2018-161557,FUR-FU-10004622,108.4
6350,CA-2018-161130,TEC-PH-10002549,361.376
6351,US-2016-161347,OFF-BI-10004209,2.412
6352,US-2016-109015,OFF-AP-10001962,8.39
6353,US-2016-109015,TEC-PH-10002922,337.98
6354,CA-2015-110611,OFF-ST-10000642,83.92
6355,CA-2018-139080,OFF-BI-10001757,19.68
6356,CA-2018-139080,OFF-PA-10004621,25.92
6357,CA-2018-139080,OFF-PA-10002262,6.48
6358,CA-2018-139080,TEC-PH-10004100,86.352
6359,CA-2016-115693,OFF-AR-10003582,56.3
6360,US-2015-107993,OFF-AR-10003179,51.016
6361,CA-2018-110443,OFF-BI-10001670,150.8
6362,CA-2018-110443,TEC-MA-10002073,1039.992
6363,CA-2018-110443,OFF-PA-10003797,51.84
6364,CA-2018-144848,TEC-PH-10004006,41.22
6365,CA-2018-144848,OFF-SU-10000646,240.37
6366,CA-2018-144848,TEC-PH-10002262,119.02
6367,US-2018-147998,OFF-BI-10002082,133.12
6368,CA-2017-103919,FUR-FU-10001756,38.08
6369,CA-2017-113425,FUR-BO-10002598,113.568
6370,CA-2018-143035,FUR-FU-10001934,83.92
6371,CA-2018-143035,OFF-AR-10001130,6.63
6372,CA-2018-143035,TEC-AC-10002049,371.97
6373,CA-2015-107811,FUR-CH-10001394,561.584
6374,CA-2015-107811,OFF-ST-10000798,99.92
6375,CA-2017-163216,OFF-LA-10000134,4.928
6376,US-2017-116442,FUR-FU-10002364,14.76
6377,CA-2018-150623,TEC-AC-10004571,99.99
6378,CA-2018-150623,OFF-ST-10003692,286.15
6379,US-2015-163797,OFF-FA-10001883,49.792
6380,CA-2017-127236,FUR-BO-10004015,299.975
6381,CA-2017-127236,TEC-PH-10000141,158.376
6382,US-2018-104661,OFF-BI-10001597,32.784
6383,US-2018-104661,TEC-AC-10003628,47.984
6384,US-2018-104661,TEC-AC-10002331,62.592
6385,US-2018-104661,OFF-BI-10001098,4.276
6386,CA-2015-134103,OFF-PA-10001204,10.56
6387,CA-2015-134103,OFF-ST-10000991,229.94
6388,CA-2016-147529,OFF-EN-10000056,311.15
6389,CA-2016-147529,OFF-PA-10003349,12.96
6390,CA-2017-129126,OFF-PA-10001471,14.62
6391,CA-2017-129126,OFF-LA-10003190,5.76
6392,CA-2017-129126,OFF-FA-10000621,21.48
6393,CA-2017-129126,FUR-FU-10002937,396.92
6394,CA-2017-129126,OFF-ST-10004507,17.15
6395,CA-2017-129126,OFF-BI-10000279,23.12
6396,CA-2018-131632,OFF-AR-10003651,5.248
6397,CA-2018-151981,TEC-PH-10003601,824.95
6398,CA-2018-151981,OFF-LA-10002195,24.64
6399,CA-2018-151981,OFF-AR-10000380,227.88
6400,CA-2018-125472,FUR-BO-10000330,241.96
6401,CA-2018-125472,OFF-BI-10000591,3.89
6402,CA-2018-125472,FUR-FU-10001731,8.01
6403,CA-2016-156328,TEC-PH-10001198,177.48
6404,CA-2018-154074,FUR-CH-10002331,569.568
6405,CA-2018-154074,OFF-ST-10002370,149.73
6406,CA-2018-161774,FUR-CH-10003981,899.43
6407,CA-2018-161774,OFF-AR-10001446,46.2
6408,CA-2018-161774,OFF-PA-10000300,47.952
6409,CA-2018-161774,TEC-PH-10004071,7.992
6410,CA-2018-161774,OFF-PA-10003134,76.864
6411,CA-2018-151211,OFF-BI-10002735,102.93
6412,CA-2018-151211,TEC-AC-10004510,98.16
6413,CA-2018-142671,OFF-BI-10004099,11.52
6414,CA-2018-144750,OFF-PA-10003395,83.88
6415,CA-2017-111976,TEC-PH-10002890,108.576
6416,CA-2017-111976,OFF-FA-10004968,5.984
6417,CA-2017-140130,OFF-SU-10001218,21.96
6418,CA-2017-140130,FUR-CH-10002084,368.97
6419,CA-2017-140130,OFF-AR-10004269,12.39
6420,CA-2017-140130,OFF-ST-10001128,332.94
6421,CA-2015-159121,TEC-AC-10002006,111.93
6422,CA-2016-149650,FUR-CH-10003956,454.272
6423,CA-2018-115777,OFF-PA-10000552,19.44
6424,CA-2017-143714,TEC-CO-10004722,8399.976
6425,CA-2017-143714,OFF-BI-10004308,6.294
6426,CA-2017-143714,OFF-PA-10000029,10.368
6427,CA-2017-143714,TEC-PH-10004080,122.382
6428,CA-2015-165764,OFF-ST-10001558,25.984
6429,CA-2015-165764,FUR-TA-10001768,945.036
6430,CA-2015-165764,OFF-BI-10002982,14.301
6431,CA-2015-165764,FUR-FU-10001468,410.352
6432,CA-2016-121405,OFF-PA-10001838,23.52
6433,CA-2016-121405,TEC-PH-10002890,180.96
6434,US-2018-116897,FUR-FU-10004963,35.0
6435,US-2018-116897,OFF-ST-10000025,477.15
6436,US-2018-116897,TEC-PH-10004389,302.376
6437,US-2018-113992,FUR-TA-10000577,974.988
6438,CA-2015-166891,FUR-CH-10003298,589.41
6439,CA-2017-101161,OFF-AR-10001860,34.7
6440,CA-2017-101161,OFF-ST-10003123,99.87
6441,CA-2017-101161,OFF-PA-10001295,37.94
6442,CA-2017-101161,OFF-LA-10000407,24.9
6443,CA-2017-101161,FUR-FU-10003535,82.26
6444,CA-2016-151785,OFF-FA-10000611,7.104
6445,US-2018-119816,FUR-FU-10004848,103.5
6446,US-2018-119816,OFF-LA-10002381,2.464
6447,US-2018-119816,OFF-ST-10000918,8.72
6448,CA-2016-156510,OFF-BI-10000822,10.76
6449,CA-2016-156510,OFF-PA-10002222,45.68
6450,CA-2016-156510,OFF-AR-10004930,6.7
6451,US-2016-110261,TEC-PH-10001750,158.376
6452,CA-2016-125710,OFF-AR-10000657,3.44
6453,CA-2018-161102,OFF-ST-10003442,56.56
6454,CA-2018-161102,FUR-FU-10003142,36.96
6455,CA-2015-110065,TEC-PH-10002468,135.99
6456,CA-2015-110065,OFF-AR-10004165,15.96
6457,US-2018-133361,OFF-AR-10001919,3.76
6458,US-2018-133361,OFF-AR-10003045,14.7
6459,US-2018-133361,OFF-AR-10003338,37.2
6460,US-2018-133361,TEC-AC-10003280,89.97
6461,US-2018-133361,FUR-CH-10003298,261.96
6462,US-2018-133361,OFF-LA-10004544,74.0
6463,US-2017-155404,FUR-FU-10004586,13.28
6464,CA-2016-114503,OFF-ST-10003572,84.96
6465,CA-2018-153080,TEC-AC-10002331,68.46
6466,CA-2017-163804,OFF-ST-10000142,2079.4
6467,CA-2017-163804,TEC-PH-10000441,629.95
6468,CA-2017-163804,FUR-FU-10004864,72.42
6469,CA-2016-108532,TEC-PH-10001750,131.98
6470,CA-2016-108532,TEC-AC-10004510,114.52
6471,CA-2015-151897,OFF-LA-10001074,100.24
6472,CA-2017-113292,OFF-AP-10003590,871.8
6473,CA-2015-149524,FUR-BO-10003433,61.96
6474,CA-2018-140872,OFF-BI-10002432,4.554
6475,CA-2018-140872,OFF-AP-10003622,5.2
6476,CA-2018-140872,TEC-AC-10003832,205.992
6477,CA-2018-140872,OFF-PA-10000809,15.552
6478,CA-2018-140872,TEC-PH-10000441,503.96
6479,CA-2018-140872,OFF-AP-10002287,24.472
6480,CA-2018-140872,FUR-BO-10002824,241.568
6481,CA-2018-140872,TEC-AC-10002942,110.4
6482,CA-2018-113908,FUR-TA-10001932,384.768
6483,CA-2018-113908,TEC-MA-10003173,78.66
6484,CA-2018-113908,OFF-PA-10004156,45.36
6485,CA-2016-120621,OFF-AP-10002945,962.08
6486,CA-2016-120621,OFF-BI-10000948,12.843
6487,CA-2016-120621,OFF-PA-10002254,295.456
6488,US-2018-148866,OFF-PA-10004782,32.4
6489,CA-2015-149594,FUR-FU-10000222,103.936
6490,CA-2017-113845,FUR-BO-10004695,289.568
6491,CA-2017-113845,OFF-ST-10003327,39.72
6492,CA-2017-113845,TEC-PH-10003357,244.768
6493,CA-2018-111262,TEC-AC-10002167,24.0
6494,CA-2018-111262,OFF-PA-10001937,15.552
6495,CA-2018-111262,TEC-AC-10004510,26.176
6496,CA-2016-103135,FUR-FU-10001487,20.94
6497,CA-2016-103135,OFF-BI-10000069,135.09
6498,CA-2016-103135,TEC-AC-10003289,279.86
6499,CA-2016-103135,OFF-BI-10000069,90.06
6500,CA-2015-129147,TEC-PH-10001299,539.964
6501,CA-2015-129147,TEC-PH-10001552,50.232
6502,CA-2015-129147,OFF-BI-10001098,19.242
6503,CA-2018-128265,OFF-ST-10000142,1247.64
6504,CA-2017-152331,OFF-AR-10001547,5.304
6505,US-2017-128909,OFF-PA-10001593,19.136
6506,US-2017-128909,FUR-FU-10004071,332.832
6507,CA-2018-102197,OFF-PA-10001970,279.9
6508,CA-2018-102197,OFF-BI-10001524,50.352
6509,CA-2018-102197,OFF-PA-10004156,34.02
6510,CA-2018-167640,OFF-AR-10003158,23.88
6511,CA-2018-167640,OFF-LA-10004559,11.52
6512,CA-2018-167640,OFF-PA-10001033,286.93
6513,CA-2018-167640,TEC-PH-10001336,206.384
6514,US-2018-116652,FUR-CH-10002961,218.352
6515,US-2018-116652,FUR-FU-10001488,529.9
6516,US-2018-116652,OFF-AR-10001915,99.3
6517,US-2018-116652,OFF-AP-10001205,108.96
6518,US-2018-116652,OFF-BI-10004528,2.688
6519,CA-2018-138289,OFF-BI-10004995,5443.96
6520,CA-2018-138289,FUR-CH-10004626,302.67
6521,CA-2018-138289,OFF-PA-10001260,56.07
6522,CA-2017-129308,OFF-LA-10002945,10.08
6523,CA-2017-129308,TEC-PH-10002310,59.994
6524,CA-2017-129308,OFF-BI-10001525,5.715
6525,CA-2017-129308,OFF-BI-10001308,9.42
6526,CA-2017-157791,TEC-CO-10002095,1999.96
6527,CA-2015-146864,OFF-ST-10004946,216.4
6528,CA-2015-103744,OFF-LA-10004425,6.936
6529,CA-2015-103744,OFF-BI-10000320,4.428
6530,US-2018-107384,OFF-AR-10001315,8.8
6531,US-2018-107384,TEC-AC-10004595,142.8
6532,US-2018-107384,TEC-AC-10001539,399.95
6533,CA-2015-128209,OFF-BI-10001359,2152.776
6534,CA-2015-128209,FUR-BO-10002213,4007.84
6535,CA-2015-169684,FUR-TA-10003008,328.59
6536,CA-2015-169684,OFF-ST-10000934,98.352
6537,CA-2016-109862,TEC-PH-10004042,158.99
6538,CA-2016-109862,FUR-CH-10002439,291.1
6539,US-2018-107888,OFF-PA-10001363,73.68
6540,US-2018-107888,FUR-FU-10003394,139.92
6541,US-2018-107888,TEC-PH-10003171,107.88
6542,US-2018-107888,OFF-ST-10003123,33.29
6543,US-2018-154872,OFF-BI-10003007,58.17
6544,US-2018-154872,OFF-LA-10000973,5.04
6545,US-2018-154872,OFF-PA-10000483,24.784
6546,CA-2015-113880,FUR-CH-10000863,634.116
6547,CA-2015-113880,OFF-PA-10003036,17.472
6548,US-2016-164966,FUR-CH-10002304,155.88
6549,CA-2016-126739,FUR-CH-10000422,327.564
6550,CA-2018-161578,OFF-PA-10002986,13.36
6551,CA-2018-161578,OFF-ST-10002289,158.9
6552,CA-2015-137092,TEC-AC-10001606,319.968
6553,CA-2015-137092,OFF-ST-10003805,505.32
6554,CA-2015-137092,OFF-PA-10002109,3.808
6555,CA-2015-137092,OFF-BI-10000632,8.682
6556,CA-2015-137092,OFF-LA-10003510,24.424
6557,CA-2016-166947,FUR-CH-10004997,1522.638
6558,CA-2017-160941,OFF-EN-10003001,419.9
6559,CA-2017-160941,OFF-LA-10003766,3.15
6560,CA-2018-144680,OFF-AP-10003040,33.62
6561,CA-2015-166086,OFF-BI-10001078,16.14
6562,CA-2015-166086,FUR-TA-10003469,194.25
6563,CA-2015-166086,OFF-AR-10002578,8.64
6564,CA-2015-166086,FUR-CH-10004675,872.32
6565,CA-2018-131282,OFF-BI-10004632,243.992
6566,CA-2018-131282,OFF-AR-10003087,7.12
6567,CA-2015-100678,OFF-AR-10001868,2.688
6568,CA-2015-100678,FUR-CH-10002602,317.058
6569,CA-2015-100678,OFF-EN-10000056,149.352
6570,CA-2015-100678,TEC-AC-10000474,227.976
6571,CA-2017-161543,OFF-PA-10003971,11.96
6572,CA-2017-160535,OFF-ST-10000689,563.4
6573,CA-2017-160535,TEC-MA-10004255,319.92
6574,CA-2018-123085,TEC-AC-10000990,1049.44
6575,CA-2018-123085,FUR-CH-10003968,170.352
6576,CA-2016-153752,TEC-PH-10001615,173.94
6577,CA-2015-103660,TEC-PH-10000895,1007.944
6578,CA-2017-169887,OFF-PA-10003001,6.68
6579,CA-2017-169887,OFF-AR-10002766,8.34
6580,CA-2017-169887,FUR-FU-10003095,101.94
6581,CA-2017-148516,TEC-AC-10003610,179.97
6582,CA-2018-104731,OFF-AR-10003727,101.94
6583,CA-2018-104731,TEC-PH-10002660,271.96
6584,CA-2018-104731,FUR-FU-10003274,8.8
6585,CA-2018-104731,OFF-AR-10003829,19.68
6586,CA-2018-104731,FUR-BO-10003441,302.94
6587,CA-2018-104731,OFF-BI-10003355,14.94
6588,CA-2018-104731,OFF-SU-10003505,231.72
6589,CA-2015-164749,OFF-LA-10004484,9.912
6590,CA-2016-103716,OFF-AR-10000658,34.65
6591,CA-2016-103716,TEC-PH-10000347,19.8
6592,CA-2017-126795,OFF-BI-10001989,33.568
6593,CA-2016-146290,OFF-AR-10001897,125.93
6594,CA-2018-157112,OFF-BI-10000285,11.76
6595,CA-2018-157112,OFF-PA-10001804,5.344
6596,CA-2015-169257,OFF-BI-10002557,1.365
6597,CA-2015-169257,OFF-PA-10002319,62.016
6598,CA-2015-154095,FUR-FU-10003849,60.72
6599,CA-2015-154095,OFF-PA-10002923,146.82
6600,CA-2015-154095,FUR-CH-10004754,239.84
6601,CA-2015-154095,OFF-LA-10000634,15.66
6602,CA-2018-146346,OFF-ST-10001418,146.352
6603,CA-2017-148852,OFF-FA-10003467,5.94
6604,CA-2017-148852,OFF-PA-10001293,45.36
6605,CA-2017-148852,TEC-PH-10003885,211.168
6606,CA-2017-148852,FUR-CH-10004860,484.704
6607,CA-2017-148852,TEC-MA-10002428,371.976
6608,US-2016-118906,OFF-ST-10002406,89.82
6609,CA-2017-168921,OFF-BI-10004209,19.296
6610,CA-2016-107678,FUR-CH-10001891,191.96
6611,CA-2016-107678,OFF-BI-10002215,21.3
6612,CA-2016-107678,TEC-PH-10002103,469.95
6613,CA-2016-107678,FUR-FU-10003394,209.88
6614,CA-2017-123512,FUR-BO-10004218,239.666
6615,CA-2017-123512,OFF-LA-10000081,22.5
6616,CA-2017-123512,OFF-PA-10001497,219.84
6617,US-2018-167402,OFF-PA-10004983,32.4
6618,US-2018-167402,OFF-AR-10004010,209.94
6619,US-2018-167402,OFF-SU-10002881,4164.05
6620,US-2018-167402,FUR-BO-10001608,212.94
6621,CA-2015-130449,FUR-FU-10001487,41.88
6622,CA-2015-130449,OFF-LA-10001934,58.48
6623,CA-2016-141250,FUR-TA-10002855,102.438
6624,CA-2016-141250,FUR-CH-10004875,199.304
6625,CA-2015-145541,TEC-MA-10001127,6999.96
6626,CA-2015-138513,OFF-PA-10003177,12.96
6627,CA-2016-135489,TEC-PH-10000011,279.86
6628,CA-2016-125696,OFF-BI-10001757,7.38
6629,CA-2017-105081,FUR-CH-10000847,698.352
6630,CA-2017-105081,FUR-TA-10001307,1747.25
6631,US-2017-146857,OFF-AP-10001205,54.48
6632,CA-2017-166275,TEC-AC-10001838,199.99
6633,CA-2018-144498,OFF-BI-10003982,68.541
6634,CA-2018-144498,TEC-PH-10004977,627.168
6635,CA-2018-144498,OFF-LA-10003510,122.12
6636,CA-2018-103352,OFF-AR-10001573,6.99
6637,CA-2018-103352,OFF-BI-10001196,107.424
6638,CA-2015-108609,FUR-TA-10003954,1421.664
6639,CA-2018-128328,OFF-BI-10001989,125.88
6640,CA-2018-128328,TEC-AC-10001714,79.78
6641,CA-2018-128328,OFF-LA-10003498,133.2
6642,US-2016-156496,TEC-PH-10000576,438.368
6643,US-2016-156496,TEC-PH-10004188,139.944
6644,US-2016-156496,OFF-AP-10001469,133.472
6645,US-2017-127334,FUR-TA-10003473,564.195
6646,US-2017-127334,OFF-AP-10001205,87.168
6647,US-2018-124779,OFF-BI-10002429,42.616
6648,US-2018-124779,TEC-CO-10001943,319.984
6649,US-2018-124779,OFF-FA-10004854,45.92
6650,US-2018-124779,FUR-FU-10001095,21.184
6651,US-2018-124779,OFF-PA-10000061,20.736
6652,US-2018-124779,FUR-CH-10003535,213.43
6653,CA-2018-135937,TEC-PH-10004447,333.576
6654,CA-2018-135937,TEC-AC-10001114,31.992
6655,CA-2018-135937,OFF-ST-10000563,51.168
6656,CA-2018-135937,OFF-EN-10004846,10.64
6657,CA-2018-135937,FUR-FU-10002253,68.704
6658,CA-2018-135937,FUR-TA-10001039,386.91
6659,CA-2016-129322,OFF-AR-10004587,39.66
6660,CA-2016-129322,OFF-AP-10004336,113.92
6661,CA-2016-129322,OFF-BI-10001718,447.86
6662,CA-2018-162173,FUR-TA-10001520,356.85
6663,CA-2018-162173,OFF-EN-10002831,251.58
6664,CA-2017-115483,OFF-PA-10001497,219.84
6665,CA-2018-122175,FUR-FU-10000719,42.85
6666,CA-2018-122175,OFF-LA-10002271,6.16
6667,CA-2018-122175,OFF-SU-10004661,17.0
6668,CA-2018-122175,TEC-AC-10004859,87.4
6669,CA-2018-161088,OFF-BI-10002824,29.84
6670,CA-2015-154837,OFF-BI-10001575,49.568
6671,CA-2016-153794,OFF-AR-10000380,265.86
6672,CA-2016-135510,FUR-FU-10000820,67.96
6673,CA-2016-109337,OFF-AR-10003759,10.92
6674,CA-2016-109337,TEC-MA-10002930,83.9
6675,CA-2016-109337,OFF-AP-10004052,19.75
6676,CA-2016-109337,TEC-AC-10000990,393.54
6677,CA-2015-150329,FUR-FU-10003724,46.872
6678,CA-2018-145037,OFF-ST-10000918,10.9
6679,CA-2018-145037,OFF-PA-10000157,79.92
6680,CA-2018-145037,OFF-PA-10002499,146.82
6681,CA-2018-154466,OFF-BI-10002012,3.6
6682,CA-2015-109134,FUR-FU-10000320,20.04
6683,US-2016-129637,OFF-ST-10003716,180.016
6684,US-2016-129637,FUR-FU-10000965,41.552
6685,US-2016-129637,OFF-AR-10003829,13.12
6686,CA-2016-165162,OFF-ST-10003470,1117.92
6687,CA-2018-140494,TEC-AC-10004568,111.96
6688,CA-2018-104108,OFF-AR-10000817,12.16
6689,US-2018-165869,OFF-BI-10003460,17.52
6690,US-2018-165869,OFF-AP-10002472,155.88
6691,CA-2018-160899,OFF-BI-10000632,477.51
6692,CA-2018-144225,OFF-PA-10000062,164.88
6693,US-2017-163538,TEC-AC-10002006,47.97
6694,US-2017-155103,OFF-BI-10004318,415.176
6695,US-2017-155103,OFF-BI-10004236,35.232
6696,US-2017-155103,OFF-PA-10000062,54.96
6697,CA-2018-145429,OFF-PA-10003205,16.34
6698,CA-2018-145429,FUR-CH-10000988,225.296
6699,CA-2018-145429,OFF-BI-10001524,50.352
6700,CA-2016-153535,FUR-FU-10001986,163.136
6701,CA-2016-153535,OFF-BI-10001031,6.408
6702,CA-2016-139164,TEC-PH-10002468,217.584
6703,CA-2016-139164,OFF-FA-10003059,5.43
6704,CA-2016-139164,TEC-PH-10003931,143.976
6705,CA-2017-112277,TEC-PH-10003505,519.68
6706,CA-2015-167724,OFF-LA-10002368,7.83
6707,CA-2016-123141,FUR-CH-10004287,883.84
6708,CA-2016-123141,FUR-CH-10001891,230.352
6709,CA-2017-149503,OFF-BI-10002133,273.92
6710,CA-2018-163069,OFF-AR-10001419,9.912
6711,CA-2018-107629,FUR-FU-10002298,266.352
6712,CA-2018-107629,FUR-FU-10004091,56.328
6713,CA-2018-107629,TEC-AC-10004510,39.264
6714,CA-2018-107629,OFF-AR-10002987,95.232
6715,CA-2017-134789,OFF-FA-10002280,30.0
6716,CA-2017-134789,OFF-PA-10001934,25.92
6717,CA-2017-134789,FUR-FU-10003268,159.92
6718,CA-2017-130442,OFF-AP-10004859,34.944
6719,CA-2018-102974,TEC-AC-10000057,149.95
6720,CA-2018-102974,OFF-AR-10000914,23.32
6721,CA-2018-102974,OFF-AR-10004956,16.74
6722,US-2018-166394,OFF-FA-10001843,14.82
6723,CA-2017-128811,OFF-FA-10000585,10.47
6724,CA-2017-128811,OFF-LA-10003720,11.07
6725,CA-2017-128811,OFF-BI-10000301,20.704
6726,CA-2018-145443,OFF-PA-10003302,177.2
6727,CA-2017-165827,FUR-FU-10001889,50.496
6728,CA-2016-156734,OFF-BI-10002982,6.129
6729,CA-2016-156734,FUR-CH-10002965,643.136
6730,CA-2016-156734,OFF-PA-10001937,20.736
6731,CA-2015-120096,OFF-PA-10001977,177.536
6732,CA-2015-120096,OFF-AP-10000692,32.432
6733,CA-2016-141754,OFF-LA-10004093,11.696
6734,CA-2017-123358,OFF-AP-10004980,113.76
6735,CA-2017-123358,OFF-ST-10001932,579.51
6736,CA-2017-123358,OFF-ST-10000636,150.66
6737,CA-2017-123358,OFF-BI-10000069,48.032
6738,CA-2015-144029,OFF-ST-10001837,102.624
6739,CA-2015-144029,FUR-CH-10003981,359.772
6740,CA-2015-144029,OFF-AR-10000716,13.392
6741,US-2018-101784,FUR-CH-10001146,122.136
6742,CA-2016-156923,OFF-PA-10002751,35.88
6743,CA-2018-111269,TEC-AC-10001606,479.952
6744,CA-2018-111269,OFF-AR-10001427,23.92
6745,CA-2018-159156,TEC-PH-10004389,629.95
6746,CA-2018-100230,OFF-BI-10002498,14.952
6747,CA-2018-100230,OFF-PA-10002245,17.94
6748,CA-2018-100230,TEC-PH-10004522,116.98
6749,CA-2017-154767,FUR-CH-10003535,121.96
6750,CA-2017-154767,OFF-AP-10000595,8.74
6751,CA-2017-154767,OFF-PA-10003039,61.96
6752,CA-2017-154767,OFF-BI-10002003,7.96
6753,CA-2017-154767,OFF-AP-10002311,275.24
6754,CA-2018-124205,FUR-FU-10002445,47.4
6755,CA-2018-124205,FUR-CH-10003606,512.96
6756,CA-2018-124205,TEC-PH-10002115,395.94
6757,CA-2018-124205,OFF-ST-10000934,81.96
6758,CA-2018-165715,OFF-AR-10003903,32.776
6759,CA-2018-100636,OFF-ST-10004123,272.94
6760,CA-2017-162943,FUR-CH-10001708,253.764
6761,CA-2017-144764,OFF-LA-10000240,29.24
6762,CA-2017-144764,OFF-ST-10002485,35.168
6763,CA-2017-144764,TEC-MA-10003230,1362.9
6764,CA-2018-100615,FUR-CH-10002602,317.058
6765,CA-2018-100615,OFF-AR-10001683,15.76
6766,CA-2018-100615,FUR-FU-10002456,14.56
6767,CA-2015-109302,OFF-BI-10002854,196.21
6768,CA-2018-139787,OFF-AR-10002445,35.4
6769,CA-2018-139402,OFF-PA-10004359,419.4
6770,CA-2018-139402,OFF-BI-10000279,13.005
6771,CA-2017-119018,OFF-BI-10003314,7.712
6772,CA-2017-119018,OFF-BI-10000494,4.176
6773,CA-2017-119018,OFF-PA-10000295,38.88
6774,CA-2016-105361,OFF-PA-10002615,17.64
6775,US-2017-152373,OFF-ST-10003479,93.456
6776,US-2018-166037,TEC-AC-10002800,449.91
6777,US-2017-147711,FUR-BO-10003159,344.94
6778,US-2017-147711,FUR-FU-10002364,14.76
6779,US-2017-147711,OFF-BI-10003350,12.76
6780,US-2017-147711,OFF-LA-10004093,58.48
6781,CA-2018-121293,FUR-FU-10000732,20.096
6782,CA-2018-121293,OFF-SU-10004884,37.752
6783,CA-2018-121293,FUR-TA-10001771,138.588
6784,CA-2018-121293,OFF-ST-10000060,259.92
6785,CA-2018-121293,OFF-PA-10004100,20.736
6786,CA-2016-118843,FUR-FU-10003975,129.93
6787,CA-2016-118843,OFF-PA-10001712,69.93
6788,CA-2016-161445,OFF-AR-10001953,140.736
6789,CA-2017-124527,OFF-BI-10004967,8.32
6790,CA-2017-162348,FUR-FU-10003731,9.98
6791,CA-2015-141005,OFF-BI-10001989,62.94
6792,CA-2016-145394,OFF-ST-10000344,21.488
6793,CA-2016-145394,TEC-PH-10001051,239.976
6794,CA-2016-145394,FUR-FU-10001215,34.504
6795,CA-2016-168809,FUR-FU-10001473,20.104
6796,CA-2016-168809,OFF-BI-10000315,3.798
6797,CA-2016-168809,FUR-FU-10002240,7.88
6798,CA-2017-109827,FUR-TA-10002607,35.445
6799,CA-2017-109827,TEC-MA-10003356,269.97
6800,CA-2017-109827,TEC-AC-10002217,45.12
6801,CA-2017-109827,TEC-AC-10004353,100.8
6802,CA-2017-109827,FUR-CH-10004754,47.968
6803,CA-2015-152233,TEC-AC-10002800,99.98
6804,CA-2015-125682,OFF-PA-10001752,9.96
6805,CA-2018-162880,OFF-BI-10003314,3.856
6806,CA-2016-128125,OFF-PA-10000357,98.376
6807,CA-2016-128125,FUR-FU-10001085,22.38
6808,CA-2018-156237,OFF-BI-10000301,3.882
6809,CA-2018-156237,TEC-MA-10002930,12.585
6810,CA-2018-156237,FUR-CH-10002372,113.372
6811,CA-2018-156237,OFF-BI-10003707,18.312
6812,CA-2018-156237,FUR-FU-10001057,127.936
6813,CA-2018-156237,TEC-MA-10001681,241.17
6814,CA-2015-144414,FUR-FU-10003981,6.24
6815,CA-2015-144414,OFF-FA-10000624,17.9
6816,CA-2015-144414,OFF-BI-10004995,3266.376
6817,CA-2018-163860,OFF-BI-10003784,1.68
6818,CA-2018-163860,FUR-FU-10004586,7.968
6819,CA-2018-163860,FUR-CH-10004698,113.372
6820,CA-2018-163860,FUR-FU-10001935,2.96
6821,US-2018-115609,OFF-AP-10003040,168.1
6822,CA-2016-154291,OFF-EN-10001335,98.46
6823,CA-2016-154291,FUR-TA-10002041,358.58
6824,CA-2017-118689,OFF-ST-10001558,32.48
6825,CA-2017-118689,TEC-CO-10004722,17499.95
6826,CA-2017-118689,OFF-BI-10004600,735.98
6827,CA-2017-118689,OFF-BI-10003712,34.37
6828,CA-2017-118689,OFF-AR-10001958,33.96
6829,CA-2017-140438,TEC-PH-10001750,197.97
6830,US-2018-123204,OFF-AP-10002287,17.48
6831,CA-2016-112522,OFF-AR-10003183,8.016
6832,CA-2017-153101,FUR-TA-10003008,146.04
6833,CA-2017-142615,TEC-AC-10004803,27.88
6834,CA-2018-142643,OFF-LA-10003510,152.65
6835,CA-2018-142643,FUR-FU-10000087,22.72
6836,CA-2016-116260,OFF-AR-10003732,11.12
6837,CA-2018-107517,OFF-AP-10000275,1640.7
6838,CA-2018-107517,TEC-PH-10003505,371.2
6839,CA-2016-166338,OFF-BI-10002852,14.832
6840,CA-2017-123946,TEC-AC-10004877,20.7
6841,CA-2017-123946,OFF-FA-10002975,11.34
6842,CA-2017-123946,OFF-ST-10000419,67.9
6843,CA-2017-123946,FUR-CH-10002073,1059.12
6844,CA-2015-147543,FUR-CH-10000155,478.48
6845,US-2017-159093,OFF-PA-10001260,32.04
6846,CA-2017-162110,TEC-PH-10001924,55.992
6847,US-2017-163461,OFF-PA-10003134,76.864
6848,CA-2015-101462,FUR-FU-10000409,59.92
6849,US-2017-100461,FUR-BO-10002545,1565.88
6850,US-2017-100461,OFF-BI-10001460,106.05
6851,US-2018-162670,OFF-ST-10001328,62.04
6852,US-2018-162670,TEC-PH-10003601,494.97
6853,US-2018-162670,OFF-ST-10001522,367.96
6854,US-2018-162670,OFF-PA-10001994,44.96
6855,US-2018-162670,OFF-EN-10001453,182.94
6856,CA-2018-128965,OFF-PA-10004911,28.14
6857,CA-2018-128965,OFF-LA-10001404,7.38
6858,CA-2018-128965,OFF-FA-10001561,10.9
6859,CA-2018-128965,TEC-AC-10001383,274.89
6860,CA-2018-128965,OFF-LA-10003190,23.04
6861,CA-2018-128965,FUR-CH-10003774,218.352
6862,CA-2018-138618,OFF-PA-10000520,10.368
6863,US-2017-126452,OFF-BI-10004465,12.672
6864,US-2017-126452,TEC-PH-10003555,91.96
6865,US-2017-126452,TEC-AC-10000844,254.97
6866,US-2017-126452,TEC-PH-10003187,31.984
6867,US-2017-126452,FUR-TA-10003569,2887.056
6868,US-2017-126452,OFF-PA-10003848,12.96
6869,US-2017-126452,OFF-PA-10002606,47.52
6870,CA-2017-145009,OFF-LA-10004853,11.952
6871,CA-2016-162544,OFF-PA-10004948,4.98
6872,CA-2015-124394,OFF-BI-10003676,10.78
6873,CA-2015-124394,TEC-AC-10001314,119.976
6874,US-2017-121013,OFF-LA-10004545,25.06
6875,US-2017-121013,FUR-TA-10003238,1652.94
6876,US-2016-123918,FUR-FU-10004952,131.376
6877,US-2016-123918,OFF-PA-10003001,5.344
6878,CA-2016-137113,FUR-CH-10001215,2003.92
6879,CA-2016-137113,OFF-PA-10004255,32.4
6880,CA-2016-137113,FUR-TA-10001705,1913.4
6881,CA-2016-137113,OFF-ST-10002554,146.73
6882,CA-2016-137113,OFF-PA-10002222,114.2
6883,CA-2016-120677,FUR-CH-10002320,2567.84
6884,CA-2018-123036,TEC-AC-10003499,37.056
6885,CA-2018-123036,TEC-PH-10003580,259.896
6886,CA-2018-120222,OFF-PA-10004675,19.05
6887,CA-2018-120222,OFF-BI-10000666,73.344
6888,CA-2018-164756,TEC-PH-10001552,95.68
6889,CA-2018-164756,OFF-PA-10000673,50.96
6890,CA-2018-164756,OFF-AR-10000380,113.94
6891,CA-2018-164756,OFF-PA-10003848,25.92
6892,CA-2018-164756,FUR-FU-10002963,20.32
6893,CA-2018-164756,TEC-PH-10002447,411.98
6894,CA-2018-164756,OFF-SU-10004261,34.48
6895,CA-2018-164756,OFF-PA-10003228,244.55
6896,CA-2018-122028,OFF-BI-10004817,10.782
6897,US-2016-165512,FUR-CH-10002880,602.651
6898,US-2016-165512,OFF-BI-10001249,7.656
6899,CA-2016-140557,TEC-AC-10002402,559.93
6900,US-2018-135013,TEC-CO-10001449,2399.96
6901,CA-2018-111220,OFF-FA-10002280,16.0
6902,CA-2018-111220,OFF-AP-10003278,5.588
6903,CA-2018-111220,OFF-ST-10003994,235.92
6904,US-2018-149006,OFF-ST-10003221,10.68
6905,CA-2018-149468,OFF-BI-10002225,41.28
6906,CA-2017-140249,TEC-PH-10002584,1001.584
6907,US-2018-135503,FUR-FU-10002364,14.76
6908,CA-2015-126277,OFF-BI-10004022,2.502
6909,US-2018-115301,FUR-BO-10004709,115.96
6910,CA-2018-168942,OFF-ST-10004340,186.54
6911,US-2018-128398,TEC-AC-10001714,159.56
6912,CA-2016-104115,TEC-PH-10002844,55.984
6913,CA-2015-142510,OFF-ST-10000585,132.16
6914,CA-2015-142510,OFF-BI-10002824,17.904
6915,CA-2015-142510,OFF-PA-10001289,124.032
6916,CA-2015-124247,FUR-CH-10001854,1403.92
6917,CA-2017-105473,OFF-SU-10003567,28.8
6918,CA-2016-102806,OFF-BI-10001597,24.588
6919,CA-2018-121706,OFF-AP-10003287,356.79
6920,CA-2018-109211,OFF-EN-10001532,16.98
6921,CA-2016-134257,OFF-LA-10003930,491.55
6922,CA-2016-134257,OFF-EN-10003845,7.38
6923,CA-2016-137925,OFF-PA-10002659,23.66
6924,CA-2016-137925,FUR-BO-10001608,681.408
6925,CA-2017-140046,OFF-LA-10000305,18.9
6926,CA-2017-140382,OFF-ST-10003638,93.68
6927,CA-2017-140382,OFF-LA-10001934,21.93
6928,CA-2017-140382,TEC-PH-10003012,862.344
6929,CA-2017-140382,OFF-PA-10001019,19.98
6930,CA-2015-164182,TEC-PH-10002070,13.494
6931,CA-2015-164182,TEC-PH-10002583,23.988
6932,CA-2015-164182,FUR-FU-10001057,31.984
6933,CA-2015-164182,OFF-AR-10001044,41.584
6934,CA-2018-137365,TEC-AC-10001767,95.976
6935,CA-2017-129847,FUR-FU-10000277,84.272
6936,CA-2015-126963,OFF-PA-10001952,36.544
6937,CA-2017-125094,TEC-AC-10004420,479.72
6938,CA-2018-107132,OFF-BI-10001071,102.368
6939,CA-2018-107132,OFF-SU-10002503,28.4
6940,CA-2018-107132,OFF-ST-10001490,713.88
6941,CA-2018-107132,OFF-PA-10003790,68.52
6942,CA-2016-139248,TEC-PH-10004094,623.96
6943,CA-2015-148369,OFF-BI-10004876,11.12
6944,CA-2017-106243,FUR-BO-10003034,523.92
6945,CA-2016-126466,OFF-FA-10000490,2.48
6946,CA-2016-130365,OFF-ST-10002574,221.024
6947,CA-2016-130365,FUR-CH-10003535,128.058
6948,CA-2018-143021,OFF-BI-10001628,58.408
6949,CA-2018-143021,FUR-TA-10001676,79.974
6950,CA-2016-161767,TEC-MA-10002790,479.988
6951,CA-2016-129917,OFF-BI-10001757,11.808
6952,CA-2016-129917,OFF-BI-10004828,53.568
6953,CA-2016-129917,TEC-PH-10000369,503.96
6954,CA-2016-115420,OFF-EN-10003862,21.34
6955,CA-2017-157588,OFF-BI-10003963,36.4
6956,CA-2017-157588,FUR-FU-10004848,51.75
6957,CA-2016-167255,OFF-ST-10001328,15.51
6958,CA-2016-167255,OFF-PA-10002377,146.82
6959,CA-2016-167255,OFF-PA-10003441,12.96
6960,CA-2018-162096,OFF-AR-10002221,7.8
6961,CA-2017-157161,OFF-EN-10001509,10.2
6962,CA-2017-157161,OFF-AR-10003338,22.32
6963,CA-2017-157161,OFF-BI-10004728,24.1
6964,CA-2017-157161,TEC-AC-10000358,75.98
6965,CA-2017-157161,OFF-BI-10002764,6.46
6966,CA-2017-157161,OFF-PA-10001461,60.12
6967,CA-2016-110765,TEC-PH-10004165,824.97
6968,CA-2017-163937,FUR-FU-10000010,24.85
6969,CA-2018-153822,OFF-ST-10000321,12.624
6970,CA-2018-153822,TEC-AC-10000109,89.584
6971,CA-2018-153822,TEC-PH-10002415,471.92
6972,CA-2018-153822,OFF-BI-10001460,18.18
6973,CA-2018-146185,OFF-AR-10002987,31.744
6974,CA-2016-112144,OFF-LA-10000443,5.904
6975,CA-2016-112144,FUR-FU-10004306,621.76
6976,US-2017-119298,TEC-PH-10002564,59.98
6977,CA-2018-155159,OFF-PA-10003724,48.87
6978,CA-2018-149076,OFF-PA-10000483,154.9
6979,CA-2015-146990,OFF-FA-10000611,5.92
6980,CA-2015-146990,OFF-PA-10000246,30.18
6981,CA-2017-116526,OFF-BI-10004728,24.1
6982,CA-2017-116526,TEC-PH-10002365,8.78
6983,CA-2017-116526,OFF-AP-10002457,376.74
6984,CA-2017-116526,OFF-BI-10000320,29.52
6985,CA-2017-116526,OFF-AR-10004999,11.96
6986,CA-2017-116526,OFF-BI-10001116,26.4
6987,CA-2018-158561,OFF-AP-10002651,1158.12
6988,CA-2018-165099,OFF-AP-10001634,1.392
6989,CA-2016-109386,OFF-AP-10003266,44.43
6990,CA-2016-109386,TEC-PH-10002890,226.2
6991,CA-2016-109386,FUR-FU-10000308,186.54
6992,CA-2016-109386,OFF-AR-10000380,265.86
6993,CA-2016-109386,OFF-AR-10000122,27.9
6994,CA-2016-166800,OFF-AP-10004868,31.08
6995,CA-2018-117443,OFF-BI-10004002,13.84
6996,CA-2018-117443,OFF-PA-10004475,175.872
6997,US-2017-134369,OFF-PA-10002195,12.96
6998,CA-2018-123687,OFF-AP-10002670,208.44
6999,CA-2018-123687,OFF-SU-10004498,25.76
7000,CA-2016-104871,FUR-CH-10003298,366.744
7001,CA-2015-133158,FUR-FU-10000723,289.24
7002,CA-2015-133158,OFF-BI-10000632,69.456
7003,CA-2015-126333,OFF-PA-10000223,5.184
7004,CA-2016-141740,FUR-CH-10001545,205.164
7005,CA-2015-119466,FUR-FU-10001546,8.544
7006,CA-2016-154823,OFF-BI-10001098,12.828
7007,CA-2016-154823,FUR-CH-10003379,598.458
7008,CA-2016-154823,FUR-FU-10000193,25.984
7009,US-2015-135881,OFF-BI-10000829,17.96
7010,US-2015-135881,OFF-SU-10003002,5.04
7011,US-2015-135881,OFF-AP-10002118,208.16
7012,CA-2018-141201,FUR-BO-10001519,148.257
7013,CA-2015-114790,OFF-AP-10002578,146.76
7014,CA-2015-114790,TEC-AC-10000710,32.96
7015,CA-2015-114790,TEC-PH-10000984,587.97
7016,CA-2015-114790,OFF-PA-10000213,14.94
7017,US-2017-154256,OFF-LA-10003720,25.83
7018,CA-2015-124737,OFF-PA-10001837,15.552
7019,CA-2015-124737,OFF-SU-10004661,6.8
7020,CA-2015-124737,FUR-FU-10003274,4.224
7021,CA-2015-124737,TEC-PH-10000149,143.64
7022,CA-2015-124737,OFF-PA-10000019,31.104
7023,CA-2015-124737,OFF-PA-10001125,223.056
7024,US-2018-101840,TEC-PH-10002538,227.46
7025,US-2018-101840,OFF-BI-10000279,46.24
7026,CA-2018-131653,OFF-LA-10001045,5.22
7027,US-2017-157840,OFF-PA-10003673,33.9
7028,CA-2017-145548,OFF-ST-10002562,28.14
7029,CA-2017-145548,TEC-AC-10002305,36.0
7030,CA-2017-145548,OFF-AR-10003373,92.94
7031,CA-2017-145548,FUR-CH-10003774,245.646
7032,CA-2017-145548,OFF-BI-10001510,55.008
7033,CA-2017-145548,OFF-BI-10004236,35.232
7034,CA-2018-119494,FUR-CH-10004675,523.392
7035,CA-2015-124618,TEC-CO-10004202,479.984
7036,CA-2018-161970,OFF-PA-10004255,12.96
7037,CA-2018-161970,OFF-AR-10003896,17.94
7038,CA-2018-103443,OFF-ST-10002276,166.72
7039,CA-2018-103443,OFF-BI-10001617,24.816
7040,CA-2018-103443,FUR-FU-10000308,124.36
7041,US-2018-165358,TEC-CO-10001943,599.97
7042,US-2018-165358,FUR-CH-10002647,198.744
7043,US-2018-165358,OFF-SU-10004768,9.184
7044,CA-2017-160136,OFF-PA-10002160,9.248
7045,CA-2015-150581,FUR-TA-10003748,99.592
7046,CA-2015-150581,TEC-AC-10001908,399.96
7047,CA-2017-119515,OFF-PA-10000552,15.552
7048,CA-2015-141355,OFF-AR-10003179,14.576
7049,CA-2017-165330,OFF-BI-10004593,209.6
7050,CA-2017-165330,OFF-AR-10000914,23.32
7051,CA-2017-165330,OFF-PA-10000241,30.98
7052,CA-2017-165330,TEC-AC-10000057,119.96
7053,CA-2017-165330,FUR-CH-10003774,363.92
7054,CA-2017-165330,OFF-BI-10002824,35.808
7055,CA-2017-165330,OFF-BI-10004001,122.688
7056,CA-2017-165330,FUR-TA-10004619,892.136
7057,CA-2017-165330,OFF-ST-10000636,50.22
7058,CA-2017-165330,OFF-AP-10001469,83.42
7059,CA-2017-165330,OFF-BI-10002897,5.872
7060,CA-2016-132633,OFF-BI-10002432,12.144
7061,CA-2017-157742,OFF-EN-10002592,27.792
7062,CA-2018-127712,OFF-SU-10002522,6.208
7063,CA-2018-169474,OFF-AP-10003971,32.67
7064,CA-2015-106726,OFF-ST-10001496,1261.33
7065,CA-2017-147473,OFF-PA-10004782,38.88
7066,CA-2017-114209,OFF-BI-10000343,1.964
7067,CA-2017-114209,OFF-PA-10003591,82.656
7068,CA-2015-141901,OFF-PA-10001667,5.98
7069,CA-2017-164490,OFF-PA-10004971,9.248
7070,CA-2017-112256,OFF-AR-10001216,4.448
7071,CA-2017-112256,OFF-PA-10004355,5.184
7072,CA-2017-112256,OFF-AR-10001953,175.92
7073,CA-2017-112256,OFF-BI-10004364,4.752
7074,CA-2017-112256,OFF-SU-10001165,13.344
7075,CA-2017-167416,OFF-EN-10001141,54.9
7076,CA-2017-106950,OFF-BI-10000014,22.911
7077,CA-2017-106950,OFF-AP-10000159,309.456
7078,CA-2017-106950,OFF-AR-10003560,19.456
7079,CA-2017-106950,FUR-TA-10001768,472.518
7080,CA-2017-106950,TEC-AC-10002049,1012.68
7081,CA-2017-106950,OFF-BI-10003166,17.22
7082,CA-2018-118724,OFF-AR-10003469,3.52
7083,CA-2018-118724,TEC-PH-10002549,1626.192
7084,CA-2018-112004,OFF-BI-10003476,8.595
7085,CA-2018-112004,OFF-SU-10000157,190.896
7086,US-2018-143175,OFF-ST-10003123,99.87
7087,CA-2016-105844,OFF-AR-10001955,79.36
7088,CA-2018-118864,TEC-PH-10001809,119.96
7089,CA-2016-119480,OFF-PA-10000474,106.32
7090,CA-2016-119480,OFF-AP-10001205,163.44
7091,CA-2016-119480,OFF-AR-10004691,42.76
7092,CA-2016-119480,OFF-PA-10004996,51.55
7093,US-2016-153374,TEC-AC-10001908,479.952
7094,CA-2017-101980,OFF-BI-10000666,146.688
7095,CA-2017-101980,OFF-BI-10004318,276.784
7096,CA-2017-101980,OFF-BI-10003429,25.32
7097,CA-2018-144596,OFF-PA-10003302,318.96
7098,CA-2016-124933,OFF-PA-10003302,212.64
7099,CA-2015-159625,OFF-EN-10002621,23.472
7100,CA-2017-144337,OFF-PA-10000249,19.648
7101,CA-2015-117478,OFF-BI-10000050,6.57
7102,CA-2018-147410,OFF-ST-10003805,421.1
7103,CA-2018-128944,FUR-CH-10000785,760.116
7104,CA-2018-128944,FUR-FU-10004909,38.784
7105,CA-2018-128944,TEC-AC-10001553,122.328
7106,CA-2017-109666,TEC-PH-10004774,25.98
7107,CA-2017-109666,OFF-AR-10004582,3.28
7108,CA-2017-109666,OFF-ST-10000991,459.88
7109,CA-2017-109666,OFF-SU-10002522,7.76
7110,CA-2017-109666,OFF-AR-10004022,71.96
7111,CA-2017-109666,OFF-SU-10001218,54.9
7112,CA-2017-109666,OFF-BI-10000174,9.28
7113,US-2017-102239,FUR-TA-10003392,1685.88
7114,US-2017-102239,OFF-BI-10001890,5.728
7115,CA-2015-143168,OFF-PA-10000167,61.96
7116,CA-2015-143168,OFF-BI-10003784,1.344
7117,CA-2018-104906,OFF-PA-10001184,17.94
7118,CA-2018-118122,OFF-BI-10002103,13.904
7119,US-2015-147774,OFF-BI-10003091,67.194
7120,CA-2018-166926,OFF-PA-10001593,41.86
7121,CA-2018-166926,FUR-BO-10002598,141.96
7122,CA-2016-128013,FUR-FU-10000320,10.02
7123,CA-2016-128013,OFF-PA-10001815,144.12
7124,CA-2017-123176,OFF-PA-10003971,17.94
7125,CA-2017-123176,OFF-AR-10004685,13.89
7126,US-2017-117541,OFF-PA-10001609,16.45
7127,US-2017-117541,FUR-FU-10000550,19.92
7128,CA-2017-166282,TEC-AC-10004209,35.168
7129,CA-2017-166282,OFF-PA-10003022,123.088
7130,CA-2018-141439,FUR-TA-10001039,257.94
7131,CA-2018-141439,TEC-PH-10002624,1879.96
7132,CA-2018-141439,FUR-FU-10001473,27.46
7133,CA-2018-141439,TEC-PH-10001819,89.98
7134,CA-2018-141439,FUR-CH-10004287,828.6
7135,CA-2016-163965,OFF-BI-10004728,7.23
7136,CA-2016-163965,OFF-ST-10000918,17.44
7137,CA-2016-163965,OFF-BI-10004593,62.88
7138,CA-2016-163965,FUR-BO-10001337,290.352
7139,CA-2018-128783,TEC-AC-10002473,113.52
7140,CA-2018-128783,FUR-FU-10003623,135.3
7141,CA-2015-122217,FUR-FU-10002045,111.15
7142,US-2018-141558,TEC-PH-10002555,776.85
7143,US-2018-141558,OFF-BI-10002794,12.294
7144,US-2018-141558,FUR-TA-10004086,154.764
7145,US-2018-141558,OFF-ST-10004946,43.28
7146,CA-2017-139941,OFF-PA-10000241,92.94
7147,CA-2017-139941,OFF-AP-10004036,52.56
7148,CA-2016-166583,TEC-PH-10001578,971.88
7149,CA-2018-100412,FUR-CH-10002647,141.96
7150,CA-2018-142909,FUR-TA-10003008,182.55
7151,CA-2015-137911,OFF-PA-10004071,88.768
7152,CA-2016-106208,OFF-AP-10004980,53.088
7153,US-2016-136749,FUR-FU-10000747,275.88
7154,US-2016-136749,OFF-BI-10004492,157.9
7155,CA-2018-126718,OFF-LA-10004055,4.91
7156,CA-2017-131380,OFF-ST-10002485,87.92
7157,CA-2017-131380,OFF-PA-10001243,5.98
7158,CA-2016-145835,TEC-PH-10004447,222.384
7159,CA-2016-145835,OFF-FA-10002280,16.0
7160,CA-2015-138709,OFF-PA-10004734,21.84
7161,CA-2015-138709,OFF-BI-10000145,15.6
7162,CA-2015-122070,OFF-EN-10004773,247.84
7163,CA-2015-122070,OFF-BI-10004970,9.912
7164,CA-2017-158610,OFF-ST-10000604,69.52
7165,CA-2015-117464,OFF-AR-10003190,11.52
7166,CA-2015-117464,FUR-CH-10000155,717.72
7167,CA-2015-117464,OFF-ST-10003058,236.5
7168,CA-2015-117464,FUR-TA-10004767,170.352
7169,US-2018-168613,FUR-CH-10002372,145.764
7170,CA-2018-125381,TEC-AC-10000158,107.97
7171,US-2018-141677,TEC-AC-10000158,143.96
7172,US-2018-141677,TEC-CO-10002313,2399.96
7173,US-2018-141677,OFF-PA-10002581,74.352
7174,US-2018-141677,OFF-AP-10001205,87.168
7175,US-2018-141677,OFF-ST-10000344,32.232
7176,CA-2018-133067,OFF-BI-10002897,2.202
7177,CA-2018-133067,OFF-BI-10003694,9.396
7178,US-2017-144351,TEC-PH-10001644,89.97
7179,CA-2015-106054,OFF-AR-10002399,12.78
7180,CA-2017-138667,TEC-AC-10003063,40.0
7181,CA-2018-150609,OFF-BI-10002071,23.24
7182,CA-2018-128853,FUR-CH-10004218,908.82
7183,CA-2018-133102,OFF-SU-10000432,5.552
7184,CA-2018-133102,OFF-AR-10003183,8.016
7185,CA-2018-133102,FUR-CH-10002017,74.592
7186,CA-2018-133102,FUR-FU-10003247,16.784
7187,CA-2018-133102,OFF-AP-10001563,38.864
7188,CA-2017-164399,TEC-PH-10004908,203.976
7189,CA-2017-164399,FUR-TA-10003392,674.352
7190,CA-2017-116918,OFF-BI-10004140,5.388
7191,CA-2017-116918,OFF-AR-10003631,30.976
7192,CA-2017-110492,OFF-ST-10003716,1350.12
7193,CA-2017-110492,OFF-BI-10003274,15.92
7194,CA-2017-147683,FUR-FU-10004848,19.54
7195,CA-2015-116785,OFF-AR-10003504,21.4
7196,CA-2015-116785,OFF-LA-10000305,12.6
7197,US-2016-156797,OFF-AR-10001427,11.96
7198,US-2016-156797,TEC-PH-10004614,138.0
7199,CA-2017-104276,TEC-PH-10001944,116.76
7200,CA-2017-104276,FUR-TA-10001039,331.023
7201,CA-2017-120369,FUR-FU-10003806,756.8
7202,CA-2015-118276,FUR-FU-10002111,8.736
7203,CA-2016-136658,OFF-AR-10000817,6.08
7204,CA-2018-137414,FUR-FU-10001424,17.46
7205,CA-2018-137414,TEC-MA-10002930,369.16
7206,CA-2017-143476,OFF-AR-10003759,2.912
7207,CA-2017-143476,OFF-PA-10001837,20.736
7208,CA-2017-143476,OFF-PA-10001667,9.568
7209,US-2017-119046,OFF-PA-10000246,30.18
7210,US-2017-119046,OFF-BI-10001078,51.648
7211,US-2017-119046,OFF-BI-10000138,11.232
7212,CA-2018-154949,OFF-LA-10002034,14.73
7213,CA-2016-103072,OFF-AR-10000127,16.4
7214,CA-2016-103072,OFF-PA-10003172,25.92
7215,CA-2016-150770,OFF-AR-10001246,8.82
7216,CA-2016-150770,OFF-BI-10002026,62.496
7217,CA-2016-150770,TEC-AC-10000844,339.96
7218,CA-2016-150770,OFF-BI-10001575,49.568
7219,CA-2018-154760,OFF-BI-10004632,274.491
7220,US-2018-104437,TEC-PH-10000193,137.94
7221,CA-2018-113075,TEC-AC-10003441,40.68
7222,CA-2017-109953,TEC-PH-10004093,110.376
7223,CA-2017-109953,OFF-AP-10002998,151.62
7224,CA-2017-109953,FUR-FU-10000073,30.8
7225,CA-2018-127397,OFF-PA-10001125,123.92
7226,CA-2018-127397,TEC-AC-10003033,1319.8
7227,CA-2015-157546,OFF-BI-10002498,89.712
7228,CA-2015-157546,OFF-PA-10004569,22.83
7229,CA-2018-153843,OFF-BI-10002353,30.88
7230,CA-2018-153843,OFF-AP-10001564,465.16
7231,CA-2018-153843,OFF-PA-10003673,27.12
7232,CA-2017-137337,FUR-FU-10003347,113.6
7233,CA-2017-137337,OFF-PA-10001934,12.96
7234,CA-2017-137337,OFF-BI-10000632,69.456
7235,CA-2015-138737,OFF-AR-10003190,8.64
7236,CA-2017-164924,TEC-MA-10000904,341.991
7237,CA-2017-101651,FUR-FU-10000771,43.96
7238,CA-2017-101651,OFF-EN-10001990,39.76
7239,CA-2018-136651,FUR-FU-10002445,66.36
7240,CA-2018-136651,OFF-BI-10003638,92.88
7241,CA-2018-136651,FUR-FU-10004864,24.14
7242,CA-2018-118892,FUR-CH-10002024,4416.174
7243,US-2018-151127,OFF-AR-10002445,49.56
7244,CA-2018-145807,OFF-ST-10001370,354.9
7245,US-2015-127978,OFF-LA-10000305,15.12
7246,US-2015-127978,FUR-BO-10001972,302.45
7247,US-2015-127978,OFF-ST-10002486,44.672
7248,CA-2016-158491,TEC-AC-10001874,119.98
7249,CA-2016-158491,TEC-AC-10003870,989.97
7250,CA-2017-116764,OFF-LA-10002473,9.216
7251,CA-2017-152457,OFF-PA-10003790,68.52
7252,CA-2017-152730,OFF-AP-10002684,364.74
7253,CA-2017-152730,FUR-FU-10001037,47.4
7254,CA-2017-152730,OFF-ST-10000876,49.76
7255,CA-2017-152730,OFF-AR-10003732,5.56
7256,CA-2017-152730,OFF-PA-10000994,629.1
7257,CA-2017-152730,OFF-AR-10000940,14.7
7258,CA-2017-152730,OFF-PA-10004888,45.36
7259,CA-2017-152730,TEC-PH-10000441,125.99
7260,CA-2018-137001,OFF-AR-10001231,14.7
7261,CA-2018-156363,TEC-PH-10003988,32.7
7262,CA-2018-156363,OFF-EN-10003068,31.68
7263,CA-2018-122056,OFF-AR-10004260,181.86
7264,US-2015-143721,FUR-CH-10001973,155.372
7265,CA-2018-122987,OFF-BI-10002824,13.428
7266,CA-2018-122987,OFF-ST-10004950,67.136
7267,CA-2017-133368,OFF-PA-10004039,89.568
7268,CA-2017-133368,FUR-FU-10003374,315.776
7269,CA-2017-123337,FUR-BO-10001918,273.666
7270,CA-2017-123337,OFF-AP-10002287,17.48
7271,US-2017-150357,OFF-SU-10004498,20.608
7272,US-2017-150357,OFF-BI-10002557,4.095
7273,CA-2016-144519,TEC-PH-10004908,339.96
7274,CA-2016-144519,FUR-FU-10000794,63.98
7275,CA-2015-120670,TEC-AC-10004171,799.92
7276,CA-2017-157217,TEC-PH-10002070,35.984
7277,CA-2017-157217,TEC-AC-10003095,389.97
7278,CA-2017-108224,TEC-AC-10003832,185.528
7279,CA-2016-162782,OFF-BI-10003527,2541.98
7280,CA-2018-159282,TEC-MA-10001148,599.985
7281,CA-2018-155936,OFF-BI-10002432,3.036
7282,CA-2018-169439,OFF-AR-10001374,25.92
7283,CA-2018-169439,FUR-FU-10000723,66.112
7284,CA-2018-151183,TEC-AC-10003614,46.36
7285,CA-2017-149965,TEC-AC-10004877,6.9
7286,CA-2017-149965,FUR-FU-10004270,57.69
7287,CA-2015-158281,TEC-MA-10002210,559.71
7288,CA-2017-153661,OFF-ST-10000675,305.01
7289,CA-2017-153661,OFF-BI-10004781,50.784
7290,CA-2017-153661,OFF-LA-10004689,26.01
7291,CA-2018-109183,TEC-MA-10001856,649.0
7292,CA-2017-113656,FUR-FU-10000719,59.99
7293,CA-2016-148964,FUR-FU-10003849,20.24
7294,CA-2015-111899,OFF-AR-10001725,37.84
7295,CA-2015-111899,OFF-FA-10000840,5.472
7296,CA-2016-101126,OFF-ST-10000943,77.24
7297,CA-2015-163468,FUR-TA-10002533,292.1
7298,CA-2015-163468,FUR-FU-10001546,8.544
7299,CA-2015-163468,FUR-BO-10003546,424.116
7300,CA-2015-163468,OFF-BI-10004728,2.892
7301,CA-2015-163468,OFF-ST-10000025,381.72
7302,US-2018-117450,FUR-CH-10003817,97.184
7303,US-2018-117450,OFF-PA-10000289,10.368
7304,CA-2015-137274,FUR-TA-10001889,890.841
7305,CA-2017-144092,TEC-AC-10002305,72.0
7306,CA-2017-144092,FUR-CH-10004875,113.888
7307,CA-2017-144092,OFF-EN-10001434,158.13
7308,CA-2018-112172,OFF-FA-10004395,14.13
7309,CA-2016-121699,OFF-BI-10004632,64.75
7310,CA-2016-162761,OFF-BI-10000145,1.872
7311,CA-2016-162761,OFF-BI-10002498,11.214
7312,CA-2016-162761,OFF-AR-10001761,37.376
7313,CA-2017-121377,TEC-PH-10001817,286.4
7314,CA-2018-115322,OFF-AR-10004456,43.92
7315,CA-2017-132066,FUR-TA-10001539,142.182
7316,CA-2018-158120,OFF-PA-10003205,19.608
7317,CA-2018-158120,OFF-BI-10002813,4.158
7318,CA-2018-100097,TEC-PH-10002310,979.95
7319,CA-2018-100097,FUR-FU-10003623,135.3
7320,CA-2018-167626,OFF-PA-10003424,8.904
7321,CA-2018-167626,TEC-AC-10004353,100.8
7322,US-2018-126053,FUR-FU-10001934,41.96
7323,US-2018-126053,OFF-LA-10003766,9.45
7324,US-2018-128447,OFF-AP-10004540,400.8
7325,US-2018-128447,OFF-BI-10001543,28.792
7326,US-2015-131275,FUR-FU-10004597,111.0
7327,US-2015-131275,TEC-MA-10001148,1279.968
7328,US-2015-131275,OFF-ST-10000078,1856.19
7329,CA-2017-149349,FUR-FU-10001037,22.752
7330,CA-2018-115119,TEC-PH-10001433,61.542
7331,CA-2018-115119,OFF-BI-10003007,81.438
7332,CA-2016-125563,FUR-FU-10001290,67.36
7333,CA-2016-125563,FUR-FU-10000087,54.528
7334,CA-2016-113152,TEC-AC-10002049,843.9
7335,CA-2016-113152,FUR-BO-10002613,449.568
7336,CA-2018-165155,OFF-ST-10004950,15.51
7337,CA-2015-163412,FUR-CH-10004875,192.186
7338,CA-2016-159590,OFF-AR-10003190,5.76
7339,CA-2015-116190,FUR-CH-10000553,67.88
7340,CA-2015-116190,OFF-LA-10002762,162.89
7341,CA-2015-116190,FUR-FU-10000719,25.71
7342,CA-2015-168473,OFF-ST-10000563,191.88
7343,CA-2018-168389,FUR-TA-10004289,721.875
7344,CA-2018-168389,TEC-PH-10003555,73.568
7345,CA-2018-168389,OFF-AR-10001958,13.584
7346,CA-2018-168389,FUR-CH-10000225,64.784
7347,CA-2015-130421,OFF-AP-10002534,176.772
7348,CA-2018-142125,OFF-BI-10000301,38.82
7349,CA-2018-142125,OFF-BI-10003460,21.9
7350,CA-2018-141138,TEC-AC-10001772,111.79
7351,CA-2018-152135,TEC-PH-10003505,445.44
7352,CA-2017-151974,OFF-LA-10004484,16.52
7353,CA-2018-154102,OFF-PA-10001593,29.9
7354,CA-2016-139780,OFF-BI-10004139,116.4
7355,CA-2017-114748,OFF-AR-10001315,1.408
7356,CA-2017-114748,FUR-FU-10001488,169.568
7357,US-2015-115189,TEC-PH-10002170,251.964
7358,US-2015-115189,FUR-TA-10004575,523.764
7359,CA-2017-163594,OFF-PA-10000809,19.44
7360,CA-2017-163594,FUR-CH-10000225,194.352
7361,CA-2017-163594,OFF-BI-10003707,36.624
7362,CA-2017-127243,TEC-PH-10004539,340.182
7363,CA-2017-127243,OFF-FA-10004076,12.672
7364,CA-2017-127243,OFF-BI-10003166,6.888
7365,CA-2017-127243,OFF-ST-10002301,32.544
7366,CA-2017-127243,FUR-CH-10002647,347.802
7367,CA-2018-161851,OFF-BI-10004654,15.57
7368,CA-2016-110345,OFF-LA-10001175,4.608
7369,CA-2015-107769,TEC-PH-10001336,257.98
7370,US-2018-123862,OFF-ST-10000760,153.78
7371,US-2018-123862,OFF-ST-10002301,61.02
7372,US-2018-123862,OFF-SU-10004884,110.11
7373,US-2018-123862,OFF-FA-10003112,7.89
7374,CA-2018-100580,OFF-BI-10000069,36.024
7375,US-2018-145597,OFF-AR-10001958,54.336
7376,CA-2015-132787,OFF-ST-10001321,92.52
7377,CA-2016-136224,OFF-AR-10003504,10.272
7378,CA-2017-105732,OFF-ST-10000419,40.74
7379,CA-2017-105732,OFF-LA-10004559,14.4
7380,CA-2017-105732,TEC-PH-10001644,149.95
7381,CA-2017-105732,OFF-SU-10004782,16.9
7382,CA-2017-105732,OFF-PA-10002250,17.61
7383,CA-2017-105732,OFF-AP-10001394,378.0
7384,CA-2017-105732,OFF-PA-10001838,17.64
7385,CA-2017-105732,OFF-ST-10004340,373.08
7386,CA-2017-105732,FUR-FU-10003664,1336.44
7387,CA-2017-105732,TEC-PH-10004897,29.97
7388,CA-2018-108035,FUR-CH-10000454,390.368
7389,CA-2018-108035,FUR-FU-10004017,101.52
7390,CA-2018-160031,OFF-PA-10000241,74.352
7391,CA-2018-147844,OFF-PA-10003016,15.7
7392,CA-2018-147844,OFF-AR-10001615,59.52
7393,CA-2018-147844,OFF-PA-10002713,34.4
7394,CA-2017-110975,FUR-TA-10002958,313.176
7395,CA-2017-110975,FUR-CH-10003746,866.646
7396,CA-2015-141649,OFF-AP-10003217,795.408
7397,CA-2015-124807,OFF-PA-10001526,35.856
7398,CA-2015-124807,TEC-AC-10002857,23.84
7399,CA-2017-110009,FUR-FU-10003039,43.13
7400,CA-2017-110009,OFF-PA-10002615,30.87
7401,CA-2018-168172,OFF-SU-10002573,70.12
7402,CA-2016-100146,FUR-BO-10004015,509.9575
7403,CA-2016-100146,FUR-FU-10001979,122.91
7404,CA-2016-100146,FUR-CH-10003833,97.568
7405,CA-2016-100146,FUR-CH-10004495,722.352
7406,CA-2018-152079,OFF-LA-10001613,11.52
7407,CA-2017-129728,FUR-FU-10003247,167.84
7408,CA-2015-121769,FUR-TA-10004442,172.11
7409,CA-2015-103058,TEC-AC-10001314,99.98
7410,CA-2018-121125,TEC-PH-10001619,156.792
7411,CA-2018-121125,TEC-AC-10002323,35.36
7412,CA-2018-121125,FUR-FU-10000820,13.592
7413,US-2017-114013,FUR-CH-10004287,386.68
7414,US-2017-114013,TEC-AC-10000474,379.96
7415,US-2017-114013,TEC-PH-10001494,539.91
7416,US-2017-114013,OFF-PA-10004996,41.24
7417,US-2017-114013,OFF-BI-10004318,51.897
7418,US-2017-114013,OFF-ST-10002574,552.56
7419,US-2017-114013,OFF-BI-10002353,23.16
7420,US-2017-114013,OFF-ST-10003641,126.08
7421,US-2017-114013,TEC-MA-10001148,449.1
7422,CA-2018-135069,OFF-AP-10000026,195.104
7423,CA-2018-135069,FUR-FU-10003878,36.672
7424,CA-2017-101693,FUR-CH-10001146,85.246
7425,CA-2017-101693,FUR-FU-10003919,32.712
7426,US-2015-164763,OFF-BI-10000605,11.43
7427,US-2015-164763,OFF-BI-10000309,30.44
7428,US-2015-164763,OFF-PA-10003349,12.96
7429,US-2015-164763,OFF-PA-10003063,16.0
7430,US-2015-164763,OFF-AP-10003971,32.67
7431,CA-2015-161249,OFF-FA-10004838,4.464
7432,CA-2015-161249,OFF-BI-10001097,9.345
7433,CA-2016-148180,OFF-BI-10000605,9.144
7434,CA-2016-148180,OFF-BI-10003314,23.136
7435,CA-2016-148180,OFF-AR-10002067,99.2
7436,CA-2015-165568,OFF-BI-10001031,21.36
7437,CA-2016-145457,FUR-FU-10003832,46.9
7438,US-2018-163657,OFF-BI-10000138,18.72
7439,US-2018-163657,FUR-TA-10004607,236.528
7440,CA-2016-120446,OFF-LA-10003148,18.9
7441,CA-2015-109932,OFF-PA-10001804,10.688
7442,CA-2015-109932,OFF-ST-10000036,237.096
7443,CA-2018-127474,OFF-PA-10001166,5.184
7444,CA-2018-127474,OFF-PA-10001033,65.584
7445,CA-2018-127474,FUR-FU-10004597,22.2
7446,CA-2018-127474,OFF-PA-10000418,419.4
7447,CA-2018-115448,FUR-FU-10004090,88.92
7448,CA-2018-105669,OFF-AR-10000390,9.912
7449,CA-2018-105669,FUR-CH-10003774,318.43
7450,CA-2018-105669,OFF-BI-10002412,5.8
7451,CA-2018-105669,TEC-PH-10002415,1415.76
7452,CA-2018-134796,TEC-PH-10003505,148.48
7453,CA-2017-137743,OFF-LA-10003663,9.248
7454,CA-2017-137743,OFF-ST-10001780,1036.624
7455,CA-2016-137974,TEC-PH-10002033,569.64
7456,CA-2016-137974,OFF-BI-10001036,9.14
7457,CA-2016-137974,FUR-FU-10001468,1196.86
7458,CA-2016-137974,FUR-BO-10001519,523.26
7459,US-2016-136987,TEC-CO-10001943,639.968
7460,US-2016-136987,OFF-PA-10003127,52.76
7461,CA-2016-138485,TEC-AC-10002076,538.92
7462,CA-2017-103709,OFF-AR-10003338,14.88
7463,CA-2017-103709,OFF-PA-10004610,34.24
7464,CA-2017-103709,OFF-ST-10001272,261.74
7465,CA-2017-138282,OFF-AP-10001366,87.84
7466,CA-2018-148985,FUR-FU-10001424,34.92
7467,CA-2015-138100,OFF-PA-10000349,14.94
7468,CA-2015-138100,FUR-FU-10002456,14.56
7469,CA-2016-100734,OFF-BI-10002609,3.576
7470,CA-2016-100734,OFF-ST-10001522,147.184
7471,CA-2017-139997,TEC-CO-10000971,1499.95
7472,CA-2017-109652,OFF-AR-10000034,13.568
7473,CA-2015-167199,FUR-CH-10004063,2573.82
7474,CA-2015-167199,OFF-BI-10004632,609.98
7475,CA-2015-167199,OFF-AR-10001662,5.48
7476,CA-2015-167199,TEC-PH-10004977,391.98
7477,CA-2015-167199,TEC-PH-10004539,755.96
7478,CA-2015-167199,OFF-FA-10001883,31.12
7479,CA-2015-167199,OFF-PA-10000955,6.54
7480,CA-2017-124583,OFF-EN-10002500,12.78
7481,CA-2015-113964,OFF-BI-10004654,18.464
7482,CA-2015-129938,FUR-CH-10003774,445.802
7483,CA-2018-135111,OFF-AR-10004707,2.48
7484,CA-2018-135111,OFF-BI-10004040,25.9
7485,US-2016-134558,OFF-PA-10001184,29.9
7486,US-2016-134558,TEC-AC-10004145,2249.91
7487,US-2016-134558,FUR-TA-10003473,1053.164
7488,CA-2018-157196,OFF-PA-10003172,12.96
7489,CA-2016-108672,FUR-FU-10003799,106.68
7490,US-2018-118598,TEC-PH-10002583,119.94
7491,US-2018-160836,OFF-PA-10004239,10.272
7492,US-2018-160836,FUR-TA-10002855,512.19
7493,US-2018-160836,OFF-AP-10001626,1.556
7494,CA-2018-121048,OFF-BI-10004022,4.448
7495,CA-2018-121048,FUR-FU-10003601,276.69
7496,CA-2018-121048,OFF-FA-10000490,4.96
7497,CA-2018-121048,OFF-AR-10004042,71.92
7498,CA-2018-121048,FUR-FU-10002960,18.84
7499,CA-2018-121048,TEC-AC-10000991,140.97
7500,CA-2018-121048,TEC-PH-10004977,470.376
7501,US-2018-120147,OFF-AR-10000817,6.08
7502,US-2018-120147,TEC-PH-10002447,164.792
7503,CA-2017-158043,OFF-EN-10003134,23.36
7504,US-2018-106579,OFF-BI-10000309,12.176
7505,CA-2015-115889,TEC-PH-10001615,46.384
7506,CA-2015-115889,OFF-ST-10003208,362.92
7507,US-2018-161935,OFF-PA-10000605,9.248
7508,US-2018-161935,TEC-PH-10000560,1889.946
7509,US-2018-161935,OFF-ST-10003455,62.04
7510,US-2018-161935,FUR-FU-10002937,396.92
7511,US-2018-161935,OFF-ST-10001837,239.456
7512,US-2018-161935,OFF-AR-10004757,13.12
7513,US-2018-167920,OFF-BI-10004236,29.36
7514,US-2018-167920,OFF-AP-10000159,214.9
7515,US-2018-167920,OFF-BI-10003274,15.92
7516,US-2018-167920,TEC-AC-10001013,146.45
7517,US-2018-167920,OFF-ST-10004963,15.14
7518,US-2018-167920,OFF-LA-10004409,5.76
7519,US-2018-167920,TEC-CO-10001046,1399.98
7520,CA-2017-162383,OFF-BI-10002824,8.952
7521,CA-2017-162383,OFF-BI-10001757,8.856
7522,CA-2017-162383,FUR-CH-10004477,85.246
7523,CA-2015-125731,OFF-EN-10003072,21.728
7524,CA-2015-125731,FUR-CH-10003973,1487.04
7525,US-2018-106145,OFF-EN-10001028,71.88
7526,US-2018-106145,FUR-FU-10003829,9.24
7527,US-2018-106145,OFF-PA-10002245,35.88
7528,US-2018-106145,OFF-BI-10002215,17.04
7529,US-2018-106145,OFF-BI-10003925,931.176
7530,CA-2017-107146,FUR-FU-10002298,266.352
7531,CA-2017-107146,FUR-CH-10004853,483.136
7532,US-2018-134642,FUR-CH-10002880,196.784
7533,US-2018-134642,FUR-BO-10004709,231.92
7534,US-2018-160143,OFF-SU-10004231,29.7
7535,CA-2018-103415,FUR-FU-10000820,13.592
7536,CA-2017-106460,OFF-PA-10001736,70.88
7537,US-2018-112347,OFF-ST-10003306,114.288
7538,US-2018-112347,OFF-BI-10003707,36.624
7539,US-2018-112347,FUR-BO-10003546,242.352
7540,US-2018-112347,TEC-PH-10000213,49.616
7541,US-2018-112347,FUR-FU-10001488,508.704
7542,US-2018-112347,TEC-PH-10004833,57.36
7543,US-2018-112347,FUR-CH-10002335,906.68
7544,CA-2015-103492,TEC-PH-10001128,719.952
7545,CA-2015-103492,TEC-PH-10004667,755.944
7546,CA-2015-103492,OFF-BI-10004817,11.98
7547,CA-2015-103492,OFF-BI-10004140,0.898
7548,CA-2017-136595,FUR-FU-10004671,21.204
7549,CA-2015-140396,OFF-EN-10002592,34.74
7550,CA-2015-140396,TEC-PH-10004447,833.94
7551,CA-2015-140396,OFF-BI-10003669,12.96
7552,CA-2015-140396,OFF-PA-10000223,25.92
7553,CA-2015-114181,FUR-BO-10004467,349.965
7554,CA-2015-114181,OFF-AR-10000716,22.32
7555,CA-2018-159506,OFF-PA-10003641,158.28
7556,CA-2018-159506,OFF-BI-10004519,497.94
7557,US-2015-137155,OFF-AP-10002518,533.94
7558,US-2015-137155,OFF-PA-10000806,167.94
7559,US-2015-137155,FUR-FU-10003142,31.68
7560,CA-2017-105746,FUR-CH-10000454,170.786
7561,US-2017-104815,FUR-BO-10003894,198.744
7562,CA-2018-157672,TEC-AC-10001714,63.824
7563,US-2017-166660,FUR-CH-10001190,435.168
7564,US-2017-166660,FUR-BO-10000468,48.58
7565,CA-2018-140802,TEC-AC-10001998,47.976
7566,CA-2018-140802,OFF-PA-10001534,20.736
7567,CA-2015-133830,OFF-AR-10003045,26.46
7568,CA-2015-133830,OFF-PA-10001363,49.12
7569,CA-2015-133830,OFF-FA-10002280,15.0
7570,CA-2015-100916,OFF-ST-10003479,194.7
7571,CA-2015-100916,FUR-TA-10004607,591.32
7572,CA-2015-100916,OFF-AR-10001022,2.84
7573,CA-2016-129532,OFF-ST-10004186,221.96
7574,CA-2016-129532,TEC-AC-10000865,236.0
7575,CA-2015-134726,TEC-AC-10000023,41.94
7576,CA-2015-134726,TEC-PH-10001750,52.792
7577,CA-2017-138597,FUR-CH-10004997,563.94
7578,CA-2016-123113,OFF-AP-10000275,2625.12
7579,CA-2016-123113,OFF-AR-10004999,17.94
7580,CA-2016-169656,OFF-ST-10003816,422.856
7581,CA-2016-142734,FUR-CH-10003968,127.764
7582,CA-2015-163223,TEC-PH-10000730,3499.93
7583,CA-2015-163223,OFF-LA-10004409,14.4
7584,CA-2015-163223,OFF-PA-10000675,122.97
7585,CA-2015-163223,OFF-AR-10001573,9.32
7586,CA-2015-163223,OFF-BI-10001597,122.94
7587,CA-2018-122945,FUR-FU-10001196,17.31
7588,CA-2016-139738,OFF-AR-10004602,128.744
7589,CA-2017-158778,FUR-FU-10000260,58.248
7590,CA-2017-158778,FUR-CH-10001146,71.246
7591,CA-2017-158778,OFF-AR-10000896,7.872
7592,CA-2017-158778,FUR-CH-10000309,887.271
7593,CA-2018-119655,OFF-BI-10001989,146.86
7594,CA-2018-119655,OFF-BI-10001036,36.56
7595,CA-2016-164567,TEC-PH-10002103,225.576
7596,CA-2015-131947,OFF-AR-10001473,5.248
7597,CA-2015-131947,OFF-AR-10000411,38.256
7598,CA-2015-131947,OFF-PA-10000246,40.24
7599,CA-2015-131947,TEC-MA-10004086,29.925
7600,CA-2015-131947,OFF-PA-10003039,148.704
7601,CA-2015-131947,TEC-AC-10004633,55.92
7602,CA-2017-152520,OFF-PA-10000289,12.96
7603,CA-2017-101791,FUR-FU-10003247,25.176
7604,CA-2017-101791,FUR-FU-10002191,5.584
7605,CA-2017-101791,OFF-ST-10001496,1297.368
7606,CA-2018-121195,OFF-ST-10000585,264.32
7607,CA-2018-163209,OFF-PA-10001166,25.92
7608,CA-2018-163209,OFF-AR-10003651,22.96
7609,CA-2015-133354,OFF-PA-10001800,19.44
7610,US-2016-130491,OFF-PA-10000791,9.54
7611,US-2016-130491,OFF-FA-10000134,5.81
7612,US-2016-130491,OFF-AR-10001149,5.76
7613,CA-2016-113740,FUR-FU-10000010,14.91
7614,CA-2015-148425,OFF-BI-10000201,6.642
7615,CA-2017-144309,OFF-PA-10001776,18.54
7616,CA-2017-144309,OFF-BI-10003656,679.96
7617,CA-2018-151225,FUR-TA-10001539,189.576
7618,CA-2018-151225,TEC-PH-10004100,71.96
7619,US-2015-144078,TEC-PH-10001580,539.92
7620,US-2015-144078,FUR-CH-10002335,725.344
7621,US-2015-144078,OFF-AR-10004707,7.44
7622,CA-2015-124464,OFF-AP-10000576,39.48
7623,CA-2016-136805,OFF-AP-10001394,850.5
7624,CA-2016-136805,FUR-FU-10003724,75.33
7625,US-2016-159499,OFF-AP-10002867,325.632
7626,US-2016-159499,TEC-AC-10002718,23.344
7627,US-2016-159499,OFF-LA-10003121,16.52
7628,CA-2015-162089,OFF-EN-10002230,335.72
7629,CA-2015-162089,TEC-PH-10001819,251.944
7630,CA-2015-162089,FUR-CH-10002304,127.302
7631,US-2018-158526,FUR-CH-10002602,1207.84
7632,US-2018-158526,OFF-BI-10002414,12.53
7633,US-2018-158526,OFF-AR-10003696,34.58
7634,US-2018-158526,FUR-CH-10004495,300.98
7635,US-2018-158526,FUR-CH-10001270,258.75
7636,CA-2018-104885,OFF-AR-10001615,59.52
7637,CA-2018-104885,OFF-EN-10003286,57.96
7638,CA-2018-104885,FUR-BO-10003660,441.96
7639,CA-2018-104885,OFF-PA-10002764,68.04
7640,US-2017-157490,TEC-MA-10001695,703.71
7641,US-2017-157490,OFF-BI-10002824,17.904
7642,US-2017-157490,OFF-BI-10002571,11.976
7643,US-2017-157490,TEC-AC-10001553,67.96
7644,CA-2016-161452,FUR-CH-10003973,892.224
7645,US-2015-115196,TEC-MA-10002073,1299.99
7646,CA-2017-138968,OFF-BI-10003529,4.544
7647,CA-2017-138968,FUR-CH-10000309,1352.032
7648,CA-2016-101889,FUR-TA-10004154,1548.99
7649,CA-2016-101889,OFF-EN-10003286,19.872
7650,CA-2018-110821,TEC-AC-10001552,119.448
7651,CA-2018-110821,OFF-ST-10002790,118.16
7652,CA-2016-121552,OFF-AR-10003217,19.56
7653,CA-2016-107685,FUR-FU-10002813,80.96
7654,CA-2016-107685,OFF-PA-10003848,25.92
7655,US-2015-120740,OFF-AP-10000240,106.96
7656,US-2015-120740,FUR-FU-10004091,187.76
7657,CA-2018-155740,OFF-BI-10001071,76.776
7658,CA-2018-146493,OFF-BI-10003676,53.9
7659,CA-2015-105417,FUR-FU-10004864,76.728
7660,CA-2015-105417,OFF-BI-10003708,10.43
7661,US-2018-141509,OFF-AR-10002067,99.2
7662,CA-2018-139493,OFF-AR-10003158,15.92
7663,CA-2015-151967,FUR-FU-10000193,129.92
7664,US-2017-140158,OFF-BI-10000977,30.4
7665,US-2017-140158,TEC-CO-10001449,5399.91
7666,US-2017-140158,OFF-ST-10000136,119.1
7667,CA-2016-130974,OFF-PA-10000743,40.08
7668,CA-2016-130974,OFF-PA-10001019,59.94
7669,CA-2016-130974,TEC-AC-10003095,259.98
7670,CA-2016-130974,FUR-BO-10002916,170.98
7671,CA-2016-130974,FUR-FU-10002506,38.97
7672,CA-2016-130974,OFF-PA-10003823,154.9
7673,CA-2016-130974,FUR-TA-10004619,446.068
7674,CA-2018-133487,OFF-AP-10001271,152.94
7675,CA-2015-142951,TEC-AC-10002331,23.472
7676,CA-2015-133592,OFF-PA-10003228,195.64
7677,CA-2015-133592,OFF-PA-10002586,14.94
7678,CA-2015-133592,TEC-AC-10002049,1687.8
7679,CA-2015-133592,FUR-BO-10000362,341.96
7680,CA-2015-133592,FUR-CH-10004218,605.88
7681,CA-2016-120782,OFF-AP-10003779,186.732
7682,CA-2016-120782,OFF-BI-10003527,3812.97
7683,CA-2016-116876,OFF-BI-10002897,26.424
7684,CA-2016-116876,TEC-PH-10002584,625.99
7685,CA-2017-169838,FUR-TA-10001095,1568.61
7686,CA-2017-169838,OFF-BI-10004002,17.3
7687,CA-2017-169838,TEC-AC-10004518,160.0
7688,US-2018-128951,OFF-AP-10002191,179.94
7689,US-2018-128951,FUR-TA-10004575,872.94
7690,US-2018-128951,OFF-PA-10003177,12.96
7691,CA-2015-102330,OFF-LA-10003923,88.8
7692,CA-2015-102330,TEC-PH-10001051,319.968
7693,CA-2017-118899,FUR-CH-10004754,167.888
7694,CA-2018-107958,OFF-PA-10000357,163.96
7695,CA-2018-107958,OFF-BI-10001787,5.232
7696,CA-2018-151799,TEC-CO-10002313,1199.98
7697,CA-2018-151799,OFF-ST-10002790,73.85
7698,CA-2018-151799,OFF-SU-10001664,25.71
7699,CA-2018-151799,OFF-FA-10001332,17.28
7700,CA-2018-151799,FUR-TA-10003473,526.582
7701,CA-2017-114601,OFF-PA-10000605,11.56
7702,CA-2017-114601,TEC-PH-10002170,209.97
7703,CA-2017-114601,FUR-TA-10004147,447.84
7704,CA-2017-114601,TEC-AC-10003911,479.97
7705,CA-2017-114601,OFF-AR-10002578,8.64
7706,CA-2018-100237,OFF-AR-10001761,11.68
7707,CA-2015-139542,TEC-AC-10001553,40.776
7708,CA-2015-139542,OFF-BI-10000309,13.698
7709,US-2016-142811,TEC-PH-10003095,87.8
7710,CA-2018-139353,FUR-FU-10001876,77.952
7711,CA-2018-139353,OFF-ST-10001522,147.184
7712,CA-2018-139353,OFF-PA-10000300,47.952
7713,CA-2015-150203,OFF-AP-10001469,250.26
7714,US-2018-101518,TEC-AC-10001553,40.776
7715,CA-2016-149636,OFF-PA-10004041,29.6
7716,CA-2016-149636,OFF-BI-10002764,1.938
7717,US-2018-146213,TEC-AC-10001114,159.96
7718,CA-2016-108588,OFF-AR-10001615,59.52
7719,CA-2016-108588,OFF-EN-10000461,17.48
7720,CA-2016-108588,OFF-BI-10004506,13.168
7721,US-2018-138086,OFF-AP-10000027,40.74
7722,CA-2016-139374,FUR-CH-10003981,179.886
7723,CA-2017-113978,OFF-AP-10003849,286.256
7724,CA-2017-113978,OFF-ST-10004963,24.224
7725,CA-2017-113978,OFF-ST-10002574,331.536
7726,US-2016-150231,OFF-AR-10001761,17.52
7727,CA-2017-106915,OFF-AR-10000716,17.856
7728,US-2017-109260,TEC-AC-10002637,431.976
7729,CA-2018-104850,FUR-CH-10003774,291.136
7730,CA-2018-140508,OFF-EN-10000927,114.848
7731,CA-2018-143294,OFF-PA-10000743,10.688
7732,CA-2017-165673,OFF-PA-10000697,15.232
7733,CA-2018-134418,OFF-AR-10004441,12.42
7734,US-2017-106313,OFF-PA-10001870,19.44
7735,CA-2015-105872,OFF-BI-10003684,70.368
7736,CA-2018-108287,OFF-AR-10001315,12.672
7737,CA-2018-141103,TEC-PH-10003589,89.95
7738,CA-2015-154781,OFF-PA-10001609,6.58
7739,CA-2015-154781,TEC-AC-10000474,94.99
7740,CA-2016-147816,TEC-PH-10003095,35.12
7741,CA-2018-105326,OFF-PA-10001639,25.92
7742,CA-2017-133613,OFF-BI-10002003,7.96
7743,CA-2017-133613,TEC-PH-10004539,566.97
7744,CA-2017-133613,OFF-AR-10003829,9.84
7745,CA-2016-109113,TEC-AC-10004761,25.488
7746,CA-2016-156153,OFF-FA-10003472,7.56
7747,CA-2016-133242,FUR-FU-10003464,60.84
7748,CA-2016-133242,OFF-ST-10003716,450.04
7749,CA-2016-133242,OFF-BI-10004002,34.6
7750,CA-2016-133242,TEC-PH-10002496,467.97
7751,CA-2016-133242,OFF-BI-10004826,33.02
7752,CA-2016-158323,FUR-FU-10001546,17.088
7753,CA-2016-161795,OFF-AR-10001919,3.008
7754,CA-2018-100902,OFF-PA-10002558,268.24
7755,CA-2018-100902,TEC-AC-10003174,431.16
7756,CA-2018-112844,TEC-PH-10003988,43.6
7757,CA-2018-112844,FUR-FU-10004845,154.95
7758,CA-2017-158925,OFF-PA-10003072,15.552
7759,CA-2015-155390,OFF-PA-10003641,42.208
7760,CA-2018-123071,OFF-PA-10003729,10.368
7761,CA-2018-156391,OFF-AR-10003251,2.224
7762,CA-2016-103093,OFF-EN-10003286,74.52
7763,US-2018-118941,OFF-AR-10004078,17.52
7764,US-2018-118941,FUR-CH-10002331,1779.9
7765,US-2018-118941,OFF-AR-10001953,219.9
7766,CA-2016-169299,OFF-AR-10002053,7.152
7767,CA-2018-154088,OFF-PA-10003651,26.72
7768,CA-2017-155978,TEC-PH-10002885,1039.728
7769,CA-2017-155978,OFF-AP-10002892,45.96
7770,CA-2017-108196,OFF-BI-10000545,456.588
7771,CA-2017-108196,TEC-MA-10000418,4499.985
7772,CA-2017-108196,TEC-AC-10000926,59.976
7773,CA-2017-152800,OFF-EN-10001509,6.12
7774,CA-2015-166961,OFF-AP-10001366,10.98
7775,CA-2015-166961,OFF-FA-10003485,7.86
7776,CA-2015-166961,OFF-ST-10004507,51.45
7777,CA-2015-166961,OFF-BI-10002353,37.056
7778,CA-2017-139381,OFF-AP-10001271,203.92
7779,CA-2017-139381,TEC-PH-10004924,29.56
7780,CA-2016-132136,OFF-BI-10002706,8.568
7781,CA-2017-162236,OFF-ST-10003442,45.248
7782,CA-2017-162236,FUR-TA-10002533,876.3
7783,CA-2017-162236,OFF-SU-10003505,185.376
7784,US-2015-111353,OFF-LA-10002762,25.06
7785,US-2017-117037,OFF-BI-10000279,2.89
7786,US-2017-117037,OFF-FA-10000936,7.896
7787,US-2017-117037,FUR-FU-10004973,22.608
7788,US-2017-117037,OFF-PA-10000791,30.528
7789,CA-2018-160801,OFF-BI-10001132,4.842
7790,CA-2017-108364,OFF-BI-10002012,1.8
7791,CA-2018-169362,TEC-AC-10001383,39.984
7792,CA-2016-127481,OFF-PA-10002036,32.4
7793,CA-2016-127481,OFF-PA-10002377,97.88
7794,CA-2016-112711,TEC-PH-10000526,307.168
7795,US-2016-145121,OFF-BI-10001078,26.9
7796,CA-2018-166184,OFF-EN-10004483,47.01
7797,CA-2018-166184,TEC-PH-10002624,469.99
7798,CA-2018-166184,FUR-CH-10003396,207.846
7799,CA-2018-157413,OFF-ST-10002756,324.744
7800,CA-2015-143637,FUR-FU-10002813,40.48
7801,CA-2016-102260,OFF-LA-10003714,12.0
7802,CA-2016-102260,OFF-ST-10003716,720.064
7803,CA-2016-102260,OFF-ST-10002289,25.424
7804,CA-2016-102260,OFF-AR-10001315,2.816
7805,CA-2016-102260,OFF-BI-10000042,3.204
7806,US-2017-137295,OFF-BI-10004236,30.828
7807,US-2017-137295,OFF-AR-10001955,47.616
7808,US-2017-137295,TEC-PH-10004080,108.784
7809,CA-2017-134334,OFF-PA-10000791,4.77
7810,CA-2017-134334,OFF-AR-10001770,7.98
7811,CA-2017-134334,FUR-TA-10002356,550.431
7812,CA-2017-134334,FUR-FU-10003274,10.56
7813,US-2018-109316,FUR-BO-10004834,1497.666
7814,US-2018-109316,TEC-PH-10000307,17.52
7815,CA-2017-138478,OFF-AR-10002240,113.22
7816,CA-2017-138478,OFF-PA-10001801,35.88
7817,CA-2017-138478,OFF-BI-10001120,4535.976
7818,CA-2018-150469,OFF-FA-10000611,11.84
7819,CA-2018-152436,OFF-ST-10000036,592.74
7820,CA-2017-169334,OFF-ST-10004950,111.672
7821,US-2015-115413,OFF-AR-10003770,8.64
7822,US-2015-115413,TEC-AC-10002800,149.97
7823,CA-2015-125150,FUR-CH-10002439,232.88
7824,CA-2016-127327,FUR-CH-10004218,90.882
7825,CA-2018-117114,TEC-PH-10004042,508.768
7826,CA-2018-117114,OFF-EN-10001137,9.912
7827,CA-2016-137302,FUR-CH-10002017,63.936
7828,CA-2016-137302,OFF-AR-10000588,59.52
7829,CA-2016-137302,TEC-PH-10003174,311.976
7830,CA-2016-137302,OFF-BI-10001524,50.352
7831,CA-2017-112382,TEC-PH-10001552,19.136
7832,CA-2016-128958,OFF-AR-10004757,13.12
7833,CA-2016-106257,FUR-TA-10002530,241.568
7834,CA-2016-106257,TEC-PH-10001494,479.92
7835,CA-2016-149083,FUR-CH-10004289,307.136
7836,CA-2016-149083,OFF-LA-10002945,12.6
7837,CA-2016-149083,TEC-AC-10002567,159.98
7838,US-2015-137869,OFF-EN-10001509,6.12
7839,US-2015-137869,FUR-TA-10003954,1184.72
7840,CA-2017-116603,OFF-AP-10002892,45.96
7841,CA-2015-158470,OFF-BI-10003638,58.05
7842,CA-2015-158470,OFF-PA-10001569,71.28
7843,US-2018-123834,FUR-TA-10001676,124.404
7844,CA-2016-125976,OFF-PA-10001125,154.9
7845,CA-2016-125976,TEC-PH-10002496,1871.88
7846,CA-2017-128706,FUR-FU-10004053,16.192
7847,CA-2017-104311,OFF-ST-10000321,18.936
7848,CA-2017-104311,OFF-ST-10002957,12.672
7849,CA-2017-104311,OFF-LA-10000973,5.04
7850,CA-2015-169649,OFF-PA-10000143,8.448
7851,CA-2015-169649,OFF-AP-10003287,20.388
7852,CA-2016-144890,OFF-PA-10001526,9.96
7853,CA-2018-135587,OFF-AP-10004540,320.64
7854,CA-2018-135587,TEC-AC-10001266,52.0
7855,CA-2015-103429,OFF-BI-10004233,25.584
7856,CA-2015-103429,TEC-PH-10003505,464.0
7857,CA-2015-103429,OFF-AP-10001005,235.95
7858,CA-2015-103429,OFF-PA-10001712,39.96
7859,CA-2018-152261,OFF-BI-10002353,18.528
7860,CA-2016-142993,TEC-AC-10003038,17.9
7861,CA-2016-142993,OFF-ST-10000934,81.96
7862,CA-2016-143364,OFF-ST-10002743,272.736
7863,CA-2016-143364,OFF-PA-10001846,18.496
7864,CA-2016-143364,FUR-CH-10004287,441.92
7865,CA-2016-143364,FUR-BO-10001608,127.764
7866,CA-2015-100972,OFF-PA-10000357,166.44
7867,CA-2017-136994,OFF-PA-10000575,13.38
7868,US-2018-166233,TEC-AC-10002167,24.0
7869,CA-2018-122112,OFF-EN-10004459,24.448
7870,CA-2017-101672,OFF-LA-10002271,6.16
7871,CA-2017-101672,FUR-CH-10004063,915.136
7872,CA-2017-101672,OFF-PA-10004610,8.56
7873,CA-2017-101672,OFF-PA-10001878,97.82
7874,CA-2018-168403,OFF-PA-10002036,31.104
7875,CA-2018-168403,OFF-AP-10003278,11.176
7876,CA-2016-148705,OFF-LA-10001641,5.04
7877,CA-2017-160241,FUR-FU-10003806,242.176
7878,CA-2017-155747,FUR-TA-10003392,337.176
7879,CA-2018-118017,OFF-AR-10003856,13.344
7880,CA-2018-118017,TEC-AC-10002006,76.752
7881,CA-2018-118017,TEC-AC-10002006,102.336
7882,CA-2018-118017,OFF-PA-10002246,10.32
7883,CA-2018-118017,OFF-SU-10004782,47.32
7884,CA-2018-118017,FUR-FU-10004351,23.376
7885,CA-2018-118017,FUR-FU-10004270,16.72
7886,CA-2018-118017,FUR-FU-10004053,16.192
7887,CA-2017-113117,OFF-PA-10000019,32.4
7888,CA-2017-148684,OFF-AR-10003811,19.89
7889,CA-2017-148684,TEC-AC-10001838,399.98
7890,CA-2017-148684,FUR-FU-10003553,343.85
7891,CA-2017-148684,OFF-PA-10003302,106.32
7892,CA-2018-125367,OFF-BI-10002412,13.92
7893,CA-2018-124744,OFF-BI-10002852,82.4
7894,CA-2018-124744,OFF-BI-10000145,6.24
7895,CA-2018-124744,OFF-PA-10001970,447.84
7896,CA-2018-128363,OFF-AP-10001563,272.048
7897,CA-2018-128363,OFF-BI-10001359,1614.582
7898,CA-2018-128363,OFF-FA-10003495,24.32
7899,CA-2018-128363,TEC-AC-10003709,1.584
7900,CA-2018-128363,FUR-FU-10003268,31.984
7901,CA-2018-128363,OFF-EN-10003845,14.76
7902,CA-2018-128363,FUR-CH-10002073,423.648
7903,CA-2016-126669,OFF-PA-10001357,76.64
7904,US-2016-118766,OFF-EN-10001415,4.464
7905,US-2016-118766,OFF-BI-10002813,3.96
7906,CA-2017-112585,OFF-AP-10003849,715.64
7907,CA-2017-149762,FUR-TA-10004147,268.704
7908,CA-2017-149762,OFF-AR-10001662,21.92
7909,CA-2017-149762,OFF-ST-10001558,48.72
7910,CA-2017-149762,FUR-BO-10001337,205.666
7911,CA-2017-167605,FUR-FU-10001602,30.344
7912,US-2018-105697,OFF-ST-10003996,25.696
7913,CA-2018-165323,TEC-MA-10003673,3404.5
7914,CA-2018-165323,TEC-AC-10004992,101.34
7915,CA-2016-110891,FUR-CH-10002880,344.372
7916,CA-2018-100783,OFF-AR-10000380,30.384
7917,CA-2016-152513,OFF-BI-10002706,22.848
7918,CA-2018-139822,OFF-ST-10000943,38.62
7919,CA-2018-139822,TEC-AC-10001090,59.98
7920,CA-2018-107713,OFF-BI-10002026,174.3
7921,CA-2018-134096,TEC-PH-10000526,383.96
7922,CA-2018-134096,OFF-BI-10004002,15.57
7923,CA-2017-125843,OFF-BI-10002309,22.32
7924,CA-2017-125843,OFF-LA-10003923,103.6
7925,CA-2018-120404,TEC-AC-10003433,2.97
7926,CA-2018-120404,TEC-PH-10001363,569.99
7927,CA-2018-120404,FUR-FU-10000820,50.97
7928,CA-2018-167549,FUR-TA-10004767,298.116
7929,CA-2017-120082,OFF-AR-10001955,59.52
7930,US-2017-168095,FUR-CH-10004886,230.28
7931,US-2017-168095,OFF-PA-10003641,105.52
7932,CA-2018-166093,OFF-EN-10003134,23.36
7933,CA-2018-166093,TEC-PH-10002564,71.976
7934,CA-2018-166093,OFF-PA-10003893,8.56
7935,CA-2018-166093,OFF-BI-10000174,13.92
7936,CA-2018-166093,OFF-AP-10001058,2518.29
7937,CA-2018-166093,OFF-ST-10001496,540.57
7938,CA-2018-166093,OFF-BI-10004230,221.056
7939,CA-2017-146325,FUR-CH-10001146,81.424
7940,CA-2017-146325,OFF-ST-10001590,134.8
7941,CA-2018-134194,OFF-BI-10003684,39.582
7942,CA-2018-134194,OFF-SU-10000946,44.688
7943,CA-2018-134194,OFF-AR-10001615,31.744
7944,CA-2018-134194,OFF-BI-10001597,40.98
7945,CA-2018-134194,OFF-BI-10001116,3.168
7946,CA-2015-131009,OFF-FA-10004395,18.84
7947,CA-2015-131009,FUR-CH-10001270,362.25
7948,CA-2015-131009,FUR-FU-10001095,63.552
7949,CA-2015-131009,OFF-ST-10001469,129.552
7950,CA-2016-145814,OFF-BI-10003196,5.984
7951,CA-2016-145814,TEC-PH-10002200,861.76
7952,CA-2015-138359,OFF-ST-10000636,66.96
7953,CA-2015-138359,OFF-BI-10000145,6.24
7954,CA-2018-131807,FUR-CH-10001190,435.168
7955,CA-2018-131807,OFF-FA-10002780,14.9
7956,CA-2018-131807,OFF-AP-10004052,15.8
7957,CA-2018-131807,FUR-FU-10004666,72.9
7958,CA-2018-131807,FUR-TA-10004086,206.352
7959,CA-2018-131807,TEC-PH-10000702,7.992
7960,CA-2018-104864,OFF-ST-10002301,81.36
7961,CA-2018-104864,OFF-BI-10001636,20.232
7962,CA-2018-104864,OFF-AP-10002684,389.056
7963,CA-2018-104864,OFF-PA-10004609,20.736
7964,CA-2018-104864,OFF-PA-10003309,41.472
7965,CA-2016-138219,OFF-PA-10000380,33.36
7966,CA-2017-157707,FUR-BO-10001567,90.882
7967,CA-2017-157707,TEC-PH-10002583,15.992
7968,CA-2017-157707,FUR-CH-10004853,120.784
7969,US-2016-126753,TEC-PH-10003580,519.792
7970,US-2016-126753,TEC-AC-10004227,31.176
7971,US-2016-126753,OFF-PA-10002787,10.368
7972,US-2016-126753,OFF-BI-10003981,2.724
7973,US-2016-126753,FUR-FU-10001488,254.352
7974,US-2016-126753,OFF-BI-10003727,3.762
7975,US-2016-126753,OFF-PA-10000130,10.272
7976,CA-2015-166051,TEC-PH-10002680,659.97
7977,CA-2015-166051,TEC-PH-10002538,113.73
7978,CA-2016-113040,OFF-BI-10001249,5.104
7979,CA-2015-103800,OFF-PA-10000174,16.448
7980,CA-2015-113383,OFF-AP-10004532,81.92
7981,CA-2015-113383,FUR-FU-10001986,254.9
7982,CA-2018-152499,OFF-FA-10002975,15.12
7983,CA-2018-152499,OFF-AR-10003481,7.872
7984,CA-2017-151498,OFF-BI-10004967,8.32
7985,CA-2017-137939,TEC-PH-10003589,89.95
7986,US-2017-117793,OFF-LA-10002945,25.2
7987,US-2017-117793,OFF-LA-10003537,37.59
7988,US-2017-117793,OFF-ST-10002406,14.97
7989,US-2017-117793,TEC-AC-10003433,1.98
7990,CA-2017-133872,OFF-BI-10002082,39.936
7991,CA-2017-133872,TEC-AC-10000521,18.464
7992,US-2016-165743,OFF-BI-10001982,4.896
7993,US-2016-165743,FUR-BO-10002268,145.764
7994,US-2016-165743,OFF-BI-10001758,9.612
7995,US-2018-105998,TEC-AC-10004469,199.75
7996,US-2018-105998,FUR-TA-10001095,1673.184
7997,US-2015-148194,FUR-FU-10001852,12.18
7998,US-2015-148194,OFF-AP-10000696,57.68
7999,US-2016-151407,TEC-PH-10003885,263.96
8000,CA-2016-110870,TEC-AC-10002926,299.94
8001,CA-2016-110870,OFF-SU-10001225,25.76
8002,CA-2015-143210,TEC-PH-10004434,271.9
8003,CA-2015-143210,FUR-FU-10003878,45.84
8004,CA-2015-143210,FUR-FU-10002268,9.82
8005,CA-2017-139808,OFF-FA-10001883,93.36
8006,CA-2016-110863,OFF-ST-10002756,541.24
8007,CA-2016-110863,OFF-PA-10000474,106.32
8008,CA-2016-110863,FUR-CH-10002073,1323.9
8009,CA-2015-127859,OFF-PA-10003641,126.624
8010,US-2016-136427,TEC-PH-10002070,125.944
8011,CA-2018-120168,OFF-BI-10004519,663.92
8012,CA-2018-120168,TEC-AC-10002167,120.0
8013,CA-2018-120168,OFF-FA-10000936,3.29
8014,CA-2018-120168,FUR-FU-10000732,18.84
8015,US-2015-131870,FUR-FU-10002501,60.672
8016,US-2015-131870,OFF-AR-10000634,30.816
8017,CA-2018-114804,TEC-PH-10001700,52.792
8018,CA-2018-167227,OFF-AP-10001962,83.9
8019,CA-2018-167227,OFF-PA-10001838,11.76
8020,CA-2015-129189,OFF-AP-10000124,4.992
8021,CA-2015-129189,OFF-EN-10003567,87.92
8022,CA-2015-129189,FUR-CH-10004997,657.93
8023,CA-2015-129189,OFF-BI-10000494,1.044
8024,CA-2016-132465,FUR-FU-10000277,210.68
8025,CA-2016-132465,OFF-ST-10003641,78.8
8026,CA-2016-132465,TEC-AC-10001998,19.99
8027,CA-2016-132465,OFF-ST-10001932,772.68
8028,CA-2017-166373,TEC-AC-10002323,106.08
8029,CA-2017-158806,FUR-FU-10004270,23.076
8030,CA-2017-158806,OFF-PA-10004621,25.92
8031,CA-2016-119690,OFF-PA-10001019,47.952
8032,CA-2016-119690,OFF-BI-10000201,0.984
8033,CA-2016-119690,FUR-FU-10004587,75.384
8034,CA-2016-119690,OFF-LA-10001613,4.608
8035,CA-2016-153738,OFF-BI-10001308,37.68
8036,CA-2018-169012,OFF-AP-10003278,41.91
8037,CA-2018-109393,FUR-BO-10003966,435.999
8038,CA-2018-121489,FUR-CH-10004698,388.704
8039,CA-2018-121489,OFF-ST-10000025,572.58
8040,CA-2018-121489,TEC-AC-10000682,33.18
8041,US-2018-133081,TEC-AC-10001772,63.88
8042,US-2018-133081,FUR-FU-10001379,26.72
8043,CA-2018-165008,OFF-BI-10002794,295.056
8044,CA-2017-145611,OFF-AP-10001005,393.25
8045,CA-2017-113600,OFF-BI-10000201,2.214
8046,CA-2018-130834,OFF-PA-10003673,16.272
8047,CA-2017-168543,OFF-AP-10000938,706.86
8048,CA-2015-144974,OFF-BI-10003274,5.97
8049,CA-2015-144974,FUR-FU-10001095,21.184
8050,CA-2015-144974,OFF-AP-10001492,41.376
8051,CA-2015-109904,OFF-AR-10004999,17.94
8052,CA-2018-152205,OFF-BI-10004094,2.655
8053,CA-2016-121188,OFF-ST-10001490,892.35
8054,CA-2016-121188,FUR-BO-10004695,307.666
8055,CA-2016-121188,OFF-ST-10000736,728.82
8056,CA-2016-121188,OFF-BI-10001617,41.36
8057,CA-2016-121188,TEC-PH-10003589,43.176
8058,CA-2016-121188,FUR-FU-10003981,4.16
8059,CA-2016-156013,OFF-PA-10001970,61.4
8060,CA-2016-156013,OFF-BI-10002437,24.448
8061,CA-2017-132997,TEC-PH-10000586,263.96
8062,CA-2017-132997,TEC-PH-10003811,359.97
8063,CA-2017-132997,OFF-PA-10004983,12.96
8064,CA-2017-132997,OFF-ST-10003479,116.82
8065,CA-2017-132997,OFF-BI-10004318,276.784
8066,US-2016-160563,TEC-AC-10002567,239.97
8067,US-2016-160563,FUR-FU-10001731,16.02
8068,CA-2018-151750,OFF-ST-10002743,454.56
8069,CA-2018-151750,FUR-FU-10002116,141.42
8070,CA-2018-151750,FUR-CH-10003199,310.744
8071,CA-2018-151750,OFF-AR-10003158,12.736
8072,CA-2018-151750,OFF-BI-10000301,6.47
8073,CA-2018-151750,OFF-BI-10000343,13.748
8074,CA-2018-151750,OFF-AP-10004708,15.224
8075,CA-2016-106187,FUR-FU-10000794,27.42
8076,CA-2016-106187,OFF-BI-10004519,165.98
8077,CA-2016-106187,TEC-AC-10001590,75.0
8078,US-2017-164945,OFF-BI-10001524,134.272
8079,CA-2016-150714,OFF-LA-10001474,146.544
8080,CA-2016-150714,OFF-PA-10001497,131.904
8081,CA-2016-150714,OFF-AP-10003287,203.88
8082,CA-2016-150714,OFF-BI-10002982,14.301
8083,CA-2016-150714,OFF-ST-10001809,718.64
8084,CA-2017-105753,FUR-FU-10000246,61.1
8085,CA-2018-120894,OFF-AP-10000252,28.08
8086,CA-2017-106621,OFF-AR-10002375,10.496
8087,CA-2016-107020,OFF-BI-10003719,39.92
8088,US-2016-117492,OFF-AP-10001492,77.58
8089,CA-2015-101392,OFF-ST-10000532,269.36
8090,CA-2016-127502,OFF-LA-10001613,5.76
8091,CA-2018-143658,OFF-AR-10002818,109.9
8092,CA-2018-133046,FUR-FU-10001940,23.88
8093,CA-2018-133046,OFF-PA-10003883,26.2
8094,CA-2018-133046,OFF-PA-10002787,12.96
8095,CA-2018-133046,TEC-AC-10000991,234.95
8096,CA-2018-122798,OFF-ST-10003058,118.25
8097,CA-2018-122798,OFF-PA-10004239,4.28
8098,CA-2017-169663,TEC-AC-10003038,26.85
8099,CA-2017-169663,TEC-MA-10000984,3357.6
8100,CA-2016-149846,OFF-LA-10004484,8.26
8101,CA-2016-149846,TEC-MA-10004002,2973.32
8102,CA-2016-149846,OFF-ST-10002406,104.79
8103,CA-2016-149846,TEC-PH-10003645,775.728
8104,CA-2018-159149,FUR-BO-10001601,89.0664
8105,CA-2018-159149,OFF-AR-10000937,175.44
8106,CA-2018-159149,TEC-PH-10000038,438.336
8107,US-2018-167570,FUR-CH-10003396,215.544
8108,CA-2018-160122,OFF-EN-10002592,55.584
8109,CA-2018-160122,FUR-CH-10000422,127.386
8110,CA-2017-130393,FUR-CH-10002647,248.43
8111,CA-2017-130393,OFF-AP-10004859,11.648
8112,CA-2017-130393,FUR-CH-10004477,85.246
8113,CA-2018-144820,OFF-AR-10004817,20.64
8114,CA-2018-101014,FUR-FU-10003374,148.02
8115,CA-2018-105543,OFF-ST-10003123,33.29
8116,US-2018-113201,OFF-PA-10000675,204.95
8117,US-2018-106551,FUR-CH-10004997,526.344
8118,CA-2017-116722,FUR-FU-10001934,41.96
8119,CA-2017-116722,FUR-CH-10004997,451.152
8120,CA-2017-116722,OFF-BI-10001890,31.504
8121,CA-2015-138128,OFF-EN-10002500,30.672
8122,CA-2015-138128,TEC-CO-10001766,1079.976
8123,US-2018-150070,FUR-CH-10004860,161.568
8124,CA-2016-137064,OFF-BI-10002049,2.934
8125,CA-2016-137064,TEC-AC-10003499,18.528
8126,CA-2016-137064,OFF-ST-10003470,670.752
8127,CA-2018-157350,FUR-FU-10000222,64.96
8128,CA-2015-127866,TEC-AC-10000023,41.94
8129,CA-2015-127866,OFF-PA-10003971,11.96
8130,CA-2015-127866,OFF-AR-10003481,13.12
8131,CA-2015-127866,OFF-ST-10001490,535.41
8132,CA-2016-131352,FUR-FU-10003708,72.78
8133,CA-2016-121776,OFF-PA-10001970,36.84
8134,CA-2016-121776,OFF-LA-10002762,87.71
8135,CA-2017-118073,FUR-TA-10002533,562.2925
8136,CA-2015-103219,FUR-FU-10004091,56.52
8137,CA-2017-102561,OFF-AR-10001545,11.264
8138,CA-2017-102561,OFF-ST-10001476,284.08
8139,CA-2017-102561,OFF-PA-10004971,18.496
8140,CA-2017-100993,OFF-LA-10003223,14.73
8141,CA-2017-100993,OFF-ST-10004340,186.54
8142,CA-2017-100993,FUR-TA-10001095,557.728
8143,CA-2017-100993,TEC-PH-10001448,159.968
8144,US-2015-112949,OFF-AP-10001005,471.9
8145,US-2015-112949,OFF-AR-10003469,3.52
8146,US-2018-146822,OFF-PA-10000249,49.12
8147,US-2017-131058,OFF-LA-10001613,20.16
8148,CA-2015-167997,OFF-BI-10001758,10.68
8149,CA-2015-167997,FUR-BO-10004409,141.96
8150,CA-2018-140151,OFF-ST-10001558,32.48
8151,CA-2018-140151,OFF-PA-10002986,20.04
8152,CA-2018-140151,TEC-CO-10004722,13999.96
8153,US-2018-143770,TEC-AC-10002842,238.0
8154,US-2018-143770,OFF-PA-10001125,61.96
8155,CA-2017-131296,FUR-TA-10002622,239.372
8156,CA-2017-103464,TEC-AC-10002842,595.0
8157,CA-2018-136238,OFF-PA-10004285,16.032
8158,CA-2017-120803,TEC-AC-10004469,199.75
8159,CA-2017-134138,FUR-CH-10001545,227.96
8160,CA-2016-120915,OFF-AP-10002578,293.52
8161,CA-2016-120915,TEC-PH-10003012,307.98
8162,CA-2016-168207,FUR-FU-10004909,96.96
8163,CA-2016-168207,OFF-BI-10001524,117.488
8164,CA-2016-168207,OFF-BI-10003355,11.952
8165,CA-2016-168207,FUR-BO-10004357,512.499
8166,CA-2017-144148,FUR-TA-10002774,863.128
8167,CA-2018-107174,FUR-TA-10004575,2036.86
8168,CA-2018-107174,FUR-CH-10003312,449.568
8169,CA-2018-107174,TEC-AC-10001465,108.96
8170,CA-2017-146150,OFF-AR-10002240,264.18
8171,CA-2015-114125,OFF-LA-10004559,2.88
8172,CA-2015-114125,OFF-BI-10003291,41.904
8173,CA-2015-114125,OFF-ST-10001505,23.92
8174,CA-2017-114944,OFF-PA-10003892,156.512
8175,CA-2017-135965,OFF-ST-10002370,128.34
8176,CA-2018-149699,TEC-AC-10000474,474.95
8177,CA-2017-166429,TEC-CO-10002095,999.98
8178,CA-2016-112767,FUR-TA-10003469,277.5
8179,CA-2016-119879,FUR-TA-10002958,1252.704
8180,CA-2016-119879,TEC-PH-10002923,110.97
8181,CA-2018-155642,FUR-FU-10004973,22.608
8182,CA-2018-155642,FUR-FU-10001918,1.892
8183,US-2018-101721,OFF-PA-10003641,63.312
8184,CA-2016-136728,OFF-EN-10002621,7.824
8185,CA-2016-136728,FUR-CH-10003817,170.072
8186,CA-2017-127194,OFF-PA-10000659,62.82
8187,CA-2016-140375,OFF-PA-10001870,19.44
8188,CA-2016-140375,OFF-BI-10000320,7.38
8189,US-2018-155866,OFF-PA-10004735,38.88
8190,US-2018-155866,FUR-FU-10004091,187.76
8191,CA-2016-141327,OFF-BI-10000546,6.048
8192,CA-2016-141327,OFF-AP-10001293,98.352
8193,CA-2016-141327,FUR-FU-10000576,335.744
8194,CA-2016-136700,OFF-PA-10004519,8.96
8195,CA-2018-102736,TEC-AC-10004568,89.568
8196,CA-2018-102736,OFF-AR-10001897,71.96
8197,CA-2018-102736,OFF-PA-10001800,15.552
8198,CA-2018-125269,OFF-BI-10001628,10.43
8199,CA-2018-125269,OFF-ST-10004123,72.784
8200,CA-2016-114811,OFF-ST-10000885,67.15
8201,CA-2016-114811,TEC-PH-10004165,549.98
8202,CA-2016-114811,FUR-FU-10002240,11.82
8203,CA-2016-114811,TEC-MA-10000045,4643.8
8204,CA-2016-114811,FUR-CH-10003746,577.764
8205,CA-2016-122266,FUR-TA-10000577,191.5155
8206,CA-2016-122266,OFF-AR-10004757,2.624
8207,CA-2016-141565,OFF-BI-10000545,1369.764
8208,CA-2016-141565,OFF-ST-10001522,294.368
8209,CA-2018-128769,OFF-AP-10001271,81.568
8210,CA-2017-116337,FUR-FU-10002030,44.46
8211,CA-2017-116337,OFF-ST-10001272,314.088
8212,CA-2016-120845,OFF-BI-10001116,6.336
8213,CA-2016-120845,OFF-PA-10004665,10.48
8214,CA-2016-120845,OFF-BI-10004506,2.469
8215,CA-2016-120845,OFF-BI-10001982,3.264
8216,CA-2015-120775,OFF-FA-10002676,4.344
8217,CA-2015-120775,FUR-FU-10000758,31.776
8218,CA-2015-120775,OFF-LA-10002271,4.928
8219,CA-2015-120775,OFF-BI-10002609,1.788
8220,CA-2015-120775,OFF-FA-10000254,15.072
8221,CA-2015-152905,OFF-ST-10000321,12.624
8222,CA-2017-104633,OFF-PA-10000241,185.88
8223,CA-2017-104633,OFF-PA-10004782,12.96
8224,CA-2018-104136,OFF-PA-10004243,189.7
8225,CA-2018-104136,OFF-PA-10001033,40.99
8226,CA-2017-123050,FUR-FU-10000723,82.64
8227,CA-2017-123050,OFF-ST-10003455,31.02
8228,CA-2017-123050,TEC-AC-10001109,89.97
8229,CA-2017-162355,OFF-AR-10004344,35.97
8230,CA-2017-162355,FUR-BO-10004695,1266.86
8231,CA-2015-158225,OFF-ST-10000675,169.45
8232,CA-2015-158225,OFF-ST-10002301,40.68
8233,CA-2018-102204,OFF-SU-10001212,3.328
8234,CA-2018-102204,FUR-TA-10001889,933.262
8235,CA-2018-102204,FUR-CH-10002024,2803.92
8236,CA-2018-103065,OFF-ST-10000617,4.768
8237,CA-2018-103065,OFF-PA-10000380,6.672
8238,CA-2018-103065,OFF-AR-10003251,4.448
8239,CA-2018-103065,FUR-FU-10000175,43.936
8240,CA-2015-109855,OFF-BI-10004716,23.744
8241,CA-2015-109855,TEC-AC-10002842,357.0
8242,CA-2015-109897,TEC-PH-10003691,806.336
8243,CA-2015-109897,FUR-FU-10002878,85.44
8244,US-2015-143581,OFF-ST-10000991,344.91
8245,CA-2016-129217,OFF-AP-10002439,70.97
8246,CA-2016-129217,OFF-AR-10004602,36.784
8247,CA-2017-133816,TEC-PH-10001795,743.988
8248,CA-2016-140221,OFF-BI-10002854,11.212
8249,CA-2016-140221,FUR-FU-10000023,4.712
8250,CA-2016-140221,OFF-AP-10000828,180.98
8251,CA-2016-140221,OFF-ST-10000777,60.416
8252,CA-2018-152310,TEC-CO-10000971,299.99
8253,CA-2018-152310,OFF-PA-10003134,192.16
8254,CA-2018-152310,TEC-PH-10002538,242.624
8255,CA-2018-152310,OFF-ST-10001228,46.74
8256,CA-2018-152310,TEC-AC-10000397,174.95
8257,CA-2018-152310,OFF-BI-10004308,100.704
8258,CA-2017-118101,OFF-PA-10000357,368.91
8259,CA-2017-118101,OFF-BI-10000773,8.02
8260,CA-2017-118101,OFF-ST-10001837,171.04
8261,CA-2017-100307,OFF-PA-10002552,19.44
8262,CA-2016-138457,OFF-BI-10000014,13.092
8263,CA-2015-131800,OFF-AP-10004136,122.94
8264,CA-2015-131800,OFF-BI-10003429,35.448
8265,CA-2015-118304,TEC-PH-10000376,19.98
8266,CA-2018-121790,FUR-TA-10003469,69.375
8267,CA-2018-121790,OFF-SU-10004231,31.68
8268,CA-2018-121790,TEC-PH-10002584,2003.168
8269,CA-2018-121790,OFF-AR-10003602,9.344
8270,CA-2017-169670,FUR-CH-10002331,2563.056
8271,CA-2017-139549,FUR-CH-10001802,387.136
8272,CA-2016-104059,OFF-AR-10000634,3.424
8273,CA-2018-164112,OFF-ST-10002615,1085.42
8274,CA-2016-143882,OFF-PA-10004040,43.056
8275,US-2017-139262,OFF-BI-10003727,3.762
8276,US-2017-139262,OFF-BI-10002026,34.86
8277,US-2017-139262,OFF-ST-10001496,432.456
8278,CA-2018-146192,OFF-ST-10003716,675.06
8279,CA-2018-134810,OFF-EN-10002504,65.232
8280,CA-2018-134810,FUR-CH-10001270,207.0
8281,CA-2016-154284,TEC-MA-10004241,600.53
8282,CA-2016-154284,OFF-AR-10001468,59.904
8283,CA-2016-154284,TEC-AC-10003198,637.44
8284,CA-2016-154284,FUR-FU-10003039,51.756
8285,CA-2015-156244,OFF-PA-10000295,31.104
8286,CA-2015-156244,OFF-AR-10004344,47.96
8287,CA-2015-156244,TEC-AC-10002473,158.928
8288,CA-2015-156244,OFF-AP-10002403,211.248
8289,CA-2015-156244,OFF-SU-10000432,5.552
8290,CA-2015-156244,OFF-LA-10000443,2.952
8291,CA-2016-106362,OFF-BI-10003166,10.332
8292,US-2018-168802,OFF-BI-10002393,18.368
8293,US-2018-146906,TEC-PH-10001809,299.9
8294,CA-2017-166380,OFF-EN-10002600,26.55
8295,CA-2017-166380,TEC-AC-10000109,111.98
8296,US-2016-158911,FUR-FU-10003829,4.928
8297,US-2016-158911,OFF-LA-10003223,11.784
8298,US-2015-103338,OFF-AR-10001770,7.98
8299,CA-2016-109169,OFF-EN-10003296,180.96
8300,US-2018-167318,TEC-AC-10003870,1649.95
8301,US-2018-167318,FUR-CH-10000665,362.352
8302,US-2015-120313,TEC-PH-10003092,73.584
8303,CA-2018-135419,FUR-TA-10001086,486.368
8304,CA-2017-128671,OFF-PA-10001870,32.4
8305,CA-2017-128671,OFF-BI-10003305,41.86
8306,CA-2017-128671,OFF-BI-10003007,77.56
8307,CA-2017-149335,OFF-AR-10001419,37.17
8308,CA-2015-168312,OFF-ST-10003692,137.352
8309,CA-2015-168312,FUR-TA-10001866,376.509
8310,US-2018-105935,FUR-FU-10002157,62.72
8311,US-2018-105935,TEC-PH-10001459,2939.93
8312,CA-2015-161508,FUR-CH-10002126,512.358
8313,CA-2015-161508,OFF-FA-10001561,3.488
8314,CA-2015-161508,OFF-AR-10003158,22.288
8315,CA-2015-161508,OFF-PA-10001804,16.032
8316,CA-2018-130904,OFF-AR-10000422,1.752
8317,CA-2018-130904,OFF-AR-10000127,20.992
8318,CA-2018-133620,OFF-ST-10004634,11.21
8319,CA-2016-142937,OFF-AR-10003582,45.04
8320,US-2017-149790,OFF-BI-10002026,15.624
8321,CA-2017-130778,OFF-AP-10000595,8.74
8322,CA-2017-130778,OFF-PA-10001509,44.75
8323,CA-2018-144456,OFF-ST-10001321,61.68
8324,CA-2018-144456,TEC-PH-10001750,158.376
8325,CA-2018-103478,OFF-BI-10001890,2.864
8326,CA-2018-103478,OFF-BI-10004224,94.192
8327,CA-2018-118577,OFF-PA-10001357,143.7
8328,CA-2018-118577,OFF-PA-10004888,6.48
8329,CA-2018-113572,TEC-AC-10002370,7.88
8330,CA-2017-153269,OFF-ST-10004634,11.21
8331,CA-2017-153269,FUR-CH-10002647,354.9
8332,CA-2017-153269,OFF-PA-10001801,17.94
8333,CA-2017-153269,OFF-BI-10004632,51.8
8334,CA-2018-161655,OFF-BI-10002082,299.52
8335,CA-2017-101469,OFF-AR-10003986,7.7
8336,CA-2015-153087,OFF-PA-10001243,23.92
8337,CA-2015-153087,TEC-AC-10003198,498.0
8338,CA-2018-135076,FUR-CH-10003774,436.704
8339,CA-2015-161634,OFF-PA-10002262,32.4
8340,CA-2018-141481,OFF-AP-10004532,61.44
8341,CA-2017-132549,OFF-ST-10001325,73.36
8342,US-2015-155544,OFF-LA-10004544,59.2
8343,US-2015-155544,FUR-FU-10001473,32.952
8344,US-2015-155544,FUR-CH-10000422,218.376
8345,US-2016-115238,FUR-FU-10002960,31.4
8346,US-2016-115238,FUR-FU-10002445,9.48
8347,US-2016-115238,TEC-PH-10001300,209.5
8348,US-2016-115238,FUR-FU-10001025,24.3
8349,US-2016-115238,OFF-PA-10002689,6.48
8350,CA-2018-132199,FUR-FU-10004245,32.448
8351,CA-2018-132199,OFF-BI-10003684,26.388
8352,CA-2018-132199,FUR-TA-10003748,373.47
8353,CA-2018-132199,OFF-BI-10002133,64.2
8354,CA-2018-132199,OFF-FA-10002280,8.0
8355,CA-2017-163174,FUR-FU-10000308,186.54
8356,CA-2015-110555,OFF-ST-10000876,87.08
8357,CA-2015-110555,TEC-PH-10000586,105.584
8358,CA-2015-110555,TEC-AC-10003399,217.44
8359,CA-2018-147207,OFF-AR-10001955,31.744
8360,CA-2018-147207,OFF-AP-10000027,5.432
8361,CA-2018-147207,FUR-TA-10002958,913.43
8362,CA-2018-147207,OFF-ST-10002615,372.144
8363,CA-2018-137631,TEC-PH-10002624,751.984
8364,CA-2018-157273,TEC-PH-10002275,604.768
8365,CA-2015-109918,OFF-SU-10004290,27.36
8366,CA-2015-109918,OFF-PA-10000174,20.56
8367,CA-2015-109918,OFF-BI-10004308,83.92
8368,CA-2017-118745,FUR-TA-10003473,902.712
8369,CA-2017-163972,FUR-BO-10003894,120.666
8370,CA-2015-165393,OFF-BI-10001658,4.984
8371,CA-2017-113726,FUR-FU-10003535,82.26
8372,CA-2017-152940,OFF-ST-10000352,29.74
8373,CA-2016-158701,OFF-AP-10004859,87.36
8374,CA-2016-158701,OFF-BI-10001294,56.16
8375,CA-2018-156272,OFF-AP-10001242,64.384
8376,CA-2016-162964,OFF-ST-10002344,64.784
8377,CA-2016-162964,OFF-PA-10003349,15.552
8378,CA-2016-162964,OFF-EN-10003055,223.888
8379,CA-2015-103527,OFF-PA-10001622,10.896
8380,CA-2017-134544,TEC-PH-10003800,84.784
8381,CA-2017-163048,FUR-CH-10001270,241.5
8382,CA-2017-145135,TEC-AC-10003447,59.97
8383,CA-2017-145135,OFF-PA-10004285,13.36
8384,CA-2018-137582,OFF-BI-10001757,11.808
8385,CA-2016-149601,OFF-ST-10001558,16.24
8386,CA-2016-149601,OFF-ST-10001328,77.55
8387,CA-2015-139423,OFF-AP-10004708,76.12
8388,CA-2017-102596,OFF-FA-10000621,17.184
8389,CA-2018-153227,OFF-PA-10001838,11.76
8390,CA-2018-110625,FUR-FU-10001473,27.46
8391,CA-2017-142594,TEC-PH-10000193,137.94
8392,CA-2017-142594,FUR-FU-10002045,111.15
8393,CA-2017-142594,OFF-AP-10002945,901.95
8394,CA-2017-142594,FUR-TA-10001095,366.009
8395,CA-2015-152254,OFF-PA-10001144,310.688
8396,US-2015-120236,OFF-BI-10004099,7.68
8397,CA-2018-120061,FUR-CH-10001973,155.372
8398,CA-2016-133837,OFF-ST-10000344,10.744
8399,CA-2016-110814,OFF-BI-10002026,232.4
8400,CA-2016-110814,FUR-CH-10003535,164.646
8401,CA-2016-110814,OFF-PA-10004156,22.68
8402,CA-2017-154067,OFF-PA-10002254,105.52
8403,CA-2018-140480,FUR-FU-10003247,83.92
8404,CA-2018-140480,TEC-AC-10002473,141.9
8405,CA-2018-140480,FUR-FU-10001057,39.98
8406,CA-2018-140480,OFF-AR-10001419,28.91
8407,CA-2018-140480,OFF-AR-10004010,174.95
8408,CA-2016-134082,OFF-BI-10004230,110.528
8409,CA-2017-130820,FUR-TA-10001768,630.024
8410,CA-2017-159765,OFF-AR-10003514,27.86
8411,CA-2018-132290,FUR-TA-10002228,933.408
8412,CA-2017-147109,OFF-PA-10001972,51.84
8413,CA-2017-147109,TEC-AC-10002942,165.6
8414,CA-2018-107265,OFF-PA-10000474,106.32
8415,CA-2018-118199,OFF-BI-10004330,147.92
8416,CA-2018-118199,OFF-ST-10000604,104.28
8417,CA-2018-118199,FUR-TA-10004154,286.85
8418,CA-2018-118199,OFF-ST-10000636,66.96
8419,CA-2018-118199,TEC-AC-10004171,199.98
8420,CA-2018-150091,TEC-AC-10002167,45.0
8421,CA-2018-150091,OFF-FA-10000621,17.9
8422,CA-2018-150091,FUR-FU-10004053,40.48
8423,CA-2018-150091,FUR-BO-10003404,2154.9
8424,CA-2017-137652,OFF-BI-10004099,18.432
8425,CA-2016-128356,OFF-SU-10004290,10.944
8426,CA-2018-167017,OFF-SU-10001935,4.36
8427,US-2018-132220,TEC-AC-10004227,62.352
8428,CA-2017-118129,FUR-FU-10004904,303.92
8429,US-2015-113124,OFF-ST-10001511,129.3
8430,CA-2018-155621,FUR-FU-10003535,274.2
8431,US-2015-127635,OFF-FA-10000053,6.048
8432,US-2015-127635,OFF-PA-10004610,6.848
8433,US-2015-127635,FUR-FU-10000550,9.96
8434,US-2015-127635,OFF-BI-10001721,8.552
8435,CA-2016-151470,OFF-BI-10004040,45.584
8436,CA-2016-112823,TEC-AC-10002550,25.488
8437,CA-2015-108861,OFF-BI-10003876,136.96
8438,CA-2018-114370,TEC-PH-10000213,49.616
8439,CA-2017-158302,OFF-PA-10002615,10.584
8440,CA-2018-145779,OFF-PA-10002254,84.416
8441,US-2017-155173,TEC-PH-10004586,431.94
8442,US-2017-155173,OFF-BI-10002982,2.043
8443,US-2017-155173,TEC-PH-10002538,68.238
8444,CA-2018-125451,FUR-TA-10001039,240.744
8445,CA-2018-125451,FUR-FU-10004963,35.0
8446,CA-2018-125451,FUR-FU-10000277,210.68
8447,CA-2018-125451,FUR-TA-10004915,637.896
8448,CA-2018-125451,OFF-PA-10003724,43.44
8449,CA-2018-125451,OFF-AP-10002906,2.22
8450,CA-2015-131387,TEC-PH-10001459,1679.96
8451,CA-2017-125087,FUR-CH-10002880,344.372
8452,CA-2017-125087,OFF-ST-10001780,1554.936
8453,CA-2017-125087,FUR-FU-10004748,127.88
8454,CA-2017-154081,TEC-PH-10001918,222.384
8455,US-2018-118556,FUR-CH-10001146,106.869
8456,US-2018-118556,OFF-BI-10004364,3.564
8457,CA-2015-126200,OFF-BI-10002133,25.68
8458,CA-2015-126200,OFF-BI-10002225,12.384
8459,CA-2015-146500,OFF-BI-10002432,25.3
8460,CA-2015-146500,OFF-ST-10000563,95.94
8461,CA-2016-169537,OFF-LA-10001982,7.5
8462,CA-2015-100881,TEC-PH-10003273,302.376
8463,CA-2016-144043,TEC-AC-10002718,46.688
8464,CA-2016-116512,OFF-ST-10001505,17.94
8465,CA-2016-101000,OFF-AP-10000179,370.14
8466,CA-2017-168557,OFF-BI-10002309,8.928
8467,US-2017-164196,FUR-TA-10001950,2678.94
8468,US-2018-132031,FUR-BO-10001972,387.136
8469,US-2018-132031,TEC-AC-10002473,45.408
8470,US-2018-132031,FUR-FU-10000193,77.952
8471,US-2018-132031,OFF-LA-10000081,3.0
8472,CA-2016-169733,OFF-ST-10000876,9.952
8473,CA-2018-169404,OFF-BI-10004492,37.896
8474,CA-2018-169404,OFF-PA-10001033,65.584
8475,CA-2018-134880,OFF-PA-10004039,44.784
8476,CA-2016-145758,TEC-MA-10004552,1035.8
8477,CA-2018-158736,OFF-AR-10002578,5.76
8478,US-2017-119270,OFF-PA-10004022,19.98
8479,CA-2015-109890,TEC-PH-10004100,35.98
8480,CA-2017-138583,OFF-AR-10001860,16.656
8481,US-2018-118535,OFF-LA-10001297,20.7
8482,CA-2017-126284,OFF-BI-10004828,83.7
8483,CA-2018-142391,FUR-FU-10002759,199.8
8484,CA-2018-124716,OFF-PA-10000740,45.68
8485,CA-2018-124716,OFF-PA-10001144,110.96
8486,CA-2018-124716,OFF-PA-10000859,11.94
8487,CA-2017-158841,TEC-MA-10001127,8749.95
8488,CA-2017-158841,OFF-BI-10002557,36.4
8489,CA-2017-158841,FUR-FU-10001731,18.69
8490,CA-2018-106824,OFF-FA-10001135,5.94
8491,CA-2016-109190,OFF-PA-10000069,60.736
8492,CA-2016-109190,TEC-CO-10001943,479.976
8493,CA-2016-109190,OFF-BI-10000977,6.08
8494,CA-2017-143154,TEC-AC-10002942,165.6
8495,CA-2015-169061,OFF-AR-10000588,59.52
8496,CA-2015-169061,TEC-AC-10002001,479.97
8497,CA-2015-169061,OFF-SU-10000381,18.62
8498,CA-2015-169061,OFF-BI-10001617,49.632
8499,CA-2015-169061,OFF-PA-10001878,97.82
8500,CA-2016-102316,TEC-PH-10000376,15.984
8501,CA-2016-102316,FUR-CH-10003396,184.752
8502,CA-2015-164903,OFF-PA-10003363,12.96
8503,CA-2017-109400,FUR-CH-10003298,366.744
8504,CA-2017-130400,OFF-BI-10001757,8.856
8505,CA-2017-130400,TEC-AC-10004633,27.96
8506,CA-2017-130400,OFF-EN-10001453,146.352
8507,CA-2016-135853,TEC-AC-10004761,175.23
8508,CA-2016-135853,TEC-PH-10003691,125.99
8509,CA-2016-135853,OFF-BI-10004965,23.0
8510,CA-2017-103359,OFF-BI-10004233,25.584
8511,CA-2017-144645,FUR-FU-10003601,73.784
8512,CA-2018-141614,OFF-PA-10002787,20.736
8513,CA-2016-122168,OFF-AR-10003602,17.52
8514,CA-2016-122168,OFF-AR-10002053,35.76
8515,CA-2017-132899,OFF-AR-10002833,3.64
8516,CA-2018-149720,FUR-FU-10002501,30.336
8517,CA-2018-118003,FUR-FU-10002506,12.99
8518,CA-2018-118003,FUR-CH-10003817,182.22
8519,CA-2018-118003,FUR-CH-10004860,302.94
8520,CA-2017-141887,FUR-FU-10002268,54.992
8521,US-2017-160206,TEC-PH-10000148,12.99
8522,CA-2018-133074,OFF-PA-10004082,55.86
8523,CA-2018-161172,TEC-PH-10004348,44.376
8524,CA-2018-161172,FUR-FU-10003424,51.264
8525,CA-2018-161172,OFF-BI-10004654,5.193
8526,CA-2018-161172,TEC-AC-10004571,159.984
8527,CA-2018-161172,OFF-ST-10000675,54.224
8528,CA-2018-137624,FUR-CH-10001714,241.424
8529,CA-2017-156748,OFF-PA-10000380,33.36
8530,CA-2017-156748,OFF-PA-10002713,13.76
8531,CA-2017-156748,OFF-ST-10001370,496.86
8532,CA-2017-156748,FUR-CH-10000513,389.97
8533,CA-2016-169677,OFF-LA-10003223,9.82
8534,US-2015-163146,TEC-AC-10002217,56.4
8535,CA-2016-157343,OFF-BI-10003707,18.312
8536,CA-2016-157343,OFF-PA-10000552,25.92
8537,CA-2016-157343,OFF-AR-10003183,8.016
8538,CA-2018-147354,TEC-CO-10000971,479.984
8539,CA-2018-147354,OFF-BI-10003910,30.84
8540,CA-2016-157287,OFF-ST-10001172,33.568
8541,CA-2016-157287,FUR-CH-10001270,422.625
8542,CA-2015-137575,TEC-AC-10004571,199.98
8543,CA-2017-119074,FUR-FU-10004053,20.24
8544,CA-2017-119074,FUR-FU-10003731,39.92
8545,CA-2017-119074,OFF-BI-10000962,32.54
8546,CA-2016-149566,TEC-AC-10001266,39.0
8547,CA-2016-149566,OFF-LA-10000452,12.6
8548,CA-2016-126186,FUR-FU-10000073,24.64
8549,CA-2016-121132,OFF-LA-10002368,6.264
8550,CA-2016-121132,OFF-FA-10004248,14.432
8551,CA-2015-140473,TEC-CO-10004202,719.976
8552,US-2018-102904,TEC-AC-10000927,239.92
8553,CA-2017-102092,FUR-TA-10002530,1056.86
8554,CA-2016-117884,TEC-AC-10002567,447.944
8555,CA-2016-117884,OFF-ST-10002182,150.408
8556,CA-2017-132829,TEC-PH-10004539,453.576
8557,CA-2017-132829,OFF-LA-10002945,45.36
8558,CA-2017-132829,TEC-PH-10004345,287.88
8559,CA-2017-132829,TEC-PH-10004912,131.88
8560,CA-2017-132829,FUR-FU-10000206,2.328
8561,CA-2017-123540,FUR-CH-10000847,1454.9
8562,US-2018-108315,OFF-BI-10000822,4.842
8563,US-2018-108315,FUR-FU-10000747,220.704
8564,CA-2017-134110,TEC-PH-10002350,67.176
8565,CA-2017-134110,OFF-PA-10000697,15.232
8566,US-2017-136581,OFF-PA-10002787,31.104
8567,CA-2017-162390,OFF-BI-10004318,968.744
8568,CA-2017-162390,OFF-BI-10001721,222.352
8569,CA-2017-162390,TEC-CO-10004202,479.984
8570,CA-2017-162222,OFF-PA-10003893,10.272
8571,CA-2015-121629,TEC-MA-10004679,998.85
8572,CA-2016-164623,OFF-PA-10000249,24.56
8573,CA-2015-159849,OFF-FA-10000053,5.67
8574,CA-2018-101273,OFF-AP-10000804,14.336
8575,CA-2018-106747,FUR-FU-10004188,102.3
8576,CA-2018-146164,FUR-TA-10004915,607.52
8577,CA-2018-146164,OFF-ST-10001228,31.16
8578,CA-2017-111605,OFF-LA-10002368,2.61
8579,CA-2015-130673,FUR-FU-10003489,10.332
8580,CA-2015-130673,OFF-PA-10000289,10.368
8581,CA-2015-130673,TEC-AC-10004227,20.784
8582,CA-2015-130673,OFF-ST-10000636,66.96
8583,CA-2015-104808,OFF-BI-10003676,17.248
8584,US-2018-132927,OFF-BI-10001116,11.088
8585,CA-2018-162015,TEC-AC-10003832,1287.45
8586,CA-2018-162015,OFF-AP-10003040,168.1
8587,CA-2016-138492,OFF-ST-10002583,51.968
8588,CA-2018-145338,OFF-AR-10002053,4.768
8589,CA-2018-126676,OFF-EN-10004846,7.98
8590,CA-2018-101700,OFF-EN-10003134,18.688
8591,CA-2018-101700,FUR-FU-10001025,11.664
8592,CA-2018-159667,TEC-AC-10002567,191.976
8593,CA-2018-159667,TEC-PH-10004094,499.168
8594,CA-2015-111934,OFF-BI-10004364,11.88
8595,CA-2015-111934,OFF-PA-10000474,35.44
8596,US-2017-117387,OFF-BI-10004308,67.136
8597,CA-2015-141110,OFF-BI-10002012,4.32
8598,CA-2015-141110,OFF-PA-10002586,14.94
8599,CA-2015-141110,OFF-AP-10000692,40.54
8600,CA-2015-141110,OFF-BI-10001553,7.312
8601,US-2015-133949,TEC-PH-10004908,475.944
8602,US-2017-116365,TEC-AC-10002217,30.08
8603,US-2017-116365,TEC-AC-10002942,165.6
8604,US-2017-116365,TEC-PH-10002890,180.96
8605,CA-2018-162936,TEC-AC-10003614,23.18
8606,CA-2015-151946,FUR-FU-10002878,56.96
8607,CA-2015-151946,OFF-AP-10001626,15.56
8608,CA-2015-151946,FUR-BO-10003272,353.568
8609,CA-2015-151946,FUR-FU-10002191,13.96
8610,CA-2018-123624,TEC-AC-10000682,82.95
8611,CA-2017-146437,OFF-AR-10000588,39.68
8612,CA-2017-138233,TEC-AC-10002001,479.97
8613,CA-2017-165918,OFF-LA-10003720,7.38
8614,CA-2017-165918,OFF-BI-10004364,14.256
8615,CA-2017-165918,OFF-PA-10000100,81.98
8616,CA-2017-165918,OFF-BI-10004826,39.624
8617,CA-2018-117513,FUR-TA-10001520,399.672
8618,CA-2018-132437,OFF-ST-10001031,65.12
8619,US-2018-119319,FUR-FU-10003878,30.56
8620,CA-2018-104318,OFF-AP-10000358,20.768
8621,US-2017-114230,OFF-ST-10000876,39.808
8622,CA-2016-136147,OFF-BI-10004224,121.104
8623,CA-2016-136147,TEC-AC-10004568,111.96
8624,CA-2016-156118,OFF-PA-10000533,15.696
8625,CA-2016-164084,OFF-ST-10003638,70.26
8626,CA-2016-164084,TEC-AC-10002305,90.0
8627,CA-2016-164084,OFF-BI-10000605,6.096
8628,CA-2016-164084,FUR-TA-10003569,481.176
8629,CA-2016-164084,OFF-FA-10003059,7.24
8630,CA-2017-107783,FUR-BO-10004409,177.45
8631,CA-2017-107783,OFF-BI-10000545,1369.764
8632,CA-2017-107783,OFF-AP-10004052,9.48
8633,CA-2018-159793,FUR-BO-10001798,130.98
8634,CA-2015-160094,OFF-AR-10004010,174.95
8635,CA-2015-160094,OFF-ST-10000585,826.0
8636,CA-2018-151281,FUR-FU-10000397,139.58
8637,CA-2018-118346,TEC-AC-10000736,399.95
8638,CA-2015-129819,OFF-BI-10004970,12.39
8639,US-2018-148551,OFF-BI-10000545,760.98
8640,CA-2018-147767,OFF-BI-10001670,67.86
8641,CA-2016-108259,OFF-FA-10000624,31.504
8642,CA-2016-108259,OFF-LA-10002945,5.04
8643,CA-2016-108259,OFF-BI-10000315,39.879
8644,CA-2016-108259,FUR-FU-10000023,4.712
8645,CA-2017-113341,FUR-CH-10004698,194.352
8646,US-2016-131842,FUR-CH-10004477,97.424
8647,CA-2017-164574,OFF-ST-10003816,704.76
8648,CA-2017-164574,OFF-BI-10002429,27.396
8649,CA-2015-142769,OFF-FA-10000840,5.7
8650,CA-2015-142769,FUR-FU-10001918,14.19
8651,CA-2015-142769,OFF-SU-10001574,7.3
8652,CA-2015-142769,TEC-AC-10001606,199.98
8653,CA-2015-142769,TEC-AC-10003399,144.96
8654,CA-2015-142769,TEC-AC-10000865,118.0
8655,CA-2015-142769,OFF-PA-10002923,48.94
8656,CA-2015-142769,OFF-AP-10004785,22.66
8657,CA-2017-168361,OFF-BI-10003727,0.836
8658,CA-2017-153185,OFF-PA-10002246,30.96
8659,CA-2018-124765,FUR-BO-10003965,723.92
8660,CA-2016-131856,FUR-FU-10000175,21.968
8661,CA-2016-131856,TEC-PH-10001336,619.152
8662,CA-2016-131856,OFF-PA-10001954,127.904
8663,CA-2018-126634,FUR-FU-10004973,94.2
8664,CA-2017-118500,OFF-SU-10004231,49.5
8665,CA-2017-163951,OFF-AR-10004269,16.52
8666,CA-2017-149916,OFF-BI-10004002,55.36
8667,CA-2017-149916,TEC-MA-10000752,11.56
8668,CA-2016-158918,OFF-PA-10004947,17.12
8669,US-2015-159611,FUR-FU-10004904,182.352
8670,US-2015-159611,OFF-ST-10002790,118.16
8671,CA-2018-163265,OFF-FA-10004854,18.368
8672,CA-2018-163265,FUR-CH-10004063,600.558
8673,CA-2018-163265,OFF-ST-10000642,50.352
8674,CA-2018-163265,OFF-AR-10004078,28.032
8675,CA-2018-163265,FUR-FU-10004270,7.692
8676,CA-2018-141705,FUR-TA-10004607,517.405
8677,CA-2017-112739,OFF-BI-10001132,8.608
8678,CA-2017-112739,TEC-AC-10001714,159.56
8679,CA-2017-143805,OFF-AP-10002945,2104.55
8680,CA-2017-143805,OFF-SU-10004664,40.7
8681,CA-2015-133634,TEC-AC-10002550,47.79
8682,CA-2018-101665,OFF-AR-10002335,5.16
8683,CA-2017-155446,TEC-AC-10001445,21.21
8684,CA-2018-137323,OFF-ST-10003996,96.36
8685,CA-2017-144015,OFF-SU-10003505,231.72
8686,CA-2017-144015,OFF-FA-10000624,17.9
8687,CA-2017-144015,OFF-PA-10002870,12.48
8688,CA-2015-101427,OFF-AR-10002257,8.016
8689,CA-2017-136770,TEC-PH-10003580,259.896
8690,CA-2017-136770,TEC-PH-10001530,247.188
8691,CA-2017-136770,TEC-AC-10000420,279.96
8692,CA-2017-118311,TEC-AC-10000892,450.0
8693,US-2015-112795,OFF-PA-10001934,19.44
8694,CA-2018-127096,FUR-TA-10003473,300.904
8695,CA-2018-119284,TEC-PH-10001051,239.976
8696,CA-2018-119284,FUR-FU-10004351,31.168
8697,CA-2018-119284,FUR-TA-10004152,120.96
8698,CA-2018-119284,TEC-PH-10000560,2239.936
8699,CA-2018-119284,OFF-AP-10004249,76.608
8700,CA-2018-119284,OFF-ST-10001490,142.776
8701,CA-2018-119284,OFF-PA-10000312,91.36
8702,CA-2016-133494,OFF-AP-10002906,3.552
8703,CA-2017-111318,TEC-PH-10004100,115.136
8704,US-2015-132745,OFF-FA-10000254,4.71
8705,CA-2015-146815,FUR-CH-10004289,172.764
8706,CA-2015-146815,OFF-AR-10003469,3.52
8707,CA-2015-119144,TEC-PH-10004188,79.968
8708,CA-2015-119144,FUR-BO-10004015,305.9745
8709,CA-2015-119144,OFF-ST-10000991,344.91
8710,CA-2015-105648,FUR-TA-10002958,626.352
8711,US-2016-145422,FUR-BO-10002213,359.499
8712,CA-2018-136623,TEC-PH-10000004,71.952
8713,CA-2018-136623,OFF-BI-10003708,29.8
8714,CA-2018-121678,OFF-BI-10002949,1.824
8715,CA-2017-120824,OFF-AP-10001242,64.384
8716,CA-2017-120824,FUR-FU-10001424,6.984
8717,CA-2017-120824,OFF-AR-10003469,11.264
8718,CA-2017-120824,OFF-PA-10000232,15.552
8719,CA-2017-120824,FUR-CH-10000229,379.372
8720,CA-2017-120824,OFF-ST-10002562,67.536
8721,CA-2017-120824,OFF-BI-10001525,1.524
8722,US-2017-135209,OFF-PA-10002986,37.408
8723,US-2017-135209,OFF-PA-10000143,25.344
8724,CA-2018-148145,OFF-AR-10003752,46.2
8725,CA-2016-103870,TEC-AC-10002370,4.728
8726,CA-2016-103870,FUR-FU-10002030,53.352
8727,CA-2016-103870,FUR-BO-10002853,131.104
8728,CA-2016-103870,OFF-ST-10002562,22.512
8729,CA-2016-103870,TEC-AC-10004227,72.744
8730,CA-2016-111017,OFF-SU-10002573,52.59
8731,CA-2018-116988,OFF-PA-10003848,19.44
8732,CA-2018-116988,FUR-FU-10001290,126.3
8733,CA-2018-116988,TEC-AC-10003832,1287.45
8734,US-2015-169390,OFF-ST-10001558,64.96
8735,CA-2017-168774,OFF-ST-10001490,535.41
8736,CA-2018-161592,OFF-BI-10003669,8.1
8737,US-2018-131961,OFF-AR-10004441,13.248
8738,US-2018-131961,TEC-PH-10001924,83.988
8739,CA-2017-102498,OFF-AR-10004456,73.2
8740,CA-2016-113222,OFF-BI-10001890,10.74
8741,US-2016-144771,FUR-FU-10000629,11.032
8742,US-2016-144771,TEC-AC-10002323,53.04
8743,CA-2016-162376,OFF-AR-10003056,17.12
8744,CA-2016-162376,OFF-PA-10000300,59.94
8745,CA-2018-128076,FUR-FU-10000293,210.58
8746,CA-2018-128076,OFF-BI-10003638,30.96
8747,CA-2018-128076,TEC-MA-10002109,239.984
8748,US-2016-163825,OFF-BI-10003527,3050.376
8749,US-2016-163825,TEC-PH-10004922,133.98
8750,CA-2017-105662,OFF-PA-10001001,93.248
8751,CA-2017-105662,TEC-PH-10001198,177.48
8752,CA-2018-152198,OFF-LA-10000443,17.712
8753,CA-2018-152198,OFF-BI-10003669,4.86
8754,CA-2018-152198,OFF-BI-10001628,6.258
8755,CA-2017-114307,OFF-AP-10002350,37.68
8756,CA-2017-114307,OFF-PA-10004100,51.84
8757,CA-2017-114307,FUR-FU-10000794,27.42
8758,CA-2017-114307,OFF-BI-10002012,5.4
8759,CA-2017-159891,OFF-BI-10003527,1270.99
8760,CA-2017-159891,OFF-EN-10004483,125.36
8761,CA-2017-112578,OFF-ST-10003722,14.03
8762,CA-2017-112578,OFF-SU-10002557,27.96
8763,CA-2016-107083,OFF-AR-10002257,5.344
8764,CA-2016-107083,OFF-BI-10000756,1.696
8765,CA-2016-107083,OFF-AP-10004136,24.588
8766,CA-2016-107083,OFF-BI-10002194,7.98
8767,CA-2016-151722,TEC-AC-10000892,288.0
8768,CA-2017-151148,TEC-PH-10001870,146.952
8769,CA-2017-151148,FUR-CH-10002304,83.136
8770,CA-2018-115882,OFF-AP-10002534,942.784
8771,CA-2018-115882,OFF-PA-10001125,74.352
8772,CA-2016-132276,OFF-AP-10000804,26.88
8773,CA-2016-132276,OFF-BI-10002982,10.896
8774,CA-2017-163636,OFF-AR-10001547,3.536
8775,CA-2017-102813,FUR-CH-10000665,528.43
8776,CA-2017-102813,OFF-PA-10000520,41.472
8777,CA-2018-135377,FUR-BO-10004015,287.976
8778,CA-2016-165813,OFF-ST-10004258,29.304
8779,CA-2016-133585,OFF-AR-10003696,55.328
8780,CA-2016-133585,FUR-BO-10001811,1227.9984
8781,CA-2017-116911,OFF-BI-10001249,20.416
8782,CA-2017-116911,FUR-TA-10003473,1128.39
8783,US-2018-129224,OFF-LA-10003190,4.608
8784,CA-2018-145765,TEC-PH-10001305,195.96
8785,CA-2018-145765,OFF-PA-10001534,15.552
8786,CA-2018-145765,TEC-AC-10000844,271.968
8787,CA-2018-126914,FUR-CH-10000847,698.352
8788,CA-2018-126914,FUR-BO-10000468,77.728
8789,CA-2016-169572,OFF-BI-10002799,46.62
8790,CA-2018-162075,TEC-PH-10001557,537.544
8791,CA-2015-162992,OFF-LA-10001934,14.62
8792,CA-2015-162992,OFF-FA-10004248,22.55
8793,CA-2015-162992,TEC-PH-10001944,583.8
8794,CA-2015-162992,TEC-PH-10002085,211.168
8795,CA-2017-106397,OFF-PA-10003441,12.96
8796,CA-2017-106397,OFF-AR-10004602,45.98
8797,CA-2015-116666,TEC-CO-10001449,1799.97
8798,CA-2018-148992,OFF-PA-10004285,10.688
8799,CA-2017-140935,TEC-PH-10000562,221.98
8800,CA-2017-140935,FUR-BO-10003966,341.96
8801,CA-2015-157644,TEC-AC-10003614,34.77
8802,CA-2015-157644,OFF-LA-10003148,18.9
8803,US-2018-100398,OFF-BI-10002133,102.72
8804,CA-2017-113082,FUR-FU-10002813,40.48
8805,US-2018-110646,OFF-BI-10004330,33.282
8806,US-2018-110646,TEC-PH-10002807,118.65
8807,US-2018-110646,OFF-LA-10001404,14.76
8808,CA-2018-120614,OFF-PA-10004911,37.52
8809,US-2017-140172,OFF-AP-10004233,207.144
8810,US-2017-140172,OFF-AR-10002766,13.9
8811,CA-2016-127754,FUR-CH-10003199,266.352
8812,CA-2016-144274,TEC-PH-10003012,307.98
8813,CA-2016-144274,OFF-PA-10001583,44.1
8814,CA-2016-144274,OFF-AR-10001940,13.12
8815,CA-2016-144274,OFF-EN-10003286,16.56
8816,CA-2016-144274,OFF-PA-10003441,38.88
8817,CA-2016-142930,OFF-PA-10003395,335.52
8818,CA-2018-100622,TEC-CO-10003236,959.984
8819,CA-2018-100622,OFF-BI-10002982,4.086
8820,CA-2018-100622,OFF-AR-10004010,55.984
8821,CA-2018-100622,OFF-PA-10002947,10.688
8822,CA-2018-117156,OFF-EN-10003845,8.856
8823,CA-2016-115399,OFF-LA-10003190,6.912
8824,US-2015-157847,OFF-PA-10002986,26.72
8825,US-2015-157847,OFF-PA-10001593,33.488
8826,CA-2016-115168,OFF-PA-10000528,10.56
8827,CA-2015-109680,OFF-ST-10001932,386.34
8828,CA-2017-167983,OFF-BI-10003727,33.44
8829,CA-2016-145324,FUR-FU-10002759,39.96
8830,CA-2016-153423,OFF-BI-10000545,1217.568
8831,US-2018-132675,OFF-ST-10004950,15.51
8832,US-2018-132675,TEC-PH-10003171,89.9
8833,US-2018-132675,OFF-AR-10000614,14.28
8834,US-2018-132675,OFF-AR-10000034,12.72
8835,US-2018-132675,OFF-LA-10003766,15.75
8836,CA-2015-153808,OFF-AR-10001725,70.95
8837,CA-2015-153808,OFF-BI-10002794,65.568
8838,CA-2015-153808,TEC-AC-10004171,299.97
8839,US-2017-112396,TEC-AC-10003628,89.97
8840,US-2017-112396,TEC-AC-10004761,31.86
8841,CA-2015-141173,OFF-ST-10000885,67.15
8842,CA-2018-156664,OFF-BI-10004209,7.236
8843,CA-2018-156664,OFF-FA-10002988,4.824
8844,CA-2018-156664,OFF-PA-10002222,91.36
8845,CA-2018-156664,OFF-AP-10004487,130.112
8846,CA-2016-140718,TEC-PH-10003505,74.24
8847,CA-2016-140718,FUR-FU-10000076,159.84
8848,CA-2016-140718,OFF-BI-10004728,2.892
8849,CA-2016-140718,OFF-PA-10002250,9.392
8850,CA-2015-119977,OFF-PA-10003823,123.92
8851,US-2016-115343,OFF-SU-10000898,55.6
8852,US-2016-115343,TEC-AC-10003832,617.976
8853,CA-2018-163671,OFF-BI-10001679,21.312
8854,CA-2018-135909,TEC-AC-10002335,209.94
8855,CA-2018-135909,TEC-PH-10003187,31.984
8856,CA-2018-135909,OFF-BI-10003527,5083.96
8857,US-2018-114356,TEC-PH-10003171,35.96
8858,CA-2016-125934,OFF-LA-10000414,31.05
8859,CA-2016-125934,FUR-FU-10002107,8.92
8860,CA-2016-125934,OFF-BI-10004593,209.6
8861,CA-2016-125934,OFF-AP-10003860,111.04
8862,CA-2016-125934,OFF-PA-10000556,38.88
8863,CA-2016-158148,OFF-AP-10003281,36.27
8864,CA-2015-120411,FUR-BO-10004218,493.43
8865,CA-2015-120411,TEC-PH-10002185,11.12
8866,CA-2017-158260,TEC-MA-10003176,686.4
8867,CA-2018-101805,OFF-BI-10002003,15.92
8868,CA-2018-101805,FUR-FU-10000023,70.68
8869,CA-2018-101805,OFF-ST-10002756,541.24
8870,US-2015-105137,TEC-MA-10002694,101.994
8871,US-2015-105137,OFF-BI-10002429,18.264
8872,CA-2018-142489,OFF-BI-10003684,21.99
8873,US-2017-141264,OFF-SU-10003505,185.376
8874,US-2017-141264,OFF-AP-10002534,58.924
8875,CA-2018-126928,TEC-MA-10004626,480.0
8876,CA-2018-126928,OFF-ST-10000615,34.05
8877,US-2016-107944,OFF-PA-10000659,192.72
8878,US-2016-107944,TEC-AC-10000736,239.97
8879,CA-2017-135594,TEC-AC-10003038,50.12
8880,US-2018-115252,TEC-PH-10004071,15.984
8881,US-2018-115252,OFF-PA-10001667,14.352
8882,CA-2015-107398,OFF-BI-10001982,6.528
8883,CA-2015-107398,OFF-BI-10004141,2.862
8884,CA-2015-107398,OFF-BI-10002103,20.856
8885,CA-2015-169642,OFF-ST-10002574,276.28
8886,CA-2018-103968,FUR-FU-10003394,629.64
8887,CA-2017-147256,TEC-PH-10003072,449.97
8888,CA-2017-147256,OFF-AP-10003057,1927.59
8889,CA-2017-162159,FUR-CH-10001146,121.78
8890,CA-2016-111038,FUR-CH-10003973,2676.672
8891,CA-2015-124723,FUR-TA-10001307,489.23
8892,CA-2017-167241,FUR-FU-10004071,312.03
8893,CA-2017-167241,OFF-ST-10001505,17.94
8894,CA-2017-167241,TEC-PH-10004614,165.6
8895,CA-2017-167241,OFF-PA-10004911,37.52
8896,CA-2016-163237,TEC-PH-10003601,494.97
8897,CA-2016-163237,OFF-LA-10004545,25.06
8898,CA-2017-150483,FUR-FU-10001379,32.064
8899,CA-2017-150483,OFF-PA-10001846,18.496
8900,CA-2017-150483,FUR-CH-10000422,191.079
8901,CA-2017-150483,OFF-PA-10004621,10.368
8902,US-2017-126431,OFF-LA-10001474,30.53
8903,US-2017-126431,TEC-AC-10001635,30.84
8904,US-2017-126431,OFF-PA-10001950,75.06
8905,CA-2017-139934,TEC-PH-10001552,66.976
8906,CA-2016-109603,OFF-PA-10003790,182.72
8907,CA-2018-160661,OFF-LA-10002475,21.93
8908,CA-2018-102610,TEC-AC-10000303,95.976
8909,CA-2018-102610,TEC-PH-10000127,143.928
8910,CA-2018-102610,OFF-BI-10004364,3.564
8911,CA-2018-102610,OFF-LA-10002195,4.928
8912,US-2017-144057,OFF-ST-10001490,856.656
8913,US-2017-144057,OFF-BI-10002852,13.184
8914,US-2017-144057,OFF-AP-10000390,48.784
8915,US-2017-144057,OFF-PA-10004327,76.64
8916,US-2017-144057,OFF-BI-10002353,18.528
8917,CA-2015-160276,FUR-FU-10003192,177.68
8918,CA-2015-132983,TEC-AC-10000736,159.98
8919,CA-2017-145709,TEC-PH-10003095,52.68
8920,CA-2017-145709,FUR-FU-10002885,11.568
8921,CA-2018-133928,OFF-BI-10001525,4.572
8922,CA-2017-168032,TEC-PH-10004241,1439.968
8923,CA-2017-168032,OFF-BI-10000546,1.728
8924,CA-2017-168032,FUR-TA-10004256,626.1
8925,CA-2016-143616,OFF-AR-10002067,99.2
8926,US-2016-168704,FUR-TA-10000688,609.98
8927,US-2016-168704,FUR-TA-10002530,211.372
8928,US-2016-168704,TEC-PH-10001061,239.976
8929,CA-2018-143252,FUR-FU-10001057,99.95
8930,CA-2018-143252,TEC-AC-10002331,29.34
8931,CA-2017-102134,FUR-FU-10003724,16.74
8932,CA-2018-130036,OFF-PA-10000528,12.672
8933,CA-2018-130036,TEC-AC-10001908,1119.888
8934,CA-2016-134117,OFF-AR-10003903,204.85
8935,CA-2016-134117,TEC-PH-10004908,135.984
8936,CA-2016-134117,OFF-AR-10001940,16.4
8937,CA-2016-134117,OFF-BI-10002026,92.96
8938,CA-2015-130918,OFF-SU-10003936,7.632
8939,CA-2017-159023,OFF-BI-10002813,4.158
8940,CA-2017-159023,TEC-MA-10003337,179.991
8941,CA-2018-111717,FUR-CH-10001545,239.358
8942,CA-2015-154592,OFF-PA-10000062,164.88
8943,CA-2015-128622,OFF-SU-10001574,10.95
8944,CA-2018-148355,OFF-PA-10001972,19.44
8945,CA-2018-148355,OFF-BI-10000201,12.3
8946,CA-2015-132913,OFF-AP-10003278,13.97
8947,CA-2018-150910,FUR-TA-10002903,934.956
8948,CA-2018-150910,TEC-AC-10001013,46.864
8949,CA-2018-150910,OFF-ST-10000918,26.16
8950,CA-2018-150910,OFF-AR-10001419,23.128
8951,CA-2018-150910,OFF-AP-10003266,59.24
8952,CA-2015-156790,FUR-BO-10000468,155.456
8953,CA-2015-126480,OFF-PA-10004610,8.56
8954,CA-2018-105620,FUR-FU-10004963,21.0
8955,CA-2018-105620,TEC-MA-10004626,120.0
8956,CA-2018-150266,TEC-PH-10003437,299.96
8957,CA-2018-150266,OFF-AP-10002867,67.84
8958,CA-2018-150266,FUR-CH-10002126,853.93
8959,CA-2018-150266,OFF-AR-10001761,18.688
8960,CA-2017-157280,FUR-FU-10004665,273.96
8961,CA-2017-157280,TEC-AC-10000057,89.97
8962,CA-2017-157280,FUR-FU-10003806,756.8
8963,CA-2018-106691,OFF-BI-10000145,1.248
8964,CA-2017-134180,TEC-AC-10000892,72.0
8965,CA-2017-134180,FUR-CH-10004886,470.155
8966,CA-2015-166730,OFF-ST-10002554,39.128
8967,CA-2018-157469,OFF-AR-10001662,19.728
8968,CA-2018-157469,TEC-PH-10004531,151.188
8969,CA-2018-122308,FUR-CH-10000665,271.764
8970,US-2015-149034,TEC-AC-10003023,47.496
8971,CA-2018-159226,FUR-BO-10004709,344.981
8972,CA-2018-156622,OFF-PA-10000477,36.288
8973,CA-2018-156622,OFF-PA-10002923,78.304
8974,CA-2018-156622,FUR-TA-10003008,127.785
8975,CA-2018-156622,OFF-BI-10003707,6.104
8976,CA-2015-119529,OFF-BI-10000546,5.76
8977,CA-2016-150413,OFF-BI-10000404,1.72
8978,CA-2015-108182,OFF-BI-10001196,8.952
8979,CA-2017-110898,OFF-AP-10001626,2.334
8980,CA-2017-110898,OFF-BI-10004656,1.728
8981,CA-2017-110898,FUR-FU-10003773,159.04
8982,CA-2017-110898,FUR-TA-10000849,145.98
8983,CA-2016-123092,FUR-FU-10000222,77.952
8984,CA-2016-123092,OFF-BI-10001718,95.97
8985,CA-2016-123092,TEC-PH-10001700,105.584
8986,CA-2016-123092,OFF-AR-10004078,9.344
8987,US-2016-128587,FUR-FU-10003026,9.68
8988,US-2016-128587,TEC-CO-10003763,4899.93
8989,US-2018-139577,TEC-AC-10004708,104.75
8990,CA-2018-159100,TEC-AC-10003499,18.528
8991,CA-2018-159100,FUR-TA-10001950,1875.258
8992,CA-2015-109043,OFF-PA-10000312,91.36
8993,CA-2015-109043,OFF-AP-10004708,152.24
8994,US-2018-116491,TEC-PH-10004531,35.184
8995,CA-2018-122763,OFF-PA-10000474,56.704
8996,CA-2018-122763,OFF-PA-10002377,274.064
8997,CA-2018-137785,FUR-CH-10001482,458.43
8998,CA-2015-133389,OFF-BI-10001553,8.226
8999,CA-2015-103807,TEC-AC-10000199,5.95
9000,CA-2015-103807,OFF-PA-10002195,15.24
9001,CA-2016-102855,TEC-AC-10001767,239.94
9002,CA-2016-102855,OFF-AR-10002467,23.84
9003,CA-2018-107825,OFF-ST-10001321,92.52
9004,CA-2018-107825,OFF-ST-10000777,37.76
9005,CA-2018-107825,OFF-LA-10003720,7.38
9006,CA-2018-107825,FUR-FU-10000206,5.82
9007,CA-2018-106047,OFF-PA-10000791,3.816
9008,CA-2018-127803,OFF-BI-10001787,26.16
9009,CA-2016-137071,TEC-AC-10004353,100.8
9010,CA-2017-121447,FUR-FU-10001861,135.8
9011,CA-2018-143084,OFF-AR-10002766,13.9
9012,CA-2018-143084,OFF-EN-10003072,19.4
9013,CA-2017-131639,OFF-BI-10001636,13.488
9014,CA-2017-131639,OFF-BI-10000948,11.416
9015,CA-2017-161361,OFF-PA-10001838,17.64
9016,CA-2017-161361,OFF-BI-10002215,17.04
9017,CA-2015-100706,TEC-AC-10001314,99.98
9018,CA-2015-100706,FUR-FU-10002268,29.46
9019,CA-2016-129525,OFF-BI-10002133,166.92
9020,US-2017-141880,FUR-FU-10001979,98.328
9021,CA-2016-165799,FUR-CH-10001482,117.882
9022,CA-2017-102127,TEC-AC-10002018,20.97
9023,CA-2017-102127,TEC-AC-10000397,139.96
9024,CA-2017-102127,FUR-FU-10003976,37.74
9025,US-2017-152415,FUR-FU-10002597,14.82
9026,US-2017-152415,FUR-FU-10004864,191.82
9027,CA-2015-138198,OFF-BI-10002103,13.904
9028,CA-2018-128041,OFF-AP-10001005,314.6
9029,CA-2018-128041,FUR-TA-10002607,283.56
9030,CA-2018-105823,FUR-CH-10000454,487.96
9031,CA-2015-152268,OFF-BI-10001359,1793.98
9032,CA-2016-148873,OFF-BI-10003196,2.992
9033,CA-2016-148873,TEC-AC-10003657,108.768
9034,CA-2016-166492,OFF-PA-10002262,25.92
9035,CA-2016-166492,OFF-ST-10002214,22.58
9036,CA-2018-157420,TEC-PH-10003555,55.176
9037,CA-2017-117121,OFF-BI-10000545,9892.74
9038,CA-2015-138177,FUR-TA-10004607,73.915
9039,CA-2015-114335,FUR-FU-10000277,337.088
9040,CA-2016-168760,OFF-AP-10004532,61.44
9041,CA-2017-168830,TEC-AC-10003911,479.97
9042,CA-2018-137463,OFF-BI-10003196,5.984
9043,CA-2018-137463,TEC-AC-10000358,189.95
9044,CA-2018-137463,TEC-AC-10000057,149.95
9045,CA-2018-137463,OFF-AR-10001988,29.95
9046,CA-2018-137463,OFF-LA-10003498,44.4
9047,CA-2015-124513,OFF-AR-10002956,66.03
9048,CA-2016-165554,OFF-PA-10003724,10.86
9049,CA-2015-141838,OFF-AR-10004272,3.36
9050,CA-2015-141838,OFF-BI-10003291,27.936
9051,CA-2015-141838,TEC-PH-10004100,28.784
9052,CA-2018-117009,OFF-SU-10001218,21.96
9053,CA-2016-128993,TEC-AC-10004209,21.98
9054,CA-2016-160227,FUR-CH-10002073,2621.322
9055,CA-2016-149097,FUR-FU-10003424,74.76
9056,CA-2016-149097,FUR-TA-10001086,364.776
9057,CA-2017-132304,FUR-TA-10004619,1115.17
9058,CA-2016-136420,OFF-BI-10002854,89.696
9059,CA-2016-136420,OFF-LA-10002762,50.12
9060,CA-2017-101623,OFF-FA-10003495,36.48
9061,US-2015-151015,OFF-PA-10002581,322.192
9062,US-2015-151015,OFF-BI-10000343,2.946
9063,US-2015-151015,OFF-PA-10001184,19.136
9064,CA-2018-152968,TEC-AC-10000521,23.08
9065,CA-2017-150077,TEC-PH-10002890,90.48
9066,CA-2017-106278,FUR-CH-10003061,215.976
9067,CA-2017-106278,OFF-EN-10003567,65.94
9068,CA-2018-147550,FUR-FU-10001918,11.352
9069,CA-2016-136105,OFF-ST-10002444,24.56
9070,CA-2017-142524,OFF-EN-10003286,16.56
9071,CA-2017-142524,TEC-AC-10000109,279.95
9072,CA-2015-136336,OFF-ST-10002574,828.84
9073,US-2016-136259,OFF-BI-10000773,7.218
9074,US-2016-136259,OFF-SU-10004661,27.2
9075,US-2015-124625,TEC-AC-10003280,89.97
9076,CA-2017-108105,FUR-FU-10003773,318.08
9077,CA-2017-108105,OFF-BI-10002412,5.8
9078,CA-2018-166898,TEC-PH-10002564,143.952
9079,CA-2018-166898,OFF-PA-10002262,19.44
9080,CA-2018-169005,OFF-AR-10000246,5.56
9081,CA-2016-104038,OFF-ST-10002554,146.73
9082,CA-2016-104038,OFF-PA-10002751,29.9
9083,CA-2017-126102,OFF-BI-10004318,276.784
9084,CA-2017-143406,OFF-AP-10001564,93.032
9085,CA-2017-143406,FUR-CH-10000513,454.965
9086,CA-2016-150308,TEC-PH-10001433,246.168
9087,CA-2017-131093,OFF-ST-10002790,295.4
9088,US-2018-148831,OFF-ST-10002974,348.56
9089,CA-2016-162950,OFF-PA-10003177,15.552
9090,CA-2016-162950,FUR-BO-10001918,482.94
9091,US-2016-132836,TEC-PH-10001299,299.98
9092,US-2016-132836,OFF-BI-10004224,403.68
9093,US-2016-132836,TEC-PH-10001300,41.9
9094,US-2016-132836,OFF-LA-10004178,28.91
9095,US-2015-158365,OFF-PA-10000289,32.4
9096,CA-2018-152933,TEC-PH-10002085,369.544
9097,CA-2018-152933,OFF-PA-10001934,10.368
9098,CA-2018-152933,TEC-AC-10003033,791.88
9099,CA-2016-163181,OFF-AR-10001683,23.64
9100,CA-2016-163181,OFF-ST-10001713,84.784
9101,CA-2016-163181,FUR-FU-10000193,64.96
9102,CA-2016-163181,OFF-BI-10000474,32.06
9103,CA-2016-163181,OFF-ST-10000129,177.648
9104,CA-2016-163181,TEC-MA-10001016,287.91
9105,CA-2016-132941,OFF-SU-10002557,22.368
9106,CA-2016-132941,OFF-PA-10002160,32.368
9107,CA-2016-132941,TEC-AC-10003095,207.984
9108,CA-2015-132010,OFF-EN-10003160,36.4
9109,CA-2015-132010,TEC-AC-10001542,22.96
9110,CA-2015-132010,OFF-ST-10003641,315.2
9111,CA-2015-132010,OFF-BI-10002432,15.18
9112,CA-2017-135461,TEC-PH-10004094,623.96
9113,CA-2018-153045,TEC-PH-10001817,429.6
9114,CA-2018-153045,FUR-FU-10002759,31.968
9115,CA-2018-153045,FUR-CH-10000309,887.271
9116,CA-2018-153045,OFF-PA-10003673,21.696
9117,US-2017-155971,OFF-LA-10000452,22.05
9118,US-2017-155971,OFF-PA-10000210,99.9
9119,CA-2018-122007,OFF-AP-10000358,90.86
9120,CA-2018-162250,OFF-PA-10002137,7.78
9121,US-2017-158288,OFF-BI-10003364,78.759
9122,CA-2017-128916,FUR-FU-10001940,9.552
9123,CA-2017-128916,FUR-FU-10000320,5.344
9124,CA-2016-157028,OFF-AR-10004441,8.28
9125,CA-2018-112473,OFF-ST-10002182,50.136
9126,US-2018-147655,OFF-BI-10002931,88.074
9127,CA-2017-130911,FUR-BO-10004357,301.47
9128,CA-2017-130911,OFF-AR-10000475,18.656
9129,CA-2018-100055,FUR-FU-10001473,27.46
9130,CA-2018-100055,OFF-AP-10001469,125.13
9131,CA-2016-157805,TEC-PH-10004447,555.96
9132,CA-2017-124254,OFF-ST-10001469,129.552
9133,CA-2017-124254,OFF-ST-10000060,51.984
9134,CA-2017-124254,OFF-PA-10000807,10.272
9135,CA-2015-123400,OFF-BI-10000666,18.336
9136,CA-2015-123400,TEC-PH-10002890,180.96
9137,CA-2015-106971,TEC-AC-10000844,475.944
9138,CA-2018-123029,TEC-AC-10002402,159.98
9139,CA-2017-139409,TEC-PH-10003988,43.6
9140,US-2018-166688,OFF-BI-10004040,8.288
9141,US-2018-166688,TEC-PH-10004094,1123.128
9142,US-2018-166688,OFF-AP-10000358,64.9
9143,CA-2016-126970,OFF-BI-10000138,2.808
9144,US-2015-157070,OFF-BI-10001765,138.56
9145,US-2015-157070,OFF-AP-10004859,65.52
9146,US-2016-106873,OFF-AR-10003179,14.576
9147,US-2016-106873,TEC-AC-10002345,23.2
9148,US-2016-106873,OFF-AR-10001246,16.464
9149,CA-2017-132990,FUR-FU-10004864,19.312
9150,CA-2015-102645,OFF-PA-10001804,40.08
9151,CA-2015-134215,OFF-AP-10001271,101.96
9152,CA-2015-134215,OFF-PA-10004353,259.74
9153,CA-2015-134215,TEC-AC-10002473,255.42
9154,CA-2017-118934,OFF-BI-10003314,4.338
9155,CA-2017-118934,OFF-BI-10004465,11.88
9156,CA-2017-160108,FUR-BO-10003450,405.86
9157,CA-2017-160108,FUR-CH-10002335,680.01
9158,CA-2016-164007,TEC-AC-10003433,2.376
9159,CA-2016-164007,OFF-AP-10003849,143.128
9160,CA-2017-100300,TEC-MA-10000984,4476.8
9161,CA-2017-100300,OFF-PA-10000418,104.85
9162,CA-2017-100300,OFF-AP-10001242,241.44
9163,CA-2017-140571,OFF-PA-10001954,319.76
9164,CA-2017-140571,OFF-PA-10001954,45.68
9165,US-2017-155768,FUR-FU-10000448,31.96
9166,US-2017-155768,OFF-PA-10001357,47.9
9167,US-2017-155768,OFF-ST-10002292,1112.94
9168,US-2017-155768,OFF-EN-10001219,22.92
9169,CA-2018-119424,TEC-PH-10002564,71.976
9170,CA-2018-119424,OFF-PA-10001639,19.44
9171,CA-2017-118178,OFF-BI-10001153,31.086
9172,CA-2017-166618,TEC-PH-10003356,13.98
9173,CA-2017-166618,OFF-AR-10001725,23.65
9174,CA-2018-156776,TEC-PH-10002415,707.88
9175,CA-2018-156776,OFF-BI-10003355,11.952
9176,CA-2018-156776,OFF-BI-10000216,31.128
9177,CA-2018-156776,TEC-AC-10004803,55.76
9178,CA-2018-156776,OFF-PA-10001970,24.56
9179,CA-2018-156776,FUR-FU-10004848,51.75
9180,CA-2018-156776,FUR-CH-10002317,207.184
9181,CA-2018-156776,OFF-AP-10002534,1473.1
9182,US-2016-130512,OFF-SU-10001935,3.488
9183,US-2016-130512,TEC-AC-10000290,21.728
9184,US-2016-130512,OFF-ST-10002574,663.072
9185,US-2016-130512,OFF-BI-10004519,99.588
9186,US-2016-130512,OFF-PA-10003625,49.568
9187,CA-2016-141810,OFF-BI-10001524,29.372
9188,CA-2016-141810,TEC-PH-10002200,344.704
9189,CA-2015-146843,OFF-SU-10001664,47.992
9190,CA-2015-146843,TEC-AC-10002550,102.24
9191,CA-2015-103310,OFF-PA-10004353,39.96
9192,CA-2015-103310,TEC-PH-10001817,1432.0
9193,CA-2015-103310,OFF-SU-10004737,41.04
9194,CA-2015-103310,FUR-CH-10002320,256.784
9195,CA-2017-152688,FUR-BO-10001337,120.98
9196,CA-2017-152688,OFF-BI-10004584,315.98
9197,CA-2017-153836,OFF-BI-10004817,28.752
9198,CA-2017-153836,OFF-AR-10004602,114.95
9199,CA-2017-104689,OFF-AR-10001149,23.04
9200,CA-2017-146423,OFF-AR-10004817,15.48
9201,CA-2017-146423,OFF-PA-10003797,51.84
9202,CA-2018-140781,TEC-AC-10000682,39.816
9203,CA-2018-141747,OFF-ST-10003996,16.06
9204,CA-2018-142776,OFF-EN-10003160,7.28
9205,CA-2018-142776,OFF-BI-10002012,5.4
9206,CA-2016-167479,OFF-PA-10002105,19.44
9207,CA-2015-144071,FUR-FU-10000397,39.88
9208,CA-2015-144071,FUR-FU-10000758,79.44
9209,US-2018-120908,OFF-LA-10004677,20.664
9210,CA-2017-152646,OFF-PA-10004451,32.4
9211,CA-2018-103765,OFF-AP-10002311,13.762
9212,US-2018-118157,OFF-EN-10004459,15.28
9213,US-2016-164238,OFF-ST-10002352,44.688
9214,US-2016-164238,FUR-BO-10000780,301.47
9215,CA-2018-103212,OFF-LA-10000248,11.07
9216,CA-2018-103212,FUR-TA-10003473,1504.52
9217,CA-2018-103212,OFF-PA-10004355,25.92
9218,CA-2018-121160,OFF-BI-10001308,7.536
9219,CA-2018-121160,OFF-BI-10003094,1.408
9220,CA-2018-121160,OFF-BI-10004040,4.144
9221,CA-2018-121160,OFF-ST-10002485,52.752
9222,CA-2018-140515,OFF-AP-10001205,381.36
9223,CA-2015-153619,OFF-AR-10001868,6.72
9224,CA-2018-133718,OFF-BI-10003429,15.192
9225,CA-2018-133718,OFF-PA-10002689,58.32
9226,CA-2015-148383,OFF-BI-10003650,946.764
9227,CA-2017-126732,FUR-FU-10001889,94.68
9228,CA-2017-126732,OFF-ST-10000321,23.67
9229,CA-2017-126732,TEC-PH-10001530,1091.168
9230,CA-2017-126732,OFF-AR-10004752,18.69
9231,CA-2017-126732,FUR-TA-10001539,568.728
9232,CA-2017-126732,OFF-BI-10001553,7.312
9233,CA-2018-138156,FUR-FU-10003601,147.568
9234,CA-2018-110310,OFF-PA-10001685,56.784
9235,CA-2018-110310,OFF-BI-10001097,5.607
9236,CA-2018-110310,OFF-AR-10001662,6.576
9237,CA-2015-113271,OFF-BI-10002609,14.304
9238,CA-2015-113271,FUR-BO-10004218,119.833
9239,CA-2015-113271,OFF-AR-10003251,5.56
9240,CA-2015-113271,OFF-PA-10002365,32.4
9241,CA-2018-130106,OFF-AR-10003651,9.84
9242,CA-2018-130106,OFF-AR-10003732,2.78
9243,CA-2017-127761,OFF-BI-10002557,3.64
9244,CA-2017-127761,TEC-PH-10003691,881.93
9245,CA-2017-105354,OFF-BI-10001107,115.84
9246,CA-2018-155712,OFF-BI-10004224,107.648
9247,CA-2018-102309,TEC-AC-10001114,199.95
9248,CA-2018-102309,OFF-PA-10002005,12.96
9249,CA-2015-168368,FUR-CH-10001146,60.89
9250,CA-2015-168368,OFF-LA-10004853,14.94
9251,CA-2015-168368,OFF-BI-10004728,9.64
9252,CA-2015-168368,FUR-FU-10002298,332.94
9253,CA-2015-168368,OFF-BI-10004654,51.9
9254,CA-2015-168368,OFF-ST-10002583,64.96
9255,CA-2018-167976,OFF-SU-10004661,25.5
9256,CA-2018-111388,FUR-CH-10003061,215.976
9257,CA-2016-124499,FUR-CH-10000513,389.97
9258,CA-2016-124499,OFF-AP-10002191,269.91
9259,US-2018-128118,OFF-BI-10000216,11.673
9260,US-2018-128118,OFF-EN-10003448,64.848
9261,CA-2015-125759,FUR-FU-10002111,14.56
9262,CA-2016-151869,FUR-CH-10001545,102.582
9263,CA-2016-151869,OFF-PA-10002947,20.04
9264,US-2018-102183,OFF-BI-10003476,32.088
9265,US-2018-102183,OFF-BI-10001359,4305.552
9266,CA-2017-100510,FUR-FU-10000320,10.02
9267,CA-2017-100510,TEC-PH-10001835,631.96
9268,CA-2018-146983,OFF-BI-10003650,1577.94
9269,US-2015-134054,OFF-AR-10000937,255.85
9270,CA-2017-113236,OFF-ST-10000532,184.704
9271,CA-2017-113236,TEC-AC-10001267,47.92
9272,CA-2018-122539,OFF-LA-10004853,15.936
9273,CA-2018-122539,OFF-BI-10001759,8.001
9274,CA-2018-122539,FUR-CH-10003379,398.972
9275,CA-2017-166772,FUR-BO-10002853,163.88
9276,US-2018-152898,OFF-AP-10000027,67.9
9277,CA-2017-160486,OFF-PA-10002421,72.224
9278,CA-2018-102218,OFF-LA-10002475,11.696
9279,CA-2015-161032,FUR-CH-10001482,392.94
9280,CA-2016-102778,FUR-FU-10000087,18.176
9281,CA-2018-154011,OFF-BI-10003166,6.888
9282,CA-2018-154011,FUR-TA-10000688,457.485
9283,US-2018-165456,FUR-CH-10003981,1079.316
9284,CA-2015-111857,OFF-PA-10001878,48.91
9285,CA-2015-163650,OFF-AR-10002375,9.84
9286,CA-2015-163650,OFF-BI-10004965,34.5
9287,CA-2018-124114,OFF-BI-10004022,0.556
9288,US-2018-116505,OFF-BI-10000050,43.8
9289,CA-2018-161340,OFF-PA-10002464,13.872
9290,CA-2018-161340,FUR-BO-10004709,115.96
9291,US-2016-163433,TEC-AC-10003590,41.424
9292,US-2016-163433,TEC-PH-10003357,244.768
9293,US-2016-163433,OFF-AR-10003373,74.352
9294,US-2016-163433,OFF-BI-10003676,4.312
9295,US-2016-163433,FUR-CH-10000225,56.686
9296,US-2016-163433,TEC-PH-10001870,97.968
9297,US-2016-163433,OFF-AR-10003481,7.872
9298,US-2016-163433,OFF-PA-10003936,15.552
9299,US-2016-163433,OFF-BI-10000320,1.476
9300,CA-2016-137603,OFF-AR-10001972,8.4
9301,CA-2015-128237,OFF-AR-10003829,6.56
9302,CA-2015-128237,OFF-AR-10003338,14.88
9303,CA-2015-128237,TEC-AC-10002558,45.48
9304,CA-2015-128237,OFF-AR-10000034,25.44
9305,US-2017-102141,OFF-BI-10001510,146.688
9306,CA-2018-148642,OFF-LA-10000134,4.928
9307,CA-2018-148642,OFF-AR-10000588,63.488
9308,CA-2016-111948,OFF-ST-10003282,418.32
9309,CA-2016-111948,OFF-AP-10002311,123.858
9310,CA-2017-161907,TEC-PH-10000141,118.782
9311,CA-2017-161907,OFF-SU-10000646,769.184
9312,CA-2018-124940,TEC-AC-10002076,47.904
9313,US-2018-108343,OFF-PA-10000743,13.36
9314,US-2018-108343,FUR-CH-10002780,163.764
9315,US-2018-108343,FUR-FU-10000747,183.92
9316,US-2017-111563,FUR-FU-10002445,11.376
9317,US-2017-111563,FUR-FU-10000723,66.112
9318,CA-2018-121853,OFF-PA-10003641,211.04
9319,CA-2018-121853,FUR-CH-10003973,594.816
9320,CA-2018-121853,OFF-BI-10000977,72.96
9321,US-2018-130687,FUR-FU-10004053,80.96
9322,US-2018-130687,TEC-PH-10002033,455.712
9323,US-2018-130687,OFF-AR-10004260,25.98
9324,CA-2016-164497,OFF-AP-10004655,45.28
9325,US-2016-153283,OFF-EN-10001539,15.56
9326,CA-2017-108056,TEC-PH-10001817,859.2
9327,CA-2018-127726,OFF-AP-10002578,195.68
9328,CA-2018-127726,OFF-FA-10000992,14.2
9329,CA-2018-110198,FUR-BO-10001798,314.352
9330,CA-2018-110198,OFF-LA-10004409,4.608
9331,CA-2018-130715,OFF-FA-10000621,17.9
9332,CA-2015-155264,OFF-BI-10003196,2.992
9333,CA-2015-155264,OFF-BI-10003727,20.064
9334,CA-2015-155264,OFF-PA-10003228,146.73
9335,CA-2015-155264,OFF-LA-10002787,18.75
9336,CA-2015-155264,TEC-PH-10001305,117.576
9337,CA-2017-119123,OFF-BI-10001036,51.184
9338,CA-2018-109085,FUR-TA-10001086,455.97
9339,CA-2018-109085,OFF-BI-10001525,5.715
9340,CA-2018-109085,TEC-PH-10000526,57.594
9341,CA-2018-109085,FUR-FU-10004973,30.144
9342,CA-2018-109085,FUR-CH-10003981,899.43
9343,CA-2017-114860,FUR-FU-10000277,842.72
9344,CA-2017-114860,FUR-FU-10001934,41.96
9345,CA-2017-159009,OFF-BI-10004970,13.216
9346,CA-2017-159009,FUR-CH-10003396,184.752
9347,CA-2018-148411,FUR-CH-10003973,520.464
9348,CA-2018-148411,OFF-PA-10002109,11.424
9349,CA-2016-110324,OFF-PA-10001826,19.44
9350,CA-2016-110324,OFF-AR-10000823,3.64
9351,CA-2016-110324,OFF-PA-10001776,18.54
9352,CA-2017-168046,OFF-BI-10003676,43.12
9353,CA-2017-168046,FUR-TA-10001095,313.722
9354,CA-2017-168046,FUR-FU-10000747,45.98
9355,CA-2017-168046,OFF-ST-10004337,428.68
9356,CA-2018-111591,OFF-BI-10004410,30.576
9357,CA-2018-111591,OFF-FA-10004838,13.02
9358,CA-2018-111591,FUR-FU-10002364,22.14
9359,CA-2018-111591,OFF-ST-10001809,359.32
9360,US-2015-166828,OFF-PA-10001846,11.56
9361,CA-2015-108147,OFF-BI-10003876,68.48
9362,CA-2015-108147,OFF-ST-10003470,1676.88
9363,CA-2017-154998,OFF-PA-10004243,37.94
9364,CA-2018-113460,FUR-CH-10000422,272.97
9365,CA-2016-111339,FUR-FU-10002506,41.568
9366,CA-2016-111339,FUR-CH-10000863,317.058
9367,CA-2016-111339,OFF-FA-10002988,8.04
9368,CA-2018-102820,TEC-PH-10003437,419.944
9369,CA-2017-149671,OFF-SU-10002537,61.38
9370,CA-2016-126347,TEC-AC-10003063,50.0
9371,CA-2018-108756,TEC-AC-10003237,31.8
9372,CA-2018-155362,OFF-ST-10001031,32.56
9373,CA-2017-117625,OFF-EN-10001535,7.072
9374,CA-2015-154158,OFF-PA-10001295,45.528
9375,CA-2015-154158,FUR-CH-10004698,64.784
9376,CA-2015-154158,OFF-ST-10000078,424.272
9377,CA-2015-154158,OFF-AR-10001868,1.344
9378,CA-2015-154158,OFF-ST-10004950,83.92
9379,CA-2018-100433,OFF-PA-10003441,25.92
9380,CA-2018-163097,FUR-FU-10004973,120.576
9381,CA-2016-163734,OFF-ST-10003692,228.92
9382,CA-2018-162474,TEC-PH-10004700,7.992
9383,CA-2016-130848,FUR-CH-10000422,582.336
9384,CA-2015-125997,TEC-PH-10003484,629.95
9385,CA-2015-125997,FUR-CH-10001394,631.782
9386,CA-2015-125997,FUR-BO-10002213,801.568
9387,CA-2015-125997,OFF-LA-10002762,75.18
9388,CA-2015-125997,OFF-AP-10003842,30.98
9389,CA-2015-125997,TEC-PH-10003072,1349.91
9390,CA-2017-103128,OFF-AR-10003394,14.112
9391,CA-2016-167696,OFF-EN-10001539,31.12
9392,CA-2015-159814,FUR-FU-10001731,4.272
9393,CA-2017-105459,FUR-TA-10001095,209.148
9394,CA-2017-105459,OFF-ST-10000078,1591.02
9395,CA-2018-141663,OFF-FA-10004076,7.92
9396,CA-2015-152618,TEC-MA-10003626,574.91
9397,CA-2015-152618,OFF-PA-10001215,8.448
9398,CA-2018-162789,TEC-AC-10002842,1071.0
9399,CA-2018-162789,FUR-FU-10004864,12.07
9400,US-2018-110149,OFF-BI-10000014,3.273
9401,US-2018-110149,FUR-FU-10001475,87.92
9402,CA-2017-108959,OFF-ST-10001272,104.696
9403,CA-2016-164777,FUR-CH-10002024,2803.92
9404,CA-2017-132017,OFF-BI-10004001,6.816
9405,CA-2016-127824,TEC-PH-10004094,249.584
9406,CA-2016-127824,OFF-PA-10001184,17.94
9407,CA-2016-127824,FUR-FU-10002505,10.11
9408,CA-2015-148285,OFF-PA-10001166,10.368
9409,CA-2015-148285,OFF-PA-10000349,11.952
9410,CA-2018-152926,OFF-AP-10004708,15.224
9411,CA-2018-152926,OFF-AP-10001947,21.984
9412,CA-2015-145254,TEC-PH-10000441,604.752
9413,CA-2015-145254,OFF-SU-10004664,40.7
9414,CA-2015-145254,TEC-PH-10004531,302.376
9415,CA-2015-145254,TEC-AC-10002167,45.0
9416,CA-2015-116246,FUR-CH-10002024,3785.292
9417,CA-2017-160479,OFF-AR-10002445,35.4
9418,CA-2015-167486,FUR-FU-10003268,199.9
9419,CA-2015-152100,FUR-CH-10000015,1212.96
9420,CA-2016-166219,TEC-PH-10004165,1099.96
9421,CA-2016-166219,FUR-TA-10004607,103.481
9422,CA-2016-111864,OFF-LA-10004677,5.904
9423,CA-2016-119627,TEC-AC-10002217,30.08
9424,CA-2016-119627,OFF-PA-10001937,36.288
9425,CA-2016-119627,OFF-AR-10000203,10.272
9426,CA-2016-119627,TEC-AC-10001142,252.8
9427,CA-2016-160787,OFF-BI-10003712,2.946
9428,CA-2018-107853,OFF-PA-10000520,12.96
9429,CA-2018-126144,TEC-PH-10001079,285.576
9430,US-2015-154655,OFF-SU-10000898,22.24
9431,CA-2015-100391,OFF-PA-10001471,14.62
9432,CA-2015-165477,OFF-AP-10003281,48.36
9433,CA-2018-165904,OFF-AR-10003156,16.256
9434,CA-2018-165904,TEC-PH-10000576,219.184
9435,CA-2016-104052,TEC-PH-10003215,95.84
9436,CA-2016-168277,OFF-LA-10004484,12.39
9437,CA-2017-158617,OFF-PA-10002245,35.88
9438,CA-2018-136882,FUR-FU-10003664,477.3
9439,US-2017-148957,OFF-LA-10002195,12.32
9440,CA-2015-140032,OFF-BI-10000822,8.608
9441,CA-2018-145506,OFF-ST-10004963,136.26
9442,CA-2016-129546,OFF-AP-10002495,186.15
9443,CA-2016-129546,OFF-BI-10004001,81.792
9444,CA-2016-129546,OFF-SU-10004884,47.19
9445,CA-2016-129546,TEC-PH-10003555,36.784
9446,CA-2017-140977,TEC-MA-10003493,91.475
9447,CA-2018-151855,TEC-AC-10002380,27.192
9448,CA-2018-151855,OFF-BI-10004209,12.06
9449,CA-2015-138240,OFF-AR-10002135,144.6
9450,CA-2015-138240,TEC-PH-10002583,15.992
9451,CA-2015-101833,OFF-PA-10003591,34.44
9452,CA-2015-100867,TEC-PH-10004922,321.552
9453,US-2018-109610,FUR-CH-10001854,701.96
9454,CA-2015-156545,OFF-AR-10003560,19.456
9455,CA-2015-109127,OFF-LA-10004409,17.28
9456,CA-2017-126858,FUR-FU-10000448,31.96
9457,CA-2018-102925,OFF-BI-10002735,164.688
9458,CA-2018-102925,FUR-TA-10003469,166.5
9459,CA-2018-102925,OFF-PA-10001870,12.96
9460,CA-2018-102925,OFF-PA-10004071,110.96
9461,CA-2018-102925,TEC-PH-10001448,99.98
9462,CA-2018-102925,OFF-BI-10002706,11.424
9463,CA-2018-102925,FUR-CH-10004875,128.124
9464,CA-2018-102925,FUR-FU-10004245,101.4
9465,CA-2016-100818,OFF-LA-10000443,5.904
9466,CA-2016-100818,OFF-PA-10001125,173.488
9467,CA-2016-100818,FUR-FU-10002703,51.56
9468,CA-2016-100818,OFF-BI-10004364,3.564
9469,CA-2015-126193,OFF-FA-10000936,13.16
9470,CA-2015-126193,OFF-BI-10001249,3.828
9471,CA-2015-126193,OFF-BI-10004632,304.99
9472,CA-2018-150504,OFF-ST-10000615,18.16
9473,CA-2016-158351,TEC-AC-10001838,319.984
9474,CA-2015-122679,OFF-AR-10004757,19.68
9475,CA-2017-164770,FUR-BO-10003893,781.864
9476,CA-2017-164770,OFF-PA-10003893,30.816
9477,CA-2018-130505,FUR-TA-10001932,673.344
9478,US-2018-125213,OFF-FA-10001561,6.54
9479,CA-2016-156566,TEC-PH-10001817,572.8
9480,US-2017-102232,OFF-AR-10000538,197.05
9481,CA-2018-111738,OFF-BI-10004584,2022.272
9482,CA-2018-111738,OFF-AR-10000817,9.12
9483,CA-2018-163188,OFF-BI-10000756,38.16
9484,CA-2017-105207,FUR-TA-10000617,1592.85
9485,CA-2017-105207,OFF-BI-10004364,11.88
9486,US-2017-123610,TEC-AC-10004518,120.0
9487,US-2017-123610,OFF-AP-10002222,8.67
9488,CA-2018-118213,OFF-PA-10002615,4.41
9489,CA-2018-118213,OFF-PA-10000565,167.94
9490,CA-2018-118213,OFF-PA-10003673,67.8
9491,CA-2017-149237,FUR-FU-10002088,26.94
9492,US-2016-158589,FUR-FU-10001546,32.04
9493,CA-2017-101329,OFF-AR-10000614,32.13
9494,CA-2017-101329,OFF-AR-10003190,2.88
9495,CA-2017-113607,TEC-PH-10004094,1091.93
9496,CA-2017-113607,OFF-PA-10001970,111.96
9497,CA-2015-149104,OFF-AR-10002952,26.7
9498,CA-2015-149104,OFF-BI-10004209,40.2
9499,CA-2015-149104,OFF-AR-10004685,13.89
9500,CA-2015-149104,OFF-ST-10000991,689.82
9501,CA-2017-105263,OFF-AR-10002399,38.34
9502,CA-2015-130575,OFF-BI-10002353,9.264
9503,CA-2018-142461,FUR-BO-10001811,204.6664
9504,CA-2017-125220,TEC-AC-10003033,1649.75
9505,CA-2015-100293,OFF-PA-10000176,91.056
9506,CA-2015-154165,OFF-AR-10003631,54.208
9507,CA-2016-123939,TEC-PH-10000923,26.982
9508,CA-2016-123939,OFF-LA-10003190,6.912
9509,CA-2016-123939,OFF-ST-10003208,435.504
9510,US-2018-104451,OFF-AP-10000692,81.08
9511,CA-2017-101189,OFF-ST-10004180,93.02
9512,CA-2015-169446,TEC-PH-10002817,323.976
9513,CA-2015-169446,OFF-PA-10000295,15.552
9514,CA-2015-169446,OFF-ST-10000419,32.592
9515,CA-2018-156958,OFF-BI-10001524,83.92
9516,CA-2018-156958,FUR-FU-10003268,199.9
9517,CA-2018-156958,TEC-PH-10000148,31.176
9518,CA-2018-156958,OFF-BI-10001543,172.752
9519,CA-2018-156958,OFF-BI-10002071,9.296
9520,CA-2018-101637,OFF-ST-10002352,12.768
9521,CA-2018-111759,OFF-PA-10003127,52.76
9522,CA-2018-102729,OFF-ST-10000464,55.616
9523,CA-2017-116596,FUR-CH-10000553,427.644
9524,CA-2017-116596,OFF-FA-10000134,40.67
9525,CA-2017-116596,OFF-ST-10000636,33.48
9526,CA-2017-116596,OFF-BI-10002949,9.728
9527,CA-2018-124191,FUR-FU-10002364,8.856
9528,CA-2017-148747,FUR-BO-10002613,477.666
9529,US-2018-169488,OFF-PA-10002659,16.9
9530,US-2018-169488,OFF-PA-10000157,39.96
9531,CA-2016-135727,FUR-CH-10004540,191.968
9532,CA-2016-135251,OFF-LA-10004544,35.52
9533,CA-2016-135251,OFF-BI-10001097,6.23
9534,CA-2016-135251,OFF-PA-10003302,56.704
9535,CA-2016-135251,FUR-BO-10003965,369.1992
9536,CA-2015-166590,TEC-AC-10003433,1.98
9537,CA-2015-166590,OFF-PA-10000482,75.88
9538,CA-2017-131744,OFF-PA-10004610,6.848
9539,CA-2017-131744,OFF-BI-10003910,4.626
9540,CA-2017-131744,OFF-AP-10001394,453.6
9541,CA-2016-160864,OFF-BI-10004654,13.848
9542,CA-2016-147690,OFF-ST-10001526,577.584
9543,CA-2016-163923,TEC-AC-10000358,151.96
9544,CA-2017-125724,FUR-FU-10000246,68.432
9545,CA-2016-111612,FUR-FU-10003799,71.12
9546,CA-2016-111612,OFF-FA-10003021,3.008
9547,CA-2016-156853,OFF-PA-10003656,184.66
9548,CA-2015-103086,FUR-FU-10004586,5.312
9549,CA-2017-129280,TEC-AC-10003832,132.52
9550,CA-2017-129280,OFF-ST-10002554,195.64
9551,CA-2017-129280,FUR-FU-10001876,51.968
9552,CA-2017-129280,TEC-AC-10002637,431.976
9553,CA-2017-129280,TEC-MA-10003589,224.937
9554,CA-2017-129280,OFF-LA-10000081,6.0
9555,CA-2016-161242,OFF-PA-10001838,11.76
9556,CA-2015-130428,FUR-CH-10002965,1125.488
9557,CA-2015-130428,OFF-BI-10001636,12.645
9558,CA-2015-130428,OFF-AR-10004027,4.032
9559,CA-2018-104388,TEC-PH-10002293,79.96
9560,CA-2016-113131,OFF-BI-10003196,6.732
9561,CA-2016-113131,OFF-ST-10001172,33.568
9562,CA-2016-113131,OFF-EN-10003068,15.84
9563,CA-2016-113131,OFF-LA-10003510,24.424
9564,CA-2016-113131,OFF-AR-10003504,17.12
9565,CA-2016-148495,FUR-FU-10001889,31.56
9566,CA-2016-143147,FUR-CH-10000863,105.686
9567,CA-2016-143147,TEC-MA-10004679,399.54
9568,CA-2016-143147,FUR-CH-10004754,104.93
9569,CA-2018-152975,TEC-PH-10004586,1079.85
9570,CA-2018-152975,OFF-ST-10001370,70.98
9571,CA-2018-152975,OFF-AR-10001988,29.95
9572,CA-2018-152975,FUR-CH-10003298,589.41
9573,CA-2017-107475,OFF-FA-10002988,9.648
9574,CA-2018-116127,FUR-BO-10002213,400.784
9575,CA-2018-132584,OFF-ST-10000344,53.72
9576,CA-2017-160598,OFF-PA-10002319,31.008
9577,CA-2017-108630,OFF-BI-10002437,61.12
9578,US-2018-129203,OFF-ST-10001418,195.136
9579,CA-2018-110940,OFF-AR-10000380,121.536
9580,CA-2015-119172,OFF-PA-10003036,17.472
9581,CA-2015-119172,OFF-BI-10002026,104.58
9582,US-2017-105452,FUR-FU-10003691,24.7
9583,US-2017-105452,FUR-FU-10003806,302.72
9584,CA-2018-108931,OFF-PA-10002741,8.56
9585,CA-2018-108931,OFF-PA-10003845,11.56
9586,CA-2018-104619,OFF-AP-10001492,25.86
9587,CA-2018-104619,OFF-BI-10004318,276.784
9588,CA-2018-104619,TEC-PH-10000193,110.352
9589,CA-2016-149517,FUR-FU-10003464,60.84
9590,CA-2016-116841,OFF-AP-10002403,35.208
9591,CA-2018-107797,OFF-PA-10003848,41.472
9592,CA-2017-117604,OFF-PA-10001357,239.5
9593,CA-2015-130155,OFF-SU-10004737,34.2
9594,CA-2017-129861,FUR-TA-10003715,376.866
9595,CA-2016-138625,OFF-AP-10003099,197.72
9596,US-2018-122672,TEC-AC-10002323,70.72
9597,US-2018-122672,OFF-ST-10002344,194.352
9598,CA-2018-117128,OFF-PA-10000007,21.6
9599,CA-2018-117128,OFF-LA-10000248,11.07
9600,CA-2017-130638,FUR-FU-10002116,282.84
9601,CA-2017-130638,OFF-LA-10002195,27.72
9602,CA-2018-144365,OFF-FA-10000735,11.68
9603,CA-2017-110086,TEC-PH-10001299,239.984
9604,CA-2015-128524,OFF-AP-10002892,22.98
9605,CA-2015-128524,TEC-AC-10002718,102.13
9606,CA-2015-128524,OFF-BI-10003527,2033.584
9607,CA-2017-140256,OFF-AR-10002255,5.76
9608,CA-2018-160633,TEC-CO-10002095,899.982
9609,CA-2018-160633,OFF-AR-10004022,86.352
9610,CA-2018-160633,TEC-AC-10002335,139.96
9611,CA-2015-115133,OFF-AP-10001634,16.704
9612,CA-2015-115133,TEC-AC-10002370,3.152
9613,CA-2015-115133,OFF-PA-10000174,32.896
9614,CA-2018-137449,OFF-AP-10000240,21.392
9615,CA-2018-137449,FUR-TA-10002855,307.314
9616,CA-2018-137449,FUR-BO-10000780,409.9992
9617,CA-2018-103520,OFF-PA-10001846,9.248
9618,CA-2015-139283,OFF-BI-10002049,14.67
9619,CA-2015-118192,OFF-PA-10002947,37.408
9620,CA-2015-118192,OFF-BI-10003476,3.438
9621,CA-2017-168844,OFF-BI-10002609,7.152
9622,CA-2017-168844,TEC-PH-10003215,179.7
9623,CA-2018-154809,OFF-AP-10004785,90.64
9624,CA-2015-151330,TEC-AC-10000865,177.0
9625,CA-2015-151330,OFF-ST-10000615,79.45
9626,CA-2015-151330,FUR-CH-10000749,1628.82
9627,CA-2015-124702,FUR-FU-10003553,137.54
9628,CA-2015-124702,FUR-TA-10003008,730.2
9629,US-2018-125808,OFF-PA-10001846,11.56
9630,CA-2016-116638,FUR-TA-10000198,4297.644
9631,CA-2015-104563,OFF-AR-10000390,20.65
9632,CA-2015-104563,OFF-ST-10000934,204.9
9633,CA-2015-104563,FUR-CH-10002780,436.704
9634,CA-2015-104563,FUR-CH-10004495,481.568
9635,US-2018-107979,TEC-AC-10002006,89.544
9636,US-2018-107979,OFF-ST-10002485,35.168
9637,US-2018-107979,OFF-BI-10000778,72.588
9638,CA-2015-150518,OFF-ST-10000877,221.16
9639,CA-2015-150518,TEC-PH-10002103,281.97
9640,CA-2017-107104,FUR-BO-10002213,3406.664
9641,CA-2017-107104,OFF-AR-10004269,37.17
9642,CA-2017-107104,OFF-AP-10000055,64.96
9643,CA-2017-107104,FUR-FU-10002937,595.38
9644,CA-2018-161893,TEC-AC-10001874,95.984
9645,CA-2018-161893,OFF-BI-10004506,4.938
9646,CA-2015-156160,FUR-FU-10001876,97.44
9647,CA-2015-156160,OFF-BI-10003355,3.984
9648,CA-2015-156160,OFF-AR-10003876,13.04
9649,CA-2015-156160,FUR-CH-10004983,579.528
9650,CA-2015-100860,OFF-LA-10001982,18.75
9651,CA-2017-160717,TEC-PH-10001459,3023.928
9652,CA-2017-160717,TEC-AC-10002134,26.96
9653,CA-2017-160717,TEC-PH-10001760,477.6
9654,CA-2018-132619,OFF-ST-10001511,193.95
9655,US-2016-120957,OFF-PA-10003953,12.96
9656,CA-2018-157448,FUR-FU-10003268,119.94
9657,CA-2018-157448,FUR-FU-10001847,12.42
9658,CA-2017-126270,OFF-BI-10002764,18.088
9659,CA-2017-126270,OFF-EN-10004386,71.97
9660,CA-2018-145275,OFF-LA-10001569,14.94
9661,CA-2016-133396,OFF-AR-10001446,64.68
9662,US-2018-140312,TEC-PH-10003442,22.0
9663,CA-2017-114867,OFF-PA-10000477,7.968
9664,CA-2017-114867,TEC-PH-10002645,1499.97
9665,US-2015-164644,OFF-ST-10003123,26.632
9666,CA-2017-137393,FUR-FU-10001617,41.6
9667,US-2015-120175,OFF-EN-10003862,64.02
9668,CA-2017-144785,OFF-AR-10001573,6.99
9669,CA-2017-144785,OFF-SU-10004290,6.84
9670,CA-2016-130113,OFF-ST-10000046,323.1
9671,CA-2016-130113,TEC-PH-10003505,668.16
9672,CA-2018-122770,OFF-LA-10004559,8.64
9673,CA-2018-122770,OFF-PA-10003172,38.88
9674,CA-2018-122770,FUR-FU-10001473,201.04
9675,CA-2018-122770,OFF-PA-10000232,12.96
9676,CA-2018-118668,TEC-AC-10000682,16.59
9677,CA-2018-116498,OFF-AR-10003405,35.1
9678,US-2018-130603,OFF-BI-10000301,11.646
9679,US-2018-135986,OFF-PA-10001534,32.4
9680,US-2018-135986,TEC-PH-10003691,503.96
9681,CA-2018-140536,OFF-AR-10001545,7.04
9682,CA-2016-130183,FUR-BO-10001811,613.9992
9683,CA-2016-107902,OFF-ST-10001837,470.36
9684,CA-2018-130148,OFF-PA-10000551,31.08
9685,CA-2018-130148,OFF-SU-10001574,7.3
9686,US-2017-151260,OFF-AP-10002892,73.536
9687,CA-2015-144281,OFF-LA-10003930,491.55
9688,CA-2017-122511,FUR-FU-10001037,30.336
9689,CA-2018-154116,OFF-PA-10004569,22.83
9690,CA-2018-154116,OFF-AP-10000027,54.32
9691,CA-2018-154116,TEC-PH-10000675,196.776
9692,CA-2017-105291,OFF-FA-10003059,3.62
9693,CA-2018-147032,OFF-PA-10003256,11.54
9694,CA-2018-147032,OFF-BI-10003656,849.95
9695,CA-2018-147032,OFF-BI-10002897,11.01
9696,CA-2018-125990,OFF-BI-10004826,39.624
9697,CA-2017-161746,FUR-CH-10004626,242.136
9698,CA-2017-161746,OFF-AR-10000390,12.39
9699,CA-2017-161746,FUR-FU-10003731,19.96
9700,CA-2017-161746,OFF-ST-10002743,340.92
9701,CA-2015-114251,FUR-FU-10001468,273.568
9702,CA-2015-114251,OFF-BI-10003684,13.194
9703,CA-2015-114251,OFF-ST-10003716,1080.096
9704,CA-2015-114251,TEC-AC-10001101,51.56
9705,CA-2015-114251,TEC-AC-10004864,58.416
9706,CA-2017-116379,OFF-BI-10001543,57.584
9707,US-2017-144477,OFF-AR-10000914,37.312
9708,CA-2017-108210,TEC-PH-10002293,79.96
9709,CA-2017-108210,TEC-AC-10000109,223.96
9710,CA-2018-166835,OFF-ST-10002574,221.024
9711,CA-2017-119641,FUR-FU-10002445,18.96
9712,CA-2017-105781,FUR-CH-10001802,326.646
9713,CA-2017-105781,TEC-AC-10003628,89.97
9714,CA-2015-101364,OFF-BI-10003984,296.712
9715,CA-2016-117898,OFF-EN-10004459,12.224
9716,CA-2018-142293,TEC-AC-10001109,89.97
9717,CA-2018-167395,OFF-AP-10001293,286.86
9718,CA-2018-167395,TEC-PH-10004977,979.95
9719,CA-2018-167395,OFF-SU-10001935,4.36
9720,CA-2015-111962,OFF-BI-10001308,10.048
9721,CA-2015-111962,OFF-ST-10000046,807.75
9722,CA-2018-124261,OFF-AR-10003504,34.24
9723,CA-2015-114321,FUR-CH-10001797,500.24
9724,CA-2015-114321,OFF-PA-10000246,20.12
9725,CA-2015-114321,OFF-BI-10001359,896.99
9726,CA-2015-128062,OFF-PA-10001583,5.88
9727,US-2016-100069,TEC-PH-10004667,269.98
9728,CA-2018-129294,OFF-ST-10002615,310.12
9729,CA-2018-129294,OFF-BI-10004236,70.464
9730,CA-2018-129294,OFF-BI-10001757,19.68
9731,CA-2018-129294,OFF-AP-10001154,140.67
9732,CA-2018-131303,OFF-LA-10001074,62.65
9733,CA-2017-137127,OFF-LA-10001641,9.45
9734,CA-2018-141782,OFF-EN-10002230,268.576
9735,CA-2018-137505,FUR-TA-10000617,364.08
9736,CA-2018-137505,FUR-TA-10001676,71.088
9737,US-2015-140914,FUR-FU-10000175,10.984
9738,US-2015-140914,FUR-CH-10003379,797.944
9739,CA-2017-158358,TEC-AC-10002567,159.98
9740,CA-2017-113390,OFF-AR-10003183,5.344
9741,CA-2017-113390,OFF-AR-10001446,27.72
9742,US-2017-158680,OFF-BI-10000145,2.496
9743,CA-2018-113705,OFF-LA-10000476,8.26
9744,CA-2018-113705,OFF-BI-10001679,17.76
9745,CA-2018-113705,OFF-ST-10001128,332.94
9746,CA-2018-113705,FUR-TA-10002533,292.1
9747,CA-2018-113705,TEC-PH-10004006,206.1
9748,CA-2018-113705,OFF-PA-10002615,17.64
9749,CA-2017-146913,FUR-CH-10001854,1403.92
9750,CA-2018-159135,OFF-AR-10000657,4.3
9751,CA-2015-121762,TEC-AC-10000736,239.97
9752,CA-2015-121762,OFF-AP-10001293,81.96
9753,CA-2015-121762,OFF-SU-10000157,238.62
9754,CA-2015-123855,TEC-PH-10000215,139.8
9755,CA-2018-101959,OFF-BI-10001757,9.84
9756,CA-2018-101959,OFF-PA-10002137,7.78
9757,CA-2018-102659,OFF-BI-10000088,54.9
9758,CA-2018-142328,OFF-PA-10000380,50.04
9759,CA-2017-123533,FUR-BO-10001619,339.92
9760,CA-2017-123533,OFF-PA-10001609,10.528
9761,CA-2017-123533,OFF-AP-10002765,42.384
9762,CA-2017-104983,OFF-PA-10000167,123.92
9763,CA-2017-160234,TEC-PH-10004434,135.95
9764,CA-2015-169019,OFF-BI-10004995,2177.584
9765,CA-2015-169019,FUR-FU-10004666,17.496
9766,CA-2015-169019,OFF-BI-10001524,16.784
9767,CA-2015-169019,TEC-AC-10002076,431.136
9768,CA-2015-169019,OFF-BI-10001679,8.88
9769,CA-2015-169019,OFF-AP-10003281,4.836
9770,CA-2017-153178,TEC-PH-10001944,437.85
9771,CA-2017-153178,OFF-BI-10004390,673.568
9772,CA-2016-149748,OFF-PA-10002120,274.8
9773,CA-2016-149748,OFF-ST-10004340,62.18
9774,CA-2016-149748,FUR-FU-10001847,8.28
9775,CA-2016-155635,OFF-BI-10000962,48.81
9776,US-2015-114377,FUR-CH-10004754,149.9
9777,CA-2018-144491,FUR-BO-10001811,1023.332
9778,CA-2018-144491,FUR-CH-10004063,600.558
9779,CA-2018-144491,TEC-AC-10004901,39.992
9780,CA-2018-144491,FUR-CH-10001714,211.246
9781,CA-2015-127166,OFF-EN-10003134,56.064
9782,CA-2015-127166,FUR-CH-10003396,107.772
9783,CA-2015-127166,OFF-PA-10001560,4.832
9784,CA-2015-127166,OFF-BI-10000977,18.24
9785,CA-2017-125920,OFF-BI-10003429,3.798
9786,CA-2016-128608,OFF-AR-10001374,10.368
9787,CA-2016-128608,TEC-PH-10004977,235.188
9788,CA-2016-128608,TEC-PH-10000912,26.376
9789,CA-2016-128608,TEC-AC-10000487,10.384
