Order_ID,Order_Date,Ship_Date,Ship_Mode_ID,Customer_ID,Postal_Code
CA-2017-152156,2017-11-08 00:00:00,2017-11-11 00:00:00,1,CG-12520,42420.0
CA-2017-138688,2017-06-12 00:00:00,2017-06-16 00:00:00,1,DV-13045,90036.0
US-2016-108966,2016-10-11 00:00:00,2016-10-18 00:00:00,2,SO-20335,33311.0
CA-2015-115812,2015-06-09 00:00:00,2015-06-14 00:00:00,2,BH-11710,90032.0
CA-2018-114412,2018-04-15 00:00:00,2018-04-20 00:00:00,2,AA-10480,28027.0
CA-2017-161389,2017-12-05 00:00:00,2017-12-10 00:00:00,2,IM-15070,98103.0
US-2016-118983,2016-11-22 00:00:00,2016-11-26 00:00:00,2,HP-14815,76106.0
CA-2015-105893,2015-11-11 00:00:00,2015-11-18 00:00:00,2,PK-19075,53711.0
CA-2015-167164,2015-05-13 00:00:00,2015-05-15 00:00:00,1,AG-10270,84084.0
CA-2015-143336,2015-08-27 00:00:00,2015-09-01 00:00:00,1,ZD-21925,94109.0
CA-2017-137330,2017-12-09 00:00:00,2017-12-13 00:00:00,2,KB-16585,68025.0
US-2018-156909,2018-07-16 00:00:00,2018-07-18 00:00:00,1,SF-20065,19140.0
CA-2016-106320,2016-09-25 00:00:00,2016-09-30 00:00:00,2,EB-13870,84057.0
CA-2017-121755,2017-01-16 00:00:00,2017-01-20 00:00:00,1,EH-13945,90049.0
US-2016-150630,2016-09-17 00:00:00,2016-09-21 00:00:00,2,TB-21520,19140.0
CA-2018-107727,2018-10-19 00:00:00,2018-10-23 00:00:00,1,MA-17560,77095.0
CA-2017-117590,2017-12-08 00:00:00,2017-12-10 00:00:00,3,GH-14485,75080.0
CA-2016-117415,2016-12-27 00:00:00,2016-12-31 00:00:00,2,SN-20710,77041.0
CA-2018-120999,2018-09-10 00:00:00,2018-09-15 00:00:00,2,LC-16930,60540.0
CA-2017-101343,2017-07-17 00:00:00,2017-07-22 00:00:00,2,RA-19885,90049.0
CA-2018-139619,2018-09-19 00:00:00,2018-09-23 00:00:00,2,ES-14080,32935.0
CA-2017-118255,2017-03-11 00:00:00,2017-03-13 00:00:00,3,ON-18715,55122.0
CA-2015-146703,2015-10-20 00:00:00,2015-10-25 00:00:00,1,PO-18865,48185.0
CA-2017-169194,2017-06-20 00:00:00,2017-06-25 00:00:00,2,LH-16900,19901.0
CA-2016-115742,2016-04-18 00:00:00,2016-04-22 00:00:00,2,DP-13000,47150.0
CA-2017-105816,2017-12-11 00:00:00,2017-12-17 00:00:00,2,JM-15265,10024.0
CA-2017-111682,2017-06-17 00:00:00,2017-06-18 00:00:00,3,TB-21055,12180.0
CA-2016-135545,2016-11-24 00:00:00,2016-11-30 00:00:00,2,KM-16720,90004.0
US-2016-164175,2016-04-30 00:00:00,2016-05-05 00:00:00,2,PS-18970,60610.0
CA-2015-106376,2015-12-05 00:00:00,2015-12-10 00:00:00,2,BS-11590,85234.0
CA-2017-119823,2017-06-04 00:00:00,2017-06-06 00:00:00,3,KD-16270,22153.0
CA-2017-106075,2017-09-18 00:00:00,2017-09-23 00:00:00,2,HM-14980,10009.0
CA-2018-114440,2018-09-14 00:00:00,2018-09-17 00:00:00,1,TB-21520,49201.0
US-2016-134026,2016-04-26 00:00:00,2016-05-02 00:00:00,2,JE-15745,38109.0
US-2018-118038,2018-12-09 00:00:00,2018-12-11 00:00:00,3,KB-16600,77041.0
US-2015-147606,2015-11-26 00:00:00,2015-12-01 00:00:00,1,JE-15745,77070.0
CA-2017-127208,2017-06-12 00:00:00,2017-06-15 00:00:00,3,SC-20770,35601.0
CA-2015-139451,2015-10-12 00:00:00,2015-10-16 00:00:00,2,DN-13690,94122.0
CA-2016-149734,2016-09-03 00:00:00,2016-09-08 00:00:00,2,JC-16105,27707.0
US-2018-119662,2018-11-13 00:00:00,2018-11-16 00:00:00,3,CS-12400,60623.0
CA-2018-140088,2018-05-28 00:00:00,2018-05-30 00:00:00,1,PO-18865,29203.0
CA-2018-155558,2018-10-26 00:00:00,2018-11-02 00:00:00,2,PG-18895,55901.0
CA-2017-159695,2017-04-05 00:00:00,2017-04-10 00:00:00,1,GM-14455,77095.0
CA-2017-109806,2017-09-17 00:00:00,2017-09-22 00:00:00,2,JS-15685,90036.0
CA-2016-149587,2016-01-31 00:00:00,2016-02-05 00:00:00,1,KB-16315,55407.0
US-2018-109484,2018-11-06 00:00:00,2018-11-12 00:00:00,2,RB-19705,97206.0
CA-2018-161018,2018-11-09 00:00:00,2018-11-11 00:00:00,1,PN-18775,10009.0
CA-2018-157833,2018-06-17 00:00:00,2018-06-20 00:00:00,3,KD-16345,94122.0
CA-2017-149223,2017-09-06 00:00:00,2017-09-11 00:00:00,2,ER-13855,55106.0
CA-2017-158568,2017-08-29 00:00:00,2017-09-02 00:00:00,2,RB-19465,60610.0
CA-2017-129903,2017-12-01 00:00:00,2017-12-04 00:00:00,1,GZ-14470,55901.0
US-2016-156867,2016-11-13 00:00:00,2016-11-17 00:00:00,2,LC-16870,80013.0
CA-2018-119004,2018-11-23 00:00:00,2018-11-28 00:00:00,2,JM-15250,28205.0
CA-2016-129476,2016-10-15 00:00:00,2016-10-20 00:00:00,2,PA-19060,60462.0
CA-2018-146780,2018-12-25 00:00:00,2018-12-30 00:00:00,2,CV-12805,10035.0
CA-2017-128867,2017-11-03 00:00:00,2017-11-10 00:00:00,2,CL-12565,50322.0
CA-2015-115259,2015-08-25 00:00:00,2015-08-27 00:00:00,1,RC-19960,43229.0
CA-2016-110457,2016-03-02 00:00:00,2016-03-06 00:00:00,2,DK-13090,98103.0
US-2016-136476,2016-04-05 00:00:00,2016-04-10 00:00:00,2,GG-14650,37620.0
CA-2017-103730,2017-06-12 00:00:00,2017-06-15 00:00:00,3,SC-20725,19805.0
US-2015-152030,2015-12-26 00:00:00,2015-12-28 00:00:00,1,AD-10180,77041.0
US-2015-134614,2015-09-20 00:00:00,2015-09-25 00:00:00,2,PF-19165,61701.0
US-2018-107272,2018-11-05 00:00:00,2018-11-12 00:00:00,2,TS-21610,85023.0
US-2017-125969,2017-11-06 00:00:00,2017-11-10 00:00:00,1,LS-16975,90004.0
US-2018-164147,2018-02-02 00:00:00,2018-02-05 00:00:00,3,DW-13585,43229.0
CA-2017-145583,2017-10-13 00:00:00,2017-10-19 00:00:00,2,LC-16885,95661.0
CA-2017-110366,2017-09-05 00:00:00,2017-09-07 00:00:00,1,JD-15895,19140.0
CA-2018-106180,2018-09-18 00:00:00,2018-09-23 00:00:00,2,SH-19975,94122.0
CA-2018-155376,2018-12-22 00:00:00,2018-12-27 00:00:00,2,SG-20080,64055.0
CA-2016-110744,2016-09-07 00:00:00,2016-09-12 00:00:00,2,HA-14920,91104.0
CA-2015-110072,2015-10-22 00:00:00,2015-10-28 00:00:00,2,MG-17680,43055.0
CA-2017-114489,2017-12-05 00:00:00,2017-12-09 00:00:00,2,JE-16165,53132.0
CA-2017-158834,2017-03-13 00:00:00,2017-03-16 00:00:00,3,TW-21025,85254.0
CA-2016-124919,2016-05-31 00:00:00,2016-06-02 00:00:00,3,SP-20650,95123.0
CA-2016-118948,2016-05-28 00:00:00,2016-06-03 00:00:00,2,NK-18490,98105.0
CA-2015-104269,2015-03-01 00:00:00,2015-03-06 00:00:00,1,DB-13060,98115.0
CA-2017-114104,2017-11-20 00:00:00,2017-11-24 00:00:00,2,NP-18670,73034.0
CA-2017-162733,2017-05-11 00:00:00,2017-05-12 00:00:00,3,TT-21070,90045.0
CA-2016-119697,2016-12-28 00:00:00,2016-12-31 00:00:00,1,EM-13960,19134.0
CA-2017-154508,2017-11-16 00:00:00,2017-11-20 00:00:00,2,RD-19900,88220.0
CA-2017-113817,2017-11-07 00:00:00,2017-11-11 00:00:00,2,MJ-17740,98115.0
CA-2015-139892,2015-09-08 00:00:00,2015-09-12 00:00:00,2,BM-11140,78207.0
CA-2015-118962,2015-08-05 00:00:00,2015-08-09 00:00:00,2,CS-12130,90004.0
US-2015-100853,2015-09-14 00:00:00,2015-09-19 00:00:00,2,JB-15400,60623.0
US-2018-152366,2018-04-21 00:00:00,2018-04-25 00:00:00,1,SJ-20500,77036.0
US-2016-101511,2016-11-21 00:00:00,2016-11-23 00:00:00,1,JE-15745,43055.0
CA-2016-137225,2016-12-15 00:00:00,2016-12-19 00:00:00,2,JK-15640,10009.0
CA-2015-166191,2015-12-05 00:00:00,2015-12-09 00:00:00,1,DK-13150,62521.0
CA-2015-158274,2015-11-19 00:00:00,2015-11-24 00:00:00,1,RM-19675,71203.0
CA-2017-105018,2017-11-28 00:00:00,2017-12-02 00:00:00,2,SK-19990,6824.0
CA-2015-123260,2015-08-26 00:00:00,2015-08-30 00:00:00,2,FM-14290,90032.0
CA-2017-157000,2017-07-16 00:00:00,2017-07-22 00:00:00,2,AM-10360,75051.0
CA-2016-102281,2016-10-12 00:00:00,2016-10-14 00:00:00,3,MP-17470,10035.0
CA-2016-131457,2016-10-31 00:00:00,2016-11-06 00:00:00,2,MZ-17515,92374.0
CA-2015-140004,2015-03-21 00:00:00,2015-03-25 00:00:00,2,CB-12025,45011.0
CA-2018-107720,2018-11-06 00:00:00,2018-11-13 00:00:00,2,VM-21685,7090.0
US-2018-124303,2018-07-06 00:00:00,2018-07-13 00:00:00,2,FH-14365,19120.0
CA-2018-105074,2018-06-24 00:00:00,2018-06-29 00:00:00,2,MB-17305,44312.0
CA-2015-133690,2015-08-03 00:00:00,2015-08-05 00:00:00,3,BS-11755,80219.0
US-2018-116701,2018-12-17 00:00:00,2018-12-21 00:00:00,1,LC-17140,75220.0
CA-2018-126382,2018-06-03 00:00:00,2018-06-07 00:00:00,2,HK-14890,37064.0
CA-2018-108329,2018-12-09 00:00:00,2018-12-14 00:00:00,2,LE-16810,90604.0
CA-2018-135860,2018-12-01 00:00:00,2018-12-07 00:00:00,2,JH-15985,48601.0
CA-2016-101007,2016-02-09 00:00:00,2016-02-13 00:00:00,1,MS-17980,75220.0
CA-2016-146262,2016-01-02 00:00:00,2016-01-09 00:00:00,2,VW-21775,44256.0
CA-2017-130162,2017-10-28 00:00:00,2017-11-01 00:00:00,2,JH-15910,90032.0
CA-2016-169397,2016-12-24 00:00:00,2016-12-27 00:00:00,3,JB-15925,43017.0
CA-2016-163055,2016-08-09 00:00:00,2016-08-16 00:00:00,2,DS-13180,48227.0
US-2016-145436,2016-02-28 00:00:00,2016-03-04 00:00:00,2,VD-21670,38401.0
US-2015-156216,2015-09-13 00:00:00,2015-09-17 00:00:00,2,EA-14035,28205.0
US-2018-100930,2018-04-07 00:00:00,2018-04-12 00:00:00,2,CS-12400,33614.0
CA-2018-160514,2018-11-12 00:00:00,2018-11-16 00:00:00,2,DB-13120,95051.0
CA-2017-157749,2017-06-04 00:00:00,2017-06-09 00:00:00,1,KL-16645,60610.0
CA-2015-131926,2015-06-01 00:00:00,2015-06-06 00:00:00,1,DW-13480,55044.0
CA-2017-154739,2017-12-10 00:00:00,2017-12-15 00:00:00,1,LH-17155,94109.0
CA-2017-145625,2017-09-11 00:00:00,2017-09-17 00:00:00,2,KC-16540,92037.0
CA-2017-146941,2017-12-10 00:00:00,2017-12-13 00:00:00,3,DL-13315,10024.0
US-2016-159982,2016-11-28 00:00:00,2016-12-04 00:00:00,2,DR-12880,60623.0
CA-2018-163139,2018-12-01 00:00:00,2018-12-03 00:00:00,1,CC-12670,10009.0
US-2018-155299,2018-06-08 00:00:00,2018-06-12 00:00:00,2,Dl-13600,77506.0
US-2015-106992,2015-09-19 00:00:00,2015-09-21 00:00:00,1,SB-20290,77036.0
CA-2017-125318,2017-06-06 00:00:00,2017-06-13 00:00:00,2,RC-19825,60610.0
CA-2016-155040,2016-11-10 00:00:00,2016-11-15 00:00:00,2,AH-10210,94513.0
CA-2018-136826,2018-06-16 00:00:00,2018-06-20 00:00:00,2,CB-12535,27514.0
CA-2017-111010,2017-01-22 00:00:00,2017-01-28 00:00:00,2,PG-18895,7960.0
US-2018-145366,2018-12-09 00:00:00,2018-12-13 00:00:00,2,CA-12310,45231.0
CA-2018-163979,2018-12-28 00:00:00,2019-01-02 00:00:00,1,KH-16690,94110.0
CA-2016-155334,2016-07-30 00:00:00,2016-07-31 00:00:00,3,HA-14920,94109.0
CA-2018-118136,2018-09-16 00:00:00,2018-09-17 00:00:00,3,BB-10990,90301.0
CA-2018-132976,2018-10-13 00:00:00,2018-10-17 00:00:00,2,AG-10495,19140.0
US-2016-161991,2016-09-26 00:00:00,2016-09-28 00:00:00,1,SC-20725,77070.0
CA-2016-130890,2016-11-02 00:00:00,2016-11-06 00:00:00,2,JO-15280,90004.0
CA-2016-130883,2016-09-26 00:00:00,2016-10-02 00:00:00,2,TB-21520,97206.0
CA-2017-112697,2017-12-18 00:00:00,2017-12-20 00:00:00,1,AH-10195,33319.0
CA-2017-110772,2017-11-20 00:00:00,2017-11-24 00:00:00,1,NZ-18565,43229.0
CA-2015-111451,2015-12-26 00:00:00,2015-12-28 00:00:00,3,KL-16555,80906.0
CA-2017-142545,2017-10-28 00:00:00,2017-11-03 00:00:00,2,JD-15895,7109.0
US-2018-152380,2018-11-19 00:00:00,2018-11-23 00:00:00,2,JH-15910,60623.0
CA-2016-144253,2016-05-04 00:00:00,2016-05-09 00:00:00,1,AS-10225,10024.0
CA-2015-130960,2015-12-30 00:00:00,2016-01-04 00:00:00,2,KB-16600,48180.0
CA-2015-111003,2015-06-01 00:00:00,2015-06-06 00:00:00,2,CR-12625,8701.0
CA-2018-126774,2018-04-15 00:00:00,2018-04-17 00:00:00,3,SH-20395,22204.0
CA-2017-142902,2017-09-12 00:00:00,2017-09-14 00:00:00,1,BP-11185,80004.0
CA-2015-120887,2015-09-27 00:00:00,2015-10-03 00:00:00,2,TS-21205,7601.0
CA-2015-167850,2015-08-09 00:00:00,2015-08-16 00:00:00,2,AG-10525,33710.0
CA-2015-164259,2015-12-28 00:00:00,2015-12-30 00:00:00,3,SP-20860,19143.0
CA-2015-164973,2015-11-04 00:00:00,2015-11-09 00:00:00,2,NM-18445,10024.0
CA-2015-156601,2015-09-19 00:00:00,2015-09-24 00:00:00,2,FA-14230,90805.0
CA-2017-162138,2017-04-23 00:00:00,2017-04-27 00:00:00,2,GK-14620,92345.0
CA-2018-153339,2018-11-03 00:00:00,2018-11-05 00:00:00,1,DJ-13510,37130.0
US-2017-141544,2017-08-30 00:00:00,2017-09-01 00:00:00,3,PO-18850,19143.0
US-2017-150147,2017-04-25 00:00:00,2017-04-29 00:00:00,1,JL-15850,19134.0
CA-2016-137946,2016-09-01 00:00:00,2016-09-04 00:00:00,1,DB-13615,90045.0
CA-2015-129924,2015-07-12 00:00:00,2015-07-17 00:00:00,2,AC-10420,94122.0
CA-2016-128167,2016-06-22 00:00:00,2016-06-26 00:00:00,1,KL-16645,84041.0
CA-2015-122336,2015-04-13 00:00:00,2015-04-17 00:00:00,1,JD-15895,19140.0
US-2016-120712,2016-12-20 00:00:00,2016-12-24 00:00:00,2,CS-12130,78745.0
CA-2018-169901,2018-06-15 00:00:00,2018-06-19 00:00:00,2,CC-12550,94122.0
CA-2018-134306,2018-07-08 00:00:00,2018-07-12 00:00:00,2,TD-20995,1852.0
CA-2017-129714,2017-09-01 00:00:00,2017-09-03 00:00:00,3,AB-10060,10009.0
CA-2017-138520,2017-04-08 00:00:00,2017-04-13 00:00:00,2,JL-15505,10035.0
CA-2017-130001,2017-04-23 00:00:00,2017-04-28 00:00:00,2,HK-14890,28205.0
CA-2018-155698,2018-03-08 00:00:00,2018-03-11 00:00:00,3,VB-21745,31907.0
CA-2018-144904,2018-09-25 00:00:00,2018-10-01 00:00:00,2,KW-16435,10009.0
CA-2015-123344,2015-09-24 00:00:00,2015-09-29 00:00:00,2,JD-16060,94109.0
CA-2017-155516,2017-10-21 00:00:00,2017-10-21 00:00:00,4,MK-17905,6040.0
CA-2018-104745,2018-05-29 00:00:00,2018-06-04 00:00:00,2,GT-14755,78550.0
US-2015-119137,2015-07-23 00:00:00,2015-07-27 00:00:00,2,AG-10900,85705.0
US-2017-134656,2017-09-28 00:00:00,2017-10-01 00:00:00,3,MM-18280,62301.0
US-2018-134481,2018-08-27 00:00:00,2018-09-01 00:00:00,2,AR-10405,2038.0
CA-2016-130792,2016-04-28 00:00:00,2016-05-05 00:00:00,2,RA-19915,77095.0
CA-2017-134775,2017-10-28 00:00:00,2017-10-29 00:00:00,3,AS-10285,94109.0
CA-2016-125395,2016-06-26 00:00:00,2016-06-29 00:00:00,1,LA-16780,48180.0
US-2016-168935,2016-11-27 00:00:00,2016-12-02 00:00:00,2,DO-13435,33024.0
CA-2016-122756,2016-12-03 00:00:00,2016-12-07 00:00:00,2,DK-13225,19140.0
CA-2015-115973,2015-11-24 00:00:00,2015-11-26 00:00:00,3,NG-18430,45231.0
CA-2018-101798,2018-12-11 00:00:00,2018-12-15 00:00:00,2,MV-18190,10009.0
US-2015-135972,2015-09-21 00:00:00,2015-09-23 00:00:00,1,JG-15115,98198.0
US-2015-134971,2015-06-07 00:00:00,2015-06-10 00:00:00,1,BP-11095,61604.0
CA-2018-102946,2018-06-30 00:00:00,2018-07-05 00:00:00,2,VP-21730,89115.0
CA-2018-165603,2018-10-17 00:00:00,2018-10-19 00:00:00,1,SS-20140,2886.0
CA-2016-122259,2016-10-31 00:00:00,2016-11-04 00:00:00,2,HP-14815,49201.0
CA-2017-108987,2017-09-08 00:00:00,2017-09-10 00:00:00,1,AG-10675,77036.0
CA-2015-113166,2015-12-24 00:00:00,2015-12-26 00:00:00,3,LF-17185,33180.0
CA-2015-155208,2015-04-16 00:00:00,2015-04-20 00:00:00,2,SP-20650,28403.0
CA-2018-117933,2018-12-24 00:00:00,2018-12-29 00:00:00,2,RF-19840,10024.0
CA-2018-117457,2018-12-08 00:00:00,2018-12-12 00:00:00,2,KH-16510,94110.0
CA-2018-142636,2018-11-03 00:00:00,2018-11-07 00:00:00,2,KC-16675,98105.0
CA-2018-122105,2018-06-24 00:00:00,2018-06-28 00:00:00,2,CJ-12010,92646.0
CA-2017-148796,2017-04-14 00:00:00,2017-04-18 00:00:00,2,PB-19150,90004.0
CA-2018-154816,2018-11-06 00:00:00,2018-11-10 00:00:00,2,VB-21745,40475.0
CA-2018-110478,2018-03-04 00:00:00,2018-03-09 00:00:00,2,SP-20860,90045.0
CA-2015-142048,2015-06-22 00:00:00,2015-06-25 00:00:00,3,JE-15745,80027.0
CA-2018-125388,2018-10-19 00:00:00,2018-10-23 00:00:00,2,MP-17965,1841.0
CA-2018-155705,2018-08-21 00:00:00,2018-08-23 00:00:00,1,NF-18385,39212.0
CA-2018-149160,2018-11-23 00:00:00,2018-11-26 00:00:00,1,JM-15265,48187.0
CA-2015-101476,2015-09-12 00:00:00,2015-09-13 00:00:00,3,SD-20485,10801.0
CA-2018-152275,2018-10-01 00:00:00,2018-10-08 00:00:00,2,KH-16630,78207.0
US-2017-123750,2017-04-15 00:00:00,2017-04-21 00:00:00,2,RB-19795,28052.0
CA-2017-127369,2017-06-06 00:00:00,2017-06-07 00:00:00,3,DB-13060,1852.0
US-2015-150574,2015-12-19 00:00:00,2015-12-25 00:00:00,2,MK-18160,32216.0
CA-2017-147375,2017-06-12 00:00:00,2017-06-14 00:00:00,1,PO-19180,60623.0
CA-2018-130043,2018-09-15 00:00:00,2018-09-19 00:00:00,2,BB-11545,77070.0
CA-2018-157252,2018-01-20 00:00:00,2018-01-23 00:00:00,1,CV-12805,10024.0
CA-2017-115756,2017-09-05 00:00:00,2017-09-07 00:00:00,1,PK-19075,48227.0
CA-2018-154214,2018-03-20 00:00:00,2018-03-25 00:00:00,1,TB-21595,47201.0
CA-2017-166674,2017-04-01 00:00:00,2017-04-03 00:00:00,1,RB-19360,13021.0
CA-2018-147277,2018-10-20 00:00:00,2018-10-24 00:00:00,2,EB-13705,44312.0
CA-2017-100153,2017-12-13 00:00:00,2017-12-17 00:00:00,2,KH-16630,73071.0
US-2015-110674,2015-02-12 00:00:00,2015-02-18 00:00:00,2,SC-20095,94521.0
US-2017-157945,2017-09-26 00:00:00,2017-10-01 00:00:00,2,NF-18385,62521.0
CA-2016-109638,2016-12-15 00:00:00,2016-12-22 00:00:00,2,JH-15985,98115.0
CA-2017-109869,2017-04-22 00:00:00,2017-04-29 00:00:00,2,TN-21040,85023.0
US-2016-101399,2016-01-17 00:00:00,2016-01-24 00:00:00,2,JS-15940,60068.0
CA-2018-154907,2018-03-31 00:00:00,2018-04-04 00:00:00,2,DS-13180,79109.0
US-2017-100419,2017-12-16 00:00:00,2017-12-20 00:00:00,1,CC-12670,60610.0
CA-2016-154144,2016-12-20 00:00:00,2016-12-24 00:00:00,2,MH-17785,11757.0
CA-2015-144666,2015-11-09 00:00:00,2015-11-11 00:00:00,1,JP-15520,94110.0
CA-2017-103891,2017-07-12 00:00:00,2017-07-19 00:00:00,2,KH-16690,90008.0
CA-2017-152632,2017-10-27 00:00:00,2017-11-02 00:00:00,2,JE-15475,12180.0
CA-2017-100790,2017-06-26 00:00:00,2017-07-02 00:00:00,2,JG-15805,10024.0
CA-2015-134677,2015-10-06 00:00:00,2015-10-10 00:00:00,2,XP-21865,92024.0
CA-2015-127691,2015-07-22 00:00:00,2015-07-27 00:00:00,2,EM-14065,10024.0
CA-2018-140963,2018-06-10 00:00:00,2018-06-13 00:00:00,3,MT-18070,90045.0
CA-2015-154627,2015-10-29 00:00:00,2015-10-31 00:00:00,3,SA-20830,60610.0
CA-2015-133753,2015-06-09 00:00:00,2015-06-13 00:00:00,1,CW-11905,77340.0
CA-2015-113362,2015-09-14 00:00:00,2015-09-19 00:00:00,2,AJ-10960,14609.0
CA-2017-169166,2017-05-09 00:00:00,2017-05-14 00:00:00,2,SS-20590,98115.0
US-2017-120929,2017-03-18 00:00:00,2017-03-21 00:00:00,1,RO-19780,38109.0
CA-2016-134782,2016-12-27 00:00:00,2016-12-31 00:00:00,2,MD-17350,72701.0
CA-2017-126158,2017-07-25 00:00:00,2017-07-31 00:00:00,2,SC-20095,92627.0
US-2017-105578,2017-05-30 00:00:00,2017-06-04 00:00:00,2,MY-17380,80134.0
CA-2018-134978,2018-11-12 00:00:00,2018-11-15 00:00:00,1,EB-13705,10024.0
CA-2016-145352,2016-03-16 00:00:00,2016-03-22 00:00:00,2,CM-12385,30318.0
CA-2018-135307,2018-11-26 00:00:00,2018-11-27 00:00:00,3,LS-17245,64118.0
CA-2017-106341,2017-10-20 00:00:00,2017-10-23 00:00:00,3,LF-17185,43055.0
CA-2018-163405,2018-12-21 00:00:00,2018-12-25 00:00:00,2,BN-11515,90049.0
CA-2018-127432,2018-01-22 00:00:00,2018-01-27 00:00:00,2,AD-10180,59405.0
CA-2016-157812,2016-03-22 00:00:00,2016-03-26 00:00:00,2,DB-13210,77041.0
CA-2018-145142,2018-01-23 00:00:00,2018-01-25 00:00:00,3,MC-17605,48234.0
US-2017-139486,2017-05-21 00:00:00,2017-05-23 00:00:00,3,LH-17155,90032.0
CA-2016-158792,2016-12-26 00:00:00,2017-01-02 00:00:00,2,BD-11605,1841.0
CA-2018-113558,2018-10-21 00:00:00,2018-10-26 00:00:00,2,PH-18790,33801.0
US-2016-138303,2016-09-03 00:00:00,2016-09-07 00:00:00,2,MG-18145,19134.0
CA-2016-102848,2016-11-07 00:00:00,2016-11-09 00:00:00,1,KB-16240,90036.0
US-2018-129441,2018-09-07 00:00:00,2018-09-11 00:00:00,2,JC-15340,90032.0
CA-2017-168753,2017-05-29 00:00:00,2017-06-01 00:00:00,1,RL-19615,36116.0
CA-2017-126613,2017-07-10 00:00:00,2017-07-16 00:00:00,2,AA-10375,85204.0
US-2018-122637,2018-09-03 00:00:00,2018-09-08 00:00:00,1,EP-13915,60653.0
CA-2016-147851,2016-12-03 00:00:00,2016-12-08 00:00:00,2,MP-17470,10009.0
CA-2016-134894,2016-12-07 00:00:00,2016-12-11 00:00:00,2,DK-12985,42420.0
CA-2015-140795,2015-02-01 00:00:00,2015-02-03 00:00:00,3,BD-11500,54302.0
CA-2017-136924,2017-07-14 00:00:00,2017-07-17 00:00:00,3,ES-14080,85705.0
US-2016-120161,2016-12-18 00:00:00,2016-12-23 00:00:00,2,LM-17065,45503.0
CA-2015-103849,2015-05-11 00:00:00,2015-05-16 00:00:00,2,PG-18895,76106.0
CA-2018-162929,2018-11-19 00:00:00,2018-11-22 00:00:00,3,AS-10135,10035.0
CA-2016-113173,2016-11-15 00:00:00,2016-11-17 00:00:00,1,DK-13225,60653.0
CA-2017-136406,2017-04-15 00:00:00,2017-04-17 00:00:00,1,BD-11320,94110.0
CA-2018-112774,2018-09-11 00:00:00,2018-09-12 00:00:00,3,RC-19960,32216.0
CA-2018-101945,2018-11-24 00:00:00,2018-11-28 00:00:00,2,GT-14710,77070.0
CA-2018-100650,2018-06-29 00:00:00,2018-07-03 00:00:00,1,DK-13225,92804.0
CA-2015-155852,2015-03-03 00:00:00,2015-03-07 00:00:00,1,AJ-10945,28403.0
CA-2017-113243,2017-06-10 00:00:00,2017-06-15 00:00:00,2,OT-18730,90045.0
CA-2018-118731,2018-11-20 00:00:00,2018-11-22 00:00:00,1,LP-17080,94110.0
CA-2015-145576,2015-09-14 00:00:00,2015-09-18 00:00:00,1,CA-12775,33614.0
CA-2016-130736,2016-12-07 00:00:00,2016-12-09 00:00:00,3,JF-15490,98105.0
CA-2018-137099,2018-12-07 00:00:00,2018-12-10 00:00:00,3,FP-14320,90008.0
CA-2018-156951,2018-10-01 00:00:00,2018-10-08 00:00:00,2,EB-13840,98105.0
CA-2018-164826,2018-12-28 00:00:00,2019-01-04 00:00:00,2,JF-15415,10024.0
CA-2017-127250,2017-11-03 00:00:00,2017-11-07 00:00:00,2,SF-20200,98270.0
CA-2016-149713,2016-09-18 00:00:00,2016-09-22 00:00:00,1,TG-21640,90805.0
CA-2018-118640,2018-07-20 00:00:00,2018-07-26 00:00:00,2,CS-11950,60610.0
CA-2016-132906,2016-09-10 00:00:00,2016-09-14 00:00:00,2,CC-12145,90004.0
CA-2018-145233,2018-12-01 00:00:00,2018-12-05 00:00:00,2,DV-13465,80219.0
CA-2016-128139,2016-07-03 00:00:00,2016-07-09 00:00:00,2,BD-11725,40475.0
US-2017-156986,2017-03-20 00:00:00,2017-03-24 00:00:00,2,ZC-21910,97301.0
CA-2015-135405,2015-01-09 00:00:00,2015-01-13 00:00:00,2,MS-17830,78041.0
CA-2015-131450,2015-08-08 00:00:00,2015-08-15 00:00:00,2,LR-16915,92024.0
CA-2017-120180,2017-07-14 00:00:00,2017-07-16 00:00:00,3,TP-21130,19134.0
US-2017-100720,2017-07-16 00:00:00,2017-07-21 00:00:00,2,CK-12205,19120.0
CA-2015-149958,2015-03-15 00:00:00,2015-03-19 00:00:00,2,AS-10240,33614.0
US-2015-105767,2015-05-23 00:00:00,2015-05-27 00:00:00,2,AR-10510,19134.0
CA-2017-161816,2017-04-28 00:00:00,2017-05-01 00:00:00,3,NB-18655,75217.0
CA-2017-121223,2017-09-11 00:00:00,2017-09-13 00:00:00,1,GD-14590,19143.0
CA-2018-138611,2018-11-14 00:00:00,2018-11-17 00:00:00,1,CK-12595,43123.0
CA-2018-117947,2018-08-18 00:00:00,2018-08-23 00:00:00,1,NG-18355,10011.0
US-2015-111171,2015-12-26 00:00:00,2015-12-31 00:00:00,2,CA-12265,60610.0
CA-2016-138009,2016-11-29 00:00:00,2016-12-03 00:00:00,2,SF-20965,48126.0
CA-2018-163020,2018-09-15 00:00:00,2018-09-19 00:00:00,2,MO-17800,10009.0
CA-2018-153787,2018-05-19 00:00:00,2018-05-23 00:00:00,2,AT-10735,98115.0
CA-2018-133431,2018-12-17 00:00:00,2018-12-21 00:00:00,2,LC-17140,94122.0
US-2017-135720,2017-12-11 00:00:00,2017-12-13 00:00:00,1,FM-14380,80013.0
CA-2018-144694,2018-09-24 00:00:00,2018-09-26 00:00:00,1,BD-11605,33180.0
CA-2016-168004,2016-10-04 00:00:00,2016-10-09 00:00:00,1,DJ-13420,31088.0
US-2017-123470,2017-08-15 00:00:00,2017-08-21 00:00:00,2,ME-17725,80013.0
CA-2017-115917,2017-05-20 00:00:00,2017-05-25 00:00:00,2,RB-19465,94591.0
CA-2017-147067,2017-12-18 00:00:00,2017-12-22 00:00:00,2,JD-16150,55407.0
CA-2018-167913,2018-07-30 00:00:00,2018-08-03 00:00:00,1,JL-15835,92691.0
CA-2018-106103,2018-06-10 00:00:00,2018-06-15 00:00:00,2,SC-20305,48307.0
US-2018-127719,2018-07-21 00:00:00,2018-07-25 00:00:00,2,TW-21025,7060.0
CA-2018-126221,2018-12-30 00:00:00,2019-01-05 00:00:00,2,CC-12430,47201.0
CA-2017-103947,2017-04-01 00:00:00,2017-04-08 00:00:00,2,BB-10990,85635.0
CA-2017-160745,2017-12-11 00:00:00,2017-12-16 00:00:00,1,AR-10825,98661.0
CA-2017-132661,2017-10-23 00:00:00,2017-10-29 00:00:00,2,SR-20740,10024.0
CA-2018-140844,2018-06-19 00:00:00,2018-06-23 00:00:00,2,AR-10405,10035.0
CA-2017-137239,2017-08-22 00:00:00,2017-08-28 00:00:00,2,CR-12730,43229.0
US-2017-156097,2017-09-19 00:00:00,2017-09-19 00:00:00,4,EH-14125,60505.0
CA-2016-146563,2016-08-24 00:00:00,2016-08-28 00:00:00,2,CB-12025,76017.0
CA-2017-123666,2017-03-26 00:00:00,2017-03-30 00:00:00,2,SP-20545,10011.0
CA-2017-143308,2017-11-04 00:00:00,2017-11-04 00:00:00,4,RC-19825,40214.0
CA-2018-132682,2018-06-08 00:00:00,2018-06-10 00:00:00,1,TH-21235,75081.0
CA-2015-156314,2015-12-24 00:00:00,2015-12-26 00:00:00,3,RP-19390,44105.0
US-2018-106663,2018-06-09 00:00:00,2018-06-13 00:00:00,2,MO-17800,60653.0
CA-2018-111178,2018-06-15 00:00:00,2018-06-22 00:00:00,2,TD-20995,62301.0
CA-2018-130351,2018-12-05 00:00:00,2018-12-08 00:00:00,3,RB-19570,47201.0
US-2018-119438,2018-03-18 00:00:00,2018-03-23 00:00:00,2,CD-11980,75701.0
CA-2017-164511,2017-11-19 00:00:00,2017-11-24 00:00:00,2,DJ-13630,10024.0
US-2018-168116,2018-11-04 00:00:00,2018-11-04 00:00:00,4,GT-14635,27217.0
CA-2015-157784,2015-07-05 00:00:00,2015-07-08 00:00:00,3,MC-17845,39212.0
CA-2018-161480,2018-12-25 00:00:00,2018-12-29 00:00:00,2,RA-19285,10035.0
US-2015-117135,2015-06-21 00:00:00,2015-06-23 00:00:00,1,NP-18325,22980.0
CA-2016-131534,2016-03-28 00:00:00,2016-04-02 00:00:00,2,AB-10165,90036.0
CA-2016-119291,2016-05-14 00:00:00,2016-05-17 00:00:00,3,JO-15550,19013.0
CA-2018-114552,2018-09-02 00:00:00,2018-09-08 00:00:00,2,Dl-13600,44105.0
CA-2017-163755,2017-11-04 00:00:00,2017-11-08 00:00:00,1,AS-10285,98103.0
CA-2016-142027,2016-04-09 00:00:00,2016-04-14 00:00:00,2,JK-15370,90805.0
CA-2015-138527,2015-09-12 00:00:00,2015-09-17 00:00:00,2,BN-11470,27511.0
CA-2015-112158,2015-12-02 00:00:00,2015-12-04 00:00:00,3,DP-13165,10035.0
CA-2015-113887,2015-04-05 00:00:00,2015-04-07 00:00:00,3,TH-21550,10035.0
CA-2018-146136,2018-09-03 00:00:00,2018-09-07 00:00:00,2,AP-10915,32137.0
US-2018-100048,2018-05-19 00:00:00,2018-05-24 00:00:00,2,RS-19765,10550.0
CA-2015-153150,2015-07-01 00:00:00,2015-07-06 00:00:00,1,Dl-13600,98105.0
CA-2015-130092,2015-01-11 00:00:00,2015-01-14 00:00:00,3,SV-20365,19901.0
CA-2018-108910,2018-09-24 00:00:00,2018-09-29 00:00:00,2,KC-16540,43055.0
CA-2015-104472,2015-06-02 00:00:00,2015-06-07 00:00:00,2,CK-12325,84057.0
CA-2017-112942,2017-02-13 00:00:00,2017-02-18 00:00:00,2,RD-19810,90045.0
CA-2017-142335,2017-12-15 00:00:00,2017-12-19 00:00:00,2,MP-17965,48205.0
CA-2015-117429,2015-10-07 00:00:00,2015-10-13 00:00:00,2,MR-17545,19140.0
CA-2017-114713,2017-07-07 00:00:00,2017-07-12 00:00:00,2,SC-20695,33012.0
CA-2018-144113,2018-09-16 00:00:00,2018-09-20 00:00:00,2,JF-15355,78745.0
US-2017-150861,2017-12-03 00:00:00,2017-12-06 00:00:00,3,EG-13900,11572.0
CA-2018-131954,2018-01-21 00:00:00,2018-01-25 00:00:00,2,DS-13030,98115.0
CA-2015-132500,2015-09-08 00:00:00,2015-09-12 00:00:00,2,GZ-14470,94110.0
CA-2015-112326,2015-01-04 00:00:00,2015-01-08 00:00:00,2,PO-19195,60540.0
US-2017-146710,2017-08-27 00:00:00,2017-09-01 00:00:00,2,SS-20875,75220.0
CA-2015-124429,2015-05-27 00:00:00,2015-05-27 00:00:00,4,MH-17785,92105.0
CA-2017-150889,2017-03-20 00:00:00,2017-03-22 00:00:00,1,PB-19105,60201.0
CA-2018-126074,2018-10-02 00:00:00,2018-10-06 00:00:00,2,RF-19735,48183.0
CA-2017-110499,2017-04-07 00:00:00,2017-04-09 00:00:00,3,YC-21895,94110.0
CA-2016-135272,2016-12-07 00:00:00,2016-12-12 00:00:00,2,MS-17830,90036.0
CA-2017-140928,2017-09-18 00:00:00,2017-09-22 00:00:00,2,NB-18655,32216.0
CA-2015-106803,2015-12-29 00:00:00,2016-01-02 00:00:00,2,DC-13285,55016.0
CA-2018-117240,2018-07-23 00:00:00,2018-07-28 00:00:00,2,CP-12340,10009.0
CA-2018-133333,2018-09-18 00:00:00,2018-09-22 00:00:00,2,BF-11020,54302.0
CA-2016-112319,2016-08-31 00:00:00,2016-09-05 00:00:00,2,AR-10510,90004.0
CA-2018-126046,2018-11-03 00:00:00,2018-11-07 00:00:00,2,JC-16105,30318.0
CA-2016-114923,2016-02-08 00:00:00,2016-02-13 00:00:00,2,LH-17020,43229.0
CA-2015-162775,2015-01-13 00:00:00,2015-01-15 00:00:00,1,CS-12250,71111.0
CA-2015-106810,2015-05-14 00:00:00,2015-05-20 00:00:00,2,AJ-10795,33710.0
CA-2017-157245,2017-05-19 00:00:00,2017-05-24 00:00:00,2,LE-16810,22204.0
CA-2018-104220,2018-01-30 00:00:00,2018-02-05 00:00:00,2,BV-11245,50315.0
CA-2015-165974,2015-06-29 00:00:00,2015-07-06 00:00:00,2,DL-12865,45231.0
CA-2016-144267,2016-08-21 00:00:00,2016-08-23 00:00:00,3,NZ-18565,94110.0
US-2016-157014,2016-10-03 00:00:00,2016-10-06 00:00:00,1,BM-11785,43229.0
CA-2016-154921,2016-05-23 00:00:00,2016-05-28 00:00:00,2,EA-14035,29203.0
CA-2018-129567,2018-03-17 00:00:00,2018-03-21 00:00:00,1,CL-12565,93534.0
CA-2016-154620,2016-12-12 00:00:00,2016-12-16 00:00:00,2,LT-17110,93534.0
CA-2016-115938,2016-06-26 00:00:00,2016-06-30 00:00:00,2,SA-20830,23223.0
CA-2017-105256,2017-05-20 00:00:00,2017-05-20 00:00:00,4,JK-15730,28806.0
CA-2015-156433,2015-09-20 00:00:00,2015-09-26 00:00:00,2,ES-14020,94110.0
CA-2018-151428,2018-09-21 00:00:00,2018-09-26 00:00:00,2,RH-19495,55901.0
CA-2016-124653,2016-12-24 00:00:00,2016-12-26 00:00:00,3,DB-13120,14609.0
CA-2016-101910,2016-11-27 00:00:00,2016-12-03 00:00:00,2,CD-11920,92530.0
CA-2018-105809,2018-02-20 00:00:00,2018-02-23 00:00:00,3,HW-14935,92105.0
CA-2017-136133,2017-08-18 00:00:00,2017-08-23 00:00:00,1,HW-14935,10024.0
CA-2017-115504,2017-03-12 00:00:00,2017-03-17 00:00:00,2,MC-18130,71203.0
CA-2018-135783,2018-04-22 00:00:00,2018-04-24 00:00:00,3,GM-14440,94122.0
CA-2015-134313,2015-11-01 00:00:00,2015-11-07 00:00:00,2,RA-19915,80219.0
CA-2016-140921,2016-02-03 00:00:00,2016-02-05 00:00:00,3,AA-10375,68104.0
CA-2015-151995,2015-10-13 00:00:00,2015-10-15 00:00:00,3,ZC-21910,98026.0
CA-2018-143686,2018-05-14 00:00:00,2018-05-14 00:00:00,4,PJ-19015,92704.0
CA-2016-106565,2016-03-20 00:00:00,2016-03-23 00:00:00,3,BW-11110,53209.0
CA-2017-149370,2017-09-15 00:00:00,2017-09-19 00:00:00,2,DB-13210,19140.0
CA-2015-140858,2015-06-28 00:00:00,2015-07-02 00:00:00,2,CA-12775,19140.0
CA-2018-101434,2018-06-20 00:00:00,2018-06-27 00:00:00,2,TR-21325,7109.0
US-2015-102071,2015-05-09 00:00:00,2015-05-15 00:00:00,2,PG-18820,94110.0
CA-2018-126956,2018-08-21 00:00:00,2018-08-28 00:00:00,2,GT-14710,55044.0
CA-2018-129462,2018-06-16 00:00:00,2018-06-21 00:00:00,1,JE-15745,41042.0
CA-2017-165316,2017-07-23 00:00:00,2017-07-27 00:00:00,2,JB-15400,33614.0
US-2015-115987,2015-09-08 00:00:00,2015-09-13 00:00:00,1,LH-17020,75701.0
US-2018-156083,2018-11-04 00:00:00,2018-11-11 00:00:00,2,JL-15175,38401.0
US-2017-137547,2017-03-07 00:00:00,2017-03-12 00:00:00,2,EB-13705,76106.0
CA-2016-100454,2016-11-20 00:00:00,2016-11-25 00:00:00,2,BM-11650,10035.0
CA-2017-161669,2017-11-07 00:00:00,2017-11-09 00:00:00,3,EM-14095,90036.0
CA-2016-114300,2016-10-13 00:00:00,2016-10-17 00:00:00,2,AF-10885,40214.0
CA-2018-107503,2018-01-01 00:00:00,2018-01-06 00:00:00,2,GA-14725,44052.0
CA-2015-107755,2015-02-07 00:00:00,2015-02-12 00:00:00,2,CK-12760,7036.0
CA-2017-152534,2017-06-20 00:00:00,2017-06-25 00:00:00,1,DP-13105,93905.0
CA-2017-113747,2017-05-28 00:00:00,2017-06-04 00:00:00,2,VD-21670,39212.0
CA-2017-123274,2017-02-19 00:00:00,2017-02-24 00:00:00,2,GT-14710,10035.0
CA-2015-125612,2015-08-03 00:00:00,2015-08-08 00:00:00,2,BK-11260,10035.0
CA-2018-161984,2018-04-10 00:00:00,2018-04-15 00:00:00,2,SJ-20125,8901.0
CA-2015-133851,2015-06-09 00:00:00,2015-06-16 00:00:00,2,CM-12445,94122.0
CA-2017-134474,2017-01-05 00:00:00,2017-01-07 00:00:00,1,AJ-10795,32216.0
CA-2015-149020,2015-01-10 00:00:00,2015-01-15 00:00:00,2,AJ-10780,22153.0
CA-2017-134362,2017-09-29 00:00:00,2017-10-02 00:00:00,3,LS-16945,19140.0
CA-2015-136742,2015-04-06 00:00:00,2015-04-10 00:00:00,2,GP-14740,17602.0
CA-2017-158099,2017-09-03 00:00:00,2017-09-05 00:00:00,3,PK-18910,19143.0
CA-2016-131128,2016-10-19 00:00:00,2016-10-20 00:00:00,3,TB-21520,3301.0
CA-2015-148488,2015-12-10 00:00:00,2015-12-15 00:00:00,2,SM-20005,10009.0
CA-2018-114636,2018-08-25 00:00:00,2018-08-29 00:00:00,2,GA-14725,28205.0
CA-2017-116736,2017-01-17 00:00:00,2017-01-21 00:00:00,2,CC-12430,3301.0
US-2015-158638,2015-09-17 00:00:00,2015-09-21 00:00:00,2,AG-10765,19120.0
CA-2018-111689,2018-11-30 00:00:00,2018-12-02 00:00:00,1,HP-14815,10024.0
CA-2016-129098,2016-10-09 00:00:00,2016-10-13 00:00:00,2,DK-13090,22153.0
US-2018-123463,2018-12-23 00:00:00,2018-12-23 00:00:00,4,GZ-14470,94109.0
CA-2017-165148,2017-10-22 00:00:00,2017-10-24 00:00:00,3,PM-19135,48227.0
CA-2015-134061,2015-04-29 00:00:00,2015-05-04 00:00:00,2,LL-16840,14609.0
CA-2016-143602,2016-04-25 00:00:00,2016-04-28 00:00:00,1,JS-15595,90045.0
CA-2018-115364,2018-06-26 00:00:00,2018-07-02 00:00:00,2,OT-18730,92105.0
CA-2018-150707,2018-10-14 00:00:00,2018-10-19 00:00:00,2,EL-13735,21044.0
CA-2015-104976,2015-12-09 00:00:00,2015-12-16 00:00:00,2,CK-12760,94122.0
CA-2018-132934,2018-06-20 00:00:00,2018-06-26 00:00:00,2,JE-15475,10801.0
CA-2018-133256,2018-06-26 00:00:00,2018-06-27 00:00:00,3,TH-21550,48227.0
CA-2017-105494,2017-11-10 00:00:00,2017-11-12 00:00:00,3,PC-18745,94122.0
CA-2017-140634,2017-10-03 00:00:00,2017-10-06 00:00:00,1,HL-15040,77095.0
CA-2015-144407,2015-09-09 00:00:00,2015-09-15 00:00:00,2,MS-17365,48227.0
CA-2018-160983,2018-10-29 00:00:00,2018-10-31 00:00:00,1,GB-14530,13021.0
US-2017-114622,2017-04-10 00:00:00,2017-04-12 00:00:00,3,JR-16210,45503.0
CA-2018-150959,2018-11-11 00:00:00,2018-11-13 00:00:00,3,TD-20995,75043.0
CA-2018-132353,2018-09-15 00:00:00,2018-09-17 00:00:00,3,DB-13060,60653.0
CA-2017-130477,2017-04-08 00:00:00,2017-04-12 00:00:00,2,LC-17140,90032.0
CA-2018-143259,2018-12-30 00:00:00,2019-01-03 00:00:00,2,PO-18865,10009.0
CA-2018-137596,2018-09-02 00:00:00,2018-09-07 00:00:00,2,BE-11335,49201.0
CA-2016-133627,2016-05-31 00:00:00,2016-06-07 00:00:00,2,SC-20050,6360.0
CA-2018-102519,2018-11-27 00:00:00,2018-11-29 00:00:00,3,BM-11650,53209.0
US-2015-141215,2015-06-15 00:00:00,2015-06-21 00:00:00,2,KL-16555,78207.0
CA-2017-165218,2017-03-05 00:00:00,2017-03-11 00:00:00,2,RW-19630,75220.0
CA-2015-138296,2015-12-05 00:00:00,2015-12-12 00:00:00,2,RC-19825,22304.0
CA-2016-111164,2016-04-11 00:00:00,2016-04-15 00:00:00,2,SE-20110,10009.0
CA-2017-149797,2017-09-15 00:00:00,2017-09-20 00:00:00,2,AH-10075,10011.0
CA-2015-132962,2015-09-13 00:00:00,2015-09-16 00:00:00,3,JM-15535,19143.0
CA-2016-115091,2016-10-05 00:00:00,2016-10-09 00:00:00,2,JJ-15760,22153.0
CA-2018-144932,2018-04-14 00:00:00,2018-04-17 00:00:00,3,AB-10165,43615.0
CA-2018-114216,2018-09-02 00:00:00,2018-09-06 00:00:00,2,RK-19300,19140.0
CA-2017-140081,2017-06-20 00:00:00,2017-06-24 00:00:00,2,CG-12040,19120.0
US-2018-111745,2018-11-05 00:00:00,2018-11-06 00:00:00,3,RA-19885,87401.0
CA-2016-148250,2016-12-13 00:00:00,2016-12-17 00:00:00,2,RP-19270,92503.0
CA-2017-105760,2017-06-19 00:00:00,2017-06-20 00:00:00,3,KC-16255,94110.0
CA-2017-142958,2017-12-13 00:00:00,2017-12-20 00:00:00,2,RW-19630,90503.0
CA-2016-120880,2016-05-29 00:00:00,2016-06-03 00:00:00,2,JL-15850,98105.0
US-2016-140200,2016-07-26 00:00:00,2016-07-28 00:00:00,3,CA-12775,85204.0
US-2018-110576,2018-11-28 00:00:00,2018-12-02 00:00:00,2,RB-19795,19120.0
CA-2018-131156,2018-04-03 00:00:00,2018-04-07 00:00:00,2,KH-16360,19143.0
CA-2018-136539,2018-12-28 00:00:00,2019-01-01 00:00:00,2,GH-14665,78664.0
CA-2018-119305,2018-11-30 00:00:00,2018-12-04 00:00:00,2,SW-20275,39212.0
CA-2018-102414,2018-05-15 00:00:00,2018-05-18 00:00:00,1,JA-15970,85023.0
CA-2016-112571,2016-09-22 00:00:00,2016-09-22 00:00:00,4,DL-12925,92054.0
CA-2018-152142,2018-11-14 00:00:00,2018-11-19 00:00:00,2,LW-16990,94110.0
CA-2016-160059,2016-11-27 00:00:00,2016-12-01 00:00:00,2,TB-21190,72701.0
CA-2017-120859,2017-09-01 00:00:00,2017-09-04 00:00:00,3,CV-12805,94110.0
CA-2015-127488,2015-09-22 00:00:00,2015-09-24 00:00:00,1,MS-17365,33433.0
CA-2018-135279,2018-04-09 00:00:00,2018-04-11 00:00:00,3,BS-11800,10011.0
CA-2015-115791,2015-01-16 00:00:00,2015-01-18 00:00:00,1,DL-13315,19134.0
US-2018-103247,2018-10-05 00:00:00,2018-10-08 00:00:00,1,PO-19195,10011.0
US-2018-100209,2018-07-09 00:00:00,2018-07-15 00:00:00,2,TD-20995,97206.0
CA-2018-159366,2018-01-07 00:00:00,2018-01-10 00:00:00,3,BW-11110,48205.0
CA-2017-145499,2017-05-30 00:00:00,2017-05-31 00:00:00,3,RW-19690,28403.0
CA-2016-157035,2016-12-09 00:00:00,2016-12-12 00:00:00,3,KB-16600,47201.0
CA-2017-144939,2017-10-03 00:00:00,2017-10-08 00:00:00,2,EB-13870,10035.0
CA-2015-163419,2015-11-11 00:00:00,2015-11-14 00:00:00,1,TZ-21580,80027.0
CA-2018-100314,2018-09-29 00:00:00,2018-10-05 00:00:00,2,AS-10630,77506.0
CA-2016-146829,2016-03-10 00:00:00,2016-03-10 00:00:00,4,TS-21340,77041.0
CA-2018-167899,2018-05-21 00:00:00,2018-05-26 00:00:00,2,JG-15805,13021.0
CA-2016-153549,2016-03-29 00:00:00,2016-03-31 00:00:00,1,SL-20155,32216.0
CA-2017-110023,2017-09-09 00:00:00,2017-09-11 00:00:00,3,TS-21610,10024.0
CA-2017-105585,2017-08-26 00:00:00,2017-08-27 00:00:00,3,RF-19735,95123.0
CA-2015-117639,2015-05-21 00:00:00,2015-05-25 00:00:00,2,MW-18235,23464.0
CA-2016-162537,2016-10-28 00:00:00,2016-11-03 00:00:00,2,RD-19585,42420.0
CA-2017-155488,2017-11-13 00:00:00,2017-11-17 00:00:00,2,FM-14290,98661.0
CA-2016-124891,2016-07-31 00:00:00,2016-07-31 00:00:00,4,RH-19495,10024.0
CA-2016-126445,2016-08-27 00:00:00,2016-08-31 00:00:00,2,RA-19945,92563.0
CA-2016-111199,2016-11-13 00:00:00,2016-11-17 00:00:00,2,JK-15730,28540.0
CA-2016-105312,2016-11-06 00:00:00,2016-11-09 00:00:00,3,MT-17815,85254.0
US-2018-106705,2018-12-26 00:00:00,2019-01-01 00:00:00,2,PO-18850,52601.0
CA-2018-135034,2018-08-01 00:00:00,2018-08-03 00:00:00,3,AT-10735,60653.0
CA-2015-158540,2015-11-24 00:00:00,2015-11-26 00:00:00,3,VG-21790,92037.0
CA-2018-118437,2018-06-17 00:00:00,2018-06-21 00:00:00,1,PF-19165,98502.0
US-2016-126214,2016-12-21 00:00:00,2016-12-24 00:00:00,1,JS-15880,98103.0
CA-2016-133025,2016-09-17 00:00:00,2016-09-19 00:00:00,1,MO-17800,90036.0
CA-2016-108665,2016-07-06 00:00:00,2016-07-10 00:00:00,2,KM-16225,10011.0
CA-2016-124450,2016-04-27 00:00:00,2016-05-03 00:00:00,2,GT-14710,20016.0
CA-2016-167269,2016-06-16 00:00:00,2016-06-20 00:00:00,2,PB-19150,19134.0
CA-2018-106964,2018-12-17 00:00:00,2018-12-20 00:00:00,3,HR-14770,90045.0
CA-2017-126529,2017-01-11 00:00:00,2017-01-13 00:00:00,1,DE-13255,45503.0
CA-2015-163552,2015-07-11 00:00:00,2015-07-15 00:00:00,2,LA-16780,7601.0
CA-2017-109820,2017-11-20 00:00:00,2017-11-22 00:00:00,3,AG-10390,45231.0
CA-2017-113061,2017-04-22 00:00:00,2017-04-26 00:00:00,2,EL-13735,65109.0
CA-2016-127418,2016-06-13 00:00:00,2016-06-14 00:00:00,3,JJ-15445,90004.0
CA-2018-121818,2018-11-20 00:00:00,2018-11-21 00:00:00,3,JH-15430,27217.0
CA-2017-127670,2017-03-20 00:00:00,2017-03-24 00:00:00,2,RD-19660,63376.0
CA-2017-102981,2017-09-06 00:00:00,2017-09-09 00:00:00,1,MO-17500,10035.0
CA-2018-115651,2018-07-09 00:00:00,2018-07-12 00:00:00,3,NS-18640,60610.0
CA-2018-152702,2018-10-12 00:00:00,2018-10-16 00:00:00,2,SN-20710,61107.0
CA-2017-169103,2017-03-08 00:00:00,2017-03-13 00:00:00,2,ZC-21910,33142.0
CA-2015-139192,2015-05-27 00:00:00,2015-06-01 00:00:00,1,LC-16885,94109.0
US-2016-153500,2016-07-03 00:00:00,2016-07-05 00:00:00,3,DG-13300,19134.0
CA-2016-110667,2016-04-04 00:00:00,2016-04-08 00:00:00,2,NF-18595,10009.0
CA-2018-167150,2018-12-10 00:00:00,2018-12-17 00:00:00,2,BP-11185,92037.0
CA-2017-105284,2017-11-24 00:00:00,2017-12-01 00:00:00,2,MG-17650,19143.0
US-2016-125374,2016-03-23 00:00:00,2016-03-29 00:00:00,2,JD-16060,77095.0
CA-2016-161263,2016-04-16 00:00:00,2016-04-21 00:00:00,2,TS-21160,43615.0
CA-2017-157686,2017-10-01 00:00:00,2017-10-02 00:00:00,3,BD-11620,94122.0
US-2018-139955,2018-09-28 00:00:00,2018-09-30 00:00:00,1,CM-12160,78521.0
US-2016-150161,2016-07-25 00:00:00,2016-07-29 00:00:00,2,RB-19795,19143.0
CA-2016-144652,2016-11-20 00:00:00,2016-11-26 00:00:00,2,SN-20560,90008.0
CA-2017-152814,2017-04-28 00:00:00,2017-05-02 00:00:00,2,EH-14005,80219.0
CA-2018-106943,2018-11-14 00:00:00,2018-11-19 00:00:00,2,FO-14305,10035.0
CA-2017-134348,2017-11-12 00:00:00,2017-11-19 00:00:00,2,MS-17710,85204.0
CA-2017-161781,2017-09-29 00:00:00,2017-09-30 00:00:00,3,CC-12100,47201.0
CA-2018-132521,2018-09-23 00:00:00,2018-09-25 00:00:00,1,DW-13540,98105.0
CA-2016-110016,2016-11-29 00:00:00,2016-12-04 00:00:00,2,BT-11395,48227.0
US-2017-143819,2017-03-01 00:00:00,2017-03-05 00:00:00,2,KD-16270,10701.0
CA-2017-167584,2017-08-12 00:00:00,2017-08-12 00:00:00,4,LC-16870,50315.0
CA-2017-166163,2017-08-15 00:00:00,2017-08-20 00:00:00,1,CY-12745,94601.0
CA-2018-158407,2018-06-04 00:00:00,2018-06-10 00:00:00,2,LW-16990,28110.0
CA-2016-143490,2016-12-06 00:00:00,2016-12-13 00:00:00,2,NP-18325,92105.0
CA-2016-165085,2016-12-27 00:00:00,2016-12-31 00:00:00,2,BT-11485,20735.0
CA-2018-160423,2018-01-21 00:00:00,2018-01-26 00:00:00,2,PS-19045,28205.0
CA-2015-159338,2015-06-25 00:00:00,2015-06-28 00:00:00,3,NS-18640,90049.0
CA-2017-107216,2017-06-14 00:00:00,2017-06-17 00:00:00,3,PV-18985,94122.0
US-2018-145863,2018-04-21 00:00:00,2018-04-27 00:00:00,2,RP-19390,77041.0
CA-2017-112340,2017-10-21 00:00:00,2017-10-27 00:00:00,2,NM-18520,92503.0
US-2017-110156,2017-11-19 00:00:00,2017-11-24 00:00:00,2,EH-13945,77041.0
CA-2018-140585,2018-12-18 00:00:00,2018-12-23 00:00:00,1,RA-19915,92024.0
CA-2017-144855,2017-07-22 00:00:00,2017-07-24 00:00:00,1,DL-13495,94110.0
CA-2016-142755,2016-09-04 00:00:00,2016-09-08 00:00:00,2,CS-12355,30076.0
US-2015-147627,2015-01-20 00:00:00,2015-01-26 00:00:00,2,HL-15040,72401.0
CA-2016-105970,2016-03-02 00:00:00,2016-03-07 00:00:00,2,PA-19060,47374.0
CA-2017-112102,2017-04-12 00:00:00,2017-04-16 00:00:00,2,BD-11605,22153.0
US-2017-114776,2017-12-06 00:00:00,2017-12-07 00:00:00,3,GG-14650,94509.0
US-2017-134908,2017-06-05 00:00:00,2017-06-09 00:00:00,2,JS-15940,19134.0
US-2017-148803,2017-12-11 00:00:00,2017-12-11 00:00:00,4,LR-16915,33030.0
CA-2017-152170,2017-11-12 00:00:00,2017-11-15 00:00:00,1,FH-14275,46350.0
CA-2015-146969,2015-09-29 00:00:00,2015-10-03 00:00:00,2,AP-10915,90045.0
CA-2016-112452,2016-04-04 00:00:00,2016-04-04 00:00:00,4,NC-18340,48911.0
CA-2016-113971,2016-05-08 00:00:00,2016-05-14 00:00:00,2,CB-12535,44221.0
CA-2017-160395,2017-12-31 00:00:00,2018-01-06 00:00:00,2,KL-16555,89502.0
CA-2015-136567,2015-12-20 00:00:00,2015-12-21 00:00:00,3,PS-19045,22801.0
CA-2017-149314,2017-07-02 00:00:00,2017-07-07 00:00:00,1,GB-14530,90004.0
CA-2018-147039,2018-06-29 00:00:00,2018-07-04 00:00:00,2,AA-10315,55407.0
CA-2015-126522,2015-09-01 00:00:00,2015-09-05 00:00:00,1,LT-16765,92025.0
CA-2015-127964,2015-03-03 00:00:00,2015-03-08 00:00:00,2,AP-10720,10035.0
CA-2015-117709,2015-05-04 00:00:00,2015-05-08 00:00:00,2,PM-18940,49201.0
CA-2016-125416,2016-11-02 00:00:00,2016-11-02 00:00:00,4,KC-16540,98115.0
CA-2018-145226,2018-12-08 00:00:00,2018-12-10 00:00:00,1,DL-13315,10035.0
US-2015-100279,2015-03-10 00:00:00,2015-03-14 00:00:00,2,SW-20275,48073.0
CA-2015-158064,2015-04-21 00:00:00,2015-04-25 00:00:00,2,AA-10375,90008.0
US-2016-104430,2016-10-22 00:00:00,2016-10-26 00:00:00,2,LT-17110,61701.0
CA-2016-132080,2016-08-22 00:00:00,2016-08-25 00:00:00,3,DP-13105,10035.0
CA-2017-161207,2017-08-29 00:00:00,2017-09-03 00:00:00,2,AB-10060,3301.0
CA-2015-120243,2015-12-27 00:00:00,2015-12-30 00:00:00,1,AT-10435,90004.0
CA-2017-113621,2017-12-01 00:00:00,2017-12-05 00:00:00,2,JE-15745,20852.0
CA-2017-168081,2017-04-24 00:00:00,2017-04-27 00:00:00,1,CA-12055,77070.0
CA-2015-128146,2015-06-21 00:00:00,2015-06-25 00:00:00,2,DB-13060,8701.0
CA-2018-138779,2018-01-14 00:00:00,2018-01-15 00:00:00,3,RB-19570,28540.0
CA-2015-127131,2015-11-24 00:00:00,2015-11-30 00:00:00,2,HR-14830,98103.0
CA-2018-117212,2018-02-26 00:00:00,2018-02-28 00:00:00,1,BT-11530,90036.0
US-2016-130519,2016-09-15 00:00:00,2016-09-15 00:00:00,4,NG-18355,33065.0
CA-2017-130946,2017-04-08 00:00:00,2017-04-12 00:00:00,2,ZC-21910,77041.0
CA-2017-114727,2017-07-18 00:00:00,2017-07-24 00:00:00,2,LS-16945,80219.0
CA-2018-133235,2018-08-01 00:00:00,2018-08-04 00:00:00,3,LH-16750,28205.0
CA-2017-137050,2017-07-14 00:00:00,2017-07-18 00:00:00,1,SW-20755,10009.0
US-2018-118087,2018-09-09 00:00:00,2018-09-13 00:00:00,2,SP-20620,19134.0
CA-2015-110184,2015-07-12 00:00:00,2015-07-16 00:00:00,2,BF-11170,90036.0
CA-2017-126004,2017-12-04 00:00:00,2017-12-05 00:00:00,3,BM-11140,10024.0
CA-2018-100013,2018-11-06 00:00:00,2018-11-11 00:00:00,2,ZC-21910,90045.0
CA-2016-132570,2016-10-31 00:00:00,2016-11-02 00:00:00,1,KT-16480,14215.0
CA-2017-153682,2017-05-30 00:00:00,2017-06-01 00:00:00,3,BG-11695,45231.0
CA-2017-144344,2017-10-28 00:00:00,2017-10-28 00:00:00,4,PG-18820,33437.0
CA-2015-127012,2015-08-11 00:00:00,2015-08-15 00:00:00,2,GM-14680,98105.0
CA-2017-128727,2017-08-29 00:00:00,2017-09-04 00:00:00,2,MO-17800,10024.0
US-2017-162859,2017-02-15 00:00:00,2017-02-22 00:00:00,2,PG-18820,10009.0
CA-2018-133641,2018-05-14 00:00:00,2018-05-21 00:00:00,2,EJ-14155,39503.0
CA-2015-168494,2015-12-12 00:00:00,2015-12-14 00:00:00,1,NP-18700,93727.0
CA-2018-115602,2018-12-18 00:00:00,2018-12-24 00:00:00,2,DJ-13630,10009.0
CA-2016-154956,2016-07-04 00:00:00,2016-07-09 00:00:00,2,IM-15070,53209.0
CA-2018-144638,2018-03-10 00:00:00,2018-03-14 00:00:00,2,MH-18115,19013.0
US-2017-168620,2017-12-24 00:00:00,2017-12-28 00:00:00,1,RB-19795,28205.0
CA-2018-117079,2018-10-23 00:00:00,2018-10-27 00:00:00,2,JR-15700,32216.0
US-2017-144393,2017-10-28 00:00:00,2017-11-04 00:00:00,2,SM-20950,27834.0
CA-2018-105053,2018-07-07 00:00:00,2018-07-09 00:00:00,1,CS-12355,11561.0
CA-2017-155992,2017-10-01 00:00:00,2017-10-02 00:00:00,3,CC-12220,46350.0
CA-2018-110380,2018-09-02 00:00:00,2018-09-07 00:00:00,2,PF-19225,94122.0
US-2015-167738,2015-12-24 00:00:00,2015-12-29 00:00:00,2,JC-16105,90045.0
CA-2018-121412,2018-09-23 00:00:00,2018-09-27 00:00:00,2,BG-11695,80027.0
CA-2018-100426,2018-06-04 00:00:00,2018-06-08 00:00:00,2,DC-12850,35630.0
US-2017-103646,2017-04-21 00:00:00,2017-04-26 00:00:00,2,SP-20545,60623.0
CA-2017-119186,2017-05-26 00:00:00,2017-05-26 00:00:00,4,MS-17710,76106.0
CA-2017-148698,2017-05-02 00:00:00,2017-05-07 00:00:00,2,BD-11770,77070.0
CA-2015-163293,2015-09-08 00:00:00,2015-09-11 00:00:00,3,KC-16255,31204.0
CA-2017-160815,2017-09-05 00:00:00,2017-09-06 00:00:00,3,TR-21325,52402.0
CA-2018-122154,2018-04-09 00:00:00,2018-04-11 00:00:00,3,SA-20830,32216.0
US-2016-149692,2016-12-06 00:00:00,2016-12-12 00:00:00,2,KW-16435,78745.0
CA-2017-119445,2017-06-26 00:00:00,2017-07-03 00:00:00,2,GM-14500,2908.0
CA-2016-124268,2016-07-04 00:00:00,2016-07-08 00:00:00,2,AD-10180,10035.0
CA-2017-154711,2017-11-22 00:00:00,2017-11-26 00:00:00,2,TB-21355,10009.0
CA-2017-163384,2017-11-10 00:00:00,2017-11-12 00:00:00,3,CC-12430,94122.0
CA-2016-101707,2016-08-27 00:00:00,2016-09-01 00:00:00,2,PF-19165,92105.0
CA-2016-138898,2016-05-25 00:00:00,2016-05-29 00:00:00,2,JH-16180,81001.0
CA-2018-115427,2018-12-30 00:00:00,2019-01-03 00:00:00,2,EB-13975,94533.0
CA-2017-134425,2017-12-08 00:00:00,2017-12-12 00:00:00,1,QJ-19255,55106.0
CA-2016-121391,2016-10-04 00:00:00,2016-10-07 00:00:00,3,AA-10315,94109.0
CA-2017-137043,2017-12-23 00:00:00,2017-12-25 00:00:00,1,LC-17140,22153.0
CA-2016-115847,2016-09-19 00:00:00,2016-09-24 00:00:00,1,TC-21535,22204.0
US-2018-126179,2018-07-03 00:00:00,2018-07-07 00:00:00,2,CS-12460,31907.0
CA-2017-101966,2017-07-14 00:00:00,2017-07-16 00:00:00,1,BM-11785,77036.0
CA-2017-141397,2017-06-20 00:00:00,2017-06-21 00:00:00,3,RC-19825,91104.0
CA-2017-141082,2017-12-09 00:00:00,2017-12-13 00:00:00,2,FM-14380,1841.0
US-2017-134488,2017-09-24 00:00:00,2017-10-01 00:00:00,2,PK-19075,43229.0
CA-2017-145919,2017-12-18 00:00:00,2017-12-23 00:00:00,2,HG-14965,90032.0
CA-2018-157651,2018-12-10 00:00:00,2018-12-14 00:00:00,2,HA-14920,19120.0
CA-2015-160773,2015-07-01 00:00:00,2015-07-05 00:00:00,2,LW-16825,32725.0
CA-2018-167703,2018-02-03 00:00:00,2018-02-08 00:00:00,2,MC-17575,45231.0
CA-2018-121804,2018-03-03 00:00:00,2018-03-08 00:00:00,2,LP-17095,42071.0
CA-2018-162635,2018-10-09 00:00:00,2018-10-10 00:00:00,3,EB-14170,28403.0
CA-2015-107153,2015-09-28 00:00:00,2015-10-03 00:00:00,2,GZ-14545,1841.0
US-2015-117058,2015-05-27 00:00:00,2015-05-30 00:00:00,3,LE-16810,60653.0
CA-2016-120439,2016-06-14 00:00:00,2016-06-18 00:00:00,2,AD-10180,19120.0
CA-2017-128258,2017-03-30 00:00:00,2017-04-01 00:00:00,3,CP-12085,6360.0
CA-2018-106033,2018-10-15 00:00:00,2018-10-18 00:00:00,1,FG-14260,94110.0
CA-2017-142762,2017-05-23 00:00:00,2017-05-27 00:00:00,2,LD-17005,94109.0
CA-2018-127705,2018-06-02 00:00:00,2018-06-06 00:00:00,2,AB-10255,44052.0
CA-2015-122567,2015-02-16 00:00:00,2015-02-21 00:00:00,2,MN-17935,75220.0
CA-2015-121664,2015-05-06 00:00:00,2015-05-10 00:00:00,2,HP-14815,90049.0
CA-2017-122133,2017-05-16 00:00:00,2017-05-23 00:00:00,2,JR-15670,6457.0
US-2018-123281,2018-04-02 00:00:00,2018-04-07 00:00:00,2,JF-15190,90008.0
CA-2018-100524,2018-03-31 00:00:00,2018-04-02 00:00:00,1,CM-12115,10011.0
CA-2018-113481,2018-01-02 00:00:00,2018-01-04 00:00:00,3,AS-10045,28540.0
CA-2016-131758,2016-05-28 00:00:00,2016-06-01 00:00:00,2,KB-16315,11520.0
CA-2015-118339,2015-03-17 00:00:00,2015-03-24 00:00:00,2,BN-11515,55044.0
CA-2015-153976,2015-10-03 00:00:00,2015-10-08 00:00:00,1,BP-11290,60201.0
CA-2017-162901,2017-03-28 00:00:00,2017-03-31 00:00:00,3,AS-10045,22204.0
CA-2018-162978,2018-05-04 00:00:00,2018-05-09 00:00:00,2,LW-16990,94109.0
US-2015-160444,2015-07-05 00:00:00,2015-07-05 00:00:00,4,DC-12850,77036.0
CA-2017-145247,2017-05-05 00:00:00,2017-05-07 00:00:00,3,ND-18370,40214.0
CA-2018-160045,2018-04-26 00:00:00,2018-04-27 00:00:00,3,LB-16735,76106.0
US-2015-151925,2015-09-26 00:00:00,2015-10-01 00:00:00,1,KT-16465,90049.0
CA-2018-125199,2018-10-19 00:00:00,2018-10-25 00:00:00,2,HM-14860,19120.0
US-2018-155425,2018-11-10 00:00:00,2018-11-11 00:00:00,3,AB-10600,85705.0
CA-2018-133249,2018-07-08 00:00:00,2018-07-11 00:00:00,3,SZ-20035,90660.0
US-2016-103471,2016-12-24 00:00:00,2016-12-28 00:00:00,2,JR-15670,80906.0
CA-2018-136672,2018-03-07 00:00:00,2018-03-12 00:00:00,2,MG-17890,20735.0
US-2015-157021,2015-04-01 00:00:00,2015-04-06 00:00:00,1,KM-16720,94591.0
CA-2016-120362,2016-09-14 00:00:00,2016-09-19 00:00:00,2,CA-12265,84604.0
CA-2015-126361,2015-08-04 00:00:00,2015-08-09 00:00:00,1,VD-21670,84062.0
US-2017-100566,2017-09-03 00:00:00,2017-09-09 00:00:00,2,JK-16120,60505.0
US-2017-108504,2017-02-05 00:00:00,2017-02-05 00:00:00,4,PP-18955,30080.0
CA-2018-124828,2018-07-03 00:00:00,2018-07-04 00:00:00,3,YS-21880,27217.0
US-2018-117247,2018-10-09 00:00:00,2018-10-14 00:00:00,2,CK-12760,60505.0
CA-2017-124485,2017-11-24 00:00:00,2017-11-26 00:00:00,3,NC-18340,10035.0
CA-2017-159212,2017-11-01 00:00:00,2017-11-05 00:00:00,2,KM-16375,24153.0
US-2017-161396,2017-04-19 00:00:00,2017-04-25 00:00:00,2,GM-14455,43229.0
US-2015-118486,2015-04-06 00:00:00,2015-04-08 00:00:00,3,SD-20485,19143.0
CA-2017-130407,2017-09-02 00:00:00,2017-09-06 00:00:00,2,KD-16270,10024.0
US-2017-122245,2017-09-25 00:00:00,2017-09-30 00:00:00,2,AB-10105,85023.0
CA-2018-105144,2018-11-04 00:00:00,2018-11-11 00:00:00,2,SZ-20035,75051.0
CA-2017-136329,2017-07-09 00:00:00,2017-07-13 00:00:00,2,JD-15895,10035.0
CA-2015-146640,2015-06-30 00:00:00,2015-07-05 00:00:00,2,HA-14905,10024.0
CA-2018-115994,2018-01-28 00:00:00,2018-01-31 00:00:00,1,BT-11305,92627.0
CA-2016-126697,2016-09-21 00:00:00,2016-09-24 00:00:00,3,SV-20815,77041.0
CA-2016-124800,2016-09-26 00:00:00,2016-09-30 00:00:00,2,RW-19540,85204.0
US-2016-164448,2016-10-31 00:00:00,2016-11-04 00:00:00,1,DK-12835,93905.0
CA-2018-122700,2018-11-26 00:00:00,2018-11-30 00:00:00,2,LT-17110,43229.0
CA-2015-120768,2015-12-19 00:00:00,2015-12-21 00:00:00,1,IM-15070,35630.0
US-2017-153129,2017-12-26 00:00:00,2017-12-30 00:00:00,2,FP-14320,98105.0
CA-2018-106852,2018-06-20 00:00:00,2018-06-27 00:00:00,2,ST-20530,44134.0
CA-2016-139731,2016-10-15 00:00:00,2016-10-15 00:00:00,4,JE-15745,79109.0
CA-2018-122735,2018-04-12 00:00:00,2018-04-15 00:00:00,1,BD-11320,2908.0
CA-2018-128160,2018-12-19 00:00:00,2018-12-24 00:00:00,1,MM-17920,94110.0
CA-2018-117695,2018-08-05 00:00:00,2018-08-08 00:00:00,3,PW-19030,40475.0
CA-2016-166135,2016-10-01 00:00:00,2016-10-06 00:00:00,2,SC-20440,80013.0
CA-2017-133725,2017-05-23 00:00:00,2017-05-28 00:00:00,2,KL-16645,60623.0
CA-2018-102337,2018-06-13 00:00:00,2018-06-16 00:00:00,3,SD-20485,60653.0
US-2015-112564,2015-04-23 00:00:00,2015-04-24 00:00:00,3,TS-21160,19134.0
CA-2016-145821,2016-05-01 00:00:00,2016-05-07 00:00:00,2,JB-15400,90008.0
US-2016-160150,2016-07-19 00:00:00,2016-07-20 00:00:00,3,TS-21085,85023.0
CA-2017-133711,2017-11-26 00:00:00,2017-11-29 00:00:00,3,MC-17425,36608.0
CA-2018-148474,2018-06-12 00:00:00,2018-06-19 00:00:00,2,ME-17320,31907.0
CA-2016-111297,2016-08-17 00:00:00,2016-08-21 00:00:00,2,SC-20440,2740.0
CA-2017-123722,2017-09-25 00:00:00,2017-10-01 00:00:00,2,NH-18610,75061.0
CA-2015-155271,2015-05-04 00:00:00,2015-05-04 00:00:00,4,AA-10480,6457.0
CA-2016-119907,2016-12-01 00:00:00,2016-12-08 00:00:00,2,LC-17140,98103.0
US-2017-128902,2017-03-11 00:00:00,2017-03-15 00:00:00,2,MB-18085,8360.0
CA-2017-152289,2017-08-26 00:00:00,2017-08-28 00:00:00,3,LC-16930,77506.0
US-2017-104794,2017-12-16 00:00:00,2017-12-19 00:00:00,3,KD-16495,10009.0
CA-2015-151708,2015-08-08 00:00:00,2015-08-14 00:00:00,2,MB-17305,85301.0
CA-2016-100769,2016-05-16 00:00:00,2016-05-16 00:00:00,4,TH-21550,32216.0
CA-2018-139199,2018-12-09 00:00:00,2018-12-13 00:00:00,2,DK-12835,48234.0
US-2016-161466,2016-09-24 00:00:00,2016-09-27 00:00:00,1,ON-18715,19120.0
CA-2018-164959,2018-07-11 00:00:00,2018-07-15 00:00:00,2,KN-16390,90004.0
US-2016-105676,2016-12-01 00:00:00,2016-12-02 00:00:00,4,NM-18520,77036.0
CA-2017-113138,2017-11-19 00:00:00,2017-11-25 00:00:00,2,NP-18685,14304.0
US-2018-104955,2018-03-19 00:00:00,2018-03-24 00:00:00,2,CG-12040,10024.0
CA-2017-121958,2017-11-13 00:00:00,2017-11-17 00:00:00,2,CS-12505,27360.0
CA-2018-121468,2018-11-19 00:00:00,2018-11-20 00:00:00,3,KD-16345,92683.0
US-2017-108455,2017-12-02 00:00:00,2017-12-08 00:00:00,2,MK-18160,94122.0
CA-2018-101210,2018-08-25 00:00:00,2018-08-28 00:00:00,1,DW-13540,38301.0
US-2017-108098,2017-10-14 00:00:00,2017-10-18 00:00:00,2,CP-12340,98115.0
CA-2015-119032,2015-11-27 00:00:00,2015-12-03 00:00:00,2,MS-17770,10035.0
CA-2016-140410,2016-11-03 00:00:00,2016-11-07 00:00:00,2,CM-12655,90008.0
CA-2015-136280,2015-11-29 00:00:00,2015-12-06 00:00:00,2,Co-12640,19143.0
CA-2018-151911,2018-04-30 00:00:00,2018-05-05 00:00:00,1,DL-13495,10024.0
CA-2018-166436,2018-11-24 00:00:00,2018-11-28 00:00:00,2,TS-21370,10035.0
CA-2018-139661,2018-10-30 00:00:00,2018-11-03 00:00:00,2,JW-15220,98661.0
CA-2015-123925,2015-12-17 00:00:00,2015-12-19 00:00:00,1,RF-19840,31907.0
CA-2018-152485,2018-09-04 00:00:00,2018-09-08 00:00:00,2,JD-15790,75019.0
CA-2017-141586,2017-10-17 00:00:00,2017-10-20 00:00:00,3,NK-18490,94122.0
CA-2018-130386,2018-11-12 00:00:00,2018-11-18 00:00:00,2,NG-18430,78745.0
CA-2017-100468,2017-11-24 00:00:00,2017-12-01 00:00:00,2,AT-10435,90045.0
CA-2016-153388,2016-08-01 00:00:00,2016-08-07 00:00:00,2,PC-19000,90004.0
CA-2018-154935,2018-12-24 00:00:00,2018-12-29 00:00:00,2,AR-10540,10024.0
CA-2017-134208,2017-09-17 00:00:00,2017-09-23 00:00:00,2,CS-12505,31907.0
CA-2018-108294,2018-12-10 00:00:00,2018-12-10 00:00:00,4,LS-16975,68104.0
CA-2018-103611,2018-09-12 00:00:00,2018-09-15 00:00:00,3,JM-15535,90036.0
CA-2018-100384,2018-06-24 00:00:00,2018-07-01 00:00:00,2,NH-18610,91767.0
CA-2018-112809,2018-08-18 00:00:00,2018-08-22 00:00:00,2,RA-19915,75220.0
US-2018-160759,2018-12-11 00:00:00,2018-12-17 00:00:00,2,AI-10855,19120.0
CA-2018-148446,2018-12-10 00:00:00,2018-12-14 00:00:00,1,MC-17845,89031.0
CA-2015-111059,2015-02-03 00:00:00,2015-02-06 00:00:00,1,TB-21400,98105.0
CA-2018-116204,2018-02-11 00:00:00,2018-02-14 00:00:00,1,VW-21775,94110.0
CA-2018-109946,2018-04-16 00:00:00,2018-04-21 00:00:00,2,PL-18925,60610.0
CA-2016-144806,2016-12-06 00:00:00,2016-12-11 00:00:00,2,GH-14425,85705.0
CA-2017-122392,2017-07-22 00:00:00,2017-07-27 00:00:00,2,CJ-12010,18103.0
CA-2016-148432,2016-11-07 00:00:00,2016-11-10 00:00:00,1,MC-18130,19711.0
CA-2016-103793,2016-03-26 00:00:00,2016-03-31 00:00:00,2,BV-11245,33142.0
CA-2018-159884,2018-08-31 00:00:00,2018-09-05 00:00:00,2,JF-15490,85281.0
CA-2017-139885,2017-12-04 00:00:00,2017-12-08 00:00:00,2,EB-13840,10035.0
CA-2018-124086,2018-02-10 00:00:00,2018-02-14 00:00:00,2,MP-18175,92677.0
CA-2017-112389,2017-10-29 00:00:00,2017-11-02 00:00:00,2,JM-15655,8302.0
CA-2018-121888,2018-09-15 00:00:00,2018-09-17 00:00:00,1,CL-11890,2149.0
CA-2015-166884,2015-03-11 00:00:00,2015-03-16 00:00:00,1,CK-12205,43229.0
CA-2015-107181,2015-02-04 00:00:00,2015-02-08 00:00:00,2,DB-13270,92024.0
CA-2015-150245,2015-12-31 00:00:00,2016-01-04 00:00:00,1,PC-18745,13601.0
CA-2016-111395,2016-11-23 00:00:00,2016-11-27 00:00:00,2,VB-21745,78207.0
CA-2015-134278,2015-07-06 00:00:00,2015-07-08 00:00:00,3,EP-13915,10011.0
US-2018-124926,2018-11-13 00:00:00,2018-11-18 00:00:00,1,ME-17320,77095.0
CA-2017-159345,2017-06-17 00:00:00,2017-06-22 00:00:00,2,IG-15085,92024.0
CA-2015-130274,2015-05-03 00:00:00,2015-05-05 00:00:00,3,JS-15940,54915.0
CA-2018-158386,2018-10-16 00:00:00,2018-10-21 00:00:00,2,BO-11425,40475.0
CA-2016-111507,2016-02-06 00:00:00,2016-02-13 00:00:00,2,VW-21775,98006.0
CA-2018-120761,2018-09-04 00:00:00,2018-09-08 00:00:00,2,AB-10150,11561.0
CA-2017-109176,2017-05-09 00:00:00,2017-05-15 00:00:00,2,JW-16075,19140.0
CA-2016-112116,2016-03-16 00:00:00,2016-03-18 00:00:00,1,JE-15475,98103.0
CA-2017-126809,2017-04-09 00:00:00,2017-04-13 00:00:00,2,EB-13750,98103.0
CA-2015-105172,2015-04-04 00:00:00,2015-04-09 00:00:00,2,PK-18910,94109.0
CA-2018-107293,2018-09-05 00:00:00,2018-09-06 00:00:00,3,CS-12400,98115.0
US-2018-102890,2018-06-30 00:00:00,2018-06-30 00:00:00,4,SG-20470,10011.0
CA-2016-158554,2016-11-09 00:00:00,2016-11-09 00:00:00,4,CM-12190,19134.0
CA-2015-116239,2015-03-04 00:00:00,2015-03-04 00:00:00,4,CL-12565,29203.0
CA-2016-132101,2016-03-19 00:00:00,2016-03-25 00:00:00,2,JO-15550,98105.0
CA-2016-129112,2016-11-29 00:00:00,2016-11-30 00:00:00,3,AW-10840,75002.0
US-2018-152002,2018-06-11 00:00:00,2018-06-11 00:00:00,4,DV-13465,90004.0
CA-2018-165029,2018-11-26 00:00:00,2018-11-30 00:00:00,2,AH-10075,30318.0
US-2015-157385,2015-11-23 00:00:00,2015-11-25 00:00:00,3,SC-20095,90004.0
CA-2015-101602,2015-12-15 00:00:00,2015-12-18 00:00:00,3,MC-18100,79907.0
CA-2017-109057,2017-04-22 00:00:00,2017-04-27 00:00:00,2,TT-21460,60505.0
CA-2017-154403,2017-05-23 00:00:00,2017-05-27 00:00:00,2,AP-10720,35630.0
CA-2017-102456,2017-02-27 00:00:00,2017-03-01 00:00:00,3,DL-12865,10011.0
CA-2016-131338,2016-08-09 00:00:00,2016-08-12 00:00:00,3,NP-18325,10024.0
CA-2017-109911,2017-05-12 00:00:00,2017-05-16 00:00:00,2,VG-21805,23464.0
US-2017-132423,2017-04-15 00:00:00,2017-04-19 00:00:00,2,MY-18295,76051.0
CA-2016-122826,2016-06-23 00:00:00,2016-06-25 00:00:00,1,RD-19480,98502.0
CA-2015-117317,2015-10-19 00:00:00,2015-10-19 00:00:00,4,JF-15490,90032.0
CA-2016-118423,2016-03-24 00:00:00,2016-03-27 00:00:00,3,DP-13390,61604.0
CA-2018-149181,2018-05-08 00:00:00,2018-05-12 00:00:00,2,MD-17350,43229.0
CA-2018-132234,2018-10-16 00:00:00,2018-10-18 00:00:00,3,MY-17380,10011.0
CA-2018-158876,2018-11-19 00:00:00,2018-11-21 00:00:00,1,AB-10150,75007.0
CA-2017-164672,2017-05-08 00:00:00,2017-05-13 00:00:00,1,GB-14530,19901.0
US-2017-132857,2017-12-11 00:00:00,2017-12-17 00:00:00,2,CA-12775,37167.0
CA-2018-116645,2018-11-30 00:00:00,2018-12-04 00:00:00,2,ME-17725,19711.0
US-2017-115819,2017-04-19 00:00:00,2017-04-24 00:00:00,1,JO-15280,90049.0
CA-2015-156349,2015-05-26 00:00:00,2015-05-30 00:00:00,2,ML-17395,90008.0
CA-2018-138380,2018-12-21 00:00:00,2018-12-25 00:00:00,2,YS-21880,94601.0
US-2017-113509,2017-03-15 00:00:00,2017-03-19 00:00:00,2,PL-18925,19143.0
CA-2016-130022,2016-08-10 00:00:00,2016-08-16 00:00:00,2,JK-16120,55122.0
US-2017-118780,2017-09-10 00:00:00,2017-09-14 00:00:00,1,PN-18775,10011.0
CA-2018-108560,2018-07-08 00:00:00,2018-07-15 00:00:00,2,JC-15385,98031.0
CA-2016-157084,2016-12-19 00:00:00,2016-12-24 00:00:00,2,JG-15160,90049.0
CA-2016-164539,2016-11-16 00:00:00,2016-11-22 00:00:00,2,PO-19180,10011.0
CA-2016-143119,2016-09-24 00:00:00,2016-09-30 00:00:00,2,MC-17275,70506.0
CA-2018-101049,2018-06-21 00:00:00,2018-06-25 00:00:00,1,AS-10240,44105.0
CA-2017-106530,2017-05-08 00:00:00,2017-05-08 00:00:00,4,CL-12565,44105.0
CA-2015-168984,2015-11-26 00:00:00,2015-12-02 00:00:00,2,NW-18400,97224.0
CA-2017-157266,2017-05-26 00:00:00,2017-06-01 00:00:00,2,TB-21280,20016.0
US-2015-134712,2015-11-29 00:00:00,2015-12-04 00:00:00,2,BS-11380,60076.0
CA-2016-111829,2016-03-19 00:00:00,2016-03-20 00:00:00,3,FH-14365,98115.0
CA-2016-105221,2016-11-01 00:00:00,2016-11-03 00:00:00,3,VM-21685,19140.0
CA-2016-120341,2016-09-26 00:00:00,2016-09-29 00:00:00,1,SF-20200,19143.0
CA-2015-135699,2015-08-29 00:00:00,2015-08-29 00:00:00,4,HH-15010,94110.0
US-2018-132444,2018-11-18 00:00:00,2018-11-21 00:00:00,3,CD-12280,98105.0
CA-2015-127159,2015-05-12 00:00:00,2015-05-15 00:00:00,3,HL-15040,53209.0
CA-2018-161809,2018-01-20 00:00:00,2018-01-26 00:00:00,2,TH-21100,90045.0
CA-2018-127285,2018-10-30 00:00:00,2018-11-06 00:00:00,2,MM-18055,98115.0
CA-2018-144526,2018-04-30 00:00:00,2018-05-06 00:00:00,2,QJ-19255,19143.0
CA-2017-128531,2017-11-24 00:00:00,2017-11-26 00:00:00,1,NS-18505,75217.0
US-2016-157154,2016-01-10 00:00:00,2016-01-15 00:00:00,2,MM-17920,10011.0
CA-2018-159457,2018-10-19 00:00:00,2018-10-26 00:00:00,2,RD-19480,77095.0
CA-2017-107615,2017-03-22 00:00:00,2017-03-25 00:00:00,3,RB-19645,89031.0
CA-2018-111647,2018-07-03 00:00:00,2018-07-07 00:00:00,2,RD-19585,75023.0
CA-2016-150560,2016-12-11 00:00:00,2016-12-12 00:00:00,3,SW-20455,23434.0
CA-2016-143077,2016-09-17 00:00:00,2016-09-21 00:00:00,2,SF-20965,77041.0
CA-2017-122728,2017-05-18 00:00:00,2017-05-24 00:00:00,2,EB-13930,94110.0
CA-2015-122882,2015-09-07 00:00:00,2015-09-13 00:00:00,2,SB-20290,19134.0
US-2017-101497,2017-09-29 00:00:00,2017-10-01 00:00:00,1,PS-18760,90008.0
CA-2017-147585,2017-11-07 00:00:00,2017-11-12 00:00:00,2,CB-12535,94110.0
CA-2018-149489,2018-04-24 00:00:00,2018-04-27 00:00:00,3,DK-12835,19143.0
CA-2018-143798,2018-12-10 00:00:00,2018-12-12 00:00:00,3,AW-10840,19140.0
CA-2015-142839,2015-08-16 00:00:00,2015-08-20 00:00:00,2,TS-21610,19143.0
CA-2018-129833,2018-12-09 00:00:00,2018-12-15 00:00:00,2,HF-14995,46203.0
US-2017-154361,2017-03-14 00:00:00,2017-03-19 00:00:00,2,HZ-14950,43229.0
US-2017-158708,2017-06-26 00:00:00,2017-06-29 00:00:00,1,AB-10255,75023.0
CA-2016-156335,2016-09-25 00:00:00,2016-09-28 00:00:00,1,PO-19195,7002.0
CA-2016-148376,2016-12-27 00:00:00,2016-12-31 00:00:00,2,AG-10900,90008.0
CA-2015-135657,2015-06-03 00:00:00,2015-06-07 00:00:00,1,SC-20725,98115.0
CA-2016-114069,2016-07-13 00:00:00,2016-07-15 00:00:00,1,ND-18370,10035.0
CA-2015-139857,2015-02-02 00:00:00,2015-02-06 00:00:00,2,CD-12790,92037.0
CA-2017-106306,2017-03-08 00:00:00,2017-03-08 00:00:00,4,PG-18820,85301.0
CA-2016-100545,2016-11-22 00:00:00,2016-11-26 00:00:00,2,IM-15070,19120.0
CA-2018-123491,2018-10-30 00:00:00,2018-11-05 00:00:00,2,JK-15205,94122.0
CA-2016-145401,2016-01-30 00:00:00,2016-02-04 00:00:00,2,JP-15520,77070.0
US-2018-124968,2018-09-08 00:00:00,2018-09-13 00:00:00,1,MM-18055,60610.0
CA-2018-104003,2018-10-07 00:00:00,2018-10-13 00:00:00,2,DC-13285,94110.0
CA-2017-154788,2017-04-30 00:00:00,2017-05-04 00:00:00,2,JL-15835,10011.0
CA-2017-169943,2017-05-19 00:00:00,2017-05-24 00:00:00,2,BN-11515,10011.0
US-2016-123218,2016-12-20 00:00:00,2016-12-25 00:00:00,2,KD-16345,60623.0
CA-2016-127453,2016-12-19 00:00:00,2016-12-20 00:00:00,3,JK-15370,19143.0
US-2018-164056,2018-04-29 00:00:00,2018-05-04 00:00:00,1,FM-14215,43017.0
CA-2017-106894,2017-02-07 00:00:00,2017-02-07 00:00:00,4,CA-12265,22153.0
CA-2015-125136,2015-09-28 00:00:00,2015-10-03 00:00:00,2,KD-16495,28314.0
US-2017-131149,2017-07-10 00:00:00,2017-07-14 00:00:00,2,LH-17155,75081.0
CA-2018-101483,2018-07-29 00:00:00,2018-08-01 00:00:00,1,AG-10675,28540.0
CA-2016-130204,2016-09-03 00:00:00,2016-09-09 00:00:00,2,DB-13120,94122.0
CA-2015-110527,2015-08-09 00:00:00,2015-08-16 00:00:00,2,ED-13885,92037.0
CA-2018-152807,2018-10-30 00:00:00,2018-11-03 00:00:00,2,MC-18100,19140.0
CA-2015-133270,2015-06-06 00:00:00,2015-06-09 00:00:00,3,BM-11785,14609.0
CA-2017-155670,2017-08-13 00:00:00,2017-08-17 00:00:00,1,EM-14065,28540.0
US-2015-157406,2015-04-25 00:00:00,2015-04-29 00:00:00,2,DA-13450,77095.0
CA-2016-139094,2016-11-22 00:00:00,2016-11-27 00:00:00,2,MO-17800,78207.0
CA-2018-168837,2018-10-14 00:00:00,2018-10-17 00:00:00,3,JW-15955,94601.0
CA-2018-116715,2018-12-02 00:00:00,2018-12-05 00:00:00,3,VW-21775,94122.0
CA-2016-135622,2016-12-08 00:00:00,2016-12-11 00:00:00,1,TT-21460,76106.0
US-2016-107349,2016-07-13 00:00:00,2016-07-15 00:00:00,3,SL-20155,77095.0
CA-2015-139017,2015-05-11 00:00:00,2015-05-17 00:00:00,2,RM-19375,77095.0
CA-2015-141817,2015-01-05 00:00:00,2015-01-12 00:00:00,2,MB-18085,19143.0
CA-2016-130785,2016-09-05 00:00:00,2016-09-09 00:00:00,2,AG-10900,92105.0
CA-2017-110254,2017-08-04 00:00:00,2017-08-08 00:00:00,2,ML-17755,23434.0
US-2015-158057,2015-03-22 00:00:00,2015-03-26 00:00:00,2,CC-12685,27405.0
CA-2018-146024,2018-03-02 00:00:00,2018-03-08 00:00:00,2,SC-20770,75081.0
CA-2017-129686,2017-11-27 00:00:00,2017-11-29 00:00:00,1,GG-14650,60623.0
CA-2015-118976,2015-04-28 00:00:00,2015-05-03 00:00:00,2,MY-18295,21215.0
CA-2016-105347,2016-11-24 00:00:00,2016-11-28 00:00:00,2,DP-13000,90004.0
CA-2017-124667,2017-11-11 00:00:00,2017-11-16 00:00:00,2,BD-11770,10011.0
CA-2016-111094,2016-07-09 00:00:00,2016-07-13 00:00:00,2,CB-12535,2038.0
CA-2018-166317,2018-09-22 00:00:00,2018-09-26 00:00:00,2,JE-15610,53209.0
CA-2016-154326,2016-02-15 00:00:00,2016-02-19 00:00:00,2,RP-19855,53142.0
CA-2015-102008,2015-09-30 00:00:00,2015-10-04 00:00:00,2,RA-19915,10011.0
CA-2015-120474,2015-12-01 00:00:00,2015-12-03 00:00:00,3,RP-19390,53711.0
CA-2015-104773,2015-12-08 00:00:00,2015-12-13 00:00:00,2,TB-21175,77041.0
CA-2017-140774,2017-09-05 00:00:00,2017-09-10 00:00:00,2,BE-11455,66062.0
US-2018-139465,2018-08-27 00:00:00,2018-08-30 00:00:00,3,MR-17545,10024.0
CA-2017-100965,2017-07-07 00:00:00,2017-07-11 00:00:00,2,RM-19375,95123.0
CA-2017-121034,2017-08-08 00:00:00,2017-08-10 00:00:00,1,JF-15565,75081.0
CA-2017-149461,2017-11-13 00:00:00,2017-11-19 00:00:00,2,AS-10135,98002.0
CA-2018-158379,2018-09-22 00:00:00,2018-09-26 00:00:00,1,JA-15970,19134.0
US-2017-116729,2017-12-25 00:00:00,2017-12-28 00:00:00,3,GK-14620,90049.0
CA-2017-164938,2017-02-11 00:00:00,2017-02-13 00:00:00,3,PB-19210,74133.0
CA-2017-165484,2017-10-23 00:00:00,2017-10-29 00:00:00,2,HK-14890,60610.0
CA-2015-132612,2015-06-09 00:00:00,2015-06-11 00:00:00,1,FO-14305,22801.0
US-2018-161193,2018-11-20 00:00:00,2018-11-26 00:00:00,2,BT-11680,43055.0
CA-2016-131597,2016-09-14 00:00:00,2016-09-18 00:00:00,2,SP-20620,90045.0
CA-2016-164833,2016-06-04 00:00:00,2016-06-04 00:00:00,4,LL-16840,98105.0
CA-2016-125423,2016-12-13 00:00:00,2016-12-15 00:00:00,1,MC-17575,90036.0
US-2015-130379,2015-05-25 00:00:00,2015-05-29 00:00:00,2,JL-15235,60623.0
CA-2017-168956,2017-02-16 00:00:00,2017-02-20 00:00:00,2,EA-14035,60623.0
CA-2017-167507,2017-12-22 00:00:00,2017-12-28 00:00:00,2,SA-20830,97756.0
CA-2017-109344,2017-02-08 00:00:00,2017-02-11 00:00:00,1,CH-12070,27604.0
US-2016-140851,2016-07-13 00:00:00,2016-07-15 00:00:00,1,ND-18460,31204.0
CA-2015-103373,2015-05-18 00:00:00,2015-05-24 00:00:00,2,BS-11755,44105.0
CA-2018-145884,2018-10-21 00:00:00,2018-10-21 00:00:00,4,SL-20155,74403.0
CA-2016-131422,2016-11-05 00:00:00,2016-11-09 00:00:00,2,GB-14530,28110.0
CA-2018-162691,2018-08-01 00:00:00,2018-08-07 00:00:00,2,AS-10045,78745.0
CA-2015-141278,2015-06-21 00:00:00,2015-06-24 00:00:00,3,RM-19375,6450.0
CA-2018-122693,2018-02-19 00:00:00,2018-02-21 00:00:00,1,NH-18610,30076.0
CA-2015-117345,2015-08-01 00:00:00,2015-08-05 00:00:00,2,BF-10975,28205.0
CA-2017-157763,2017-07-18 00:00:00,2017-07-23 00:00:00,2,KH-16330,42104.0
CA-2016-135391,2016-02-09 00:00:00,2016-02-11 00:00:00,1,FA-14230,78207.0
US-2018-113852,2018-07-29 00:00:00,2018-08-02 00:00:00,2,GW-14605,98115.0
US-2018-158512,2018-01-12 00:00:00,2018-01-17 00:00:00,1,DA-13450,20016.0
CA-2018-128370,2018-09-10 00:00:00,2018-09-10 00:00:00,4,FH-14275,90004.0
CA-2016-160472,2016-07-20 00:00:00,2016-07-25 00:00:00,1,RK-19300,46614.0
CA-2015-114643,2015-06-13 00:00:00,2015-06-17 00:00:00,2,FM-14215,90032.0
US-2018-158218,2018-05-12 00:00:00,2018-05-15 00:00:00,1,AC-10420,77041.0
CA-2016-121608,2016-09-03 00:00:00,2016-09-05 00:00:00,3,JB-15400,6010.0
US-2018-121251,2018-03-26 00:00:00,2018-03-27 00:00:00,3,GM-14440,10009.0
CA-2015-151078,2015-11-12 00:00:00,2015-11-12 00:00:00,4,RF-19840,78207.0
US-2017-100839,2017-10-13 00:00:00,2017-10-17 00:00:00,2,NC-18625,80013.0
US-2018-116659,2018-11-12 00:00:00,2018-11-12 00:00:00,4,NG-18355,43055.0
CA-2018-118857,2018-04-15 00:00:00,2018-04-18 00:00:00,3,AH-10075,89015.0
CA-2016-127110,2016-06-25 00:00:00,2016-07-01 00:00:00,2,CH-12070,19143.0
CA-2017-148201,2017-08-26 00:00:00,2017-08-29 00:00:00,1,CC-12145,98103.0
CA-2015-116932,2015-07-21 00:00:00,2015-07-25 00:00:00,2,ME-18010,94122.0
CA-2018-142888,2018-11-21 00:00:00,2018-11-25 00:00:00,2,BP-11230,99207.0
CA-2015-147914,2015-06-04 00:00:00,2015-06-09 00:00:00,2,MP-17470,43229.0
US-2017-112977,2017-03-10 00:00:00,2017-03-16 00:00:00,2,CJ-12010,11561.0
CA-2018-112039,2018-03-25 00:00:00,2018-03-29 00:00:00,2,JC-15775,78207.0
CA-2018-118885,2018-12-29 00:00:00,2019-01-02 00:00:00,2,JG-15160,90049.0
US-2018-166611,2018-03-28 00:00:00,2018-04-02 00:00:00,2,CK-12760,32216.0
CA-2016-109512,2016-03-05 00:00:00,2016-03-05 00:00:00,4,LF-17185,10011.0
CA-2017-118570,2017-11-13 00:00:00,2017-11-17 00:00:00,2,CC-12430,19143.0
CA-2018-154718,2018-01-19 00:00:00,2018-01-23 00:00:00,1,DL-12865,76248.0
CA-2017-147578,2017-04-22 00:00:00,2017-04-26 00:00:00,1,PG-18895,94122.0
CA-2015-140165,2015-05-13 00:00:00,2015-05-15 00:00:00,3,EH-14005,33012.0
CA-2015-142587,2015-10-21 00:00:00,2015-10-22 00:00:00,3,TB-21520,45014.0
CA-2015-157623,2015-03-14 00:00:00,2015-03-18 00:00:00,2,DK-13225,92646.0
CA-2018-145310,2018-12-22 00:00:00,2018-12-24 00:00:00,1,JP-15520,32127.0
CA-2017-100083,2017-11-24 00:00:00,2017-11-29 00:00:00,2,CD-11980,97504.0
US-2018-108063,2018-12-02 00:00:00,2018-12-05 00:00:00,3,AS-10090,22901.0
CA-2016-109197,2016-12-31 00:00:00,2017-01-04 00:00:00,2,JO-15280,59801.0
CA-2018-141789,2018-10-03 00:00:00,2018-10-06 00:00:00,3,AC-10450,55407.0
CA-2015-169775,2015-08-29 00:00:00,2015-09-02 00:00:00,1,RA-19945,33178.0
CA-2017-140543,2017-06-29 00:00:00,2017-07-03 00:00:00,1,Co-12640,29501.0
CA-2017-151141,2017-08-20 00:00:00,2017-08-23 00:00:00,3,DW-13480,48205.0
CA-2018-167094,2018-10-21 00:00:00,2018-10-22 00:00:00,3,DK-12835,97477.0
CA-2018-154410,2018-10-21 00:00:00,2018-10-24 00:00:00,3,MD-17860,46203.0
US-2017-150567,2017-05-17 00:00:00,2017-05-21 00:00:00,2,RP-19855,32712.0
CA-2016-157959,2016-02-03 00:00:00,2016-02-04 00:00:00,3,RW-19540,90008.0
CA-2018-105886,2018-12-18 00:00:00,2018-12-23 00:00:00,2,DB-13660,11572.0
CA-2017-105963,2017-11-15 00:00:00,2017-11-22 00:00:00,2,SC-20770,90008.0
CA-2018-121503,2018-07-03 00:00:00,2018-07-06 00:00:00,1,FH-14275,77041.0
CA-2015-103366,2015-01-15 00:00:00,2015-01-17 00:00:00,3,EH-13990,30076.0
CA-2018-124597,2018-04-30 00:00:00,2018-05-05 00:00:00,2,AS-10630,33437.0
CA-2016-105634,2016-11-08 00:00:00,2016-11-14 00:00:00,2,HA-14905,2038.0
CA-2016-123673,2016-10-30 00:00:00,2016-11-01 00:00:00,1,CH-12070,48227.0
US-2018-111423,2018-08-17 00:00:00,2018-08-19 00:00:00,3,EH-13765,13601.0
CA-2016-125178,2016-10-03 00:00:00,2016-10-09 00:00:00,2,MZ-17515,19601.0
CA-2017-156685,2017-07-08 00:00:00,2017-07-10 00:00:00,1,SC-20230,76017.0
CA-2018-126865,2018-12-05 00:00:00,2018-12-07 00:00:00,1,NP-18325,92024.0
CA-2018-102834,2018-03-09 00:00:00,2018-03-13 00:00:00,2,LW-16990,94110.0
US-2017-139710,2017-06-09 00:00:00,2017-06-15 00:00:00,2,GM-14680,90045.0
CA-2018-121538,2018-11-28 00:00:00,2018-12-01 00:00:00,3,RH-19495,80219.0
US-2018-101539,2018-03-16 00:00:00,2018-03-18 00:00:00,1,VM-21685,98105.0
CA-2017-152121,2017-11-27 00:00:00,2017-11-29 00:00:00,1,CC-12670,85254.0
CA-2018-161200,2018-08-06 00:00:00,2018-08-10 00:00:00,1,SV-20365,70506.0
CA-2018-101245,2018-11-27 00:00:00,2018-12-03 00:00:00,2,LW-16990,94109.0
CA-2016-141768,2016-05-25 00:00:00,2016-05-27 00:00:00,1,NP-18685,94109.0
CA-2017-112109,2017-07-08 00:00:00,2017-07-12 00:00:00,2,JE-15715,80020.0
CA-2018-144064,2018-08-29 00:00:00,2018-09-01 00:00:00,3,CP-12085,62301.0
CA-2017-108581,2017-06-20 00:00:00,2017-06-26 00:00:00,2,EA-14035,75007.0
CA-2018-157987,2018-09-02 00:00:00,2018-09-06 00:00:00,2,AC-10615,10009.0
CA-2018-110905,2018-09-10 00:00:00,2018-09-15 00:00:00,1,RW-19690,65807.0
CA-2018-165841,2018-12-21 00:00:00,2018-12-28 00:00:00,2,DB-13210,7501.0
CA-2018-117485,2018-09-23 00:00:00,2018-09-29 00:00:00,2,BD-11320,74133.0
CA-2018-140242,2018-05-06 00:00:00,2018-05-11 00:00:00,2,ML-17755,60623.0
CA-2015-148950,2015-12-14 00:00:00,2015-12-19 00:00:00,2,JD-16015,60610.0
CA-2015-110408,2015-10-18 00:00:00,2015-10-20 00:00:00,1,AS-10225,36116.0
CA-2016-109939,2016-05-08 00:00:00,2016-05-12 00:00:00,2,AA-10375,97301.0
CA-2017-112669,2017-04-14 00:00:00,2017-04-14 00:00:00,4,KT-16465,85301.0
CA-2016-119592,2016-12-14 00:00:00,2016-12-16 00:00:00,1,MM-18280,31907.0
CA-2015-122749,2015-12-03 00:00:00,2015-12-09 00:00:00,2,NG-18430,73120.0
CA-2015-164721,2015-11-25 00:00:00,2015-11-27 00:00:00,1,LW-16825,94513.0
CA-2017-147417,2017-07-25 00:00:00,2017-07-27 00:00:00,3,CB-12415,43229.0
CA-2016-127509,2016-11-09 00:00:00,2016-11-13 00:00:00,2,AS-10090,65807.0
CA-2018-111374,2018-02-24 00:00:00,2018-02-28 00:00:00,2,CB-12415,19134.0
CA-2018-133648,2018-06-25 00:00:00,2018-07-02 00:00:00,2,ML-17755,97477.0
US-2018-147221,2018-12-02 00:00:00,2018-12-04 00:00:00,1,JS-16030,77036.0
CA-2015-131905,2015-02-06 00:00:00,2015-02-09 00:00:00,3,ND-18460,23320.0
CA-2018-166128,2018-04-11 00:00:00,2018-04-18 00:00:00,2,LW-17215,91104.0
CA-2018-163510,2018-12-25 00:00:00,2018-12-28 00:00:00,1,JW-15955,40214.0
US-2018-143028,2018-04-11 00:00:00,2018-04-18 00:00:00,2,SC-20050,79424.0
CA-2015-111150,2015-12-31 00:00:00,2016-01-04 00:00:00,2,RW-19630,65203.0
CA-2018-165386,2018-08-03 00:00:00,2018-08-04 00:00:00,3,CM-12190,60623.0
CA-2015-116407,2015-11-15 00:00:00,2015-11-21 00:00:00,2,JF-15190,37604.0
CA-2016-155761,2016-12-11 00:00:00,2016-12-11 00:00:00,4,SC-20800,77041.0
CA-2017-145905,2017-09-18 00:00:00,2017-09-23 00:00:00,2,AM-10705,36830.0
CA-2016-113110,2016-03-19 00:00:00,2016-03-23 00:00:00,2,BK-11260,92404.0
CA-2017-168354,2017-09-19 00:00:00,2017-09-21 00:00:00,3,RH-19510,2908.0
US-2018-111241,2018-08-20 00:00:00,2018-08-22 00:00:00,1,GM-14500,93727.0
CA-2016-114237,2016-03-13 00:00:00,2016-03-15 00:00:00,3,MC-17275,98103.0
CA-2017-113516,2017-09-08 00:00:00,2017-09-10 00:00:00,1,VM-21685,93534.0
CA-2016-117961,2016-11-26 00:00:00,2016-11-30 00:00:00,2,GP-14740,1453.0
CA-2017-128923,2017-12-09 00:00:00,2017-12-13 00:00:00,2,GB-14530,76106.0
CA-2018-162481,2018-09-25 00:00:00,2018-09-29 00:00:00,2,CT-11995,55901.0
CA-2016-119214,2016-01-23 00:00:00,2016-01-27 00:00:00,2,CW-11905,59715.0
CA-2016-122287,2016-06-18 00:00:00,2016-06-23 00:00:00,2,SN-20560,85345.0
CA-2016-104493,2016-10-02 00:00:00,2016-10-08 00:00:00,2,EB-13705,92105.0
US-2018-158946,2018-11-18 00:00:00,2018-11-23 00:00:00,2,JW-15220,44107.0
CA-2015-129168,2015-08-17 00:00:00,2015-08-23 00:00:00,2,KB-16585,77095.0
CA-2017-131835,2017-07-17 00:00:00,2017-07-21 00:00:00,2,MC-17590,8861.0
CA-2016-142237,2016-07-11 00:00:00,2016-07-13 00:00:00,3,CK-12595,19134.0
CA-2017-136434,2017-12-01 00:00:00,2017-12-07 00:00:00,2,RD-19480,47374.0
CA-2018-120376,2018-12-22 00:00:00,2018-12-25 00:00:00,3,TP-21130,48227.0
CA-2015-106439,2015-10-31 00:00:00,2015-11-04 00:00:00,2,GG-14650,90049.0
CA-2016-133452,2016-04-13 00:00:00,2016-04-19 00:00:00,2,ZC-21910,91767.0
CA-2017-146521,2017-07-21 00:00:00,2017-07-23 00:00:00,1,CC-12610,19134.0
US-2018-110996,2018-11-20 00:00:00,2018-11-25 00:00:00,2,KA-16525,91761.0
CA-2017-129693,2017-11-26 00:00:00,2017-12-02 00:00:00,2,TC-20980,98105.0
CA-2018-122504,2018-11-07 00:00:00,2018-11-12 00:00:00,1,DB-13270,94513.0
CA-2015-131051,2015-12-01 00:00:00,2015-12-05 00:00:00,2,TR-21325,94122.0
CA-2018-140676,2018-09-12 00:00:00,2018-09-15 00:00:00,3,BF-11080,21215.0
CA-2016-120103,2016-12-24 00:00:00,2016-12-29 00:00:00,2,MS-17365,85023.0
CA-2018-104647,2018-02-23 00:00:00,2018-03-01 00:00:00,2,CK-12595,90008.0
CA-2015-110352,2015-11-23 00:00:00,2015-11-29 00:00:00,2,ED-13885,77036.0
CA-2017-140501,2017-06-23 00:00:00,2017-06-28 00:00:00,2,IM-15070,10009.0
CA-2016-139290,2016-10-26 00:00:00,2016-10-30 00:00:00,2,MY-17380,91730.0
CA-2018-166142,2018-07-15 00:00:00,2018-07-19 00:00:00,2,MM-17260,19805.0
CA-2015-145926,2015-11-17 00:00:00,2015-11-21 00:00:00,2,MP-17470,56560.0
CA-2016-149678,2016-04-13 00:00:00,2016-04-15 00:00:00,1,AW-10840,87401.0
US-2016-164357,2016-11-25 00:00:00,2016-11-29 00:00:00,2,SF-20065,28403.0
US-2017-146570,2017-05-15 00:00:00,2017-05-20 00:00:00,2,SN-20710,39212.0
CA-2018-124401,2018-09-07 00:00:00,2018-09-12 00:00:00,2,RD-19900,97206.0
US-2015-140116,2015-03-10 00:00:00,2015-03-17 00:00:00,2,KT-16480,80219.0
CA-2015-123295,2015-07-18 00:00:00,2015-07-18 00:00:00,4,AH-10120,85705.0
CA-2018-167101,2018-03-24 00:00:00,2018-03-28 00:00:00,1,BM-11650,10009.0
US-2015-167633,2015-09-30 00:00:00,2015-10-05 00:00:00,2,BW-11200,33437.0
US-2015-152723,2015-09-26 00:00:00,2015-09-26 00:00:00,4,HG-14965,75150.0
CA-2016-164882,2016-10-31 00:00:00,2016-10-31 00:00:00,4,SG-20080,92374.0
CA-2016-159786,2016-10-12 00:00:00,2016-10-17 00:00:00,1,RK-19300,14609.0
CA-2017-130267,2017-09-19 00:00:00,2017-09-23 00:00:00,2,SW-20245,95207.0
CA-2018-155460,2018-04-13 00:00:00,2018-04-15 00:00:00,3,RW-19630,98105.0
US-2018-168690,2018-01-07 00:00:00,2018-01-13 00:00:00,2,TS-21085,32174.0
CA-2018-158246,2018-11-09 00:00:00,2018-11-11 00:00:00,3,JB-15400,94086.0
CA-2018-167381,2018-09-22 00:00:00,2018-09-24 00:00:00,1,EH-14005,48911.0
CA-2018-144862,2018-12-01 00:00:00,2018-12-05 00:00:00,2,EH-14005,19143.0
CA-2015-126032,2015-06-23 00:00:00,2015-06-28 00:00:00,2,BS-11665,19143.0
CA-2016-134859,2016-10-04 00:00:00,2016-10-09 00:00:00,2,JK-16120,19134.0
US-2015-114188,2015-05-20 00:00:00,2015-05-22 00:00:00,1,RF-19345,3820.0
CA-2016-156524,2016-11-20 00:00:00,2016-11-26 00:00:00,2,DL-12865,10011.0
CA-2016-122210,2016-11-30 00:00:00,2016-12-04 00:00:00,2,WB-21850,19134.0
CA-2016-156377,2016-12-31 00:00:00,2017-01-05 00:00:00,2,TB-21625,75051.0
US-2018-157896,2018-11-16 00:00:00,2018-11-16 00:00:00,4,CB-12415,10009.0
CA-2015-159520,2015-06-06 00:00:00,2015-06-11 00:00:00,2,GT-14635,11561.0
CA-2017-155481,2017-09-01 00:00:00,2017-09-05 00:00:00,2,DK-13225,19140.0
US-2017-152051,2017-06-25 00:00:00,2017-06-29 00:00:00,2,TS-21160,17403.0
CA-2015-141607,2015-12-12 00:00:00,2015-12-17 00:00:00,2,WB-21850,94521.0
CA-2018-102771,2018-03-31 00:00:00,2018-04-05 00:00:00,2,DO-13435,10035.0
US-2018-139969,2018-11-19 00:00:00,2018-11-26 00:00:00,2,AF-10870,77840.0
CA-2015-167360,2015-11-24 00:00:00,2015-11-29 00:00:00,1,RB-19435,63116.0
CA-2016-123505,2016-11-22 00:00:00,2016-11-26 00:00:00,2,AR-10540,2169.0
CA-2017-117282,2017-07-14 00:00:00,2017-07-18 00:00:00,2,DR-12880,10009.0
US-2017-120460,2017-04-30 00:00:00,2017-05-05 00:00:00,2,BF-11170,75081.0
CA-2017-111115,2017-07-25 00:00:00,2017-07-27 00:00:00,1,LB-16735,90032.0
CA-2015-124646,2015-06-22 00:00:00,2015-06-24 00:00:00,3,DV-13465,55407.0
CA-2018-148166,2018-10-21 00:00:00,2018-10-26 00:00:00,2,NK-18490,32725.0
CA-2017-159737,2017-09-03 00:00:00,2017-09-09 00:00:00,2,CS-11950,60610.0
CA-2017-141019,2017-05-14 00:00:00,2017-05-14 00:00:00,4,LH-17155,45231.0
CA-2017-101938,2017-01-07 00:00:00,2017-01-12 00:00:00,2,DW-13480,94601.0
CA-2018-166296,2018-03-13 00:00:00,2018-03-19 00:00:00,2,KF-16285,95336.0
CA-2017-154018,2017-10-13 00:00:00,2017-10-19 00:00:00,2,HA-14920,78041.0
CA-2018-117870,2018-01-27 00:00:00,2018-01-30 00:00:00,1,JH-15820,44240.0
US-2018-137491,2018-11-19 00:00:00,2018-11-25 00:00:00,2,LC-16930,76903.0
CA-2015-152296,2015-08-01 00:00:00,2015-08-03 00:00:00,3,IL-15100,94122.0
CA-2017-112025,2017-07-30 00:00:00,2017-08-04 00:00:00,2,LS-16975,77070.0
CA-2016-132507,2016-07-30 00:00:00,2016-08-03 00:00:00,1,CC-12610,77041.0
CA-2017-125738,2017-10-15 00:00:00,2017-10-21 00:00:00,2,PB-18805,84106.0
CA-2017-128818,2017-05-07 00:00:00,2017-05-11 00:00:00,2,CJ-12010,10009.0
CA-2018-124576,2018-08-01 00:00:00,2018-08-04 00:00:00,1,HK-14890,93905.0
CA-2017-101378,2017-07-14 00:00:00,2017-07-14 00:00:00,4,RH-19600,35810.0
CA-2018-143063,2018-08-10 00:00:00,2018-08-15 00:00:00,2,IL-15100,47201.0
CA-2017-118913,2017-06-25 00:00:00,2017-06-29 00:00:00,2,AS-10240,90049.0
CA-2017-128412,2017-12-10 00:00:00,2017-12-17 00:00:00,2,AP-10915,98105.0
CA-2017-136483,2017-12-01 00:00:00,2017-12-06 00:00:00,2,AG-10390,37918.0
CA-2015-163013,2015-11-28 00:00:00,2015-12-04 00:00:00,2,BF-11080,36116.0
CA-2016-135363,2016-03-28 00:00:00,2016-04-02 00:00:00,2,CK-12205,19120.0
US-2015-165659,2015-06-01 00:00:00,2015-06-06 00:00:00,2,LT-17110,72209.0
CA-2016-138002,2016-09-06 00:00:00,2016-09-12 00:00:00,2,BT-11305,98103.0
CA-2016-128860,2016-06-29 00:00:00,2016-07-05 00:00:00,2,SC-20725,17602.0
CA-2017-164350,2017-09-10 00:00:00,2017-09-12 00:00:00,1,CG-12040,37620.0
US-2015-103905,2015-07-14 00:00:00,2015-07-20 00:00:00,2,AW-10930,60505.0
CA-2016-129854,2016-08-22 00:00:00,2016-08-26 00:00:00,2,RB-19705,10009.0
CA-2015-125556,2015-11-14 00:00:00,2015-11-16 00:00:00,1,ML-17410,6824.0
CA-2017-162313,2017-11-27 00:00:00,2017-11-30 00:00:00,3,VB-21745,48146.0
CA-2018-107874,2018-11-21 00:00:00,2018-11-25 00:00:00,2,SW-20275,10035.0
CA-2018-129378,2018-10-01 00:00:00,2018-10-02 00:00:00,3,NS-18505,95123.0
CA-2015-151953,2015-09-20 00:00:00,2015-09-25 00:00:00,2,DB-13555,32216.0
CA-2018-130841,2018-07-28 00:00:00,2018-08-01 00:00:00,2,MH-17620,94110.0
CA-2016-131884,2016-12-06 00:00:00,2016-12-06 00:00:00,4,DK-13375,43302.0
CA-2018-121909,2018-07-31 00:00:00,2018-08-05 00:00:00,2,EA-14035,19134.0
CA-2017-106383,2017-03-19 00:00:00,2017-03-21 00:00:00,1,BT-11440,80122.0
CA-2018-130771,2018-07-29 00:00:00,2018-08-03 00:00:00,2,LA-16780,78745.0
CA-2017-139157,2017-10-01 00:00:00,2017-10-05 00:00:00,2,GM-14680,10024.0
CA-2015-128055,2015-03-31 00:00:00,2015-04-05 00:00:00,2,AA-10315,94122.0
CA-2018-157091,2018-06-26 00:00:00,2018-07-01 00:00:00,2,DB-13405,46350.0
CA-2018-132122,2018-07-09 00:00:00,2018-07-14 00:00:00,2,JH-15820,60610.0
CA-2016-123232,2016-12-14 00:00:00,2016-12-16 00:00:00,1,DJ-13630,97206.0
CA-2016-145849,2016-09-15 00:00:00,2016-09-17 00:00:00,1,CT-11995,46203.0
CA-2017-122322,2017-07-15 00:00:00,2017-07-21 00:00:00,2,RH-19510,84604.0
CA-2018-166849,2018-04-20 00:00:00,2018-04-26 00:00:00,2,SJ-20125,60610.0
CA-2017-146633,2017-11-15 00:00:00,2017-11-17 00:00:00,1,TG-21310,90049.0
US-2017-126893,2017-11-26 00:00:00,2017-12-01 00:00:00,2,CT-11995,19134.0
CA-2018-103380,2018-11-21 00:00:00,2018-11-25 00:00:00,2,BF-11005,91104.0
CA-2016-116092,2016-02-15 00:00:00,2016-02-18 00:00:00,1,JM-16195,90004.0
CA-2017-117849,2017-04-15 00:00:00,2017-04-17 00:00:00,1,JK-16120,92105.0
CA-2016-169201,2016-09-28 00:00:00,2016-10-01 00:00:00,3,HG-14965,94110.0
CA-2017-164091,2017-09-17 00:00:00,2017-09-22 00:00:00,2,LA-16780,4401.0
CA-2018-105214,2018-06-16 00:00:00,2018-06-19 00:00:00,3,TS-21610,94122.0
CA-2016-117611,2016-11-08 00:00:00,2016-11-10 00:00:00,1,MZ-17335,92024.0
US-2016-137960,2016-12-18 00:00:00,2016-12-18 00:00:00,4,MW-18220,10035.0
CA-2018-122994,2018-02-06 00:00:00,2018-02-09 00:00:00,3,MV-17485,22204.0
CA-2017-131065,2017-11-14 00:00:00,2017-11-16 00:00:00,1,AA-10375,30318.0
CA-2018-149146,2018-10-12 00:00:00,2018-10-12 00:00:00,4,SM-20320,28110.0
CA-2018-137470,2018-09-17 00:00:00,2018-09-17 00:00:00,4,TP-21415,98115.0
CA-2018-105480,2018-12-20 00:00:00,2018-12-26 00:00:00,2,DK-13225,14609.0
CA-2018-164917,2018-12-02 00:00:00,2018-12-07 00:00:00,2,MK-17905,33180.0
CA-2016-102036,2016-09-21 00:00:00,2016-09-27 00:00:00,2,CS-12130,98105.0
CA-2016-142944,2016-03-06 00:00:00,2016-03-11 00:00:00,2,JL-15850,94122.0
CA-2015-157882,2015-10-03 00:00:00,2015-10-08 00:00:00,1,AR-10405,90036.0
CA-2015-104283,2015-06-27 00:00:00,2015-07-01 00:00:00,2,LM-17065,38671.0
CA-2018-142622,2018-10-30 00:00:00,2018-11-02 00:00:00,3,JK-15625,98115.0
CA-2017-132143,2017-09-03 00:00:00,2017-09-05 00:00:00,3,FM-14215,6457.0
CA-2016-153108,2016-03-05 00:00:00,2016-03-09 00:00:00,2,SF-20200,47362.0
CA-2017-112676,2017-05-05 00:00:00,2017-05-08 00:00:00,3,PJ-18835,37130.0
CA-2018-165687,2018-11-17 00:00:00,2018-11-23 00:00:00,2,CS-12355,24153.0
US-2018-112928,2018-06-01 00:00:00,2018-06-05 00:00:00,1,BB-10990,43615.0
CA-2018-143343,2018-06-10 00:00:00,2018-06-13 00:00:00,3,BW-11200,90032.0
CA-2018-115154,2018-01-08 00:00:00,2018-01-11 00:00:00,3,RS-19420,98115.0
CA-2016-149342,2016-04-20 00:00:00,2016-04-25 00:00:00,2,TS-21160,31907.0
CA-2016-130995,2016-11-01 00:00:00,2016-11-06 00:00:00,2,QJ-19255,10009.0
CA-2018-127929,2018-12-23 00:00:00,2018-12-27 00:00:00,2,FM-14215,6457.0
CA-2016-113145,2016-11-01 00:00:00,2016-11-05 00:00:00,2,VD-21670,10011.0
CA-2015-162362,2015-11-14 00:00:00,2015-11-18 00:00:00,2,JL-15505,48640.0
CA-2017-106558,2017-01-17 00:00:00,2017-01-21 00:00:00,2,DL-13495,31907.0
CA-2018-157931,2018-09-17 00:00:00,2018-09-22 00:00:00,1,MO-17800,30076.0
CA-2017-115574,2017-12-23 00:00:00,2017-12-24 00:00:00,3,BP-11185,60623.0
CA-2016-160794,2016-08-06 00:00:00,2016-08-08 00:00:00,3,MS-17980,77041.0
CA-2018-116225,2018-11-05 00:00:00,2018-11-09 00:00:00,2,SV-20935,10009.0
US-2018-120418,2018-06-11 00:00:00,2018-06-12 00:00:00,3,BC-11125,85345.0
CA-2018-122035,2018-07-20 00:00:00,2018-07-25 00:00:00,2,EM-13825,57103.0
CA-2016-117828,2016-12-23 00:00:00,2016-12-26 00:00:00,3,BD-11500,23223.0
CA-2018-165491,2018-03-20 00:00:00,2018-03-24 00:00:00,2,HW-14935,98115.0
CA-2016-109470,2016-12-31 00:00:00,2017-01-03 00:00:00,1,KC-16255,42420.0
CA-2016-105102,2016-09-15 00:00:00,2016-09-19 00:00:00,1,BM-11575,10035.0
CA-2018-138422,2018-09-23 00:00:00,2018-09-26 00:00:00,3,KN-16705,80525.0
US-2016-147739,2016-12-25 00:00:00,2016-12-29 00:00:00,2,JD-16150,19140.0
CA-2017-155187,2017-09-24 00:00:00,2017-09-26 00:00:00,1,LA-16780,90004.0
CA-2018-169285,2018-03-21 00:00:00,2018-03-25 00:00:00,2,RW-19690,47905.0
CA-2015-140886,2015-09-30 00:00:00,2015-10-04 00:00:00,2,KW-16570,37042.0
CA-2018-152695,2018-12-10 00:00:00,2018-12-10 00:00:00,4,CC-12220,6824.0
CA-2015-110639,2015-08-23 00:00:00,2015-08-23 00:00:00,4,RH-19495,10009.0
CA-2015-121727,2015-08-19 00:00:00,2015-08-24 00:00:00,2,JK-15625,43229.0
CA-2017-137736,2017-11-10 00:00:00,2017-11-15 00:00:00,2,DC-13285,31088.0
US-2015-143231,2015-12-31 00:00:00,2016-01-03 00:00:00,3,GM-14455,2038.0
US-2015-155894,2015-07-26 00:00:00,2015-07-30 00:00:00,1,CL-11890,60623.0
CA-2017-119025,2017-02-22 00:00:00,2017-02-28 00:00:00,2,PV-18985,53209.0
CA-2017-159373,2017-03-13 00:00:00,2017-03-18 00:00:00,2,LT-17110,78207.0
CA-2018-109701,2018-12-02 00:00:00,2018-12-03 00:00:00,4,AM-10360,90032.0
CA-2016-111514,2016-08-31 00:00:00,2016-09-02 00:00:00,3,SC-20260,94122.0
US-2015-148838,2015-03-17 00:00:00,2015-03-21 00:00:00,2,CP-12340,10024.0
CA-2018-136497,2018-04-16 00:00:00,2018-04-20 00:00:00,2,RF-19840,43229.0
US-2017-108637,2017-03-13 00:00:00,2017-03-18 00:00:00,2,AB-10060,22980.0
CA-2015-102295,2015-11-24 00:00:00,2015-11-26 00:00:00,1,EH-13990,95823.0
CA-2018-123659,2018-02-10 00:00:00,2018-02-13 00:00:00,3,MN-17935,20735.0
US-2017-129469,2017-09-23 00:00:00,2017-09-27 00:00:00,2,KL-16555,45014.0
CA-2018-155152,2018-07-07 00:00:00,2018-07-09 00:00:00,1,MP-17965,2886.0
CA-2017-159940,2017-07-07 00:00:00,2017-07-11 00:00:00,1,BF-11020,60505.0
CA-2018-119669,2018-01-24 00:00:00,2018-01-30 00:00:00,2,TP-21130,30080.0
US-2015-164616,2015-08-19 00:00:00,2015-08-21 00:00:00,1,MS-17770,43229.0
CA-2016-148628,2016-12-06 00:00:00,2016-12-11 00:00:00,2,KM-16375,91360.0
CA-2017-118052,2017-05-06 00:00:00,2017-05-10 00:00:00,2,BE-11455,44052.0
US-2018-117534,2018-03-25 00:00:00,2018-03-26 00:00:00,3,CV-12295,93727.0
CA-2016-145065,2016-12-12 00:00:00,2016-12-15 00:00:00,3,DK-13375,92105.0
US-2016-127040,2016-12-06 00:00:00,2016-12-10 00:00:00,2,SG-20605,10009.0
CA-2017-128111,2017-03-17 00:00:00,2017-03-23 00:00:00,2,CS-12355,2148.0
CA-2016-137897,2016-11-14 00:00:00,2016-11-19 00:00:00,2,PJ-18835,10035.0
CA-2018-169264,2018-08-14 00:00:00,2018-08-16 00:00:00,1,NP-18700,94109.0
CA-2018-147361,2018-09-09 00:00:00,2018-09-15 00:00:00,2,SB-20290,29501.0
CA-2018-145877,2018-04-01 00:00:00,2018-04-04 00:00:00,1,AS-10090,65807.0
US-2017-110170,2017-09-27 00:00:00,2017-10-03 00:00:00,2,HM-14860,77340.0
CA-2018-108574,2018-10-07 00:00:00,2018-10-11 00:00:00,2,MG-18145,90045.0
CA-2018-144589,2018-01-20 00:00:00,2018-01-25 00:00:00,2,TM-21010,94122.0
CA-2018-155985,2018-03-23 00:00:00,2018-03-25 00:00:00,3,BE-11335,94122.0
CA-2015-162684,2015-08-01 00:00:00,2015-08-06 00:00:00,2,AS-10630,19120.0
CA-2016-142041,2016-06-07 00:00:00,2016-06-09 00:00:00,1,EM-13810,90036.0
CA-2015-151295,2015-11-12 00:00:00,2015-11-16 00:00:00,2,JA-15970,90045.0
CA-2017-156300,2017-12-29 00:00:00,2018-01-02 00:00:00,2,TB-21595,53209.0
CA-2016-146087,2016-07-06 00:00:00,2016-07-11 00:00:00,2,PP-18955,1040.0
CA-2018-168655,2018-10-12 00:00:00,2018-10-18 00:00:00,2,ML-18040,87105.0
CA-2017-107202,2017-05-21 00:00:00,2017-05-28 00:00:00,2,LC-16930,89431.0
CA-2018-159597,2018-11-09 00:00:00,2018-11-14 00:00:00,2,MC-17590,92236.0
CA-2017-155551,2017-04-18 00:00:00,2017-04-23 00:00:00,2,CR-12580,60126.0
US-2018-147669,2018-12-25 00:00:00,2018-12-30 00:00:00,2,SV-20935,45014.0
CA-2017-169922,2017-06-11 00:00:00,2017-06-17 00:00:00,2,MZ-17515,76017.0
CA-2018-100748,2018-05-13 00:00:00,2018-05-20 00:00:00,2,RB-19795,94110.0
CA-2018-129805,2018-12-28 00:00:00,2019-01-02 00:00:00,2,HM-14860,98103.0
CA-2015-148586,2015-03-25 00:00:00,2015-04-01 00:00:00,2,AZ-10750,10009.0
US-2018-112613,2018-05-28 00:00:00,2018-06-01 00:00:00,2,JH-15910,77070.0
CA-2016-154746,2016-11-14 00:00:00,2016-11-17 00:00:00,3,PJ-18835,22153.0
CA-2018-140053,2018-07-03 00:00:00,2018-07-10 00:00:00,2,CA-12265,87401.0
CA-2015-164210,2015-11-18 00:00:00,2015-11-20 00:00:00,1,PW-19240,80027.0
CA-2018-139948,2018-07-17 00:00:00,2018-07-22 00:00:00,2,SW-20455,33614.0
CA-2017-146934,2017-05-22 00:00:00,2017-05-27 00:00:00,2,AF-10870,7055.0
CA-2016-100573,2016-09-25 00:00:00,2016-10-01 00:00:00,2,AM-10705,90004.0
CA-2017-119165,2017-10-31 00:00:00,2017-11-06 00:00:00,2,BD-11320,19143.0
CA-2016-128027,2016-09-14 00:00:00,2016-09-17 00:00:00,1,CM-12385,29406.0
CA-2017-140207,2017-11-05 00:00:00,2017-11-10 00:00:00,2,CS-12400,95123.0
CA-2018-140949,2018-03-17 00:00:00,2018-03-22 00:00:00,1,DB-13405,10011.0
CA-2018-138548,2018-08-15 00:00:00,2018-08-21 00:00:00,2,JG-15160,7060.0
CA-2016-142419,2016-07-11 00:00:00,2016-07-13 00:00:00,1,SC-20380,98115.0
CA-2018-148691,2018-12-03 00:00:00,2018-12-09 00:00:00,2,CS-12460,10009.0
CA-2018-128755,2018-05-04 00:00:00,2018-05-08 00:00:00,2,MK-18160,23602.0
US-2017-135923,2017-01-22 00:00:00,2017-01-28 00:00:00,2,CM-11935,28314.0
CA-2017-114972,2017-11-03 00:00:00,2017-11-06 00:00:00,3,PF-19225,90032.0
CA-2018-102750,2018-09-04 00:00:00,2018-09-08 00:00:00,1,GM-14695,90036.0
CA-2015-145212,2015-09-13 00:00:00,2015-09-19 00:00:00,2,DC-12850,10011.0
CA-2018-141992,2018-06-19 00:00:00,2018-06-25 00:00:00,2,FO-14305,75220.0
CA-2018-147956,2018-12-24 00:00:00,2018-12-31 00:00:00,2,AH-10210,98105.0
CA-2018-126067,2018-08-28 00:00:00,2018-09-03 00:00:00,2,KN-16705,98105.0
CA-2016-104514,2016-01-02 00:00:00,2016-01-04 00:00:00,1,CB-12535,19711.0
CA-2016-141040,2016-10-09 00:00:00,2016-10-13 00:00:00,1,TB-21250,10024.0
CA-2015-113579,2015-12-13 00:00:00,2015-12-15 00:00:00,1,KD-16345,90049.0
CA-2015-144624,2015-11-19 00:00:00,2015-11-23 00:00:00,2,JM-15865,14701.0
CA-2017-146206,2017-09-10 00:00:00,2017-09-14 00:00:00,1,KT-16480,77095.0
CA-2015-136644,2015-06-16 00:00:00,2015-06-22 00:00:00,2,SC-20575,46544.0
CA-2016-122371,2016-09-26 00:00:00,2016-10-01 00:00:00,2,BS-11800,92037.0
CA-2017-126935,2017-05-19 00:00:00,2017-05-24 00:00:00,2,BT-11395,94109.0
US-2018-133781,2018-06-22 00:00:00,2018-06-23 00:00:00,3,DC-12850,33178.0
CA-2018-131618,2018-06-17 00:00:00,2018-06-20 00:00:00,3,LS-17200,60076.0
CA-2017-149482,2017-11-14 00:00:00,2017-11-19 00:00:00,2,RR-19315,94110.0
CA-2015-143917,2015-07-25 00:00:00,2015-07-27 00:00:00,1,KL-16645,94122.0
CA-2016-120397,2016-07-02 00:00:00,2016-07-02 00:00:00,4,RB-19435,77070.0
CA-2018-163902,2018-03-02 00:00:00,2018-03-08 00:00:00,2,MY-17380,90045.0
CA-2017-136812,2017-11-18 00:00:00,2017-11-23 00:00:00,2,AW-10930,73120.0
CA-2016-102722,2016-04-18 00:00:00,2016-04-19 00:00:00,3,KW-16570,71203.0
CA-2018-155089,2018-12-02 00:00:00,2018-12-06 00:00:00,2,DB-12910,33614.0
CA-2017-124506,2017-11-11 00:00:00,2017-11-17 00:00:00,2,BB-11545,60623.0
CA-2015-106572,2015-09-05 00:00:00,2015-09-10 00:00:00,2,NP-18700,43402.0
CA-2015-128888,2015-11-15 00:00:00,2015-11-22 00:00:00,2,PB-19105,77095.0
CA-2018-123134,2018-05-02 00:00:00,2018-05-07 00:00:00,2,DW-13585,7090.0
CA-2017-124352,2017-10-15 00:00:00,2017-10-21 00:00:00,2,CD-12790,73120.0
CA-2016-124541,2016-04-06 00:00:00,2016-04-10 00:00:00,2,TT-21220,77041.0
CA-2015-108707,2015-10-24 00:00:00,2015-10-29 00:00:00,2,DB-12910,33311.0
CA-2015-111500,2015-08-17 00:00:00,2015-08-21 00:00:00,2,DJ-13510,72209.0
US-2018-117723,2018-08-15 00:00:00,2018-08-18 00:00:00,1,DL-13495,19120.0
CA-2016-143238,2016-09-06 00:00:00,2016-09-08 00:00:00,3,LO-17170,92253.0
CA-2016-168746,2016-01-27 00:00:00,2016-01-29 00:00:00,1,SV-20365,44105.0
CA-2016-113404,2016-07-16 00:00:00,2016-07-16 00:00:00,4,EM-13810,94122.0
CA-2017-144792,2017-04-30 00:00:00,2017-05-04 00:00:00,2,KD-16615,85254.0
CA-2015-164385,2015-09-26 00:00:00,2015-10-01 00:00:00,1,NB-18580,19134.0
US-2017-114174,2017-09-08 00:00:00,2017-09-14 00:00:00,2,AP-10720,2148.0
CA-2018-108070,2018-04-16 00:00:00,2018-04-20 00:00:00,2,JE-15745,95123.0
US-2016-128090,2016-08-16 00:00:00,2016-08-22 00:00:00,2,JM-15865,85023.0
CA-2018-101042,2018-11-19 00:00:00,2018-11-23 00:00:00,2,AB-10105,42420.0
CA-2017-155439,2017-09-14 00:00:00,2017-09-18 00:00:00,2,PN-18775,29203.0
CA-2017-118626,2017-08-15 00:00:00,2017-08-20 00:00:00,2,JC-15775,32303.0
CA-2016-111458,2016-09-26 00:00:00,2016-09-30 00:00:00,2,PF-19165,10035.0
US-2017-126844,2017-10-08 00:00:00,2017-10-14 00:00:00,2,BW-11110,77070.0
US-2016-112508,2016-03-24 00:00:00,2016-03-30 00:00:00,2,BP-11185,33065.0
CA-2016-147788,2016-05-31 00:00:00,2016-06-04 00:00:00,2,TM-21010,84057.0
CA-2016-144288,2016-12-25 00:00:00,2016-12-31 00:00:00,2,MB-17305,37211.0
CA-2016-110632,2016-03-17 00:00:00,2016-03-22 00:00:00,1,HR-14830,10009.0
CA-2018-109589,2018-12-21 00:00:00,2018-12-24 00:00:00,3,BD-11635,42104.0
CA-2018-123967,2018-11-01 00:00:00,2018-11-03 00:00:00,1,SF-20200,98226.0
CA-2018-148929,2018-09-07 00:00:00,2018-09-11 00:00:00,2,SP-20620,10011.0
CA-2018-134404,2018-12-27 00:00:00,2018-12-27 00:00:00,4,DR-12880,43055.0
CA-2018-109778,2018-07-16 00:00:00,2018-07-21 00:00:00,2,VM-21685,60098.0
CA-2017-155845,2017-08-12 00:00:00,2017-08-15 00:00:00,1,CM-12235,75007.0
CA-2018-145128,2018-07-09 00:00:00,2018-07-14 00:00:00,2,SM-20320,47905.0
CA-2015-129091,2015-11-22 00:00:00,2015-11-27 00:00:00,2,RA-19885,31907.0
US-2015-155502,2015-01-26 00:00:00,2015-01-31 00:00:00,2,SD-20485,22304.0
CA-2016-121041,2016-11-03 00:00:00,2016-11-10 00:00:00,2,CS-12250,76117.0
CA-2018-131695,2018-06-30 00:00:00,2018-07-06 00:00:00,2,RA-19285,10024.0
CA-2017-137729,2017-05-05 00:00:00,2017-05-09 00:00:00,2,BF-11005,90004.0
US-2017-115455,2017-09-08 00:00:00,2017-09-14 00:00:00,2,SE-20110,60090.0
CA-2018-128300,2018-11-24 00:00:00,2018-11-26 00:00:00,1,RS-19765,29483.0
CA-2018-149048,2018-05-13 00:00:00,2018-05-17 00:00:00,2,BM-11650,47201.0
CA-2018-108553,2018-04-23 00:00:00,2018-04-29 00:00:00,2,SK-19990,10024.0
CA-2017-165848,2017-06-04 00:00:00,2017-06-04 00:00:00,4,EN-13780,10035.0
CA-2015-112718,2015-12-16 00:00:00,2015-12-21 00:00:00,2,KN-16450,32216.0
CA-2017-154053,2017-03-04 00:00:00,2017-03-10 00:00:00,2,MG-17890,92024.0
CA-2015-127446,2015-11-25 00:00:00,2015-11-30 00:00:00,2,MC-17590,76017.0
CA-2017-137204,2017-04-28 00:00:00,2017-05-05 00:00:00,2,BO-11350,90045.0
CA-2015-147298,2015-04-26 00:00:00,2015-05-03 00:00:00,2,AG-10300,90049.0
CA-2018-147942,2018-04-01 00:00:00,2018-04-05 00:00:00,2,MS-17365,94110.0
CA-2018-115931,2018-12-22 00:00:00,2018-12-26 00:00:00,2,JM-15655,88220.0
CA-2015-164861,2015-12-03 00:00:00,2015-12-06 00:00:00,1,MC-17635,63116.0
CA-2018-127180,2018-10-22 00:00:00,2018-10-24 00:00:00,3,TA-21385,10024.0
US-2018-165344,2018-11-13 00:00:00,2018-11-15 00:00:00,3,SB-20290,45503.0
CA-2016-168186,2016-09-10 00:00:00,2016-09-15 00:00:00,2,AB-10150,74133.0
US-2018-110604,2018-05-15 00:00:00,2018-05-20 00:00:00,2,JF-15295,98103.0
CA-2016-116750,2016-07-05 00:00:00,2016-07-10 00:00:00,1,BF-10975,28314.0
CA-2016-162369,2016-08-15 00:00:00,2016-08-19 00:00:00,2,TT-21265,90045.0
CA-2018-108441,2018-06-12 00:00:00,2018-06-18 00:00:00,2,SB-20170,10035.0
CA-2016-169740,2016-02-20 00:00:00,2016-02-25 00:00:00,2,LM-17065,71901.0
CA-2017-124051,2017-12-29 00:00:00,2017-12-30 00:00:00,3,KA-16525,60505.0
CA-2017-149111,2017-04-17 00:00:00,2017-04-21 00:00:00,1,BF-11170,27604.0
CA-2015-131002,2015-09-07 00:00:00,2015-09-12 00:00:00,1,TB-21400,74133.0
US-2017-146794,2017-09-26 00:00:00,2017-10-01 00:00:00,2,SH-19975,92345.0
CA-2018-112515,2018-09-17 00:00:00,2018-09-21 00:00:00,1,AS-10225,84604.0
CA-2017-150343,2017-08-16 00:00:00,2017-08-20 00:00:00,2,PK-19075,94110.0
CA-2016-135538,2016-12-24 00:00:00,2016-12-28 00:00:00,2,HR-14830,85234.0
CA-2018-123372,2018-11-28 00:00:00,2018-12-02 00:00:00,2,DG-13300,10035.0
CA-2018-159604,2018-04-14 00:00:00,2018-04-15 00:00:00,3,CL-12700,65807.0
CA-2017-164784,2017-05-01 00:00:00,2017-05-04 00:00:00,3,HF-14995,38109.0
CA-2017-111794,2017-10-01 00:00:00,2017-10-01 00:00:00,4,HG-15025,79109.0
US-2016-139759,2016-08-25 00:00:00,2016-08-30 00:00:00,2,NL-18310,90045.0
CA-2015-126403,2015-09-09 00:00:00,2015-09-12 00:00:00,1,RR-19525,1852.0
CA-2018-136875,2018-12-03 00:00:00,2018-12-03 00:00:00,4,TC-21295,92024.0
CA-2018-132185,2018-11-27 00:00:00,2018-12-02 00:00:00,2,DB-13615,28806.0
US-2015-160780,2015-06-21 00:00:00,2015-06-21 00:00:00,4,SV-20785,81001.0
CA-2018-127026,2018-01-21 00:00:00,2018-01-27 00:00:00,2,MH-18115,49201.0
CA-2018-137085,2018-06-29 00:00:00,2018-07-06 00:00:00,2,CT-11995,90004.0
CA-2017-133123,2017-09-06 00:00:00,2017-09-11 00:00:00,2,KB-16315,27360.0
US-2017-128195,2017-08-04 00:00:00,2017-08-05 00:00:00,3,RA-19285,61604.0
CA-2016-153220,2016-11-12 00:00:00,2016-11-14 00:00:00,3,YC-21895,90032.0
CA-2015-123064,2015-06-30 00:00:00,2015-07-02 00:00:00,3,RA-19915,60653.0
CA-2018-156412,2018-12-04 00:00:00,2018-12-08 00:00:00,2,CM-12160,19134.0
US-2017-144211,2017-08-28 00:00:00,2017-09-02 00:00:00,2,CS-12130,80112.0
CA-2017-138079,2017-01-22 00:00:00,2017-01-28 00:00:00,2,AJ-10795,98115.0
CA-2015-143182,2015-10-15 00:00:00,2015-10-20 00:00:00,2,DL-12865,33012.0
CA-2017-161662,2017-02-07 00:00:00,2017-02-09 00:00:00,3,BE-11410,43130.0
CA-2015-145317,2015-03-18 00:00:00,2015-03-23 00:00:00,2,SM-20320,32216.0
CA-2015-143413,2015-05-24 00:00:00,2015-05-30 00:00:00,2,RP-19390,21215.0
CA-2018-156818,2018-07-11 00:00:00,2018-07-13 00:00:00,1,JD-16015,10009.0
CA-2018-155873,2018-06-16 00:00:00,2018-06-21 00:00:00,2,AB-10255,88220.0
CA-2016-121797,2016-01-30 00:00:00,2016-02-06 00:00:00,2,CC-12145,90049.0
US-2016-120572,2016-12-11 00:00:00,2016-12-15 00:00:00,2,GH-14425,32216.0
CA-2018-132430,2018-10-09 00:00:00,2018-10-11 00:00:00,3,CP-12085,44107.0
CA-2018-146031,2018-07-29 00:00:00,2018-08-01 00:00:00,1,GM-14440,12180.0
CA-2015-110100,2015-04-25 00:00:00,2015-04-29 00:00:00,2,LC-16885,28403.0
CA-2016-103723,2016-12-01 00:00:00,2016-12-06 00:00:00,2,BT-11305,98105.0
CA-2015-127187,2015-12-04 00:00:00,2015-12-08 00:00:00,2,CP-12085,10024.0
CA-2018-128475,2018-08-26 00:00:00,2018-09-01 00:00:00,2,SC-20680,31907.0
CA-2015-100006,2015-09-07 00:00:00,2015-09-13 00:00:00,2,DK-13375,10024.0
CA-2018-144827,2018-12-21 00:00:00,2018-12-27 00:00:00,2,SE-20110,92627.0
CA-2015-110030,2015-12-06 00:00:00,2015-12-08 00:00:00,1,LF-17185,77095.0
CA-2015-121286,2015-11-04 00:00:00,2015-11-08 00:00:00,1,ON-18715,27511.0
CA-2017-164735,2017-04-14 00:00:00,2017-04-19 00:00:00,1,TB-21400,22304.0
CA-2015-153479,2015-10-04 00:00:00,2015-10-08 00:00:00,2,DF-13135,94591.0
CA-2018-149888,2018-11-07 00:00:00,2018-11-13 00:00:00,2,EP-13915,19120.0
CA-2018-119193,2018-12-22 00:00:00,2018-12-24 00:00:00,3,SK-19990,43615.0
CA-2018-104801,2018-02-13 00:00:00,2018-02-19 00:00:00,2,FH-14350,98105.0
CA-2015-107594,2015-07-02 00:00:00,2015-07-06 00:00:00,2,EH-13945,7060.0
CA-2016-129770,2016-02-21 00:00:00,2016-02-23 00:00:00,1,JE-15715,88001.0
CA-2016-115798,2016-11-13 00:00:00,2016-11-19 00:00:00,2,KL-16645,19711.0
CA-2018-122707,2018-04-16 00:00:00,2018-04-18 00:00:00,3,EB-13750,35244.0
CA-2017-165015,2017-02-25 00:00:00,2017-02-27 00:00:00,1,BD-11725,43055.0
CA-2015-149244,2015-11-04 00:00:00,2015-11-08 00:00:00,2,MS-17530,92037.0
CA-2016-140144,2016-06-20 00:00:00,2016-06-25 00:00:00,1,SC-20770,94122.0
CA-2018-163321,2018-08-07 00:00:00,2018-08-11 00:00:00,1,FM-14380,28540.0
CA-2015-155887,2015-05-12 00:00:00,2015-05-17 00:00:00,2,KT-16480,2038.0
US-2016-165449,2016-11-22 00:00:00,2016-11-26 00:00:00,2,AP-10720,75034.0
CA-2016-110247,2016-12-04 00:00:00,2016-12-08 00:00:00,2,RH-19555,32303.0
US-2015-141257,2015-06-08 00:00:00,2015-06-14 00:00:00,2,CS-11950,98115.0
CA-2015-154669,2015-08-08 00:00:00,2015-08-11 00:00:00,1,TM-21010,95687.0
CA-2015-158029,2015-05-26 00:00:00,2015-05-30 00:00:00,2,HF-14995,90008.0
CA-2016-155306,2016-04-17 00:00:00,2016-04-21 00:00:00,2,GA-14515,94122.0
CA-2017-127775,2017-06-11 00:00:00,2017-06-13 00:00:00,1,ES-14020,10035.0
CA-2017-146171,2017-03-11 00:00:00,2017-03-15 00:00:00,2,JP-16135,31907.0
CA-2015-129574,2015-05-26 00:00:00,2015-05-29 00:00:00,3,Dp-13240,84107.0
CA-2018-126536,2018-10-12 00:00:00,2018-10-14 00:00:00,3,NK-18490,94110.0
CA-2018-165757,2018-06-22 00:00:00,2018-06-28 00:00:00,2,PL-18925,19140.0
CA-2018-167752,2018-01-15 00:00:00,2018-01-18 00:00:00,3,RW-19690,19134.0
US-2016-122140,2016-04-02 00:00:00,2016-04-07 00:00:00,2,MO-17950,75220.0
CA-2017-163986,2017-09-03 00:00:00,2017-09-10 00:00:00,2,JJ-15445,53186.0
CA-2018-158967,2018-12-10 00:00:00,2018-12-12 00:00:00,3,BT-11680,33311.0
CA-2017-131576,2017-11-22 00:00:00,2017-11-26 00:00:00,2,RD-19585,48205.0
CA-2018-143455,2018-11-11 00:00:00,2018-11-18 00:00:00,2,ML-17755,45503.0
CA-2017-144729,2017-10-21 00:00:00,2017-10-25 00:00:00,2,JE-15745,92037.0
CA-2016-127019,2016-12-21 00:00:00,2016-12-25 00:00:00,2,ER-13855,80906.0
CA-2016-138534,2016-07-17 00:00:00,2016-07-19 00:00:00,1,JM-15535,93309.0
CA-2018-108322,2018-04-30 00:00:00,2018-05-05 00:00:00,2,SS-20140,33068.0
CA-2018-167668,2018-05-06 00:00:00,2018-05-08 00:00:00,3,TC-21295,10035.0
CA-2018-146724,2018-11-20 00:00:00,2018-11-27 00:00:00,2,HG-15025,55044.0
CA-2017-139878,2017-11-11 00:00:00,2017-11-16 00:00:00,2,LD-17005,48234.0
US-2017-106677,2017-11-05 00:00:00,2017-11-10 00:00:00,2,AS-10285,19134.0
CA-2017-116974,2017-10-09 00:00:00,2017-10-15 00:00:00,2,MP-17965,45373.0
CA-2016-149972,2016-09-21 00:00:00,2016-09-23 00:00:00,3,CD-12790,90036.0
US-2015-117744,2015-12-02 00:00:00,2015-12-06 00:00:00,2,MD-17860,78415.0
CA-2015-125514,2015-09-21 00:00:00,2015-09-22 00:00:00,3,BM-11650,68104.0
CA-2015-154599,2015-04-12 00:00:00,2015-04-17 00:00:00,2,KN-16450,90278.0
CA-2018-158743,2018-10-20 00:00:00,2018-10-27 00:00:00,2,IG-15085,72209.0
CA-2017-153318,2017-10-25 00:00:00,2017-10-28 00:00:00,3,JS-15595,33180.0
US-2016-110163,2016-11-01 00:00:00,2016-11-04 00:00:00,3,GA-14725,97301.0
CA-2018-143329,2018-11-03 00:00:00,2018-11-08 00:00:00,2,DL-13330,88001.0
CA-2016-159380,2016-05-12 00:00:00,2016-05-16 00:00:00,2,CS-12505,94122.0
CA-2016-122623,2016-09-07 00:00:00,2016-09-11 00:00:00,2,CC-12145,79907.0
CA-2016-148635,2016-07-25 00:00:00,2016-07-27 00:00:00,1,MH-18025,98115.0
CA-2016-135685,2016-11-16 00:00:00,2016-11-18 00:00:00,1,MP-18175,53209.0
CA-2016-104626,2016-09-01 00:00:00,2016-09-08 00:00:00,2,DR-12940,2038.0
CA-2017-160500,2017-05-05 00:00:00,2017-05-08 00:00:00,3,DM-13015,92024.0
CA-2017-100202,2017-12-31 00:00:00,2018-01-05 00:00:00,2,BD-11620,92804.0
CA-2018-131016,2018-09-18 00:00:00,2018-09-20 00:00:00,3,DC-12850,76017.0
US-2015-112914,2015-09-25 00:00:00,2015-09-30 00:00:00,2,MT-18070,77041.0
CA-2017-124149,2017-04-23 00:00:00,2017-04-26 00:00:00,3,MJ-17740,43130.0
CA-2015-148915,2015-11-01 00:00:00,2015-11-05 00:00:00,2,ND-18370,97206.0
CA-2018-134649,2018-01-26 00:00:00,2018-01-31 00:00:00,1,CA-11965,35244.0
CA-2018-110842,2018-11-11 00:00:00,2018-11-16 00:00:00,2,GA-14725,90036.0
CA-2017-147368,2017-06-09 00:00:00,2017-06-12 00:00:00,3,TC-21295,32303.0
US-2016-104185,2016-09-03 00:00:00,2016-09-08 00:00:00,1,JB-15400,10009.0
US-2015-125521,2015-03-14 00:00:00,2015-03-19 00:00:00,2,CK-12325,23320.0
US-2018-135062,2018-08-31 00:00:00,2018-09-04 00:00:00,1,RL-19615,28314.0
CA-2018-135650,2018-03-23 00:00:00,2018-03-27 00:00:00,2,AC-10660,77340.0
CA-2018-112865,2018-05-18 00:00:00,2018-05-22 00:00:00,2,BH-11710,19140.0
US-2017-162852,2017-12-27 00:00:00,2017-12-31 00:00:00,2,BG-11695,60098.0
CA-2018-138163,2018-11-17 00:00:00,2018-11-20 00:00:00,3,XP-21865,2149.0
CA-2018-152093,2018-09-10 00:00:00,2018-09-15 00:00:00,2,SN-20560,60653.0
CA-2018-157854,2018-04-08 00:00:00,2018-04-15 00:00:00,2,DM-13345,30076.0
CA-2017-123617,2017-11-28 00:00:00,2017-12-03 00:00:00,2,AJ-10780,32137.0
US-2017-128293,2017-06-02 00:00:00,2017-06-05 00:00:00,3,KC-16255,19120.0
CA-2018-107342,2018-12-17 00:00:00,2018-12-22 00:00:00,2,VF-21715,47201.0
CA-2017-136371,2017-03-19 00:00:00,2017-03-21 00:00:00,1,SV-20935,11572.0
CA-2018-137344,2018-08-20 00:00:00,2018-08-20 00:00:00,4,EM-13810,2038.0
CA-2018-169810,2018-07-25 00:00:00,2018-07-31 00:00:00,2,RB-19360,57103.0
CA-2017-128594,2017-08-26 00:00:00,2017-08-29 00:00:00,3,DJ-13510,92037.0
CA-2017-154690,2017-08-15 00:00:00,2017-08-17 00:00:00,1,CC-12370,28314.0
CA-2018-138975,2018-05-19 00:00:00,2018-05-23 00:00:00,2,SC-20380,30318.0
CA-2018-106537,2018-08-12 00:00:00,2018-08-17 00:00:00,2,RH-19495,32839.0
US-2018-103828,2018-08-13 00:00:00,2018-08-13 00:00:00,4,JK-15370,94122.0
CA-2017-115588,2017-11-10 00:00:00,2017-11-12 00:00:00,1,AF-10885,43615.0
CA-2018-143861,2018-06-12 00:00:00,2018-06-19 00:00:00,2,LC-16885,33710.0
CA-2015-148040,2015-03-22 00:00:00,2015-03-26 00:00:00,2,BF-11275,85705.0
CA-2018-135167,2018-06-15 00:00:00,2018-06-20 00:00:00,2,SC-20800,90036.0
CA-2018-137022,2018-11-16 00:00:00,2018-11-22 00:00:00,2,SW-20275,92105.0
US-2018-102638,2018-12-29 00:00:00,2018-12-31 00:00:00,3,MC-17845,10035.0
US-2017-167339,2017-01-21 00:00:00,2017-01-23 00:00:00,1,TD-20995,92037.0
CA-2017-152072,2017-01-15 00:00:00,2017-01-19 00:00:00,2,Dp-13240,7090.0
CA-2017-102932,2017-09-19 00:00:00,2017-09-23 00:00:00,1,SD-20485,7050.0
CA-2015-165540,2015-02-21 00:00:00,2015-02-25 00:00:00,2,TM-21010,60098.0
CA-2017-130799,2017-11-11 00:00:00,2017-11-16 00:00:00,1,BK-11260,94110.0
CA-2017-164483,2017-01-30 00:00:00,2017-02-03 00:00:00,2,JF-15490,94122.0
US-2017-159856,2017-10-18 00:00:00,2017-10-22 00:00:00,2,EP-13915,85281.0
CA-2018-102099,2018-12-18 00:00:00,2018-12-19 00:00:00,3,EP-13915,90008.0
CA-2018-164049,2018-11-02 00:00:00,2018-11-06 00:00:00,2,KH-16630,98105.0
CA-2015-142727,2015-04-29 00:00:00,2015-05-01 00:00:00,1,HG-14845,70601.0
CA-2018-139913,2018-10-23 00:00:00,2018-10-29 00:00:00,2,JC-16105,14609.0
CA-2015-169033,2015-03-30 00:00:00,2015-04-03 00:00:00,2,KM-16720,11561.0
US-2017-164630,2017-01-04 00:00:00,2017-01-09 00:00:00,2,EB-13975,28205.0
US-2016-114839,2016-04-26 00:00:00,2016-04-30 00:00:00,2,PW-19240,77036.0
CA-2016-166464,2016-09-12 00:00:00,2016-09-17 00:00:00,2,PG-18895,10035.0
CA-2018-124898,2018-09-11 00:00:00,2018-09-15 00:00:00,2,DB-12910,31907.0
CA-2017-164035,2017-06-12 00:00:00,2017-06-17 00:00:00,2,CR-12730,60610.0
CA-2017-153577,2017-06-27 00:00:00,2017-07-01 00:00:00,2,KH-16330,60035.0
CA-2015-127586,2015-09-26 00:00:00,2015-09-30 00:00:00,2,CS-12400,98115.0
CA-2018-121615,2018-11-03 00:00:00,2018-11-09 00:00:00,2,DL-12925,55122.0
CA-2018-166415,2018-02-19 00:00:00,2018-02-23 00:00:00,2,ME-17725,98103.0
CA-2016-118444,2016-11-05 00:00:00,2016-11-09 00:00:00,2,VD-21670,33065.0
CA-2015-113929,2015-06-16 00:00:00,2015-06-21 00:00:00,2,CK-12205,11550.0
CA-2016-134747,2016-10-12 00:00:00,2016-10-17 00:00:00,1,DL-12925,46060.0
CA-2018-155047,2018-08-27 00:00:00,2018-08-30 00:00:00,3,SE-20110,75220.0
CA-2017-160129,2017-11-23 00:00:00,2017-11-23 00:00:00,4,LS-17200,19140.0
CA-2018-164329,2018-01-30 00:00:00,2018-01-30 00:00:00,4,MM-17920,94109.0
US-2016-141453,2016-11-30 00:00:00,2016-12-03 00:00:00,1,DB-13270,78745.0
CA-2015-156993,2015-06-28 00:00:00,2015-07-04 00:00:00,2,RW-19630,48234.0
CA-2015-157721,2015-09-02 00:00:00,2015-09-05 00:00:00,3,JM-16195,13601.0
CA-2018-128629,2018-07-10 00:00:00,2018-07-14 00:00:00,1,BP-11155,31907.0
CA-2018-158106,2018-06-04 00:00:00,2018-06-10 00:00:00,2,CT-11995,55124.0
US-2018-120390,2018-10-19 00:00:00,2018-10-26 00:00:00,2,TH-21550,27217.0
CA-2018-143434,2018-11-18 00:00:00,2018-11-24 00:00:00,2,ME-17320,48601.0
CA-2016-168564,2016-08-08 00:00:00,2016-08-08 00:00:00,4,TT-21220,94109.0
US-2017-169040,2017-12-06 00:00:00,2017-12-12 00:00:00,2,GT-14710,98105.0
CA-2018-155880,2018-03-25 00:00:00,2018-03-31 00:00:00,2,JD-16150,53209.0
CA-2018-126242,2018-11-19 00:00:00,2018-11-24 00:00:00,2,MC-18100,90049.0
CA-2017-166443,2017-11-04 00:00:00,2017-11-05 00:00:00,3,LH-17020,94122.0
CA-2018-169859,2018-12-14 00:00:00,2018-12-18 00:00:00,2,MP-18175,92024.0
CA-2018-134915,2018-11-12 00:00:00,2018-11-12 00:00:00,4,EM-14140,85301.0
CA-2017-153353,2017-08-18 00:00:00,2017-08-24 00:00:00,2,GG-14650,10035.0
CA-2018-123638,2018-06-27 00:00:00,2018-07-04 00:00:00,2,MA-17995,13601.0
CA-2018-168900,2018-05-04 00:00:00,2018-05-09 00:00:00,2,SH-20395,45503.0
CA-2016-158456,2016-12-24 00:00:00,2016-12-29 00:00:00,2,KT-16465,90032.0
CA-2018-143665,2018-04-26 00:00:00,2018-05-01 00:00:00,2,PO-19180,98115.0
CA-2018-137428,2018-12-16 00:00:00,2018-12-21 00:00:00,1,AY-10555,92054.0
CA-2015-162866,2015-12-27 00:00:00,2015-12-31 00:00:00,2,Co-12640,60076.0
CA-2018-167941,2018-11-06 00:00:00,2018-11-09 00:00:00,1,JF-15565,28314.0
CA-2018-111808,2018-12-16 00:00:00,2018-12-20 00:00:00,2,AR-10510,74133.0
CA-2016-137512,2016-05-07 00:00:00,2016-05-12 00:00:00,2,AG-10675,75002.0
CA-2018-139773,2018-12-04 00:00:00,2018-12-04 00:00:00,4,DV-13045,19143.0
CA-2018-134607,2018-10-03 00:00:00,2018-10-08 00:00:00,1,HL-15040,14609.0
CA-2015-109232,2015-01-13 00:00:00,2015-01-16 00:00:00,1,ND-18370,29464.0
CA-2016-139850,2016-06-12 00:00:00,2016-06-17 00:00:00,2,GB-14575,19134.0
CA-2015-131310,2015-07-12 00:00:00,2015-07-18 00:00:00,2,CL-12565,98115.0
US-2015-112872,2015-12-06 00:00:00,2015-12-11 00:00:00,1,RC-19960,97477.0
CA-2017-139269,2017-05-25 00:00:00,2017-05-30 00:00:00,2,JB-16045,31907.0
CA-2017-139010,2017-02-21 00:00:00,2017-02-26 00:00:00,1,MC-17635,90032.0
CA-2017-134376,2017-10-02 00:00:00,2017-10-06 00:00:00,2,TT-21265,10024.0
CA-2018-147291,2018-03-11 00:00:00,2018-03-17 00:00:00,2,MJ-17740,48227.0
CA-2017-112893,2017-09-09 00:00:00,2017-09-13 00:00:00,1,AT-10735,95207.0
US-2015-150532,2015-07-14 00:00:00,2015-07-21 00:00:00,2,PB-19150,85023.0
CA-2015-138317,2015-06-21 00:00:00,2015-06-25 00:00:00,2,NW-18400,19120.0
CA-2016-130610,2016-07-05 00:00:00,2016-07-10 00:00:00,2,VP-21730,48310.0
CA-2018-104381,2018-12-16 00:00:00,2018-12-23 00:00:00,2,RD-19810,14609.0
CA-2017-131499,2017-09-08 00:00:00,2017-09-10 00:00:00,3,MG-17875,10011.0
CA-2015-148761,2015-05-17 00:00:00,2015-05-21 00:00:00,2,PA-19060,54703.0
CA-2018-116519,2018-10-13 00:00:00,2018-10-15 00:00:00,3,CR-12730,10009.0
CA-2015-130729,2015-10-24 00:00:00,2015-10-29 00:00:00,2,AA-10375,91730.0
CA-2017-124772,2017-12-05 00:00:00,2017-12-06 00:00:00,3,JG-15160,42071.0
CA-2017-115525,2017-07-25 00:00:00,2017-07-29 00:00:00,2,RR-19525,43615.0
CA-2018-134845,2018-04-17 00:00:00,2018-04-23 00:00:00,2,SR-20425,80027.0
US-2016-138919,2016-09-17 00:00:00,2016-09-21 00:00:00,2,LS-16975,10035.0
US-2017-160528,2017-08-23 00:00:00,2017-08-30 00:00:00,2,MH-18115,78577.0
CA-2016-123568,2016-11-08 00:00:00,2016-11-14 00:00:00,2,SC-20095,84084.0
CA-2018-124674,2018-11-17 00:00:00,2018-11-23 00:00:00,2,JB-16000,78521.0
CA-2016-164441,2016-11-08 00:00:00,2016-11-13 00:00:00,2,AC-10450,10011.0
CA-2018-169054,2018-04-22 00:00:00,2018-04-26 00:00:00,2,MO-17800,19140.0
CA-2015-106719,2015-08-24 00:00:00,2015-08-24 00:00:00,4,RB-19645,59102.0
CA-2018-116855,2018-12-17 00:00:00,2018-12-21 00:00:00,2,AI-10855,23320.0
US-2017-164189,2017-03-24 00:00:00,2017-03-28 00:00:00,2,DR-12880,97030.0
CA-2016-168480,2016-09-21 00:00:00,2016-09-27 00:00:00,2,DM-12955,48146.0
US-2017-114293,2017-11-21 00:00:00,2017-11-26 00:00:00,2,JH-16180,97030.0
CA-2018-134173,2018-09-16 00:00:00,2018-09-21 00:00:00,2,AB-10060,19143.0
US-2016-123960,2016-06-11 00:00:00,2016-06-16 00:00:00,2,BD-11605,71203.0
CA-2018-101749,2018-10-03 00:00:00,2018-10-08 00:00:00,2,AS-10045,91104.0
US-2017-147991,2017-05-05 00:00:00,2017-05-09 00:00:00,2,ZD-21925,37421.0
CA-2018-149559,2018-09-11 00:00:00,2018-09-12 00:00:00,4,KF-16285,90805.0
CA-2016-135174,2016-04-30 00:00:00,2016-05-02 00:00:00,1,BP-11230,45373.0
CA-2018-125290,2018-11-06 00:00:00,2018-11-10 00:00:00,1,CC-12430,55407.0
CA-2015-137351,2015-09-30 00:00:00,2015-10-04 00:00:00,2,DB-13615,98105.0
CA-2018-121419,2018-04-02 00:00:00,2018-04-04 00:00:00,3,TC-21475,31907.0
US-2018-148054,2018-10-06 00:00:00,2018-10-11 00:00:00,2,NZ-18565,83642.0
CA-2017-128517,2017-04-09 00:00:00,2017-04-14 00:00:00,1,SW-20350,48227.0
US-2016-100377,2016-08-28 00:00:00,2016-09-01 00:00:00,2,TS-21370,60623.0
CA-2018-131492,2018-10-19 00:00:00,2018-10-24 00:00:00,1,HH-15010,94110.0
CA-2017-144554,2017-11-07 00:00:00,2017-11-12 00:00:00,2,DM-13345,43055.0
CA-2018-127621,2018-03-03 00:00:00,2018-03-07 00:00:00,2,RE-19450,75081.0
CA-2016-145184,2016-11-27 00:00:00,2016-11-29 00:00:00,3,JD-16150,19711.0
CA-2018-106859,2018-03-13 00:00:00,2018-03-18 00:00:00,1,BF-11215,87105.0
US-2018-120089,2018-11-30 00:00:00,2018-11-30 00:00:00,4,ML-17755,43615.0
CA-2015-119375,2015-11-17 00:00:00,2015-11-22 00:00:00,2,YC-21895,19711.0
CA-2017-125206,2017-01-03 00:00:00,2017-01-05 00:00:00,3,LR-16915,90045.0
CA-2016-126137,2016-10-03 00:00:00,2016-10-08 00:00:00,2,BS-11755,90032.0
CA-2015-143903,2015-07-20 00:00:00,2015-07-24 00:00:00,2,KM-16375,75217.0
CA-2015-104780,2015-05-21 00:00:00,2015-05-25 00:00:00,2,BT-11530,92037.0
CA-2018-101182,2018-09-04 00:00:00,2018-09-05 00:00:00,3,KB-16405,92307.0
US-2018-132297,2018-05-27 00:00:00,2018-06-02 00:00:00,2,DW-13480,40214.0
CA-2015-100328,2015-01-28 00:00:00,2015-02-03 00:00:00,2,JC-15340,10024.0
CA-2018-118773,2018-02-09 00:00:00,2018-02-14 00:00:00,2,TP-21415,77070.0
US-2018-159205,2018-03-31 00:00:00,2018-04-02 00:00:00,1,DB-12910,42420.0
CA-2017-112123,2017-03-03 00:00:00,2017-03-08 00:00:00,2,BH-11710,19711.0
CA-2016-114468,2016-08-23 00:00:00,2016-08-23 00:00:00,4,TD-20995,60440.0
CA-2018-135692,2018-04-27 00:00:00,2018-05-01 00:00:00,2,CV-12805,76106.0
CA-2018-131233,2018-04-14 00:00:00,2018-04-19 00:00:00,2,CS-12355,10024.0
CA-2018-119578,2018-12-22 00:00:00,2018-12-27 00:00:00,1,JG-15310,2908.0
CA-2017-124562,2017-12-08 00:00:00,2017-12-12 00:00:00,2,JP-16135,43229.0
US-2018-140074,2018-03-23 00:00:00,2018-03-29 00:00:00,2,EC-14050,10024.0
CA-2017-103037,2017-07-25 00:00:00,2017-07-29 00:00:00,2,KH-16630,77070.0
CA-2018-127460,2018-07-10 00:00:00,2018-07-14 00:00:00,2,FG-14260,60505.0
CA-2017-121671,2017-07-17 00:00:00,2017-07-22 00:00:00,2,AA-10480,65807.0
CA-2017-150350,2017-08-23 00:00:00,2017-08-30 00:00:00,2,MS-17770,98105.0
CA-2016-121720,2016-06-11 00:00:00,2016-06-12 00:00:00,3,JE-15610,33801.0
CA-2018-149895,2018-09-08 00:00:00,2018-09-12 00:00:00,2,EB-14110,19134.0
CA-2018-147564,2018-10-02 00:00:00,2018-10-06 00:00:00,2,BP-11155,10011.0
CA-2015-136399,2015-12-16 00:00:00,2015-12-17 00:00:00,3,CC-12100,90049.0
CA-2015-107916,2015-08-24 00:00:00,2015-08-26 00:00:00,3,JP-15460,11572.0
CA-2018-164168,2018-11-12 00:00:00,2018-11-18 00:00:00,2,LS-16975,75081.0
CA-2016-112557,2016-04-25 00:00:00,2016-04-28 00:00:00,3,JL-15850,10035.0
US-2015-122959,2015-12-12 00:00:00,2015-12-12 00:00:00,4,CY-12745,78207.0
CA-2018-162572,2018-09-25 00:00:00,2018-09-27 00:00:00,1,RB-19360,45231.0
US-2017-148110,2017-09-05 00:00:00,2017-09-11 00:00:00,2,AR-10825,78745.0
CA-2018-131828,2018-02-11 00:00:00,2018-02-13 00:00:00,1,CS-11845,98105.0
CA-2015-109218,2015-06-30 00:00:00,2015-07-03 00:00:00,1,AR-10825,90004.0
CA-2017-120558,2017-06-07 00:00:00,2017-06-10 00:00:00,3,RD-19810,10035.0
US-2015-109036,2015-12-20 00:00:00,2015-12-25 00:00:00,2,KH-16510,98103.0
CA-2016-147830,2016-12-15 00:00:00,2016-12-18 00:00:00,3,NF-18385,43055.0
CA-2018-150497,2018-07-20 00:00:00,2018-07-24 00:00:00,2,SM-20950,55369.0
CA-2015-128986,2015-08-03 00:00:00,2015-08-05 00:00:00,1,GH-14410,85301.0
CA-2016-139584,2016-08-24 00:00:00,2016-08-28 00:00:00,2,EM-13810,10009.0
US-2017-162677,2017-03-26 00:00:00,2017-03-27 00:00:00,3,DB-13210,28540.0
US-2015-150924,2015-09-12 00:00:00,2015-09-16 00:00:00,1,PT-19090,77070.0
CA-2015-153969,2015-09-21 00:00:00,2015-09-25 00:00:00,2,HF-14995,94109.0
CA-2017-146682,2017-10-29 00:00:00,2017-10-31 00:00:00,3,KW-16435,48911.0
CA-2017-138695,2017-05-28 00:00:00,2017-06-03 00:00:00,2,KC-16675,32303.0
CA-2018-107461,2018-12-21 00:00:00,2018-12-26 00:00:00,1,PK-19075,29203.0
US-2017-133879,2017-03-21 00:00:00,2017-03-28 00:00:00,2,KT-16465,60623.0
CA-2018-157483,2018-11-11 00:00:00,2018-11-18 00:00:00,2,EP-13915,48227.0
US-2018-132059,2018-09-23 00:00:00,2018-09-29 00:00:00,2,AP-10915,80525.0
CA-2018-122280,2018-09-10 00:00:00,2018-09-10 00:00:00,4,SH-20395,10024.0
CA-2018-105235,2018-12-05 00:00:00,2018-12-11 00:00:00,2,SM-20950,10011.0
CA-2018-152912,2018-11-09 00:00:00,2018-11-12 00:00:00,1,BM-11650,21044.0
CA-2015-123498,2015-11-07 00:00:00,2015-11-09 00:00:00,3,TC-20980,77041.0
CA-2018-159352,2018-03-12 00:00:00,2018-03-17 00:00:00,2,KB-16585,1852.0
US-2018-146416,2018-10-20 00:00:00,2018-10-22 00:00:00,1,JE-16165,95695.0
US-2016-163783,2016-12-27 00:00:00,2017-01-01 00:00:00,2,DR-12940,60610.0
CA-2018-123981,2018-10-02 00:00:00,2018-10-08 00:00:00,2,RW-19630,10035.0
CA-2018-158953,2018-06-04 00:00:00,2018-06-08 00:00:00,2,ML-18040,77489.0
CA-2015-165428,2015-09-01 00:00:00,2015-09-04 00:00:00,3,JL-15130,77036.0
CA-2017-169026,2017-08-08 00:00:00,2017-08-13 00:00:00,2,CM-12655,39212.0
CA-2018-109750,2018-07-22 00:00:00,2018-07-28 00:00:00,2,FH-14365,10009.0
CA-2016-149384,2016-07-10 00:00:00,2016-07-10 00:00:00,4,EH-13945,85281.0
CA-2015-131527,2015-12-01 00:00:00,2015-12-07 00:00:00,2,TB-21280,28540.0
CA-2018-164000,2018-12-18 00:00:00,2018-12-22 00:00:00,2,AH-10030,19134.0
CA-2015-164224,2015-05-18 00:00:00,2015-05-20 00:00:00,1,TT-21070,44312.0
CA-2015-158372,2015-11-10 00:00:00,2015-11-16 00:00:00,2,RD-19900,92037.0
CA-2017-108882,2017-01-09 00:00:00,2017-01-15 00:00:00,2,LA-16780,93727.0
US-2018-108245,2018-09-22 00:00:00,2018-09-27 00:00:00,2,SH-19975,77581.0
CA-2015-142314,2015-12-23 00:00:00,2015-12-28 00:00:00,2,SF-20200,47374.0
CA-2017-132409,2017-05-26 00:00:00,2017-06-01 00:00:00,2,TH-21235,19134.0
CA-2018-150189,2018-07-08 00:00:00,2018-07-10 00:00:00,3,VG-21790,94403.0
CA-2015-114433,2015-05-13 00:00:00,2015-05-17 00:00:00,2,NP-18325,94601.0
CA-2018-104640,2018-11-10 00:00:00,2018-11-16 00:00:00,2,FH-14275,10024.0
US-2016-137008,2016-10-02 00:00:00,2016-10-08 00:00:00,2,JP-15460,8701.0
CA-2015-108189,2015-10-02 00:00:00,2015-10-05 00:00:00,3,ES-14080,85281.0
CA-2015-154641,2015-08-11 00:00:00,2015-08-16 00:00:00,2,KL-16645,10035.0
CA-2018-131625,2018-09-01 00:00:00,2018-09-05 00:00:00,1,BN-11515,10009.0
US-2018-156356,2018-04-16 00:00:00,2018-04-22 00:00:00,2,ND-18370,77095.0
CA-2017-138933,2017-04-24 00:00:00,2017-04-27 00:00:00,3,JL-15130,92503.0
CA-2017-140746,2017-01-15 00:00:00,2017-01-15 00:00:00,4,RC-19825,6824.0
CA-2017-146836,2017-05-02 00:00:00,2017-05-02 00:00:00,4,CC-12475,10024.0
US-2017-127971,2017-11-20 00:00:00,2017-11-27 00:00:00,2,DW-13195,77095.0
US-2017-140809,2017-02-01 00:00:00,2017-02-03 00:00:00,3,CK-12760,22204.0
CA-2018-114524,2018-03-31 00:00:00,2018-04-05 00:00:00,1,EG-13900,60623.0
CA-2018-113355,2018-12-01 00:00:00,2018-12-05 00:00:00,2,SJ-20215,75051.0
US-2018-140907,2018-12-10 00:00:00,2018-12-12 00:00:00,1,BP-11185,98103.0
CA-2017-159730,2017-09-17 00:00:00,2017-09-21 00:00:00,2,SJ-20125,98103.0
CA-2017-157868,2017-12-23 00:00:00,2017-12-29 00:00:00,2,MC-17590,49505.0
CA-2018-119389,2018-04-17 00:00:00,2018-04-19 00:00:00,3,BG-11740,19120.0
CA-2018-110373,2018-10-27 00:00:00,2018-10-30 00:00:00,1,MA-17560,60610.0
CA-2017-155474,2017-07-08 00:00:00,2017-07-14 00:00:00,2,CC-12220,98105.0
CA-2016-155453,2016-08-09 00:00:00,2016-08-14 00:00:00,2,RA-19885,32216.0
US-2017-161844,2017-12-09 00:00:00,2017-12-14 00:00:00,1,DK-12835,37064.0
US-2017-162103,2017-11-13 00:00:00,2017-11-17 00:00:00,2,LB-16795,60035.0
CA-2015-151554,2015-11-14 00:00:00,2015-11-15 00:00:00,3,CM-11815,77506.0
CA-2015-140662,2015-11-17 00:00:00,2015-11-19 00:00:00,3,TS-21205,94109.0
CA-2017-122518,2017-03-04 00:00:00,2017-03-08 00:00:00,1,RF-19345,33180.0
US-2015-126571,2015-10-11 00:00:00,2015-10-15 00:00:00,2,JF-15565,19120.0
CA-2015-143840,2015-05-22 00:00:00,2015-05-29 00:00:00,2,EH-14185,35601.0
CA-2015-115980,2015-07-15 00:00:00,2015-07-19 00:00:00,2,VW-21775,57103.0
CA-2016-155145,2016-12-27 00:00:00,2016-12-29 00:00:00,1,KN-16450,93277.0
CA-2016-146038,2016-02-09 00:00:00,2016-02-16 00:00:00,2,SJ-20215,90049.0
CA-2018-133865,2018-05-08 00:00:00,2018-05-12 00:00:00,2,PS-19045,90032.0
CA-2018-116358,2018-11-02 00:00:00,2018-11-06 00:00:00,2,KM-16225,66212.0
CA-2015-102988,2015-04-05 00:00:00,2015-04-09 00:00:00,1,GM-14695,22304.0
US-2015-117170,2015-09-17 00:00:00,2015-09-24 00:00:00,2,KT-16465,27604.0
CA-2015-159478,2015-09-30 00:00:00,2015-10-06 00:00:00,2,MH-17785,10035.0
CA-2015-103702,2015-09-12 00:00:00,2015-09-17 00:00:00,2,AF-10885,45014.0
CA-2018-150525,2018-02-20 00:00:00,2018-02-25 00:00:00,2,JP-16135,74403.0
CA-2016-157770,2016-12-13 00:00:00,2016-12-15 00:00:00,3,RD-19585,92592.0
CA-2017-167290,2017-10-30 00:00:00,2017-11-04 00:00:00,2,JF-15295,48310.0
CA-2015-106264,2015-12-26 00:00:00,2015-12-30 00:00:00,2,CK-12595,92024.0
CA-2015-138023,2015-08-15 00:00:00,2015-08-18 00:00:00,3,KH-16510,75081.0
CA-2018-113418,2018-10-01 00:00:00,2018-10-03 00:00:00,3,CM-12655,10035.0
US-2016-110569,2016-05-23 00:00:00,2016-05-30 00:00:00,2,EB-13870,85023.0
CA-2018-136308,2018-11-16 00:00:00,2018-11-16 00:00:00,4,MW-18235,94122.0
US-2015-159926,2015-11-18 00:00:00,2015-11-22 00:00:00,2,CS-11950,19140.0
CA-2015-104738,2015-12-30 00:00:00,2016-01-01 00:00:00,1,SP-20620,78041.0
CA-2016-144386,2016-11-05 00:00:00,2016-11-11 00:00:00,2,GT-14635,10009.0
CA-2017-111416,2017-09-17 00:00:00,2017-09-22 00:00:00,2,LW-17215,10035.0
CA-2017-162747,2017-03-20 00:00:00,2017-03-25 00:00:00,1,AH-10030,39503.0
US-2015-133130,2015-09-27 00:00:00,2015-10-01 00:00:00,2,TH-21100,92037.0
CA-2018-169978,2018-12-24 00:00:00,2018-12-28 00:00:00,2,HG-15025,11572.0
CA-2018-161739,2018-11-10 00:00:00,2018-11-15 00:00:00,1,EB-13750,78664.0
CA-2016-165057,2016-09-11 00:00:00,2016-09-15 00:00:00,2,SC-20725,92374.0
CA-2015-134551,2015-12-20 00:00:00,2015-12-25 00:00:00,2,TS-21505,38401.0
CA-2016-120810,2016-07-23 00:00:00,2016-07-27 00:00:00,2,TH-21550,10009.0
CA-2015-165309,2015-11-11 00:00:00,2015-11-15 00:00:00,2,KD-16270,77095.0
CA-2018-122595,2018-12-14 00:00:00,2018-12-20 00:00:00,2,GM-14455,60653.0
US-2018-109253,2018-08-21 00:00:00,2018-08-22 00:00:00,3,PR-18880,94601.0
CA-2017-145982,2017-08-27 00:00:00,2017-09-01 00:00:00,1,TB-21055,2169.0
CA-2016-112014,2016-08-13 00:00:00,2016-08-20 00:00:00,2,ON-18715,92399.0
CA-2018-154732,2018-11-05 00:00:00,2018-11-07 00:00:00,3,AH-10195,60623.0
US-2017-157308,2017-08-17 00:00:00,2017-08-21 00:00:00,2,NM-18520,98105.0
CA-2017-147536,2017-12-26 00:00:00,2017-12-31 00:00:00,2,AR-10510,10024.0
US-2015-134733,2015-09-23 00:00:00,2015-09-28 00:00:00,2,BM-11650,92037.0
US-2015-150434,2015-07-19 00:00:00,2015-07-24 00:00:00,2,CA-12310,6010.0
CA-2018-100335,2018-09-07 00:00:00,2018-09-13 00:00:00,2,NF-18595,60610.0
CA-2017-139234,2017-05-06 00:00:00,2017-05-10 00:00:00,2,AF-10870,60610.0
US-2016-142020,2016-06-04 00:00:00,2016-06-08 00:00:00,1,TC-21535,10024.0
CA-2016-139962,2016-12-13 00:00:00,2016-12-20 00:00:00,2,Dp-13240,2151.0
CA-2017-130050,2017-07-16 00:00:00,2017-07-18 00:00:00,1,MC-17425,77036.0
CA-2015-115161,2015-01-31 00:00:00,2015-02-02 00:00:00,3,LC-17050,92691.0
CA-2015-165379,2015-07-09 00:00:00,2015-07-15 00:00:00,2,BM-11650,75217.0
CA-2016-115511,2016-11-21 00:00:00,2016-11-25 00:00:00,2,NW-18400,89115.0
CA-2017-134887,2017-03-25 00:00:00,2017-03-25 00:00:00,4,TB-21280,73071.0
CA-2018-123778,2018-09-23 00:00:00,2018-09-30 00:00:00,2,BS-11755,94122.0
CA-2016-161718,2016-12-04 00:00:00,2016-12-10 00:00:00,2,SO-20335,11550.0
CA-2017-100671,2017-11-01 00:00:00,2017-11-04 00:00:00,3,CS-12490,77301.0
CA-2018-142867,2018-03-17 00:00:00,2018-03-21 00:00:00,2,PO-19180,77095.0
CA-2018-103156,2018-11-23 00:00:00,2018-11-24 00:00:00,3,TD-20995,19120.0
US-2018-162208,2018-08-27 00:00:00,2018-08-30 00:00:00,3,SP-20620,33614.0
CA-2016-130659,2016-12-04 00:00:00,2016-12-09 00:00:00,1,MS-17365,10035.0
CA-2018-148404,2018-10-07 00:00:00,2018-10-11 00:00:00,2,Dp-13240,28205.0
CA-2018-101077,2018-03-25 00:00:00,2018-03-30 00:00:00,1,DB-13660,75081.0
CA-2015-166471,2015-08-09 00:00:00,2015-08-13 00:00:00,2,MG-17650,98103.0
CA-2015-105340,2015-11-22 00:00:00,2015-11-25 00:00:00,3,EH-14185,77506.0
US-2018-131583,2018-06-10 00:00:00,2018-06-10 00:00:00,4,CL-11890,19143.0
US-2018-148362,2018-07-01 00:00:00,2018-07-08 00:00:00,2,KF-16285,46203.0
CA-2015-102274,2015-11-21 00:00:00,2015-11-26 00:00:00,2,DH-13075,40475.0
CA-2016-129700,2016-05-04 00:00:00,2016-05-05 00:00:00,3,LA-16780,60477.0
CA-2018-168739,2018-05-29 00:00:00,2018-06-05 00:00:00,2,HZ-14950,77095.0
CA-2016-152527,2016-10-17 00:00:00,2016-10-17 00:00:00,4,CM-12190,90004.0
US-2015-150119,2015-04-23 00:00:00,2015-04-27 00:00:00,2,LB-16795,43229.0
US-2018-150847,2018-04-30 00:00:00,2018-05-06 00:00:00,2,JF-15490,43229.0
CA-2017-100244,2017-09-20 00:00:00,2017-09-24 00:00:00,2,GM-14695,94122.0
CA-2017-116540,2017-09-02 00:00:00,2017-09-02 00:00:00,4,SS-20590,53711.0
CA-2016-151841,2016-04-27 00:00:00,2016-05-02 00:00:00,2,TC-21475,80013.0
CA-2016-150791,2016-09-06 00:00:00,2016-09-13 00:00:00,2,CC-12430,10024.0
CA-2017-134803,2017-05-28 00:00:00,2017-06-03 00:00:00,2,CL-12565,90004.0
CA-2016-153381,2016-09-24 00:00:00,2016-09-28 00:00:00,2,DE-13255,52001.0
US-2018-111024,2018-07-03 00:00:00,2018-07-06 00:00:00,1,SZ-20035,43130.0
CA-2018-148264,2018-12-08 00:00:00,2018-12-09 00:00:00,3,LF-17185,90301.0
CA-2018-131212,2018-12-05 00:00:00,2018-12-09 00:00:00,2,AB-10165,98006.0
US-2016-100531,2016-09-27 00:00:00,2016-09-29 00:00:00,3,NM-18520,60610.0
CA-2018-152583,2018-10-30 00:00:00,2018-10-30 00:00:00,4,RA-19945,75217.0
CA-2016-144099,2016-11-29 00:00:00,2016-11-30 00:00:00,4,PO-19195,94122.0
CA-2015-158337,2015-03-11 00:00:00,2015-03-14 00:00:00,1,KA-16525,10024.0
CA-2018-168858,2018-11-19 00:00:00,2018-11-23 00:00:00,2,JD-16150,10011.0
CA-2017-116344,2017-07-29 00:00:00,2017-08-02 00:00:00,2,JO-15145,19140.0
CA-2016-131779,2016-06-12 00:00:00,2016-06-17 00:00:00,2,LE-16810,19711.0
CA-2017-158869,2017-08-06 00:00:00,2017-08-07 00:00:00,3,AH-10690,10024.0
CA-2018-102554,2018-06-11 00:00:00,2018-06-15 00:00:00,2,KN-16705,36830.0
CA-2017-162614,2017-10-07 00:00:00,2017-10-13 00:00:00,2,TB-21250,90049.0
CA-2015-168592,2015-09-08 00:00:00,2015-09-14 00:00:00,2,DP-13390,94110.0
CA-2015-157609,2015-03-16 00:00:00,2015-03-21 00:00:00,1,KN-16705,27604.0
CA-2016-153325,2016-03-01 00:00:00,2016-03-02 00:00:00,1,ST-20530,31204.0
CA-2016-153626,2016-07-09 00:00:00,2016-07-14 00:00:00,2,EB-13870,37211.0
CA-2017-166485,2017-02-20 00:00:00,2017-02-27 00:00:00,2,AH-10210,37211.0
CA-2018-136448,2018-09-16 00:00:00,2018-09-18 00:00:00,3,AS-10090,19143.0
CA-2018-114258,2018-11-05 00:00:00,2018-11-10 00:00:00,1,EM-13825,75081.0
CA-2016-152611,2016-02-20 00:00:00,2016-02-23 00:00:00,1,KA-16525,8861.0
CA-2017-165470,2017-11-25 00:00:00,2017-11-30 00:00:00,2,HJ-14875,32216.0
CA-2018-128699,2018-12-03 00:00:00,2018-12-05 00:00:00,1,ND-18370,32216.0
US-2016-147242,2016-09-10 00:00:00,2016-09-14 00:00:00,2,EH-13765,2151.0
CA-2017-146143,2017-12-14 00:00:00,2017-12-19 00:00:00,2,MC-17845,39212.0
CA-2016-100888,2016-04-06 00:00:00,2016-04-10 00:00:00,2,MH-17455,28540.0
US-2017-150035,2017-12-01 00:00:00,2017-12-05 00:00:00,2,CL-11890,94122.0
CA-2018-122644,2018-11-12 00:00:00,2018-11-17 00:00:00,2,SF-20965,43229.0
CA-2018-111815,2018-03-03 00:00:00,2018-03-10 00:00:00,2,EP-13915,48127.0
CA-2017-144911,2017-11-27 00:00:00,2017-11-30 00:00:00,3,RW-19630,66212.0
CA-2015-143385,2015-08-31 00:00:00,2015-09-05 00:00:00,2,SJ-20500,87505.0
CA-2017-131289,2017-12-08 00:00:00,2017-12-14 00:00:00,2,SP-20620,94110.0
CA-2015-124023,2015-04-07 00:00:00,2015-04-10 00:00:00,3,PJ-19015,36608.0
CA-2015-124688,2015-08-27 00:00:00,2015-08-29 00:00:00,3,CC-12610,22153.0
CA-2017-151169,2017-10-21 00:00:00,2017-10-26 00:00:00,2,MY-18295,19711.0
US-2017-134761,2017-11-30 00:00:00,2017-11-30 00:00:00,4,DB-13210,28601.0
CA-2018-120705,2018-09-05 00:00:00,2018-09-11 00:00:00,2,MG-17875,33311.0
CA-2016-157322,2016-07-02 00:00:00,2016-07-06 00:00:00,2,RH-19600,60188.0
CA-2018-142034,2018-09-24 00:00:00,2018-09-28 00:00:00,2,KB-16240,56301.0
CA-2017-107328,2017-08-08 00:00:00,2017-08-15 00:00:00,2,CA-12055,90036.0
CA-2017-108616,2017-09-29 00:00:00,2017-10-03 00:00:00,2,JK-15730,36608.0
CA-2018-125115,2018-04-10 00:00:00,2018-04-10 00:00:00,4,RD-19930,78745.0
CA-2017-150945,2017-12-18 00:00:00,2017-12-20 00:00:00,1,JK-16120,10009.0
CA-2015-166863,2015-06-20 00:00:00,2015-06-24 00:00:00,2,SC-20020,75023.0
CA-2018-140326,2018-09-04 00:00:00,2018-09-06 00:00:00,3,HW-14935,60653.0
CA-2017-168536,2017-12-20 00:00:00,2017-12-24 00:00:00,2,SC-20800,39212.0
US-2017-113649,2017-08-09 00:00:00,2017-08-12 00:00:00,3,HA-14920,28314.0
CA-2016-124975,2016-06-22 00:00:00,2016-06-25 00:00:00,3,MG-17875,60505.0
CA-2016-168767,2016-04-10 00:00:00,2016-04-15 00:00:00,2,DM-12955,95823.0
CA-2017-114482,2017-11-21 00:00:00,2017-11-25 00:00:00,1,DM-13345,50315.0
CA-2017-137673,2017-09-05 00:00:00,2017-09-10 00:00:00,2,ML-17395,92105.0
CA-2017-132731,2017-11-24 00:00:00,2017-11-28 00:00:00,2,GA-14515,75081.0
CA-2018-148922,2018-12-10 00:00:00,2018-12-15 00:00:00,1,SU-20665,39212.0
CA-2017-130680,2017-06-24 00:00:00,2017-06-29 00:00:00,2,BD-11320,92024.0
CA-2016-141145,2016-09-17 00:00:00,2016-09-23 00:00:00,2,DB-13405,32839.0
US-2017-152835,2017-05-19 00:00:00,2017-05-23 00:00:00,2,RP-19855,47905.0
CA-2017-155565,2017-05-28 00:00:00,2017-05-28 00:00:00,4,EH-13765,10035.0
CA-2015-110849,2015-04-18 00:00:00,2015-04-23 00:00:00,2,JL-15835,90049.0
CA-2017-145842,2017-06-17 00:00:00,2017-06-20 00:00:00,1,FM-14380,10024.0
CA-2015-158771,2015-05-09 00:00:00,2015-05-09 00:00:00,4,SB-20290,42420.0
CA-2017-157511,2017-09-18 00:00:00,2017-09-20 00:00:00,3,SV-20365,43229.0
CA-2018-121216,2018-12-23 00:00:00,2018-12-25 00:00:00,1,MM-17920,77840.0
CA-2018-155292,2018-10-30 00:00:00,2018-11-01 00:00:00,3,RD-19810,40475.0
CA-2017-152555,2017-03-29 00:00:00,2017-04-02 00:00:00,1,ME-17320,60653.0
CA-2018-107832,2018-11-23 00:00:00,2018-11-26 00:00:00,1,FH-14275,19120.0
CA-2015-120838,2015-03-23 00:00:00,2015-03-26 00:00:00,1,PO-18865,90036.0
CA-2018-118542,2018-12-01 00:00:00,2018-12-05 00:00:00,2,CC-12550,90008.0
CA-2018-152737,2018-11-07 00:00:00,2018-11-12 00:00:00,2,TS-21505,94122.0
CA-2018-109757,2018-09-04 00:00:00,2018-09-09 00:00:00,1,MD-17350,44312.0
CA-2017-130029,2017-07-03 00:00:00,2017-07-06 00:00:00,3,GT-14755,90049.0
CA-2018-103877,2018-09-07 00:00:00,2018-09-14 00:00:00,2,RD-19660,64055.0
CA-2017-137176,2017-09-09 00:00:00,2017-09-14 00:00:00,1,DB-12910,75220.0
CA-2018-168109,2018-07-03 00:00:00,2018-07-03 00:00:00,4,JK-15640,98105.0
US-2018-126081,2018-06-29 00:00:00,2018-07-04 00:00:00,2,FC-14335,75150.0
CA-2018-117023,2018-08-07 00:00:00,2018-08-12 00:00:00,2,JW-15955,11561.0
CA-2016-143532,2016-03-19 00:00:00,2016-03-24 00:00:00,2,DC-12850,33161.0
CA-2017-103163,2017-06-07 00:00:00,2017-06-11 00:00:00,2,FM-14290,93309.0
CA-2017-104157,2017-07-25 00:00:00,2017-07-29 00:00:00,2,MT-17815,39212.0
CA-2018-117807,2018-10-01 00:00:00,2018-10-07 00:00:00,2,DK-13090,68025.0
CA-2016-121650,2016-12-10 00:00:00,2016-12-16 00:00:00,2,KD-16495,49201.0
CA-2018-161823,2018-09-03 00:00:00,2018-09-08 00:00:00,2,AG-10300,94122.0
CA-2018-121839,2018-09-24 00:00:00,2018-09-28 00:00:00,2,MH-18115,43130.0
CA-2018-158729,2018-12-19 00:00:00,2018-12-21 00:00:00,3,AC-10450,70506.0
CA-2018-146535,2018-11-24 00:00:00,2018-11-30 00:00:00,2,FM-14290,40475.0
CA-2015-154186,2015-12-13 00:00:00,2015-12-15 00:00:00,1,RA-19285,77070.0
CA-2017-108434,2017-12-05 00:00:00,2017-12-07 00:00:00,1,JG-15160,10024.0
CA-2017-164154,2017-09-11 00:00:00,2017-09-17 00:00:00,2,NZ-18565,43615.0
CA-2018-148012,2018-12-09 00:00:00,2018-12-15 00:00:00,2,KM-16225,19143.0
CA-2015-102869,2015-09-09 00:00:00,2015-09-14 00:00:00,1,LC-17140,19140.0
CA-2018-138310,2018-06-26 00:00:00,2018-06-30 00:00:00,2,NP-18700,80219.0
CA-2015-159835,2015-11-17 00:00:00,2015-11-24 00:00:00,2,RB-19330,19143.0
CA-2018-112956,2018-08-21 00:00:00,2018-08-27 00:00:00,2,TH-21550,21044.0
CA-2017-119683,2017-03-12 00:00:00,2017-03-16 00:00:00,1,CK-12595,10024.0
CA-2015-163559,2015-09-23 00:00:00,2015-09-28 00:00:00,1,ST-20530,10035.0
CA-2015-140228,2015-04-28 00:00:00,2015-05-03 00:00:00,2,GB-14530,43055.0
US-2017-131674,2017-11-29 00:00:00,2017-12-01 00:00:00,1,NC-18535,75217.0
CA-2016-110093,2016-12-03 00:00:00,2016-12-08 00:00:00,2,AB-10255,19134.0
CA-2018-112529,2018-11-19 00:00:00,2018-11-21 00:00:00,3,SC-20770,78207.0
CA-2017-154536,2017-09-05 00:00:00,2017-09-09 00:00:00,2,JC-15340,19120.0
CA-2018-141929,2018-09-04 00:00:00,2018-09-08 00:00:00,2,RA-19285,90004.0
CA-2017-109743,2017-09-22 00:00:00,2017-09-29 00:00:00,2,SH-19975,37167.0
CA-2015-159184,2015-09-14 00:00:00,2015-09-19 00:00:00,2,JC-15775,31204.0
CA-2018-113530,2018-05-19 00:00:00,2018-05-21 00:00:00,1,BC-11125,94109.0
CA-2015-169726,2015-08-09 00:00:00,2015-08-13 00:00:00,2,JH-15985,98103.0
CA-2018-155957,2018-11-26 00:00:00,2018-11-30 00:00:00,2,CC-12610,43229.0
CA-2018-132178,2018-05-03 00:00:00,2018-05-08 00:00:00,1,DB-12970,90004.0
CA-2017-145177,2017-11-10 00:00:00,2017-11-14 00:00:00,2,PP-18955,45503.0
CA-2015-156594,2015-12-20 00:00:00,2015-12-23 00:00:00,1,MC-17845,90008.0
CA-2015-146528,2015-07-25 00:00:00,2015-07-27 00:00:00,1,VF-21715,90045.0
CA-2016-168459,2016-11-22 00:00:00,2016-11-27 00:00:00,2,MC-17275,38109.0
CA-2018-109960,2018-12-09 00:00:00,2018-12-11 00:00:00,1,DB-13210,48234.0
CA-2018-133004,2018-08-31 00:00:00,2018-09-05 00:00:00,2,AJ-10945,46226.0
CA-2018-168102,2018-04-24 00:00:00,2018-04-30 00:00:00,2,CP-12340,32216.0
CA-2018-158036,2018-09-08 00:00:00,2018-09-14 00:00:00,2,DB-13555,43017.0
CA-2016-128083,2016-03-12 00:00:00,2016-03-17 00:00:00,2,EB-13750,33317.0
CA-2017-161676,2017-07-18 00:00:00,2017-07-23 00:00:00,2,JP-15460,85301.0
CA-2017-155005,2017-06-13 00:00:00,2017-06-15 00:00:00,1,SC-20050,49201.0
US-2018-129777,2018-07-03 00:00:00,2018-07-09 00:00:00,2,FM-14290,2169.0
CA-2015-129364,2015-12-08 00:00:00,2015-12-13 00:00:00,2,TB-21250,97301.0
CA-2017-104969,2017-04-08 00:00:00,2017-04-14 00:00:00,2,EH-14125,45373.0
CA-2018-154109,2018-11-06 00:00:00,2018-11-11 00:00:00,2,ML-17410,19143.0
CA-2016-156440,2016-12-05 00:00:00,2016-12-09 00:00:00,2,MH-17620,92105.0
CA-2016-132626,2016-07-09 00:00:00,2016-07-14 00:00:00,2,BT-11680,20735.0
CA-2017-102792,2017-12-13 00:00:00,2017-12-19 00:00:00,2,JC-15340,92503.0
CA-2017-108567,2017-05-20 00:00:00,2017-05-24 00:00:00,2,DB-13210,34952.0
CA-2018-140760,2018-06-02 00:00:00,2018-06-05 00:00:00,1,DO-13435,85204.0
US-2016-131359,2016-10-30 00:00:00,2016-11-02 00:00:00,1,FA-14230,80219.0
CA-2017-142097,2017-10-15 00:00:00,2017-10-20 00:00:00,2,QJ-19255,22153.0
CA-2016-151680,2016-11-19 00:00:00,2016-11-21 00:00:00,1,TC-21475,98115.0
CA-2015-140039,2015-09-13 00:00:00,2015-09-17 00:00:00,2,ON-18715,85281.0
CA-2018-160416,2018-11-13 00:00:00,2018-11-18 00:00:00,1,AD-10180,10701.0
CA-2018-169411,2018-12-24 00:00:00,2018-12-29 00:00:00,2,AC-10615,14609.0
CA-2017-126543,2017-01-09 00:00:00,2017-01-13 00:00:00,1,MF-17665,43615.0
CA-2016-104941,2016-06-13 00:00:00,2016-06-19 00:00:00,2,DH-13075,35601.0
CA-2018-160087,2018-03-18 00:00:00,2018-03-22 00:00:00,2,EN-13780,75220.0
CA-2015-120544,2015-11-23 00:00:00,2015-11-27 00:00:00,2,SS-20140,75150.0
CA-2018-113670,2018-10-15 00:00:00,2018-10-17 00:00:00,3,RS-19765,90045.0
CA-2018-166198,2018-04-21 00:00:00,2018-04-24 00:00:00,3,JW-15955,98103.0
CA-2015-135608,2015-12-08 00:00:00,2015-12-10 00:00:00,1,JK-15625,98502.0
CA-2018-144568,2018-05-29 00:00:00,2018-06-02 00:00:00,2,JO-15550,68104.0
CA-2017-142370,2017-09-19 00:00:00,2017-09-23 00:00:00,2,TP-21130,31907.0
CA-2017-105900,2017-09-17 00:00:00,2017-09-23 00:00:00,2,BS-11590,47201.0
CA-2017-151155,2017-12-20 00:00:00,2017-12-24 00:00:00,2,AB-10255,39212.0
CA-2018-144036,2018-11-22 00:00:00,2018-11-26 00:00:00,2,FO-14305,77070.0
US-2015-169789,2015-12-30 00:00:00,2016-01-04 00:00:00,2,MF-17665,85023.0
CA-2018-127264,2018-04-03 00:00:00,2018-04-05 00:00:00,3,SA-20830,60653.0
CA-2017-151512,2017-12-26 00:00:00,2018-01-02 00:00:00,2,SH-19975,80219.0
CA-2017-165169,2017-06-05 00:00:00,2017-06-11 00:00:00,2,JL-15235,19711.0
CA-2016-109575,2016-09-18 00:00:00,2016-09-23 00:00:00,2,KH-16630,20735.0
CA-2018-168193,2018-03-06 00:00:00,2018-03-11 00:00:00,1,RM-19750,10011.0
CA-2017-115476,2017-03-17 00:00:00,2017-03-17 00:00:00,4,VM-21835,19711.0
CA-2017-133340,2017-12-09 00:00:00,2017-12-13 00:00:00,2,LH-17155,49201.0
CA-2017-137848,2017-01-15 00:00:00,2017-01-21 00:00:00,2,WB-21850,10011.0
CA-2015-113047,2015-10-24 00:00:00,2015-10-24 00:00:00,4,AP-10915,29730.0
CA-2017-149979,2017-09-23 00:00:00,2017-09-28 00:00:00,1,RA-19915,31907.0
CA-2018-161956,2018-08-27 00:00:00,2018-08-29 00:00:00,1,DR-12880,90301.0
CA-2017-116799,2017-03-03 00:00:00,2017-03-06 00:00:00,3,JG-15310,79762.0
CA-2017-111283,2017-02-28 00:00:00,2017-03-04 00:00:00,2,LC-16870,43055.0
CA-2016-167745,2016-09-18 00:00:00,2016-09-23 00:00:00,2,GB-14530,90049.0
CA-2018-104577,2018-05-12 00:00:00,2018-05-17 00:00:00,2,CK-12205,2149.0
CA-2017-156251,2017-08-13 00:00:00,2017-08-18 00:00:00,1,TS-21160,53214.0
CA-2018-125878,2018-02-25 00:00:00,2018-03-02 00:00:00,2,MH-18025,60623.0
CA-2017-163153,2017-03-21 00:00:00,2017-03-25 00:00:00,2,DM-12955,77036.0
CA-2016-103205,2016-12-08 00:00:00,2016-12-10 00:00:00,1,JJ-15760,77036.0
CA-2015-153913,2015-12-16 00:00:00,2015-12-20 00:00:00,1,KB-16585,33012.0
CA-2017-155530,2017-12-17 00:00:00,2017-12-21 00:00:00,2,CM-12160,94122.0
US-2017-101196,2017-05-12 00:00:00,2017-05-17 00:00:00,2,FM-14215,19140.0
CA-2015-115357,2015-08-06 00:00:00,2015-08-11 00:00:00,1,RF-19735,29203.0
US-2015-102715,2015-04-11 00:00:00,2015-04-13 00:00:00,1,JK-15370,33180.0
CA-2016-107937,2016-05-03 00:00:00,2016-05-08 00:00:00,2,JB-16045,91911.0
US-2018-148768,2018-11-30 00:00:00,2018-12-02 00:00:00,1,PN-18775,33180.0
CA-2018-118521,2018-02-16 00:00:00,2018-02-20 00:00:00,2,LF-17185,10035.0
CA-2015-149643,2015-11-16 00:00:00,2015-11-20 00:00:00,2,RH-19510,66502.0
CA-2016-135314,2016-07-09 00:00:00,2016-07-14 00:00:00,1,MC-17575,19120.0
CA-2018-165204,2018-11-13 00:00:00,2018-11-16 00:00:00,1,MN-17935,38109.0
CA-2018-125752,2018-07-31 00:00:00,2018-08-04 00:00:00,2,EH-14125,33311.0
CA-2018-112487,2018-12-26 00:00:00,2018-12-30 00:00:00,2,TC-21535,43229.0
CA-2017-144218,2017-10-31 00:00:00,2017-11-04 00:00:00,2,JD-15895,90045.0
CA-2017-169971,2017-09-04 00:00:00,2017-09-09 00:00:00,2,IL-15100,77041.0
US-2017-133508,2017-04-17 00:00:00,2017-04-21 00:00:00,2,SW-20350,68104.0
CA-2015-107139,2015-07-05 00:00:00,2015-07-11 00:00:00,2,DP-13390,90004.0
CA-2016-111325,2016-02-27 00:00:00,2016-02-28 00:00:00,3,BT-11395,16602.0
CA-2016-163762,2016-11-27 00:00:00,2016-12-01 00:00:00,2,JE-15475,10024.0
US-2015-117163,2015-01-27 00:00:00,2015-02-02 00:00:00,2,EJ-13720,92037.0
CA-2018-121314,2018-09-23 00:00:00,2018-09-26 00:00:00,3,BE-11410,33178.0
CA-2018-147760,2018-11-04 00:00:00,2018-11-05 00:00:00,3,KL-16555,27405.0
CA-2017-156503,2017-10-14 00:00:00,2017-10-20 00:00:00,2,NC-18415,28540.0
CA-2016-113628,2016-11-12 00:00:00,2016-11-19 00:00:00,2,AH-10690,33317.0
CA-2018-147753,2018-03-05 00:00:00,2018-03-05 00:00:00,4,PK-19075,53209.0
CA-2016-103961,2016-11-05 00:00:00,2016-11-09 00:00:00,2,NG-18430,62301.0
CA-2017-152471,2017-07-08 00:00:00,2017-07-08 00:00:00,4,ZD-21925,32216.0
CA-2016-102582,2016-09-15 00:00:00,2016-09-19 00:00:00,2,NW-18400,36608.0
CA-2018-141873,2018-10-09 00:00:00,2018-10-14 00:00:00,2,HG-14845,10024.0
CA-2016-140984,2016-09-14 00:00:00,2016-09-18 00:00:00,2,CC-12685,10011.0
CA-2015-132801,2015-10-07 00:00:00,2015-10-12 00:00:00,2,JG-15805,75217.0
CA-2018-141733,2018-05-07 00:00:00,2018-05-11 00:00:00,2,RW-19540,48234.0
US-2016-111927,2016-11-14 00:00:00,2016-11-19 00:00:00,2,LS-17230,19901.0
CA-2015-105984,2015-11-24 00:00:00,2015-11-24 00:00:00,4,MY-18295,43229.0
CA-2015-100363,2015-04-08 00:00:00,2015-04-15 00:00:00,2,JM-15655,85301.0
CA-2015-126760,2015-07-26 00:00:00,2015-08-02 00:00:00,2,KM-16720,89031.0
US-2015-109162,2015-06-08 00:00:00,2015-06-12 00:00:00,2,KE-16420,37620.0
CA-2015-101931,2015-10-28 00:00:00,2015-10-31 00:00:00,3,TS-21370,90049.0
CA-2018-129000,2018-11-25 00:00:00,2018-11-27 00:00:00,1,SZ-20035,48187.0
CA-2018-161053,2018-09-22 00:00:00,2018-09-23 00:00:00,3,JE-15745,72701.0
CA-2016-142377,2016-12-04 00:00:00,2016-12-09 00:00:00,2,MS-17980,65807.0
CA-2016-127593,2016-09-21 00:00:00,2016-09-21 00:00:00,4,DH-13675,2169.0
CA-2018-130526,2018-11-26 00:00:00,2018-11-29 00:00:00,3,GT-14755,61107.0
US-2018-131849,2018-06-06 00:00:00,2018-06-10 00:00:00,2,GH-14410,94122.0
US-2018-105389,2018-10-23 00:00:00,2018-10-28 00:00:00,1,DM-13015,78207.0
CA-2015-140816,2015-12-20 00:00:00,2015-12-20 00:00:00,4,TC-21295,80229.0
CA-2018-154039,2018-02-17 00:00:00,2018-02-22 00:00:00,2,JK-16120,60653.0
CA-2015-135755,2015-05-03 00:00:00,2015-05-10 00:00:00,2,NC-18415,10701.0
CA-2018-123246,2018-10-17 00:00:00,2018-10-19 00:00:00,1,AJ-10960,92037.0
CA-2016-157133,2016-11-28 00:00:00,2016-12-03 00:00:00,2,LC-16885,61821.0
CA-2015-124709,2015-07-27 00:00:00,2015-07-29 00:00:00,1,GW-14605,94122.0
CA-2018-146360,2018-04-23 00:00:00,2018-04-25 00:00:00,1,SC-20305,46226.0
CA-2016-132486,2016-10-23 00:00:00,2016-10-27 00:00:00,1,JF-15355,92105.0
CA-2017-136231,2017-09-05 00:00:00,2017-09-07 00:00:00,1,DM-13015,37604.0
CA-2017-140641,2017-10-28 00:00:00,2017-11-02 00:00:00,2,EP-13915,33614.0
CA-2015-151001,2015-04-05 00:00:00,2015-04-07 00:00:00,3,JG-15805,62521.0
CA-2016-129896,2016-06-15 00:00:00,2016-06-20 00:00:00,2,PF-19120,85234.0
CA-2015-152849,2015-07-05 00:00:00,2015-07-12 00:00:00,2,DW-13195,37918.0
US-2018-127341,2018-01-29 00:00:00,2018-02-02 00:00:00,2,CK-12595,60653.0
CA-2017-167759,2017-03-03 00:00:00,2017-03-08 00:00:00,1,CC-12670,47401.0
CA-2015-100895,2015-06-02 00:00:00,2015-06-06 00:00:00,2,SV-20785,30076.0
US-2017-163881,2017-11-24 00:00:00,2017-11-30 00:00:00,2,SP-20860,90036.0
US-2017-144547,2017-11-10 00:00:00,2017-11-14 00:00:00,2,MS-17770,77036.0
US-2015-112200,2015-11-22 00:00:00,2015-11-28 00:00:00,2,TC-21475,60440.0
CA-2018-110212,2018-05-01 00:00:00,2018-05-05 00:00:00,2,SJ-20125,71854.0
CA-2018-134285,2018-12-07 00:00:00,2018-12-12 00:00:00,2,DS-13180,78207.0
CA-2018-102267,2018-11-30 00:00:00,2018-12-04 00:00:00,2,SC-20800,78539.0
CA-2018-157980,2018-12-07 00:00:00,2018-12-09 00:00:00,3,SH-20395,43615.0
CA-2016-121097,2016-01-03 00:00:00,2016-01-08 00:00:00,2,SF-20965,77520.0
CA-2016-151043,2016-11-14 00:00:00,2016-11-20 00:00:00,2,MG-17680,19143.0
US-2016-119312,2016-10-02 00:00:00,2016-10-07 00:00:00,1,CS-12400,90045.0
CA-2016-167010,2016-04-05 00:00:00,2016-04-10 00:00:00,2,VT-21700,19143.0
CA-2018-126788,2018-06-05 00:00:00,2018-06-06 00:00:00,3,AB-10105,77581.0
CA-2018-148068,2018-09-18 00:00:00,2018-09-25 00:00:00,2,MM-18280,10035.0
US-2018-142573,2018-07-18 00:00:00,2018-07-23 00:00:00,2,ML-17410,85023.0
US-2016-148817,2016-12-01 00:00:00,2016-12-07 00:00:00,2,KD-16495,23320.0
CA-2017-110044,2017-06-28 00:00:00,2017-07-02 00:00:00,1,RF-19735,60610.0
CA-2018-146920,2018-08-28 00:00:00,2018-09-01 00:00:00,2,SC-20305,60623.0
CA-2015-103940,2015-09-17 00:00:00,2015-09-21 00:00:00,2,BN-11515,98103.0
CA-2017-162082,2017-03-14 00:00:00,2017-03-17 00:00:00,3,JS-15880,78550.0
CA-2017-132094,2017-08-26 00:00:00,2017-09-02 00:00:00,2,VG-21805,19140.0
CA-2018-123001,2018-09-02 00:00:00,2018-09-08 00:00:00,2,AW-10840,93309.0
CA-2016-118955,2016-06-16 00:00:00,2016-06-20 00:00:00,2,LS-17230,75051.0
US-2017-143448,2017-12-10 00:00:00,2017-12-10 00:00:00,4,MH-17455,46142.0
CA-2018-117863,2018-05-18 00:00:00,2018-05-23 00:00:00,2,TS-21340,10024.0
CA-2018-160458,2018-05-27 00:00:00,2018-05-29 00:00:00,1,EH-13945,38109.0
US-2017-142685,2017-06-23 00:00:00,2017-06-30 00:00:00,2,MG-17695,14215.0
CA-2017-133144,2017-05-16 00:00:00,2017-05-21 00:00:00,1,DO-13435,90036.0
CA-2018-167871,2018-11-18 00:00:00,2018-11-23 00:00:00,2,AF-10870,33030.0
CA-2017-119963,2017-11-18 00:00:00,2017-11-22 00:00:00,2,SN-20710,77506.0
CA-2015-121167,2015-11-28 00:00:00,2015-11-30 00:00:00,1,MO-17500,11520.0
US-2017-151862,2017-03-01 00:00:00,2017-03-08 00:00:00,2,ON-18715,80219.0
CA-2018-152961,2018-01-15 00:00:00,2018-01-19 00:00:00,2,SC-20095,2169.0
CA-2015-133228,2015-04-04 00:00:00,2015-04-09 00:00:00,2,MS-17710,48205.0
CA-2017-114951,2017-06-26 00:00:00,2017-07-03 00:00:00,2,DN-13690,94109.0
CA-2017-156573,2017-05-29 00:00:00,2017-06-02 00:00:00,2,RB-19360,37211.0
CA-2016-113901,2016-10-19 00:00:00,2016-10-24 00:00:00,2,NH-18610,48227.0
CA-2018-134838,2018-02-19 00:00:00,2018-02-20 00:00:00,3,ED-13885,90045.0
CA-2017-120257,2017-09-22 00:00:00,2017-09-28 00:00:00,2,PW-19240,19140.0
CA-2015-164910,2015-11-12 00:00:00,2015-11-17 00:00:00,1,DM-13345,28806.0
CA-2017-149902,2017-04-01 00:00:00,2017-04-06 00:00:00,2,DW-13540,10024.0
CA-2017-146010,2017-05-20 00:00:00,2017-05-23 00:00:00,3,EH-14125,80906.0
US-2016-163685,2016-06-01 00:00:00,2016-06-05 00:00:00,2,KE-16420,78207.0
CA-2015-135090,2015-11-22 00:00:00,2015-11-26 00:00:00,2,SP-20920,90036.0
CA-2016-132374,2016-02-22 00:00:00,2016-02-24 00:00:00,1,PS-19045,48310.0
CA-2017-167556,2017-03-29 00:00:00,2017-04-02 00:00:00,2,JM-15250,10009.0
US-2017-116400,2017-10-22 00:00:00,2017-10-24 00:00:00,3,EB-13930,23223.0
CA-2018-101308,2018-10-02 00:00:00,2018-10-07 00:00:00,2,FG-14260,98105.0
CA-2015-114517,2015-12-23 00:00:00,2015-12-27 00:00:00,2,TH-21235,10024.0
CA-2018-119564,2018-12-15 00:00:00,2018-12-20 00:00:00,2,PL-18925,98115.0
CA-2017-135265,2017-07-07 00:00:00,2017-07-09 00:00:00,1,CC-12370,90045.0
CA-2017-108735,2017-04-17 00:00:00,2017-04-21 00:00:00,2,JM-15535,90712.0
CA-2018-112333,2018-04-08 00:00:00,2018-04-14 00:00:00,2,KF-16285,7060.0
US-2017-159415,2017-04-17 00:00:00,2017-04-22 00:00:00,2,CS-12175,38401.0
CA-2015-122588,2015-11-25 00:00:00,2015-11-27 00:00:00,1,AR-10540,2895.0
CA-2015-137589,2015-11-03 00:00:00,2015-11-08 00:00:00,2,MS-17770,17602.0
CA-2016-161998,2016-05-01 00:00:00,2016-05-05 00:00:00,2,DB-13120,33614.0
CA-2016-105627,2016-03-08 00:00:00,2016-03-12 00:00:00,2,DK-12895,53142.0
US-2016-149629,2016-07-17 00:00:00,2016-07-20 00:00:00,1,MP-17965,34952.0
CA-2015-116834,2015-10-11 00:00:00,2015-10-16 00:00:00,2,Dp-13240,98115.0
CA-2017-145730,2017-03-03 00:00:00,2017-03-08 00:00:00,2,CC-12220,78207.0
US-2016-168732,2016-12-10 00:00:00,2016-12-16 00:00:00,2,KM-16660,30076.0
CA-2016-107468,2016-12-18 00:00:00,2016-12-22 00:00:00,2,MK-17905,80027.0
CA-2018-144463,2018-01-01 00:00:00,2018-01-05 00:00:00,2,SC-20725,90036.0
CA-2018-100811,2018-11-21 00:00:00,2018-11-24 00:00:00,3,CC-12475,19143.0
CA-2016-153612,2016-12-22 00:00:00,2016-12-27 00:00:00,2,BT-11305,54880.0
CA-2016-165624,2016-08-23 00:00:00,2016-08-28 00:00:00,2,FH-14350,30318.0
CA-2015-154963,2015-06-22 00:00:00,2015-06-27 00:00:00,2,AA-10645,19013.0
CA-2018-130764,2018-10-27 00:00:00,2018-10-28 00:00:00,3,JO-15145,94110.0
CA-2018-139311,2018-08-11 00:00:00,2018-08-13 00:00:00,3,SF-20965,76021.0
CA-2018-124296,2018-12-24 00:00:00,2018-12-28 00:00:00,2,CS-12355,70506.0
CA-2017-169957,2017-09-26 00:00:00,2017-09-30 00:00:00,2,SN-20710,98042.0
US-2017-108777,2017-12-12 00:00:00,2017-12-12 00:00:00,4,JM-15655,44052.0
CA-2016-148859,2016-12-28 00:00:00,2017-01-01 00:00:00,2,FH-14350,60623.0
CA-2015-110786,2015-12-29 00:00:00,2016-01-02 00:00:00,2,AJ-10795,94110.0
CA-2016-137750,2016-06-25 00:00:00,2016-06-30 00:00:00,2,JF-15565,94110.0
CA-2016-136378,2016-04-02 00:00:00,2016-04-07 00:00:00,2,CS-11845,77070.0
CA-2018-100356,2018-10-21 00:00:00,2018-10-25 00:00:00,2,SP-20920,60653.0
US-2016-166520,2016-07-16 00:00:00,2016-07-19 00:00:00,3,KE-16420,10035.0
CA-2018-136350,2018-06-24 00:00:00,2018-06-26 00:00:00,1,GA-14515,10011.0
CA-2015-122931,2015-09-29 00:00:00,2015-10-03 00:00:00,2,SM-20950,19134.0
CA-2015-163034,2015-11-24 00:00:00,2015-11-28 00:00:00,2,DK-12985,60610.0
CA-2016-124058,2016-11-20 00:00:00,2016-11-24 00:00:00,2,LC-16885,94601.0
CA-2017-129196,2017-11-01 00:00:00,2017-11-07 00:00:00,2,XP-21865,60610.0
US-2016-138716,2016-09-17 00:00:00,2016-09-20 00:00:00,3,CS-11845,98105.0
US-2017-122182,2017-03-10 00:00:00,2017-03-14 00:00:00,2,BD-11770,19143.0
US-2015-130358,2015-06-23 00:00:00,2015-06-26 00:00:00,3,DL-13330,28027.0
CA-2015-102673,2015-11-01 00:00:00,2015-11-05 00:00:00,2,KH-16630,28205.0
CA-2017-145303,2017-08-28 00:00:00,2017-08-31 00:00:00,3,TP-21415,75081.0
CA-2016-156104,2016-12-06 00:00:00,2016-12-08 00:00:00,1,NP-18685,46203.0
US-2016-164308,2016-09-24 00:00:00,2016-09-27 00:00:00,3,SC-20680,74012.0
CA-2018-108112,2018-11-15 00:00:00,2018-11-20 00:00:00,2,DK-12895,33023.0
CA-2016-100685,2016-12-19 00:00:00,2016-12-21 00:00:00,1,SM-20950,68104.0
CA-2016-165414,2016-12-21 00:00:00,2016-12-24 00:00:00,3,LS-17245,28540.0
CA-2017-140417,2017-09-25 00:00:00,2017-09-29 00:00:00,2,KE-16420,97224.0
US-2018-151316,2018-06-24 00:00:00,2018-06-30 00:00:00,2,MC-17635,62521.0
CA-2018-163692,2018-09-07 00:00:00,2018-09-09 00:00:00,3,Dp-13240,85023.0
CA-2017-111913,2017-08-04 00:00:00,2017-08-06 00:00:00,1,LC-16930,95823.0
US-2015-156559,2015-08-19 00:00:00,2015-08-26 00:00:00,2,LH-16900,72401.0
CA-2017-161473,2017-04-01 00:00:00,2017-04-05 00:00:00,2,TB-21175,10035.0
CA-2018-166576,2018-05-16 00:00:00,2018-05-18 00:00:00,3,JM-15865,44312.0
CA-2016-102491,2016-08-24 00:00:00,2016-08-28 00:00:00,2,KW-16435,41042.0
CA-2015-116904,2015-09-23 00:00:00,2015-09-28 00:00:00,2,SC-20095,55407.0
US-2018-102288,2018-06-19 00:00:00,2018-06-23 00:00:00,2,ZC-21910,77095.0
CA-2018-137456,2018-12-21 00:00:00,2018-12-21 00:00:00,4,RB-19465,68025.0
US-2018-155999,2018-08-07 00:00:00,2018-08-13 00:00:00,2,JK-15370,92105.0
US-2017-148334,2017-08-22 00:00:00,2017-08-26 00:00:00,2,DD-13570,77041.0
CA-2016-105599,2016-09-07 00:00:00,2016-09-07 00:00:00,4,MC-17275,10011.0
CA-2016-153717,2016-12-25 00:00:00,2017-01-01 00:00:00,2,DL-13495,48227.0
CA-2016-116687,2016-05-02 00:00:00,2016-05-07 00:00:00,2,NC-18625,77095.0
CA-2017-163573,2017-11-24 00:00:00,2017-11-27 00:00:00,3,AC-10450,98105.0
CA-2016-153416,2016-11-24 00:00:00,2016-11-29 00:00:00,2,TS-21340,90036.0
CA-2018-117394,2018-09-04 00:00:00,2018-09-10 00:00:00,2,MM-17920,19120.0
CA-2018-133823,2018-05-11 00:00:00,2018-05-12 00:00:00,4,LP-17080,98103.0
CA-2015-127523,2015-05-11 00:00:00,2015-05-18 00:00:00,2,BG-11695,13601.0
CA-2018-123239,2018-07-27 00:00:00,2018-07-31 00:00:00,1,MG-18145,32216.0
CA-2018-156769,2018-05-06 00:00:00,2018-05-09 00:00:00,3,GZ-14470,22204.0
CA-2015-127299,2015-09-19 00:00:00,2015-09-24 00:00:00,2,JL-15835,28205.0
CA-2016-121272,2016-03-29 00:00:00,2016-04-04 00:00:00,2,DO-13435,98103.0
CA-2015-115336,2015-11-18 00:00:00,2015-11-25 00:00:00,2,AB-10600,60623.0
CA-2016-111703,2016-07-02 00:00:00,2016-07-09 00:00:00,2,KB-16315,33021.0
CA-2015-128839,2015-09-08 00:00:00,2015-09-13 00:00:00,2,TT-21070,23320.0
CA-2018-105914,2018-10-02 00:00:00,2018-10-08 00:00:00,2,PV-18985,90036.0
CA-2018-110926,2018-11-19 00:00:00,2018-11-23 00:00:00,2,DD-13570,22304.0
CA-2017-117226,2017-12-30 00:00:00,2018-01-01 00:00:00,3,KD-16495,77536.0
CA-2018-127313,2018-12-01 00:00:00,2018-12-04 00:00:00,3,RA-19285,19120.0
CA-2017-136287,2017-06-13 00:00:00,2017-06-17 00:00:00,2,SS-20590,67212.0
US-2015-107699,2015-05-19 00:00:00,2015-05-23 00:00:00,2,JH-15820,48640.0
CA-2018-112725,2018-01-30 00:00:00,2018-02-06 00:00:00,2,EH-14125,94110.0
CA-2016-136196,2016-11-28 00:00:00,2016-12-04 00:00:00,2,TP-21415,11520.0
CA-2018-106068,2018-10-23 00:00:00,2018-10-28 00:00:00,2,RB-19330,78745.0
CA-2018-100160,2018-09-07 00:00:00,2018-09-11 00:00:00,2,CB-12025,19134.0
CA-2017-139689,2017-12-29 00:00:00,2018-01-03 00:00:00,2,MP-17965,37620.0
CA-2016-101091,2016-12-05 00:00:00,2016-12-09 00:00:00,1,SW-20245,19140.0
CA-2015-126907,2015-11-01 00:00:00,2015-11-08 00:00:00,2,SM-20950,60610.0
US-2017-164588,2017-04-16 00:00:00,2017-04-23 00:00:00,2,AP-10915,31907.0
CA-2018-115546,2018-05-14 00:00:00,2018-05-18 00:00:00,2,AH-10465,10035.0
CA-2016-163587,2016-03-14 00:00:00,2016-03-18 00:00:00,2,EP-13915,3820.0
US-2018-106131,2018-01-14 00:00:00,2018-01-16 00:00:00,3,TP-21565,80013.0
CA-2016-160213,2016-03-08 00:00:00,2016-03-13 00:00:00,2,AR-10825,11561.0
CA-2015-157924,2015-10-11 00:00:00,2015-10-13 00:00:00,3,HA-14920,91104.0
CA-2016-100216,2016-04-13 00:00:00,2016-04-14 00:00:00,3,HJ-14875,85204.0
CA-2018-100601,2018-11-16 00:00:00,2018-11-20 00:00:00,2,JK-15370,93727.0
CA-2017-152163,2017-07-01 00:00:00,2017-07-01 00:00:00,4,JF-15355,29203.0
CA-2016-154340,2016-11-29 00:00:00,2016-11-30 00:00:00,3,EK-13795,92704.0
CA-2015-128846,2015-04-07 00:00:00,2015-04-12 00:00:00,2,RS-19765,29203.0
CA-2017-148593,2017-06-16 00:00:00,2017-06-18 00:00:00,1,BD-11320,90045.0
US-2018-119039,2018-03-06 00:00:00,2018-03-10 00:00:00,2,BF-11170,94109.0
CA-2018-128426,2018-10-07 00:00:00,2018-10-11 00:00:00,2,JK-15730,77036.0
US-2018-136868,2018-10-06 00:00:00,2018-10-12 00:00:00,2,CR-12820,10035.0
CA-2017-143749,2017-12-05 00:00:00,2017-12-07 00:00:00,3,AG-10300,2038.0
CA-2017-111493,2017-10-21 00:00:00,2017-10-22 00:00:00,3,CM-12160,21215.0
CA-2018-112536,2018-05-18 00:00:00,2018-05-23 00:00:00,2,SG-20890,78501.0
CA-2017-157714,2017-09-26 00:00:00,2017-10-01 00:00:00,1,CS-12175,52240.0
CA-2018-166709,2018-11-17 00:00:00,2018-11-22 00:00:00,2,HL-15040,19711.0
CA-2016-129392,2016-07-08 00:00:00,2016-07-08 00:00:00,4,DM-13015,77070.0
CA-2016-150875,2016-11-16 00:00:00,2016-11-20 00:00:00,2,HK-14890,83704.0
CA-2016-154200,2016-06-18 00:00:00,2016-06-22 00:00:00,2,BG-11740,92105.0
CA-2017-124233,2017-04-08 00:00:00,2017-04-14 00:00:00,2,CK-12595,90032.0
US-2016-134271,2016-04-18 00:00:00,2016-04-23 00:00:00,1,RF-19735,10024.0
US-2017-161683,2017-12-03 00:00:00,2017-12-08 00:00:00,2,CJ-12010,19134.0
CA-2016-143105,2016-12-10 00:00:00,2016-12-10 00:00:00,4,MA-17560,10024.0
CA-2015-145387,2015-10-31 00:00:00,2015-11-02 00:00:00,1,AM-10705,2920.0
CA-2018-109715,2018-12-09 00:00:00,2018-12-14 00:00:00,2,AH-10585,60623.0
CA-2015-166457,2015-05-05 00:00:00,2015-05-09 00:00:00,1,PF-19120,40475.0
CA-2017-164637,2017-03-04 00:00:00,2017-03-08 00:00:00,2,RD-19480,46544.0
CA-2015-103590,2015-11-30 00:00:00,2015-12-04 00:00:00,2,JL-15505,10550.0
CA-2016-111234,2016-02-18 00:00:00,2016-02-22 00:00:00,2,AB-10600,90004.0
CA-2018-149881,2018-04-01 00:00:00,2018-04-03 00:00:00,3,NC-18535,94110.0
CA-2018-134565,2018-06-11 00:00:00,2018-06-13 00:00:00,1,TB-21400,98103.0
CA-2017-108644,2017-09-30 00:00:00,2017-10-03 00:00:00,3,SJ-20215,62301.0
US-2015-102631,2015-12-13 00:00:00,2015-12-17 00:00:00,2,EB-13840,60623.0
CA-2018-120327,2018-11-11 00:00:00,2018-11-16 00:00:00,2,WB-21850,50322.0
CA-2016-154970,2016-01-05 00:00:00,2016-01-10 00:00:00,2,SR-20740,98103.0
CA-2017-113803,2017-03-24 00:00:00,2017-03-26 00:00:00,3,VG-21805,47374.0
CA-2018-100223,2018-07-05 00:00:00,2018-07-10 00:00:00,2,LS-16945,75220.0
CA-2015-168823,2015-09-21 00:00:00,2015-09-24 00:00:00,3,MA-17560,19143.0
CA-2017-162404,2017-07-23 00:00:00,2017-07-27 00:00:00,2,NF-18475,61107.0
CA-2018-104024,2018-08-29 00:00:00,2018-09-03 00:00:00,1,MD-17860,19134.0
CA-2018-147144,2018-03-26 00:00:00,2018-03-28 00:00:00,3,MZ-17335,98105.0
CA-2018-158673,2018-12-29 00:00:00,2019-01-04 00:00:00,2,KB-16600,49505.0
CA-2015-133704,2015-09-20 00:00:00,2015-09-26 00:00:00,2,MA-17995,90004.0
CA-2017-159142,2017-04-04 00:00:00,2017-04-05 00:00:00,3,ME-17320,22153.0
CA-2015-138436,2015-03-26 00:00:00,2015-03-30 00:00:00,2,JD-15895,90036.0
CA-2018-117702,2018-11-28 00:00:00,2018-12-04 00:00:00,2,LS-16975,21215.0
CA-2017-157336,2017-12-01 00:00:00,2017-12-05 00:00:00,1,SJ-20500,6824.0
CA-2015-168130,2015-09-19 00:00:00,2015-09-19 00:00:00,4,BS-11365,10011.0
CA-2016-155068,2016-10-23 00:00:00,2016-10-23 00:00:00,4,RA-19285,33801.0
CA-2018-163160,2018-10-13 00:00:00,2018-10-16 00:00:00,3,TS-21610,61032.0
CA-2016-101924,2016-09-04 00:00:00,2016-09-09 00:00:00,2,KB-16585,97504.0
CA-2017-124793,2017-03-14 00:00:00,2017-03-16 00:00:00,3,MM-18280,98103.0
CA-2018-118367,2018-10-28 00:00:00,2018-11-02 00:00:00,1,LO-17170,10035.0
CA-2018-164819,2018-10-15 00:00:00,2018-10-19 00:00:00,1,RS-19420,6824.0
CA-2018-158344,2018-08-07 00:00:00,2018-08-11 00:00:00,2,CC-12475,56560.0
CA-2018-123351,2018-09-21 00:00:00,2018-09-25 00:00:00,2,KT-16480,31907.0
CA-2018-110429,2018-11-03 00:00:00,2018-11-08 00:00:00,2,DM-13015,19143.0
US-2017-131611,2017-11-05 00:00:00,2017-11-09 00:00:00,2,EP-13915,77036.0
US-2018-124821,2018-06-25 00:00:00,2018-06-29 00:00:00,1,AM-10705,98115.0
CA-2016-166975,2016-11-26 00:00:00,2016-11-30 00:00:00,2,SH-20635,38301.0
CA-2017-123806,2017-11-24 00:00:00,2017-11-27 00:00:00,1,LA-16780,21215.0
US-2018-158505,2018-07-21 00:00:00,2018-07-21 00:00:00,4,SF-20200,84107.0
CA-2016-142692,2016-10-23 00:00:00,2016-10-28 00:00:00,2,AG-10495,98105.0
CA-2016-123456,2016-07-09 00:00:00,2016-07-13 00:00:00,2,KN-16450,75220.0
CA-2018-151358,2018-08-18 00:00:00,2018-08-22 00:00:00,2,NF-18595,98105.0
US-2017-107440,2017-04-16 00:00:00,2017-04-20 00:00:00,2,BS-11365,8701.0
CA-2015-166989,2015-11-14 00:00:00,2015-11-18 00:00:00,2,RM-19675,10011.0
CA-2015-103100,2015-12-20 00:00:00,2015-12-23 00:00:00,3,AB-10105,46203.0
CA-2016-105690,2016-11-21 00:00:00,2016-11-26 00:00:00,1,CA-11965,77642.0
CA-2018-127516,2018-12-28 00:00:00,2019-01-03 00:00:00,2,EH-14005,37211.0
US-2016-117184,2016-05-17 00:00:00,2016-05-21 00:00:00,2,ON-18715,77095.0
CA-2018-102407,2018-12-09 00:00:00,2018-12-13 00:00:00,1,AT-10435,90004.0
CA-2018-130967,2018-03-10 00:00:00,2018-03-16 00:00:00,2,EB-13870,19140.0
CA-2018-101581,2018-10-22 00:00:00,2018-10-27 00:00:00,2,DW-13195,97756.0
CA-2018-169124,2018-07-03 00:00:00,2018-07-10 00:00:00,2,MB-17305,95610.0
CA-2018-117261,2018-09-04 00:00:00,2018-09-10 00:00:00,2,TH-21235,90032.0
CA-2018-129021,2018-08-23 00:00:00,2018-08-26 00:00:00,1,PO-18850,32303.0
CA-2015-123253,2015-08-22 00:00:00,2015-08-25 00:00:00,1,DE-13255,44107.0
CA-2017-121601,2017-10-04 00:00:00,2017-10-04 00:00:00,4,MO-17500,75056.0
CA-2015-162278,2015-10-26 00:00:00,2015-10-30 00:00:00,1,AH-10585,98105.0
CA-2017-161095,2017-06-28 00:00:00,2017-06-28 00:00:00,4,CS-12250,90032.0
CA-2015-125829,2015-11-04 00:00:00,2015-11-11 00:00:00,2,WB-21850,90045.0
CA-2015-123127,2015-09-08 00:00:00,2015-09-12 00:00:00,2,SP-20620,11561.0
CA-2016-115945,2016-06-25 00:00:00,2016-07-01 00:00:00,2,AB-10165,90045.0
CA-2016-136735,2016-07-26 00:00:00,2016-08-02 00:00:00,2,HA-14920,94110.0
US-2018-136189,2018-12-07 00:00:00,2018-12-11 00:00:00,2,DC-13285,23223.0
CA-2015-152345,2015-12-29 00:00:00,2016-01-03 00:00:00,1,ST-20530,87105.0
US-2016-147662,2016-02-14 00:00:00,2016-02-19 00:00:00,2,KB-16315,44312.0
CA-2017-153346,2017-01-25 00:00:00,2017-01-27 00:00:00,3,TB-21355,7060.0
CA-2018-118360,2018-04-01 00:00:00,2018-04-07 00:00:00,2,JC-15775,10011.0
CA-2018-149853,2018-10-03 00:00:00,2018-10-09 00:00:00,2,PO-18850,33012.0
CA-2018-107909,2018-09-01 00:00:00,2018-09-06 00:00:00,2,SS-20875,98052.0
CA-2016-112375,2016-12-21 00:00:00,2016-12-27 00:00:00,2,RD-19720,32114.0
CA-2016-154795,2016-12-20 00:00:00,2016-12-24 00:00:00,2,GZ-14470,86442.0
CA-2016-125234,2016-11-27 00:00:00,2016-12-01 00:00:00,2,SN-20710,90049.0
CA-2018-133501,2018-08-27 00:00:00,2018-09-01 00:00:00,2,DK-12895,37064.0
US-2015-129609,2015-03-22 00:00:00,2015-03-22 00:00:00,4,VM-21835,46368.0
CA-2018-130309,2018-12-17 00:00:00,2018-12-21 00:00:00,2,GB-14575,22204.0
CA-2018-105410,2018-03-19 00:00:00,2018-03-22 00:00:00,3,ND-18370,94110.0
CA-2017-120355,2017-09-18 00:00:00,2017-09-25 00:00:00,2,MM-17260,10801.0
CA-2018-169894,2018-11-24 00:00:00,2018-11-29 00:00:00,1,MV-17485,85204.0
US-2018-100482,2018-04-11 00:00:00,2018-04-15 00:00:00,2,JL-15130,43130.0
CA-2018-107748,2018-12-10 00:00:00,2018-12-12 00:00:00,1,AG-10330,95207.0
CA-2018-153654,2018-11-24 00:00:00,2018-11-26 00:00:00,1,MD-17860,28806.0
CA-2016-155600,2016-12-04 00:00:00,2016-12-07 00:00:00,1,RO-19780,37042.0
CA-2018-162565,2018-12-11 00:00:00,2018-12-11 00:00:00,4,RR-19315,60505.0
CA-2017-127642,2017-05-21 00:00:00,2017-05-23 00:00:00,3,CP-12340,2886.0
US-2018-163195,2018-02-17 00:00:00,2018-02-21 00:00:00,1,LL-16840,70506.0
CA-2018-111332,2018-05-20 00:00:00,2018-05-22 00:00:00,1,NC-18340,58103.0
CA-2018-117044,2018-09-11 00:00:00,2018-09-13 00:00:00,1,HA-14920,60623.0
US-2017-165078,2017-11-05 00:00:00,2017-11-10 00:00:00,2,MA-17995,46226.0
US-2018-169320,2018-07-23 00:00:00,2018-07-25 00:00:00,1,LH-16900,46514.0
CA-2017-158575,2017-11-18 00:00:00,2017-11-24 00:00:00,2,SB-20290,44240.0
CA-2015-166954,2015-04-25 00:00:00,2015-04-30 00:00:00,2,BT-11305,91776.0
CA-2016-140830,2016-11-30 00:00:00,2016-12-02 00:00:00,1,PS-18970,42420.0
CA-2016-152891,2016-10-25 00:00:00,2016-10-30 00:00:00,2,TB-21625,94110.0
US-2016-122784,2016-07-20 00:00:00,2016-07-27 00:00:00,2,RA-19915,60035.0
CA-2017-156811,2017-10-27 00:00:00,2017-11-02 00:00:00,2,BP-11095,94122.0
CA-2018-111556,2018-11-20 00:00:00,2018-11-22 00:00:00,3,CD-11920,10035.0
CA-2017-108868,2017-09-08 00:00:00,2017-09-12 00:00:00,2,KB-16585,75081.0
CA-2015-142965,2015-07-20 00:00:00,2015-07-20 00:00:00,4,SW-20245,45503.0
CA-2017-148740,2017-11-15 00:00:00,2017-11-19 00:00:00,2,AH-10690,92024.0
US-2015-138758,2015-07-07 00:00:00,2015-07-11 00:00:00,2,JL-15835,19120.0
CA-2017-131737,2017-03-17 00:00:00,2017-03-17 00:00:00,4,GZ-14470,21044.0
CA-2017-114538,2017-12-26 00:00:00,2017-12-27 00:00:00,3,RC-19825,80906.0
CA-2015-127936,2015-09-02 00:00:00,2015-09-04 00:00:00,3,CL-12565,10009.0
CA-2016-164336,2016-07-05 00:00:00,2016-07-10 00:00:00,2,MW-18220,19140.0
CA-2017-100041,2017-11-20 00:00:00,2017-11-25 00:00:00,2,BF-10975,47201.0
US-2015-154879,2015-05-06 00:00:00,2015-05-11 00:00:00,2,SN-20710,90004.0
CA-2015-130624,2015-06-21 00:00:00,2015-06-24 00:00:00,3,TB-21280,10024.0
CA-2018-132339,2018-08-19 00:00:00,2018-08-23 00:00:00,2,JB-15400,1841.0
CA-2015-153983,2015-11-29 00:00:00,2015-12-06 00:00:00,2,AH-10210,94122.0
CA-2018-112900,2018-04-09 00:00:00,2018-04-12 00:00:00,1,KL-16645,48205.0
CA-2015-160157,2015-12-20 00:00:00,2015-12-27 00:00:00,2,MH-17455,45011.0
CA-2015-139633,2015-12-17 00:00:00,2015-12-24 00:00:00,2,EC-14050,43229.0
CA-2016-163090,2016-11-17 00:00:00,2016-11-21 00:00:00,1,GH-14665,60610.0
CA-2015-117016,2015-03-04 00:00:00,2015-03-09 00:00:00,2,SC-20095,33063.0
CA-2018-159464,2018-05-18 00:00:00,2018-05-19 00:00:00,3,TB-21355,30328.0
US-2018-103226,2018-09-22 00:00:00,2018-09-28 00:00:00,2,DW-13195,87105.0
CA-2018-119452,2018-03-21 00:00:00,2018-03-27 00:00:00,2,CL-12565,74133.0
CA-2018-147725,2018-09-14 00:00:00,2018-09-14 00:00:00,4,LT-17110,7050.0
CA-2017-168893,2017-11-03 00:00:00,2017-11-08 00:00:00,1,AP-10915,42420.0
CA-2017-163398,2017-05-03 00:00:00,2017-05-08 00:00:00,2,CB-12415,60653.0
CA-2017-162726,2017-12-27 00:00:00,2018-01-02 00:00:00,2,MT-17815,77642.0
US-2017-111290,2017-07-22 00:00:00,2017-07-26 00:00:00,2,DK-13375,48185.0
US-2015-147704,2015-11-16 00:00:00,2015-11-21 00:00:00,2,SR-20740,47401.0
CA-2016-121965,2016-06-19 00:00:00,2016-06-23 00:00:00,2,LH-17155,90032.0
CA-2017-147137,2017-07-04 00:00:00,2017-07-06 00:00:00,3,AA-10645,94109.0
US-2016-146745,2016-09-03 00:00:00,2016-09-08 00:00:00,2,AS-10630,94110.0
CA-2018-115175,2018-08-07 00:00:00,2018-08-12 00:00:00,2,MC-17575,95123.0
CA-2018-105851,2018-03-13 00:00:00,2018-03-20 00:00:00,2,SE-20110,80219.0
US-2018-125717,2018-09-28 00:00:00,2018-10-01 00:00:00,3,DS-13030,80013.0
CA-2016-163895,2016-08-07 00:00:00,2016-08-11 00:00:00,2,NS-18640,83704.0
CA-2018-168641,2018-11-24 00:00:00,2018-12-01 00:00:00,2,KA-16525,10035.0
CA-2018-156895,2018-05-08 00:00:00,2018-05-12 00:00:00,2,DJ-13510,19140.0
CA-2018-121300,2018-09-29 00:00:00,2018-09-29 00:00:00,4,MG-17680,44060.0
CA-2018-130211,2018-10-22 00:00:00,2018-10-22 00:00:00,4,BD-11620,73505.0
CA-2015-147235,2015-03-24 00:00:00,2015-03-28 00:00:00,2,CD-11920,10024.0
CA-2017-109365,2017-11-03 00:00:00,2017-11-08 00:00:00,2,XP-21865,90049.0
CA-2016-162621,2016-09-05 00:00:00,2016-09-11 00:00:00,2,CA-12055,77036.0
CA-2018-105921,2018-08-14 00:00:00,2018-08-21 00:00:00,2,JM-15250,90032.0
CA-2015-150798,2015-12-01 00:00:00,2015-12-03 00:00:00,1,JK-15730,43229.0
CA-2018-112753,2018-06-18 00:00:00,2018-06-23 00:00:00,2,CC-12670,90032.0
CA-2018-155075,2018-12-02 00:00:00,2018-12-09 00:00:00,2,GW-14605,19140.0
CA-2015-103401,2015-11-21 00:00:00,2015-11-26 00:00:00,2,GR-14560,94110.0
CA-2017-124814,2017-04-10 00:00:00,2017-04-16 00:00:00,2,FM-14215,93309.0
CA-2015-116757,2015-06-30 00:00:00,2015-07-04 00:00:00,2,MS-17980,77095.0
US-2015-138247,2015-12-24 00:00:00,2015-12-29 00:00:00,2,BF-11170,90045.0
CA-2018-167003,2018-05-23 00:00:00,2018-05-29 00:00:00,2,VS-21820,90036.0
CA-2017-119935,2017-11-10 00:00:00,2017-11-14 00:00:00,2,KM-16225,65807.0
CA-2017-118969,2017-10-02 00:00:00,2017-10-03 00:00:00,3,LP-17095,85023.0
CA-2017-145240,2017-09-06 00:00:00,2017-09-08 00:00:00,3,BG-11740,77070.0
CA-2017-120873,2017-10-27 00:00:00,2017-11-01 00:00:00,1,BW-11200,23666.0
US-2018-111920,2018-10-22 00:00:00,2018-10-26 00:00:00,2,PS-18970,74133.0
US-2017-128678,2017-09-15 00:00:00,2017-09-20 00:00:00,2,RB-19570,98105.0
CA-2017-101385,2017-09-25 00:00:00,2017-10-01 00:00:00,2,JW-16075,94109.0
CA-2018-107167,2018-06-10 00:00:00,2018-06-14 00:00:00,2,ND-18460,32216.0
CA-2015-109491,2015-02-20 00:00:00,2015-02-26 00:00:00,2,LC-16930,47374.0
CA-2018-105445,2018-02-20 00:00:00,2018-02-25 00:00:00,1,BP-11095,80027.0
CA-2015-107454,2015-11-02 00:00:00,2015-11-06 00:00:00,2,RD-19720,10024.0
US-2018-105046,2018-07-17 00:00:00,2018-07-23 00:00:00,2,BE-11335,13440.0
CA-2018-152856,2018-09-08 00:00:00,2018-09-10 00:00:00,1,RS-19765,43302.0
CA-2017-134691,2017-11-14 00:00:00,2017-11-18 00:00:00,2,KC-16540,77041.0
CA-2017-118759,2017-11-14 00:00:00,2017-11-17 00:00:00,3,MB-17305,10009.0
CA-2015-140403,2015-10-10 00:00:00,2015-10-10 00:00:00,4,TN-21040,95336.0
CA-2016-163104,2016-03-19 00:00:00,2016-03-26 00:00:00,2,MC-18130,90004.0
CA-2018-138464,2018-07-08 00:00:00,2018-07-12 00:00:00,2,VF-21715,98115.0
CA-2016-104129,2016-02-27 00:00:00,2016-03-02 00:00:00,2,ES-14080,2908.0
US-2018-132206,2018-06-16 00:00:00,2018-06-21 00:00:00,2,MK-17905,60653.0
CA-2018-113474,2018-03-30 00:00:00,2018-03-31 00:00:00,3,TM-21490,73120.0
CA-2016-126557,2016-07-12 00:00:00,2016-07-17 00:00:00,1,RL-19615,60610.0
US-2018-107636,2018-04-30 00:00:00,2018-05-02 00:00:00,3,NM-18520,6040.0
US-2015-165862,2015-07-13 00:00:00,2015-07-17 00:00:00,2,GK-14620,90049.0
US-2015-106334,2015-12-27 00:00:00,2016-01-02 00:00:00,2,JF-15490,94122.0
CA-2017-101448,2017-02-27 00:00:00,2017-03-01 00:00:00,1,EB-13930,54601.0
CA-2016-130218,2016-03-23 00:00:00,2016-03-26 00:00:00,3,SG-20470,29501.0
US-2018-117331,2018-10-21 00:00:00,2018-10-28 00:00:00,2,ND-18370,85301.0
CA-2015-127383,2015-12-31 00:00:00,2016-01-05 00:00:00,2,CM-11815,79907.0
CA-2015-110219,2015-05-05 00:00:00,2015-05-08 00:00:00,3,EB-13870,78207.0
CA-2016-118871,2016-12-04 00:00:00,2016-12-09 00:00:00,1,HM-14860,90049.0
CA-2018-129490,2018-09-26 00:00:00,2018-09-30 00:00:00,2,SJ-20125,33023.0
CA-2015-101175,2015-12-09 00:00:00,2015-12-14 00:00:00,2,DM-12955,85204.0
US-2018-149510,2018-12-03 00:00:00,2018-12-10 00:00:00,2,MC-17575,28314.0
CA-2016-111990,2016-11-08 00:00:00,2016-11-13 00:00:00,2,DB-13660,77095.0
CA-2015-169460,2015-04-19 00:00:00,2015-04-21 00:00:00,1,NF-18595,95123.0
US-2016-152128,2016-05-25 00:00:00,2016-05-27 00:00:00,1,NM-18445,67212.0
CA-2018-126662,2018-07-17 00:00:00,2018-07-21 00:00:00,2,AB-10255,90036.0
CA-2017-139395,2017-12-12 00:00:00,2017-12-18 00:00:00,2,MG-17650,49201.0
US-2015-121734,2015-04-11 00:00:00,2015-04-16 00:00:00,2,SE-20110,83501.0
CA-2016-110947,2016-06-09 00:00:00,2016-06-15 00:00:00,2,AG-10765,23666.0
US-2015-150126,2015-07-27 00:00:00,2015-08-02 00:00:00,2,AS-10045,10035.0
CA-2016-164427,2016-07-31 00:00:00,2016-08-06 00:00:00,2,AR-10405,39401.0
CA-2017-120250,2017-09-19 00:00:00,2017-09-22 00:00:00,3,AP-10720,19140.0
CA-2017-121993,2017-06-10 00:00:00,2017-06-12 00:00:00,3,JB-16000,19140.0
US-2017-100405,2017-08-26 00:00:00,2017-08-28 00:00:00,1,TS-21430,90045.0
US-2018-163790,2018-11-02 00:00:00,2018-11-04 00:00:00,1,NL-18310,94526.0
CA-2017-129868,2017-12-26 00:00:00,2017-12-31 00:00:00,2,MC-18130,90004.0
CA-2017-140564,2017-12-05 00:00:00,2017-12-10 00:00:00,1,TC-21475,20016.0
US-2018-169502,2018-08-28 00:00:00,2018-09-01 00:00:00,2,MG-17650,53209.0
CA-2016-146948,2016-07-16 00:00:00,2016-07-20 00:00:00,2,MG-17890,21215.0
US-2016-113327,2016-05-26 00:00:00,2016-05-29 00:00:00,1,BF-11170,28540.0
CA-2016-135020,2016-05-28 00:00:00,2016-06-02 00:00:00,2,MS-17770,14609.0
US-2018-141852,2018-11-09 00:00:00,2018-11-14 00:00:00,2,JE-15745,92054.0
CA-2017-109407,2017-01-24 00:00:00,2017-01-26 00:00:00,1,HG-14965,39503.0
US-2017-165953,2017-12-31 00:00:00,2018-01-06 00:00:00,2,EP-13915,32216.0
CA-2017-144540,2017-09-05 00:00:00,2017-09-10 00:00:00,2,GH-14410,77070.0
CA-2016-159863,2016-09-04 00:00:00,2016-09-07 00:00:00,1,DS-13180,77095.0
CA-2016-117800,2016-09-21 00:00:00,2016-09-26 00:00:00,2,TH-21550,2149.0
CA-2018-145219,2018-12-24 00:00:00,2018-12-25 00:00:00,3,RM-19675,90049.0
CA-2016-161214,2016-10-05 00:00:00,2016-10-08 00:00:00,1,SF-20965,19805.0
CA-2018-147228,2018-09-09 00:00:00,2018-09-14 00:00:00,2,SO-20335,38401.0
CA-2017-101336,2017-11-13 00:00:00,2017-11-18 00:00:00,2,CK-12760,10011.0
US-2016-126235,2016-10-15 00:00:00,2016-10-15 00:00:00,4,GA-14725,48858.0
CA-2018-168396,2018-08-03 00:00:00,2018-08-08 00:00:00,1,BD-11725,94122.0
CA-2016-130456,2016-08-21 00:00:00,2016-08-26 00:00:00,2,DS-13180,94122.0
CA-2018-116288,2018-03-12 00:00:00,2018-03-17 00:00:00,2,BS-11380,94122.0
CA-2018-168228,2018-04-27 00:00:00,2018-04-29 00:00:00,3,AP-10915,90045.0
CA-2017-102162,2017-09-11 00:00:00,2017-09-16 00:00:00,2,JF-15565,23602.0
CA-2018-130141,2018-10-22 00:00:00,2018-10-24 00:00:00,1,HA-14905,80525.0
CA-2016-147501,2016-08-02 00:00:00,2016-08-06 00:00:00,2,Co-12640,98105.0
CA-2017-143910,2017-08-12 00:00:00,2017-08-16 00:00:00,2,BC-11125,10011.0
CA-2015-146885,2015-05-30 00:00:00,2015-06-05 00:00:00,2,EB-13840,23223.0
CA-2017-139556,2017-04-26 00:00:00,2017-05-01 00:00:00,2,DB-13360,10009.0
CA-2018-129357,2018-05-14 00:00:00,2018-05-19 00:00:00,2,KB-16585,98103.0
CA-2018-150987,2018-04-08 00:00:00,2018-04-12 00:00:00,2,AH-10120,94110.0
CA-2018-132647,2018-02-17 00:00:00,2018-02-23 00:00:00,2,GH-14410,8861.0
CA-2018-159107,2018-06-24 00:00:00,2018-06-26 00:00:00,1,KT-16480,94110.0
CA-2015-160738,2015-05-05 00:00:00,2015-05-10 00:00:00,2,KH-16330,61032.0
CA-2016-112130,2016-05-03 00:00:00,2016-05-07 00:00:00,2,SV-20785,19140.0
CA-2017-111409,2017-09-18 00:00:00,2017-09-22 00:00:00,2,PO-18850,32216.0
CA-2017-116232,2017-09-22 00:00:00,2017-09-26 00:00:00,2,AC-10450,33024.0
CA-2017-116547,2017-01-10 00:00:00,2017-01-17 00:00:00,2,KB-16585,98115.0
US-2018-133200,2018-05-06 00:00:00,2018-05-11 00:00:00,2,DB-13555,76106.0
CA-2017-133550,2017-07-31 00:00:00,2017-08-06 00:00:00,2,KL-16645,48205.0
CA-2018-139416,2018-03-27 00:00:00,2018-03-29 00:00:00,1,AG-10270,19120.0
CA-2015-114510,2015-03-14 00:00:00,2015-03-19 00:00:00,2,JF-15295,84321.0
CA-2017-169215,2017-07-14 00:00:00,2017-07-18 00:00:00,1,RE-19450,13021.0
CA-2017-127698,2017-12-01 00:00:00,2017-12-01 00:00:00,4,MV-18190,27604.0
CA-2017-159912,2017-08-29 00:00:00,2017-09-03 00:00:00,2,GB-14530,19120.0
CA-2017-101987,2017-06-24 00:00:00,2017-06-30 00:00:00,2,HL-15040,47374.0
US-2018-154851,2018-03-30 00:00:00,2018-04-03 00:00:00,2,BP-11155,17602.0
CA-2015-138681,2015-12-20 00:00:00,2015-12-22 00:00:00,3,CT-11995,85705.0
US-2016-138121,2016-12-17 00:00:00,2016-12-17 00:00:00,4,JL-15835,48205.0
CA-2018-140298,2018-05-11 00:00:00,2018-05-17 00:00:00,2,JK-16120,78745.0
CA-2017-166240,2017-06-24 00:00:00,2017-06-28 00:00:00,2,DH-13075,77095.0
CA-2017-158435,2017-05-17 00:00:00,2017-05-18 00:00:00,3,AG-10900,6708.0
CA-2018-138149,2018-06-29 00:00:00,2018-06-30 00:00:00,3,WB-21850,90049.0
CA-2015-112403,2015-03-31 00:00:00,2015-03-31 00:00:00,4,JO-15280,19120.0
CA-2015-108273,2015-12-16 00:00:00,2015-12-21 00:00:00,2,EJ-13720,77340.0
CA-2018-121643,2018-05-18 00:00:00,2018-05-20 00:00:00,3,AB-10105,97206.0
US-2016-122910,2016-05-12 00:00:00,2016-05-16 00:00:00,2,LT-16765,80027.0
CA-2018-143126,2018-12-03 00:00:00,2018-12-07 00:00:00,1,CM-12655,98115.0
CA-2016-129042,2016-12-12 00:00:00,2016-12-17 00:00:00,2,EM-13960,21215.0
CA-2016-109736,2016-10-10 00:00:00,2016-10-11 00:00:00,3,DJ-13420,94109.0
CA-2016-142601,2016-04-18 00:00:00,2016-04-20 00:00:00,1,DE-13255,90004.0
CA-2015-106229,2015-06-07 00:00:00,2015-06-11 00:00:00,1,NR-18550,60505.0
US-2018-135230,2018-09-01 00:00:00,2018-09-07 00:00:00,2,CK-12325,98103.0
CA-2017-159653,2017-05-22 00:00:00,2017-05-22 00:00:00,4,JF-15490,30605.0
CA-2017-131968,2017-11-11 00:00:00,2017-11-15 00:00:00,2,LB-16795,32712.0
CA-2015-119151,2015-11-25 00:00:00,2015-11-29 00:00:00,1,MP-18175,10009.0
CA-2015-123323,2015-11-07 00:00:00,2015-11-12 00:00:00,2,LH-16900,94110.0
CA-2017-124681,2017-07-18 00:00:00,2017-07-23 00:00:00,1,SV-20935,75217.0
US-2016-103996,2016-03-29 00:00:00,2016-03-31 00:00:00,1,RB-19435,92105.0
CA-2017-120530,2017-04-07 00:00:00,2017-04-12 00:00:00,2,Dl-13600,10035.0
CA-2016-155054,2016-06-13 00:00:00,2016-06-19 00:00:00,2,PS-19045,4240.0
CA-2016-105725,2016-02-18 00:00:00,2016-02-24 00:00:00,2,GT-14755,90805.0
CA-2018-164364,2018-11-12 00:00:00,2018-11-16 00:00:00,2,CS-12355,98115.0
CA-2018-168123,2018-03-05 00:00:00,2018-03-05 00:00:00,4,JD-16060,55901.0
CA-2017-120005,2017-03-03 00:00:00,2017-03-03 00:00:00,4,TS-21160,94110.0
CA-2017-123526,2017-12-24 00:00:00,2017-12-25 00:00:00,3,BV-11245,98103.0
CA-2017-127649,2017-10-07 00:00:00,2017-10-09 00:00:00,3,DL-13495,99207.0
CA-2017-159989,2017-12-09 00:00:00,2017-12-13 00:00:00,2,EB-13870,37064.0
CA-2018-103499,2018-11-20 00:00:00,2018-11-24 00:00:00,2,ES-14020,38301.0
US-2016-167220,2016-12-12 00:00:00,2016-12-16 00:00:00,2,JB-15925,78745.0
CA-2018-126354,2018-02-03 00:00:00,2018-02-08 00:00:00,2,SC-20380,33024.0
CA-2018-169817,2018-09-21 00:00:00,2018-09-25 00:00:00,2,EB-13870,19143.0
US-2018-144582,2018-04-30 00:00:00,2018-05-05 00:00:00,2,TC-21475,61832.0
CA-2015-121573,2015-11-03 00:00:00,2015-11-07 00:00:00,2,SG-20605,10009.0
CA-2017-117660,2017-12-30 00:00:00,2018-01-04 00:00:00,2,BM-11785,43229.0
CA-2015-112851,2015-09-17 00:00:00,2015-09-21 00:00:00,2,NR-18550,91911.0
CA-2018-123701,2018-11-24 00:00:00,2018-11-27 00:00:00,3,PG-18820,94110.0
CA-2016-118227,2016-04-24 00:00:00,2016-04-28 00:00:00,2,DB-13270,10009.0
CA-2016-123155,2016-03-09 00:00:00,2016-03-12 00:00:00,3,NS-18640,78207.0
CA-2018-158883,2018-06-02 00:00:00,2018-06-03 00:00:00,4,CS-11860,28540.0
US-2017-114888,2017-09-19 00:00:00,2017-09-24 00:00:00,1,CC-12430,94109.0
US-2015-167262,2015-10-31 00:00:00,2015-11-03 00:00:00,1,AC-10450,85323.0
CA-2018-119746,2018-11-23 00:00:00,2018-11-27 00:00:00,2,CM-12385,60610.0
CA-2018-108091,2018-11-16 00:00:00,2018-11-21 00:00:00,2,EK-13795,92025.0
CA-2017-101630,2017-02-19 00:00:00,2017-02-23 00:00:00,1,CK-12760,11561.0
CA-2018-132346,2018-11-07 00:00:00,2018-11-11 00:00:00,2,PK-19075,19711.0
CA-2015-150301,2015-07-08 00:00:00,2015-07-10 00:00:00,3,MH-18025,14215.0
CA-2015-159310,2015-11-07 00:00:00,2015-11-12 00:00:00,2,SC-20725,77070.0
US-2018-147984,2018-01-28 00:00:00,2018-02-01 00:00:00,2,GB-14575,67212.0
CA-2016-104346,2016-12-11 00:00:00,2016-12-16 00:00:00,2,IM-15070,80906.0
US-2016-141684,2016-06-29 00:00:00,2016-07-04 00:00:00,2,MM-18055,10011.0
CA-2016-144722,2016-03-16 00:00:00,2016-03-23 00:00:00,2,MF-18250,90036.0
CA-2016-120516,2016-08-13 00:00:00,2016-08-17 00:00:00,2,CK-12595,30062.0
US-2017-148901,2017-05-14 00:00:00,2017-05-19 00:00:00,2,MK-17905,32216.0
CA-2018-136364,2018-07-13 00:00:00,2018-07-17 00:00:00,1,MH-17455,19140.0
CA-2016-137708,2016-11-22 00:00:00,2016-11-25 00:00:00,1,NG-18430,90008.0
CA-2015-149055,2015-11-23 00:00:00,2015-11-28 00:00:00,2,PB-19210,19134.0
CA-2016-151589,2016-12-27 00:00:00,2016-12-30 00:00:00,3,RE-19450,54703.0
CA-2017-121370,2017-11-14 00:00:00,2017-11-19 00:00:00,1,EB-14110,19134.0
CA-2017-111696,2017-05-08 00:00:00,2017-05-10 00:00:00,3,TB-21625,90004.0
CA-2015-139598,2015-12-26 00:00:00,2015-12-31 00:00:00,2,MG-17695,19134.0
CA-2018-117436,2018-06-08 00:00:00,2018-06-14 00:00:00,2,LW-17125,6360.0
CA-2016-140025,2016-04-07 00:00:00,2016-04-11 00:00:00,2,PF-19120,78207.0
CA-2017-134222,2017-07-10 00:00:00,2017-07-11 00:00:00,4,NZ-18565,85364.0
CA-2017-140018,2017-11-21 00:00:00,2017-11-26 00:00:00,2,CK-12205,43229.0
US-2018-136707,2018-11-12 00:00:00,2018-11-15 00:00:00,3,JE-15610,90036.0
CA-2015-152562,2015-11-01 00:00:00,2015-11-08 00:00:00,2,JO-15145,40475.0
CA-2017-152408,2017-05-15 00:00:00,2017-05-21 00:00:00,2,TT-21220,10035.0
CA-2015-120278,2015-11-07 00:00:00,2015-11-12 00:00:00,2,MS-17365,54401.0
CA-2018-167661,2018-10-05 00:00:00,2018-10-10 00:00:00,2,MP-18175,94110.0
CA-2018-106831,2018-06-01 00:00:00,2018-06-03 00:00:00,3,FH-14350,43017.0
CA-2018-154123,2018-11-20 00:00:00,2018-11-25 00:00:00,2,SC-20050,42420.0
CA-2017-136049,2017-12-23 00:00:00,2017-12-28 00:00:00,2,NM-18520,43402.0
CA-2018-118402,2018-09-29 00:00:00,2018-10-04 00:00:00,2,JO-15280,38109.0
US-2017-139388,2017-11-07 00:00:00,2017-11-09 00:00:00,3,CC-12475,8701.0
US-2015-128685,2015-04-04 00:00:00,2015-04-05 00:00:00,3,MZ-17515,90008.0
CA-2016-124044,2016-07-23 00:00:00,2016-07-26 00:00:00,1,MS-17830,14609.0
CA-2015-164469,2015-06-25 00:00:00,2015-06-27 00:00:00,1,GK-14620,97301.0
CA-2015-107818,2015-09-08 00:00:00,2015-09-14 00:00:00,2,MC-17275,99301.0
CA-2015-113320,2015-12-12 00:00:00,2015-12-15 00:00:00,1,LH-17155,94601.0
CA-2016-137526,2016-01-13 00:00:00,2016-01-17 00:00:00,2,PB-19150,90004.0
CA-2018-136063,2018-12-15 00:00:00,2018-12-19 00:00:00,2,SS-20140,60302.0
CA-2017-101546,2017-12-18 00:00:00,2017-12-24 00:00:00,2,GK-14620,7960.0
CA-2015-138940,2015-04-11 00:00:00,2015-04-16 00:00:00,1,GM-14455,78745.0
CA-2017-125164,2017-11-10 00:00:00,2017-11-14 00:00:00,2,SH-19975,10011.0
CA-2018-163531,2018-06-26 00:00:00,2018-06-30 00:00:00,2,SC-20725,10024.0
CA-2018-122490,2018-11-13 00:00:00,2018-11-18 00:00:00,2,TT-21070,98103.0
CA-2018-131366,2018-11-24 00:00:00,2018-11-29 00:00:00,2,SC-20440,17602.0
CA-2018-164042,2018-05-23 00:00:00,2018-05-27 00:00:00,2,KL-16645,77095.0
CA-2015-132864,2015-12-02 00:00:00,2015-12-07 00:00:00,2,KN-16390,43229.0
US-2015-155817,2015-10-03 00:00:00,2015-10-09 00:00:00,2,SL-20155,27707.0
US-2017-131891,2017-07-29 00:00:00,2017-07-31 00:00:00,3,PW-19240,32503.0
CA-2018-143567,2018-11-02 00:00:00,2018-11-05 00:00:00,1,TB-21175,42420.0
CA-2018-104080,2018-03-08 00:00:00,2018-03-15 00:00:00,2,AH-10210,92804.0
CA-2015-151379,2015-12-16 00:00:00,2015-12-20 00:00:00,2,SC-20695,48227.0
CA-2017-163167,2017-11-28 00:00:00,2017-12-01 00:00:00,1,RF-19345,30062.0
CA-2017-135776,2017-12-23 00:00:00,2017-12-30 00:00:00,2,EH-13765,98103.0
US-2015-122021,2015-10-15 00:00:00,2015-10-17 00:00:00,3,AC-10660,44134.0
CA-2017-130484,2017-08-22 00:00:00,2017-08-27 00:00:00,2,SG-20470,97030.0
CA-2018-120936,2018-12-17 00:00:00,2018-12-21 00:00:00,2,CA-12310,92804.0
CA-2018-110884,2018-03-07 00:00:00,2018-03-12 00:00:00,2,SH-20395,10035.0
US-2015-161613,2015-12-01 00:00:00,2015-12-03 00:00:00,1,MC-17605,77070.0
US-2015-146353,2015-10-14 00:00:00,2015-10-16 00:00:00,1,JE-15610,3301.0
CA-2015-133809,2015-11-18 00:00:00,2015-11-23 00:00:00,1,MS-17530,45014.0
CA-2018-127306,2018-01-14 00:00:00,2018-01-18 00:00:00,2,BH-11710,37604.0
CA-2016-161830,2016-09-24 00:00:00,2016-09-26 00:00:00,1,ME-17725,98105.0
CA-2018-163125,2018-10-09 00:00:00,2018-10-11 00:00:00,1,MB-17305,77573.0
CA-2017-160304,2017-01-02 00:00:00,2017-01-07 00:00:00,2,BM-11575,20877.0
CA-2018-101728,2018-08-19 00:00:00,2018-08-23 00:00:00,2,SC-20575,60653.0
CA-2018-114055,2018-12-25 00:00:00,2018-12-29 00:00:00,1,MH-18115,35810.0
CA-2018-126438,2018-09-10 00:00:00,2018-09-13 00:00:00,3,AR-10345,1841.0
CA-2018-117653,2018-10-19 00:00:00,2018-10-23 00:00:00,2,MO-17500,60623.0
CA-2018-143245,2018-12-01 00:00:00,2018-12-06 00:00:00,2,AD-10180,6824.0
US-2015-138828,2015-09-02 00:00:00,2015-09-03 00:00:00,3,KD-16345,10009.0
CA-2018-143651,2018-03-25 00:00:00,2018-03-30 00:00:00,2,FM-14215,98103.0
CA-2016-106978,2016-09-28 00:00:00,2016-10-04 00:00:00,2,ZC-21910,80013.0
CA-2016-155124,2016-03-15 00:00:00,2016-03-21 00:00:00,2,KS-16300,84043.0
CA-2018-150931,2018-01-06 00:00:00,2018-01-13 00:00:00,2,DP-13390,35401.0
CA-2015-157147,2015-01-13 00:00:00,2015-01-18 00:00:00,2,BD-11605,94109.0
CA-2016-156482,2016-02-06 00:00:00,2016-02-13 00:00:00,2,IL-15100,19805.0
CA-2018-106782,2018-12-21 00:00:00,2018-12-27 00:00:00,2,LP-17095,47905.0
CA-2017-151372,2017-09-05 00:00:00,2017-09-06 00:00:00,3,JH-15985,90278.0
CA-2015-102085,2015-10-04 00:00:00,2015-10-09 00:00:00,2,JD-16015,98115.0
CA-2018-107125,2018-11-27 00:00:00,2018-12-02 00:00:00,2,BD-11320,90045.0
CA-2017-125815,2017-10-28 00:00:00,2017-11-01 00:00:00,1,DL-13330,10009.0
CA-2016-144190,2016-06-09 00:00:00,2016-06-13 00:00:00,2,NC-18415,48073.0
CA-2018-117926,2018-12-08 00:00:00,2018-12-12 00:00:00,1,AS-10225,94109.0
CA-2016-153906,2016-03-16 00:00:00,2016-03-20 00:00:00,2,MS-17980,10009.0
CA-2015-160262,2015-06-09 00:00:00,2015-06-13 00:00:00,1,TS-21205,89031.0
CA-2016-127607,2016-03-20 00:00:00,2016-03-26 00:00:00,2,JK-15730,75007.0
CA-2017-166226,2017-11-18 00:00:00,2017-11-22 00:00:00,2,TC-21535,90008.0
CA-2015-156587,2015-03-07 00:00:00,2015-03-08 00:00:00,3,AB-10015,98103.0
CA-2017-141180,2017-05-15 00:00:00,2017-05-19 00:00:00,1,DP-13000,33311.0
CA-2016-109708,2016-05-25 00:00:00,2016-05-28 00:00:00,1,CY-12745,38401.0
CA-2016-122406,2016-08-02 00:00:00,2016-08-05 00:00:00,1,BE-11455,2908.0
US-2017-153815,2017-11-06 00:00:00,2017-11-09 00:00:00,3,KL-16555,32216.0
CA-2017-164896,2017-11-07 00:00:00,2017-11-12 00:00:00,2,PS-19045,92054.0
CA-2016-142202,2016-09-18 00:00:00,2016-09-23 00:00:00,1,JR-16210,32216.0
CA-2016-165050,2016-12-07 00:00:00,2016-12-09 00:00:00,3,AH-10210,10024.0
US-2017-131114,2017-12-09 00:00:00,2017-12-13 00:00:00,1,RW-19630,60610.0
CA-2015-160066,2015-11-16 00:00:00,2015-11-22 00:00:00,2,AH-10075,92646.0
CA-2017-109925,2017-11-06 00:00:00,2017-11-10 00:00:00,1,IM-15070,92105.0
CA-2016-160696,2016-09-06 00:00:00,2016-09-10 00:00:00,2,CK-12760,37211.0
CA-2015-125171,2015-09-03 00:00:00,2015-09-03 00:00:00,4,AG-10390,10009.0
CA-2017-149279,2017-04-24 00:00:00,2017-04-28 00:00:00,2,CL-12700,80906.0
CA-2018-107321,2018-08-31 00:00:00,2018-09-04 00:00:00,2,AW-10930,94110.0
US-2018-122714,2018-12-07 00:00:00,2018-12-13 00:00:00,2,HG-14965,60653.0
CA-2016-153038,2016-12-18 00:00:00,2016-12-25 00:00:00,2,RB-19645,38109.0
CA-2015-132227,2015-11-04 00:00:00,2015-11-10 00:00:00,2,SZ-20035,10011.0
CA-2018-155824,2018-03-10 00:00:00,2018-03-15 00:00:00,2,KS-16300,27604.0
CA-2017-129238,2017-01-31 00:00:00,2017-02-04 00:00:00,2,SC-20050,90045.0
CA-2018-159688,2018-05-07 00:00:00,2018-05-12 00:00:00,2,AB-10060,90004.0
CA-2017-136126,2017-05-24 00:00:00,2017-05-24 00:00:00,4,EH-14125,23602.0
CA-2017-155033,2017-10-07 00:00:00,2017-10-12 00:00:00,2,CC-12475,90032.0
CA-2015-156006,2015-04-30 00:00:00,2015-05-02 00:00:00,1,TM-21010,39212.0
CA-2016-158659,2016-11-10 00:00:00,2016-11-14 00:00:00,1,SC-20695,47374.0
CA-2016-169796,2016-11-09 00:00:00,2016-11-14 00:00:00,2,Dp-13240,10035.0
CA-2016-102876,2016-09-07 00:00:00,2016-09-14 00:00:00,2,LR-17035,19134.0
US-2018-139647,2018-05-11 00:00:00,2018-05-13 00:00:00,3,TS-21370,85023.0
US-2018-160465,2018-07-21 00:00:00,2018-07-26 00:00:00,2,SW-20350,44105.0
CA-2015-153850,2015-11-24 00:00:00,2015-11-29 00:00:00,2,TH-21100,43615.0
CA-2015-127558,2015-11-15 00:00:00,2015-11-18 00:00:00,3,SS-20410,90008.0
CA-2018-136511,2018-03-23 00:00:00,2018-03-25 00:00:00,1,MZ-17515,10011.0
CA-2017-133795,2017-12-18 00:00:00,2017-12-24 00:00:00,2,JE-15475,92037.0
US-2018-130953,2018-07-29 00:00:00,2018-08-03 00:00:00,2,RF-19735,73120.0
CA-2015-151792,2015-09-02 00:00:00,2015-09-07 00:00:00,1,CV-12295,60653.0
CA-2018-139304,2018-01-29 00:00:00,2018-02-02 00:00:00,2,VG-21790,94109.0
CA-2017-155166,2017-12-26 00:00:00,2018-01-02 00:00:00,2,BB-11545,8360.0
CA-2016-103954,2016-08-09 00:00:00,2016-08-13 00:00:00,1,HR-14770,53209.0
CA-2015-169803,2015-04-06 00:00:00,2015-04-12 00:00:00,2,SC-20260,98115.0
CA-2018-141719,2018-11-17 00:00:00,2018-11-21 00:00:00,1,EG-13900,60540.0
CA-2016-136469,2016-07-11 00:00:00,2016-07-12 00:00:00,3,TS-21370,19805.0
CA-2017-158694,2017-11-10 00:00:00,2017-11-13 00:00:00,1,AI-10855,90036.0
US-2015-104759,2015-03-31 00:00:00,2015-04-04 00:00:00,2,DD-13570,60610.0
CA-2016-150511,2016-09-18 00:00:00,2016-09-24 00:00:00,2,AB-10060,98198.0
CA-2016-134922,2016-11-07 00:00:00,2016-11-11 00:00:00,2,KB-16240,19140.0
US-2018-120607,2018-05-19 00:00:00,2018-05-19 00:00:00,4,JC-15775,30318.0
CA-2016-141243,2016-01-03 00:00:00,2016-01-08 00:00:00,1,AH-10465,75217.0
CA-2016-162166,2016-09-08 00:00:00,2016-09-11 00:00:00,3,NM-18520,92553.0
CA-2017-120796,2017-04-03 00:00:00,2017-04-07 00:00:00,2,CS-11950,19140.0
CA-2017-109722,2017-12-05 00:00:00,2017-12-07 00:00:00,1,TP-21130,40324.0
CA-2016-136798,2016-05-08 00:00:00,2016-05-12 00:00:00,2,DL-12925,55407.0
CA-2018-122196,2018-09-22 00:00:00,2018-09-24 00:00:00,3,CA-12265,19805.0
CA-2018-142090,2018-11-30 00:00:00,2018-12-07 00:00:00,2,SC-20380,27217.0
CA-2018-160934,2018-01-15 00:00:00,2018-01-19 00:00:00,2,TT-21460,90008.0
CA-2015-124478,2015-08-08 00:00:00,2015-08-12 00:00:00,2,MA-17560,48183.0
CA-2016-145485,2016-11-05 00:00:00,2016-11-05 00:00:00,4,JM-16195,94109.0
CA-2018-151071,2018-04-25 00:00:00,2018-04-29 00:00:00,1,MB-18085,90049.0
CA-2015-134572,2015-04-20 00:00:00,2015-04-22 00:00:00,1,SV-20365,77070.0
CA-2018-143217,2018-11-11 00:00:00,2018-11-17 00:00:00,2,CG-12040,53209.0
US-2018-133312,2018-11-25 00:00:00,2018-11-29 00:00:00,2,BD-11500,94122.0
US-2016-137533,2016-12-18 00:00:00,2016-12-18 00:00:00,4,JK-15640,44105.0
CA-2017-155138,2017-09-08 00:00:00,2017-09-12 00:00:00,2,JM-15580,28110.0
CA-2017-108350,2017-06-06 00:00:00,2017-06-09 00:00:00,1,SC-20230,1852.0
CA-2016-144302,2016-06-19 00:00:00,2016-06-23 00:00:00,2,ME-17320,75081.0
CA-2016-109001,2016-03-05 00:00:00,2016-03-09 00:00:00,2,KN-16390,19120.0
CA-2018-132738,2018-08-04 00:00:00,2018-08-07 00:00:00,3,HM-14860,80538.0
CA-2018-156720,2018-12-30 00:00:00,2019-01-03 00:00:00,2,JM-15580,80538.0
CA-2016-119102,2016-05-23 00:00:00,2016-05-27 00:00:00,2,KH-16690,2895.0
US-2015-140452,2015-12-06 00:00:00,2015-12-10 00:00:00,2,BK-11260,60610.0
CA-2016-141936,2016-08-07 00:00:00,2016-08-12 00:00:00,2,PN-18775,93309.0
CA-2015-158442,2015-03-17 00:00:00,2015-03-17 00:00:00,4,AZ-10750,75217.0
CA-2016-167374,2016-03-26 00:00:00,2016-03-30 00:00:00,1,GM-14500,19140.0
CA-2015-116568,2015-12-14 00:00:00,2015-12-20 00:00:00,2,BM-11785,32725.0
CA-2016-147102,2016-09-19 00:00:00,2016-09-26 00:00:00,2,NH-18610,31907.0
CA-2018-132213,2018-04-25 00:00:00,2018-04-26 00:00:00,3,PN-18775,37211.0
CA-2015-138450,2015-10-18 00:00:00,2015-10-22 00:00:00,2,EH-13765,19134.0
CA-2016-153073,2016-11-13 00:00:00,2016-11-13 00:00:00,4,HA-14905,60610.0
CA-2017-147970,2017-01-31 00:00:00,2017-02-02 00:00:00,1,AB-10150,75220.0
CA-2017-150658,2017-11-17 00:00:00,2017-11-22 00:00:00,2,MS-17365,88220.0
CA-2018-125640,2018-07-25 00:00:00,2018-07-29 00:00:00,2,DD-13570,19134.0
CA-2018-154137,2018-11-11 00:00:00,2018-11-17 00:00:00,2,MT-17815,10009.0
CA-2016-127173,2016-09-26 00:00:00,2016-10-03 00:00:00,2,GM-14500,11572.0
CA-2015-149538,2015-04-04 00:00:00,2015-04-08 00:00:00,2,KB-16585,70506.0
CA-2015-160766,2015-09-14 00:00:00,2015-09-14 00:00:00,4,DM-13015,10009.0
CA-2018-146626,2018-12-29 00:00:00,2019-01-05 00:00:00,2,BP-11185,92804.0
CA-2016-123330,2016-06-21 00:00:00,2016-06-27 00:00:00,2,EP-13915,32725.0
CA-2018-155607,2018-11-26 00:00:00,2018-11-30 00:00:00,2,FG-14260,10009.0
CA-2017-151323,2017-10-23 00:00:00,2017-10-28 00:00:00,2,AB-10255,98103.0
CA-2016-146696,2016-12-14 00:00:00,2016-12-19 00:00:00,2,RD-19480,92105.0
CA-2017-128972,2017-11-13 00:00:00,2017-11-17 00:00:00,2,TS-21430,73120.0
CA-2018-128335,2018-09-29 00:00:00,2018-10-05 00:00:00,2,JA-15970,10550.0
CA-2016-154886,2016-11-08 00:00:00,2016-11-12 00:00:00,2,SW-20455,94109.0
CA-2017-111213,2017-04-01 00:00:00,2017-04-05 00:00:00,2,FP-14320,10009.0
CA-2018-161333,2018-02-02 00:00:00,2018-02-07 00:00:00,2,JL-15835,90045.0
CA-2018-128734,2018-12-24 00:00:00,2018-12-31 00:00:00,2,JL-15175,85224.0
CA-2015-141796,2015-06-21 00:00:00,2015-06-21 00:00:00,4,JG-15160,11561.0
CA-2018-125101,2018-03-06 00:00:00,2018-03-10 00:00:00,1,SH-19975,94109.0
CA-2018-169929,2018-09-25 00:00:00,2018-09-28 00:00:00,3,LS-17200,59601.0
US-2015-121566,2015-06-30 00:00:00,2015-07-06 00:00:00,2,CS-11860,10011.0
US-2016-124219,2016-08-07 00:00:00,2016-08-08 00:00:00,3,KW-16570,63122.0
CA-2018-163006,2018-06-30 00:00:00,2018-07-04 00:00:00,1,GH-14410,60653.0
CA-2016-156146,2016-10-26 00:00:00,2016-10-30 00:00:00,1,AG-10495,85345.0
CA-2015-111192,2015-07-30 00:00:00,2015-08-05 00:00:00,2,TS-21430,98103.0
CA-2017-115378,2017-11-18 00:00:00,2017-11-23 00:00:00,1,AJ-10945,48180.0
CA-2016-161627,2016-07-06 00:00:00,2016-07-11 00:00:00,2,SJ-20215,91104.0
CA-2015-121006,2015-11-10 00:00:00,2015-11-16 00:00:00,2,SC-20020,48640.0
CA-2017-122903,2017-05-27 00:00:00,2017-05-29 00:00:00,1,LA-16780,48205.0
CA-2016-107741,2016-03-08 00:00:00,2016-03-10 00:00:00,3,FC-14335,81001.0
CA-2018-106432,2018-10-19 00:00:00,2018-10-24 00:00:00,2,CA-12265,76706.0
CA-2017-148908,2017-11-05 00:00:00,2017-11-08 00:00:00,3,JH-15985,94109.0
CA-2017-123015,2017-12-26 00:00:00,2017-12-30 00:00:00,2,AJ-10795,10024.0
US-2016-120502,2016-04-13 00:00:00,2016-04-19 00:00:00,2,BT-11395,90036.0
CA-2018-108749,2018-09-12 00:00:00,2018-09-15 00:00:00,3,DJ-13510,2895.0
CA-2018-163335,2018-09-24 00:00:00,2018-09-27 00:00:00,3,AG-10675,31907.0
CA-2016-134719,2016-10-10 00:00:00,2016-10-15 00:00:00,2,JD-15790,32216.0
US-2016-154389,2016-11-27 00:00:00,2016-12-03 00:00:00,2,EH-14125,19140.0
CA-2016-115567,2016-09-13 00:00:00,2016-09-18 00:00:00,2,ZC-21910,47201.0
US-2018-136679,2018-11-14 00:00:00,2018-11-18 00:00:00,2,XP-21865,77506.0
US-2018-141943,2018-05-05 00:00:00,2018-05-09 00:00:00,2,DK-12985,94122.0
CA-2015-101560,2015-11-28 00:00:00,2015-12-01 00:00:00,1,CS-12250,29203.0
CA-2015-159709,2015-05-10 00:00:00,2015-05-15 00:00:00,2,AI-10855,98031.0
CA-2017-103982,2017-03-03 00:00:00,2017-03-08 00:00:00,2,AA-10315,78664.0
CA-2016-142454,2016-08-15 00:00:00,2016-08-19 00:00:00,2,RE-19450,94601.0
CA-2016-102016,2016-09-12 00:00:00,2016-09-18 00:00:00,2,TM-21010,13021.0
CA-2016-156755,2016-01-12 00:00:00,2016-01-18 00:00:00,2,YS-21880,19711.0
CA-2016-130876,2016-05-12 00:00:00,2016-05-16 00:00:00,1,AZ-10750,10024.0
CA-2017-145898,2017-09-26 00:00:00,2017-09-26 00:00:00,4,CM-12445,92374.0
US-2018-159562,2018-09-09 00:00:00,2018-09-15 00:00:00,2,JB-16000,48066.0
CA-2018-134635,2018-04-15 00:00:00,2018-04-17 00:00:00,1,NS-18640,90049.0
CA-2018-167080,2018-06-10 00:00:00,2018-06-14 00:00:00,2,LC-16930,10011.0
CA-2018-145653,2018-09-01 00:00:00,2018-09-01 00:00:00,4,CA-12775,48205.0
CA-2015-140487,2015-06-14 00:00:00,2015-06-20 00:00:00,2,SR-20425,48234.0
CA-2018-117401,2018-05-18 00:00:00,2018-05-22 00:00:00,1,PP-18955,65807.0
US-2018-109582,2018-09-12 00:00:00,2018-09-17 00:00:00,1,JM-15865,90036.0
CA-2017-119865,2017-06-21 00:00:00,2017-06-26 00:00:00,2,AS-10090,10011.0
US-2015-147648,2015-11-26 00:00:00,2015-12-01 00:00:00,2,LS-16975,94109.0
CA-2018-124436,2018-03-19 00:00:00,2018-03-22 00:00:00,1,SA-20830,93727.0
CA-2015-115084,2015-10-18 00:00:00,2015-10-22 00:00:00,2,LS-17200,71854.0
CA-2018-131037,2018-08-22 00:00:00,2018-08-23 00:00:00,3,TM-21490,94110.0
CA-2017-111143,2017-11-19 00:00:00,2017-11-22 00:00:00,3,TT-21265,46203.0
CA-2015-166744,2015-09-20 00:00:00,2015-09-24 00:00:00,2,DN-13690,21044.0
CA-2017-116561,2017-09-11 00:00:00,2017-09-17 00:00:00,2,EB-14110,95123.0
CA-2017-110730,2017-09-23 00:00:00,2017-09-26 00:00:00,1,CM-11815,98115.0
CA-2018-146367,2018-08-04 00:00:00,2018-08-08 00:00:00,2,HM-14860,75007.0
CA-2017-149454,2017-07-25 00:00:00,2017-07-26 00:00:00,3,KM-16375,22204.0
CA-2017-156265,2017-08-02 00:00:00,2017-08-04 00:00:00,1,BF-11020,90032.0
US-2016-168914,2016-05-21 00:00:00,2016-05-27 00:00:00,2,JE-15745,60423.0
US-2018-110989,2018-11-03 00:00:00,2018-11-05 00:00:00,1,EJ-14155,98105.0
CA-2016-106215,2016-04-16 00:00:00,2016-04-21 00:00:00,2,BN-11470,19143.0
US-2017-169369,2017-12-12 00:00:00,2017-12-18 00:00:00,2,EC-14050,31907.0
CA-2016-132318,2016-10-30 00:00:00,2016-11-02 00:00:00,3,TT-21220,23464.0
US-2015-131982,2015-03-07 00:00:00,2015-03-11 00:00:00,1,NP-18685,98198.0
CA-2016-125185,2016-03-05 00:00:00,2016-03-07 00:00:00,1,AH-10195,18018.0
CA-2017-130078,2017-08-08 00:00:00,2017-08-14 00:00:00,2,CC-12145,73120.0
US-2018-114034,2018-01-03 00:00:00,2018-01-08 00:00:00,2,DL-13315,91730.0
US-2018-115595,2018-10-09 00:00:00,2018-10-11 00:00:00,3,XP-21865,90032.0
CA-2018-158722,2018-10-20 00:00:00,2018-10-26 00:00:00,2,MA-17560,19120.0
CA-2015-105165,2015-09-07 00:00:00,2015-09-10 00:00:00,3,SZ-20035,77036.0
CA-2018-147452,2018-09-30 00:00:00,2018-10-03 00:00:00,3,CS-11845,98103.0
US-2018-114657,2018-11-16 00:00:00,2018-11-21 00:00:00,2,MH-18115,10701.0
CA-2018-144484,2018-09-11 00:00:00,2018-09-11 00:00:00,4,CB-12025,94110.0
CA-2018-125913,2018-01-16 00:00:00,2018-01-16 00:00:00,4,JO-15145,90008.0
US-2017-158309,2017-11-26 00:00:00,2017-11-29 00:00:00,3,PA-19060,33142.0
CA-2018-147333,2018-12-14 00:00:00,2018-12-20 00:00:00,2,KL-16555,72701.0
CA-2015-113859,2015-09-13 00:00:00,2015-09-17 00:00:00,2,BC-11125,79762.0
CA-2015-159681,2015-12-07 00:00:00,2015-12-13 00:00:00,2,PO-18850,23464.0
US-2018-104094,2018-09-07 00:00:00,2018-09-11 00:00:00,2,AG-10675,53209.0
CA-2018-152709,2018-10-07 00:00:00,2018-10-12 00:00:00,2,DB-13210,48234.0
CA-2016-105158,2016-09-05 00:00:00,2016-09-10 00:00:00,2,SP-20860,55901.0
CA-2015-133424,2015-03-30 00:00:00,2015-04-04 00:00:00,2,Dl-13600,98105.0
CA-2018-105991,2018-05-05 00:00:00,2018-05-06 00:00:00,3,LH-17020,80027.0
US-2018-136784,2018-04-30 00:00:00,2018-05-05 00:00:00,2,AD-10180,94122.0
CA-2015-146283,2015-09-08 00:00:00,2015-09-15 00:00:00,2,KT-16465,77036.0
CA-2018-151218,2018-06-20 00:00:00,2018-06-23 00:00:00,3,PJ-19015,33180.0
CA-2016-111073,2016-12-26 00:00:00,2016-12-30 00:00:00,2,MC-18100,44256.0
CA-2018-144883,2018-08-15 00:00:00,2018-08-19 00:00:00,2,BO-11350,55113.0
CA-2018-142174,2018-03-04 00:00:00,2018-03-09 00:00:00,2,DP-13000,77041.0
CA-2018-108791,2018-07-27 00:00:00,2018-07-31 00:00:00,2,TM-21490,10701.0
CA-2017-106656,2017-09-23 00:00:00,2017-09-26 00:00:00,3,DV-13045,92037.0
CA-2017-113831,2017-05-30 00:00:00,2017-06-03 00:00:00,2,AH-10690,22153.0
US-2015-139500,2015-11-16 00:00:00,2015-11-20 00:00:00,2,AB-10165,62521.0
US-2015-166310,2015-09-21 00:00:00,2015-09-23 00:00:00,3,JS-15940,75043.0
US-2017-168410,2017-02-21 00:00:00,2017-02-26 00:00:00,2,BV-11245,11572.0
CA-2018-131254,2018-11-19 00:00:00,2018-11-21 00:00:00,3,NC-18415,77095.0
CA-2017-123414,2017-08-21 00:00:00,2017-08-27 00:00:00,2,SU-20665,27834.0
CA-2018-137876,2018-04-30 00:00:00,2018-05-05 00:00:00,2,DJ-13510,94110.0
CA-2017-154060,2017-05-02 00:00:00,2017-05-08 00:00:00,2,DL-12865,27405.0
US-2018-162558,2018-10-02 00:00:00,2018-10-05 00:00:00,3,Dp-13240,37918.0
CA-2018-134439,2018-09-18 00:00:00,2018-09-23 00:00:00,1,TM-21010,68801.0
CA-2016-119508,2016-12-04 00:00:00,2016-12-09 00:00:00,2,TZ-21580,90712.0
CA-2016-152681,2016-01-17 00:00:00,2016-01-22 00:00:00,2,SC-20260,1841.0
CA-2015-130813,2015-01-06 00:00:00,2015-01-08 00:00:00,1,LS-17230,90049.0
CA-2016-120320,2016-03-05 00:00:00,2016-03-09 00:00:00,2,MV-18190,77036.0
CA-2017-111941,2017-12-25 00:00:00,2017-12-28 00:00:00,1,BD-11620,10035.0
CA-2017-123120,2017-09-04 00:00:00,2017-09-08 00:00:00,2,CV-12295,10011.0
CA-2015-103331,2015-08-26 00:00:00,2015-09-01 00:00:00,2,KB-16315,19711.0
CA-2016-169278,2016-05-21 00:00:00,2016-05-25 00:00:00,2,ME-18010,98105.0
CA-2018-111577,2018-10-16 00:00:00,2018-10-21 00:00:00,2,AJ-10780,85254.0
CA-2016-146486,2016-11-09 00:00:00,2016-11-14 00:00:00,1,DV-13465,11572.0
US-2015-168501,2015-11-21 00:00:00,2015-11-27 00:00:00,2,JK-15325,75220.0
CA-2016-112053,2016-10-11 00:00:00,2016-10-13 00:00:00,1,SH-20395,14609.0
CA-2018-108539,2018-03-21 00:00:00,2018-03-23 00:00:00,1,SC-20725,90045.0
CA-2016-149811,2016-01-04 00:00:00,2016-01-10 00:00:00,2,CS-12250,55125.0
US-2018-103814,2018-12-09 00:00:00,2018-12-16 00:00:00,2,LH-16900,60068.0
CA-2017-123932,2017-09-06 00:00:00,2017-09-12 00:00:00,2,YC-21895,75217.0
US-2017-101616,2017-09-03 00:00:00,2017-09-06 00:00:00,3,CY-12745,71203.0
CA-2015-113768,2015-05-13 00:00:00,2015-05-19 00:00:00,2,AH-10030,90004.0
CA-2017-138037,2017-09-29 00:00:00,2017-10-03 00:00:00,2,AR-10540,94109.0
CA-2015-150490,2015-08-05 00:00:00,2015-08-11 00:00:00,2,SS-20590,94122.0
US-2018-126060,2018-04-14 00:00:00,2018-04-18 00:00:00,2,DW-13585,28314.0
CA-2018-100951,2018-06-09 00:00:00,2018-06-10 00:00:00,3,NC-18625,75217.0
CA-2017-122017,2017-12-29 00:00:00,2018-01-02 00:00:00,2,CD-11920,67212.0
CA-2015-123477,2015-01-18 00:00:00,2015-01-21 00:00:00,1,DW-13195,97477.0
CA-2017-107790,2017-11-20 00:00:00,2017-11-24 00:00:00,2,EH-13990,77041.0
CA-2018-158071,2018-06-10 00:00:00,2018-06-15 00:00:00,2,BD-11320,98103.0
CA-2018-147403,2018-09-10 00:00:00,2018-09-13 00:00:00,3,KH-16630,44312.0
US-2018-136721,2018-04-08 00:00:00,2018-04-12 00:00:00,2,NH-18610,48237.0
CA-2016-118738,2016-10-24 00:00:00,2016-10-30 00:00:00,2,AG-10495,77041.0
CA-2018-134152,2018-05-27 00:00:00,2018-05-31 00:00:00,2,RP-19855,98103.0
CA-2015-125542,2015-12-05 00:00:00,2015-12-07 00:00:00,3,NB-18655,19134.0
CA-2017-136021,2017-08-14 00:00:00,2017-08-18 00:00:00,2,JM-15580,90045.0
CA-2017-149195,2017-09-05 00:00:00,2017-09-07 00:00:00,1,DM-13525,77070.0
CA-2018-161410,2018-06-26 00:00:00,2018-07-03 00:00:00,2,CC-12220,19143.0
CA-2018-152786,2018-03-12 00:00:00,2018-03-17 00:00:00,2,GA-14725,72756.0
CA-2018-164707,2018-02-18 00:00:00,2018-02-21 00:00:00,1,CV-12805,90045.0
CA-2018-163874,2018-11-10 00:00:00,2018-11-12 00:00:00,1,NC-18535,98105.0
US-2015-123183,2015-11-19 00:00:00,2015-11-25 00:00:00,2,GR-14560,19805.0
CA-2015-104829,2015-11-18 00:00:00,2015-11-21 00:00:00,1,JG-15805,84604.0
US-2017-147340,2017-09-24 00:00:00,2017-09-24 00:00:00,4,EB-13750,94110.0
CA-2017-145492,2017-11-20 00:00:00,2017-11-27 00:00:00,2,MC-17605,90004.0
CA-2017-163202,2017-09-27 00:00:00,2017-10-02 00:00:00,2,BM-11650,43130.0
CA-2017-117681,2017-04-09 00:00:00,2017-04-14 00:00:00,2,HF-14995,90004.0
CA-2018-132262,2018-09-21 00:00:00,2018-09-23 00:00:00,3,ML-18265,98103.0
CA-2018-123043,2018-08-24 00:00:00,2018-08-29 00:00:00,2,AH-10195,10024.0
US-2017-143280,2017-02-22 00:00:00,2017-02-26 00:00:00,2,TZ-21580,90045.0
CA-2018-108854,2018-12-08 00:00:00,2018-12-14 00:00:00,2,DM-13345,94109.0
CA-2018-166856,2018-09-18 00:00:00,2018-09-22 00:00:00,2,TS-21505,88101.0
CA-2017-153157,2017-09-11 00:00:00,2017-09-14 00:00:00,3,TB-21625,67212.0
US-2018-125647,2018-09-23 00:00:00,2018-09-28 00:00:00,2,LC-16870,60653.0
CA-2015-132542,2015-10-06 00:00:00,2015-10-08 00:00:00,1,AM-10360,68104.0
CA-2016-110877,2016-10-23 00:00:00,2016-10-26 00:00:00,3,JE-15715,77041.0
US-2017-151827,2017-03-31 00:00:00,2017-04-02 00:00:00,1,CS-11950,19134.0
US-2017-163258,2017-12-29 00:00:00,2018-01-02 00:00:00,2,PF-19225,90045.0
CA-2018-103009,2018-11-03 00:00:00,2018-11-05 00:00:00,1,PJ-18835,40475.0
US-2018-120649,2018-01-20 00:00:00,2018-01-26 00:00:00,2,JF-15490,6708.0
CA-2017-153598,2017-12-03 00:00:00,2017-12-06 00:00:00,3,NM-18520,90045.0
US-2017-108497,2017-06-14 00:00:00,2017-06-14 00:00:00,4,MH-17290,90036.0
CA-2017-113096,2017-09-02 00:00:00,2017-09-04 00:00:00,3,SZ-20035,94122.0
CA-2015-136861,2015-09-05 00:00:00,2015-09-07 00:00:00,3,PR-18880,33710.0
CA-2018-117422,2018-10-21 00:00:00,2018-10-25 00:00:00,2,FC-14245,44107.0
CA-2018-129707,2018-04-25 00:00:00,2018-04-29 00:00:00,2,LH-16750,85224.0
CA-2016-160171,2016-10-19 00:00:00,2016-10-24 00:00:00,2,RM-19675,90008.0
CA-2015-103317,2015-07-05 00:00:00,2015-07-08 00:00:00,3,DM-13525,32137.0
CA-2017-167115,2017-04-04 00:00:00,2017-04-09 00:00:00,2,EH-14185,10035.0
US-2018-153633,2018-11-13 00:00:00,2018-11-18 00:00:00,1,TC-21295,33458.0
CA-2018-155929,2018-09-09 00:00:00,2018-09-13 00:00:00,2,AI-10855,85301.0
CA-2016-148712,2016-04-17 00:00:00,2016-04-23 00:00:00,2,JM-15535,10035.0
CA-2017-128307,2017-07-25 00:00:00,2017-07-29 00:00:00,2,BE-11335,77041.0
US-2017-127425,2017-08-26 00:00:00,2017-08-31 00:00:00,2,DR-12880,10035.0
US-2015-119081,2015-09-12 00:00:00,2015-09-19 00:00:00,2,TA-21385,66062.0
CA-2017-140613,2017-07-22 00:00:00,2017-07-29 00:00:00,2,KN-16705,89431.0
US-2018-108700,2018-05-19 00:00:00,2018-05-23 00:00:00,2,PJ-18835,61107.0
CA-2018-160962,2018-04-28 00:00:00,2018-05-02 00:00:00,2,MC-17605,19143.0
CA-2018-130631,2018-12-29 00:00:00,2019-01-02 00:00:00,2,BS-11755,98026.0
CA-2018-116680,2018-09-04 00:00:00,2018-09-06 00:00:00,1,PK-19075,94122.0
US-2015-107405,2015-03-21 00:00:00,2015-03-25 00:00:00,2,TS-21205,28806.0
CA-2018-101574,2018-09-28 00:00:00,2018-10-04 00:00:00,2,BD-11725,90032.0
CA-2015-146591,2015-01-19 00:00:00,2015-01-20 00:00:00,3,TS-21340,85254.0
CA-2015-107706,2015-02-14 00:00:00,2015-02-19 00:00:00,1,ST-20530,77095.0
CA-2017-122448,2017-06-09 00:00:00,2017-06-14 00:00:00,2,DB-13210,94109.0
CA-2015-132451,2015-09-26 00:00:00,2015-09-27 00:00:00,3,KF-16285,92105.0
CA-2017-158547,2017-05-30 00:00:00,2017-06-04 00:00:00,2,JM-16195,45011.0
CA-2018-116946,2018-12-19 00:00:00,2018-12-23 00:00:00,2,TS-21505,80134.0
CA-2018-121741,2018-12-26 00:00:00,2018-12-26 00:00:00,4,YC-21895,68025.0
CA-2018-169691,2018-06-15 00:00:00,2018-06-18 00:00:00,3,Dp-13240,55369.0
CA-2017-121356,2017-11-20 00:00:00,2017-11-24 00:00:00,2,SJ-20500,19711.0
CA-2015-101770,2015-03-31 00:00:00,2015-04-04 00:00:00,2,KB-16240,33180.0
CA-2018-105487,2018-10-08 00:00:00,2018-10-14 00:00:00,2,CS-12250,92105.0
CA-2018-148999,2018-01-30 00:00:00,2018-02-04 00:00:00,2,EB-13870,33142.0
CA-2015-107573,2015-12-12 00:00:00,2015-12-17 00:00:00,2,PB-19150,33178.0
CA-2016-156608,2016-10-24 00:00:00,2016-10-29 00:00:00,2,MT-18070,78207.0
CA-2018-134495,2018-04-01 00:00:00,2018-04-04 00:00:00,1,BF-11020,32216.0
CA-2018-164098,2018-01-26 00:00:00,2018-01-27 00:00:00,3,CG-12520,77070.0
CA-2015-105249,2015-11-28 00:00:00,2015-11-28 00:00:00,4,DH-13675,94122.0
CA-2016-113523,2016-09-04 00:00:00,2016-09-08 00:00:00,2,SC-20440,19140.0
CA-2018-117821,2018-06-12 00:00:00,2018-06-16 00:00:00,2,HG-15025,43302.0
CA-2018-164378,2018-07-15 00:00:00,2018-07-18 00:00:00,1,MM-18055,10024.0
CA-2018-127782,2018-11-02 00:00:00,2018-11-06 00:00:00,2,TH-21115,19140.0
US-2017-162026,2017-10-08 00:00:00,2017-10-08 00:00:00,4,JE-15745,90036.0
CA-2017-150000,2017-04-08 00:00:00,2017-04-14 00:00:00,2,PG-18820,30080.0
CA-2016-168529,2016-10-08 00:00:00,2016-10-12 00:00:00,2,MB-17305,94122.0
US-2018-152569,2018-05-15 00:00:00,2018-05-20 00:00:00,2,JD-16015,60653.0
US-2015-137680,2015-02-24 00:00:00,2015-03-02 00:00:00,2,JH-15430,97504.0
CA-2016-103177,2016-05-30 00:00:00,2016-06-01 00:00:00,3,EN-13780,10009.0
US-2017-138408,2017-11-18 00:00:00,2017-11-21 00:00:00,1,KC-16255,35810.0
CA-2018-117667,2018-12-04 00:00:00,2018-12-09 00:00:00,2,MS-17980,19134.0
CA-2017-110982,2017-06-05 00:00:00,2017-06-07 00:00:00,3,CK-12205,95051.0
CA-2017-147123,2017-12-10 00:00:00,2017-12-12 00:00:00,3,SJ-20125,90805.0
CA-2018-154501,2018-04-30 00:00:00,2018-05-05 00:00:00,2,EA-14035,90008.0
CA-2018-166933,2018-04-24 00:00:00,2018-04-28 00:00:00,2,MG-17890,93101.0
CA-2016-142055,2016-05-08 00:00:00,2016-05-10 00:00:00,3,AB-10255,10009.0
CA-2016-137106,2016-03-31 00:00:00,2016-04-04 00:00:00,2,SC-20260,32216.0
CA-2018-136609,2018-08-06 00:00:00,2018-08-11 00:00:00,2,TB-21355,75104.0
CA-2018-160885,2018-12-02 00:00:00,2018-12-06 00:00:00,2,JK-16090,68104.0
US-2017-167472,2017-06-06 00:00:00,2017-06-07 00:00:00,3,CK-12595,72209.0
CA-2016-120551,2016-04-13 00:00:00,2016-04-20 00:00:00,2,SS-20590,68701.0
US-2018-150595,2018-05-22 00:00:00,2018-05-26 00:00:00,2,LE-16810,60653.0
CA-2017-134936,2017-12-19 00:00:00,2017-12-25 00:00:00,2,ES-14080,85705.0
CA-2018-102967,2018-09-22 00:00:00,2018-09-26 00:00:00,2,MG-17890,3301.0
CA-2018-151008,2018-09-07 00:00:00,2018-09-08 00:00:00,3,JM-16195,84020.0
CA-2015-159800,2015-11-28 00:00:00,2015-12-01 00:00:00,3,SG-20470,94109.0
US-2015-159618,2015-11-12 00:00:00,2015-11-16 00:00:00,2,DB-12970,77036.0
CA-2018-116113,2018-10-02 00:00:00,2018-10-06 00:00:00,1,JW-15220,36116.0
CA-2016-125066,2016-12-14 00:00:00,2016-12-18 00:00:00,2,KD-16495,39212.0
US-2016-114741,2016-12-06 00:00:00,2016-12-10 00:00:00,2,IL-15100,89031.0
CA-2018-133263,2018-03-31 00:00:00,2018-04-02 00:00:00,1,JE-15610,30318.0
CA-2018-157966,2018-03-13 00:00:00,2018-03-13 00:00:00,4,SU-20665,60610.0
CA-2015-151162,2015-12-05 00:00:00,2015-12-09 00:00:00,2,EA-14035,43229.0
CA-2017-136686,2017-12-12 00:00:00,2017-12-16 00:00:00,2,RF-19840,91104.0
CA-2018-137498,2018-09-09 00:00:00,2018-09-14 00:00:00,1,LC-17050,90004.0
CA-2018-163818,2018-10-04 00:00:00,2018-10-08 00:00:00,2,PS-18970,20735.0
CA-2017-161158,2017-05-09 00:00:00,2017-05-13 00:00:00,2,PS-18970,10024.0
CA-2015-116673,2015-12-15 00:00:00,2015-12-19 00:00:00,1,JO-15280,92037.0
CA-2018-105333,2018-11-30 00:00:00,2018-12-04 00:00:00,2,VP-21730,10011.0
CA-2016-149993,2016-03-19 00:00:00,2016-03-20 00:00:00,3,GA-14725,93534.0
CA-2015-168158,2015-07-19 00:00:00,2015-07-24 00:00:00,2,EM-14140,59405.0
CA-2017-115224,2017-12-08 00:00:00,2017-12-11 00:00:00,1,DB-13615,94110.0
CA-2015-164742,2015-10-13 00:00:00,2015-10-18 00:00:00,1,ML-17395,8701.0
US-2018-108014,2018-11-19 00:00:00,2018-11-25 00:00:00,2,JH-15430,44105.0
CA-2018-160325,2018-09-24 00:00:00,2018-09-24 00:00:00,4,BP-11095,1841.0
CA-2016-159779,2016-09-25 00:00:00,2016-09-29 00:00:00,2,SB-20185,3301.0
CA-2018-151176,2018-02-13 00:00:00,2018-02-20 00:00:00,2,SV-20785,21215.0
CA-2015-108903,2015-10-03 00:00:00,2015-10-03 00:00:00,4,DO-13435,43229.0
CA-2017-117919,2017-08-27 00:00:00,2017-08-29 00:00:00,1,TB-21355,77041.0
CA-2016-142475,2016-12-03 00:00:00,2016-12-07 00:00:00,2,BS-11380,10011.0
CA-2017-134516,2017-09-20 00:00:00,2017-09-25 00:00:00,2,FM-14215,27405.0
CA-2018-105193,2018-03-25 00:00:00,2018-03-31 00:00:00,2,JL-15835,10024.0
CA-2016-168634,2016-12-06 00:00:00,2016-12-11 00:00:00,2,AF-10870,94109.0
CA-2018-117198,2018-08-31 00:00:00,2018-09-05 00:00:00,2,BG-11035,71203.0
CA-2016-145828,2016-10-05 00:00:00,2016-10-07 00:00:00,3,MB-17305,45231.0
CA-2018-121027,2018-08-18 00:00:00,2018-08-22 00:00:00,2,HW-14935,98105.0
CA-2017-147431,2017-02-02 00:00:00,2017-02-07 00:00:00,2,AB-10105,10011.0
CA-2017-158001,2017-08-23 00:00:00,2017-08-27 00:00:00,2,JP-15460,10035.0
CA-2018-125745,2018-06-30 00:00:00,2018-07-04 00:00:00,2,DV-13045,38109.0
CA-2016-101154,2016-09-18 00:00:00,2016-09-21 00:00:00,3,CM-12190,92105.0
US-2017-124163,2017-09-25 00:00:00,2017-09-30 00:00:00,2,SC-20695,54601.0
CA-2017-121748,2017-10-24 00:00:00,2017-10-28 00:00:00,1,VW-21775,90032.0
CA-2015-126683,2015-09-29 00:00:00,2015-10-01 00:00:00,1,PP-18955,98115.0
CA-2018-148810,2018-06-26 00:00:00,2018-07-01 00:00:00,2,DR-12880,33180.0
US-2017-146066,2017-08-21 00:00:00,2017-08-23 00:00:00,1,RB-19465,19143.0
CA-2015-127614,2015-02-11 00:00:00,2015-02-15 00:00:00,2,NF-18385,23320.0
CA-2017-101742,2017-09-23 00:00:00,2017-09-28 00:00:00,1,CR-12580,10009.0
CA-2016-134943,2016-12-05 00:00:00,2016-12-06 00:00:00,3,SU-20665,48104.0
CA-2018-123022,2018-09-03 00:00:00,2018-09-08 00:00:00,2,SC-20050,91941.0
CA-2018-113208,2018-03-26 00:00:00,2018-04-02 00:00:00,2,ML-18040,48126.0
CA-2015-154893,2015-12-21 00:00:00,2015-12-27 00:00:00,2,GM-14440,92024.0
CA-2015-147900,2015-09-23 00:00:00,2015-09-28 00:00:00,2,JK-15640,44107.0
CA-2018-106355,2018-04-02 00:00:00,2018-04-05 00:00:00,3,AT-10435,6450.0
CA-2017-127985,2017-04-01 00:00:00,2017-04-05 00:00:00,1,DB-12910,31907.0
CA-2016-166604,2016-05-15 00:00:00,2016-05-20 00:00:00,1,AH-10690,30076.0
CA-2018-120719,2018-03-23 00:00:00,2018-03-26 00:00:00,3,SJ-20125,98105.0
CA-2018-127117,2018-04-14 00:00:00,2018-04-19 00:00:00,2,HM-14860,7960.0
CA-2016-104241,2016-01-04 00:00:00,2016-01-09 00:00:00,2,AG-10495,22304.0
CA-2018-168179,2018-11-02 00:00:00,2018-11-07 00:00:00,2,JB-16000,84106.0
CA-2018-142342,2018-07-17 00:00:00,2018-07-19 00:00:00,1,AJ-10795,92307.0
CA-2018-109099,2018-10-06 00:00:00,2018-10-11 00:00:00,2,MM-18280,10009.0
US-2015-134187,2015-11-04 00:00:00,2015-11-11 00:00:00,2,TH-21235,90805.0
CA-2017-145261,2017-12-18 00:00:00,2017-12-21 00:00:00,3,AH-10120,97301.0
CA-2017-108875,2017-09-24 00:00:00,2017-10-01 00:00:00,2,CL-12700,80013.0
CA-2017-141957,2017-07-21 00:00:00,2017-07-21 00:00:00,4,JG-15310,43055.0
CA-2017-142405,2017-06-11 00:00:00,2017-06-15 00:00:00,2,SE-20110,98103.0
CA-2016-141012,2016-06-09 00:00:00,2016-06-11 00:00:00,1,TG-21640,83201.0
CA-2018-127922,2018-10-27 00:00:00,2018-11-03 00:00:00,2,SH-19975,75081.0
CA-2017-146318,2017-01-22 00:00:00,2017-01-27 00:00:00,2,MC-17275,98105.0
CA-2015-135993,2015-05-28 00:00:00,2015-06-02 00:00:00,2,PJ-18835,98115.0
CA-2015-126802,2015-12-29 00:00:00,2016-01-05 00:00:00,2,ZC-21910,60610.0
CA-2017-143924,2017-07-28 00:00:00,2017-08-03 00:00:00,2,SC-20680,49423.0
CA-2017-141551,2017-09-24 00:00:00,2017-09-30 00:00:00,2,BP-11230,74012.0
CA-2015-164315,2015-04-02 00:00:00,2015-04-08 00:00:00,2,RD-19585,30605.0
CA-2016-131072,2016-11-05 00:00:00,2016-11-05 00:00:00,4,KL-16645,98105.0
CA-2015-131541,2015-07-28 00:00:00,2015-07-28 00:00:00,4,CK-12205,32712.0
CA-2016-119550,2016-12-26 00:00:00,2016-12-31 00:00:00,2,RB-19705,77070.0
US-2016-138093,2016-12-10 00:00:00,2016-12-16 00:00:00,2,KM-16225,21215.0
CA-2017-126165,2017-05-05 00:00:00,2017-05-07 00:00:00,1,AH-10465,94109.0
CA-2018-126123,2018-10-14 00:00:00,2018-10-18 00:00:00,2,AG-10765,60623.0
CA-2017-143441,2017-11-05 00:00:00,2017-11-05 00:00:00,4,EB-14170,78041.0
CA-2018-148320,2018-11-03 00:00:00,2018-11-08 00:00:00,2,PG-18895,94109.0
CA-2017-125661,2017-11-24 00:00:00,2017-11-26 00:00:00,3,CA-12055,44105.0
US-2015-123519,2015-12-14 00:00:00,2015-12-21 00:00:00,2,SS-20875,43302.0
CA-2015-155593,2015-11-03 00:00:00,2015-11-08 00:00:00,2,RP-19390,6824.0
CA-2018-136000,2018-09-22 00:00:00,2018-09-25 00:00:00,1,SC-20440,10009.0
US-2016-160857,2016-05-08 00:00:00,2016-05-15 00:00:00,2,NW-18400,10024.0
CA-2018-115805,2018-07-31 00:00:00,2018-07-31 00:00:00,4,KW-16435,60653.0
US-2015-143707,2015-03-01 00:00:00,2015-03-05 00:00:00,2,HR-14770,10035.0
CA-2018-116939,2018-09-25 00:00:00,2018-09-29 00:00:00,2,AG-10900,23223.0
CA-2016-124107,2016-10-09 00:00:00,2016-10-12 00:00:00,1,BM-11650,48104.0
CA-2018-126550,2018-03-29 00:00:00,2018-04-02 00:00:00,1,RD-19720,47905.0
CA-2016-138674,2016-11-14 00:00:00,2016-11-17 00:00:00,3,KB-16585,97477.0
CA-2017-165820,2017-09-26 00:00:00,2017-09-30 00:00:00,2,DW-13585,94109.0
CA-2015-103191,2015-09-22 00:00:00,2015-09-27 00:00:00,2,VG-21805,60653.0
CA-2016-103933,2016-09-25 00:00:00,2016-09-27 00:00:00,3,DR-12880,10011.0
CA-2016-110548,2016-05-04 00:00:00,2016-05-08 00:00:00,2,AH-10690,77095.0
CA-2018-117324,2018-12-08 00:00:00,2018-12-13 00:00:00,2,JP-15520,53711.0
CA-2018-143574,2018-06-29 00:00:00,2018-07-02 00:00:00,3,DR-12880,6460.0
CA-2015-111773,2015-06-29 00:00:00,2015-07-03 00:00:00,2,JK-15625,10024.0
CA-2015-148614,2015-01-20 00:00:00,2015-01-25 00:00:00,2,MV-17485,90049.0
CA-2017-156139,2017-12-31 00:00:00,2018-01-06 00:00:00,2,BP-11155,94109.0
US-2018-147886,2018-03-28 00:00:00,2018-03-31 00:00:00,3,DH-13075,94533.0
CA-2017-113733,2017-12-08 00:00:00,2017-12-12 00:00:00,2,LH-16900,27834.0
CA-2018-104913,2018-11-18 00:00:00,2018-11-22 00:00:00,2,DK-13090,11561.0
CA-2015-145800,2015-05-30 00:00:00,2015-06-05 00:00:00,2,SS-20410,60089.0
CA-2017-125850,2017-01-22 00:00:00,2017-01-28 00:00:00,2,FP-14320,92037.0
CA-2017-118514,2017-02-03 00:00:00,2017-02-10 00:00:00,2,LC-17050,40475.0
CA-2016-150749,2016-03-29 00:00:00,2016-04-03 00:00:00,1,AS-10240,22153.0
CA-2015-163748,2015-10-14 00:00:00,2015-10-18 00:00:00,2,HG-15025,76106.0
CA-2016-119634,2016-08-11 00:00:00,2016-08-16 00:00:00,2,BW-11065,27604.0
CA-2016-149300,2016-11-22 00:00:00,2016-11-23 00:00:00,3,BH-11710,33012.0
US-2017-111528,2017-12-30 00:00:00,2017-12-30 00:00:00,4,JP-16135,90032.0
CA-2018-158169,2018-08-12 00:00:00,2018-08-15 00:00:00,3,JM-16195,92630.0
CA-2016-162047,2016-11-03 00:00:00,2016-11-05 00:00:00,3,FH-14365,11561.0
CA-2016-117772,2016-09-10 00:00:00,2016-09-12 00:00:00,1,MC-17575,98103.0
US-2015-126340,2015-11-08 00:00:00,2015-11-14 00:00:00,2,EB-13870,96003.0
CA-2017-149685,2017-10-08 00:00:00,2017-10-15 00:00:00,2,PM-19135,78207.0
CA-2018-126396,2018-09-08 00:00:00,2018-09-12 00:00:00,1,AR-10345,77070.0
CA-2016-154900,2016-02-25 00:00:00,2016-03-01 00:00:00,2,SS-20875,1453.0
CA-2016-103835,2016-09-24 00:00:00,2016-09-28 00:00:00,2,SC-20440,90032.0
CA-2016-158939,2016-11-26 00:00:00,2016-12-01 00:00:00,2,EA-14035,65807.0
CA-2017-117408,2017-08-31 00:00:00,2017-09-06 00:00:00,2,TP-21130,76706.0
CA-2017-142398,2017-04-12 00:00:00,2017-04-16 00:00:00,2,BP-11290,90036.0
CA-2017-105277,2017-12-04 00:00:00,2017-12-08 00:00:00,2,LM-17065,13021.0
CA-2017-112060,2017-12-04 00:00:00,2017-12-09 00:00:00,2,KT-16465,94109.0
CA-2015-105270,2015-11-11 00:00:00,2015-11-18 00:00:00,2,AP-10915,90008.0
US-2016-159513,2016-04-02 00:00:00,2016-04-09 00:00:00,2,JD-15790,90049.0
CA-2016-155586,2016-12-12 00:00:00,2016-12-16 00:00:00,1,XP-21865,95928.0
CA-2018-141117,2018-10-02 00:00:00,2018-10-08 00:00:00,2,JK-16090,97477.0
CA-2018-115070,2018-04-10 00:00:00,2018-04-14 00:00:00,1,MG-18205,32216.0
CA-2018-140186,2018-09-29 00:00:00,2018-10-02 00:00:00,3,PG-18820,93309.0
CA-2015-124856,2015-09-29 00:00:00,2015-10-03 00:00:00,1,LD-17005,10011.0
CA-2015-166716,2015-08-20 00:00:00,2015-08-25 00:00:00,1,CR-12730,60610.0
CA-2015-123225,2015-07-11 00:00:00,2015-07-14 00:00:00,3,MN-17935,79907.0
CA-2016-163440,2016-03-22 00:00:00,2016-03-24 00:00:00,3,RD-19900,91360.0
US-2018-106796,2018-05-12 00:00:00,2018-05-19 00:00:00,2,JP-16135,45503.0
CA-2018-113873,2018-11-13 00:00:00,2018-11-19 00:00:00,2,KE-16420,75220.0
CA-2017-149783,2017-09-04 00:00:00,2017-09-07 00:00:00,1,DL-13315,37918.0
CA-2017-125017,2017-02-06 00:00:00,2017-02-11 00:00:00,2,KB-16240,37421.0
US-2016-163279,2016-03-22 00:00:00,2016-03-26 00:00:00,2,JD-16150,92037.0
CA-2016-150196,2016-07-02 00:00:00,2016-07-03 00:00:00,3,SR-20740,10024.0
US-2016-106495,2016-06-15 00:00:00,2016-06-17 00:00:00,3,AC-10450,33614.0
CA-2015-124730,2015-11-26 00:00:00,2015-11-26 00:00:00,4,LS-17245,13501.0
CA-2018-117632,2018-05-12 00:00:00,2018-05-18 00:00:00,2,CS-12175,94122.0
CA-2015-115056,2015-05-02 00:00:00,2015-05-02 00:00:00,4,AR-10510,43229.0
CA-2018-161067,2018-09-03 00:00:00,2018-09-06 00:00:00,1,KB-16405,10035.0
CA-2017-122063,2017-12-03 00:00:00,2017-12-07 00:00:00,2,MM-17920,47374.0
CA-2016-111206,2016-07-18 00:00:00,2016-07-22 00:00:00,2,RF-19735,92105.0
CA-2017-142895,2017-07-21 00:00:00,2017-07-26 00:00:00,2,BP-11290,28027.0
CA-2016-101868,2016-06-09 00:00:00,2016-06-16 00:00:00,2,MJ-17740,33178.0
CA-2018-133207,2018-11-27 00:00:00,2018-12-03 00:00:00,2,DO-13645,90036.0
CA-2016-132948,2016-03-27 00:00:00,2016-04-03 00:00:00,2,MV-17485,98115.0
CA-2016-134992,2016-09-22 00:00:00,2016-09-26 00:00:00,1,MG-17875,22204.0
CA-2016-126725,2016-11-17 00:00:00,2016-11-21 00:00:00,2,BS-11665,92105.0
CA-2016-121783,2016-11-10 00:00:00,2016-11-14 00:00:00,2,PO-19180,55113.0
US-2015-138835,2015-09-10 00:00:00,2015-09-14 00:00:00,2,DA-13450,23464.0
CA-2016-112214,2016-08-05 00:00:00,2016-08-11 00:00:00,2,AH-10690,75220.0
US-2018-153255,2018-09-03 00:00:00,2018-09-07 00:00:00,1,JK-15730,94521.0
CA-2016-108119,2016-11-01 00:00:00,2016-11-08 00:00:00,2,MS-17530,72032.0
CA-2016-157434,2016-04-29 00:00:00,2016-05-04 00:00:00,1,JK-15640,19120.0
CA-2017-101525,2017-05-01 00:00:00,2017-05-04 00:00:00,1,CM-12235,72209.0
US-2015-117968,2015-08-05 00:00:00,2015-08-07 00:00:00,1,RS-19420,6450.0
CA-2017-158211,2017-01-04 00:00:00,2017-01-08 00:00:00,2,BP-11185,19143.0
CA-2017-152247,2017-11-07 00:00:00,2017-11-12 00:00:00,2,MA-17995,82001.0
CA-2017-128223,2017-06-14 00:00:00,2017-06-14 00:00:00,4,EB-13705,92804.0
CA-2017-154235,2017-09-24 00:00:00,2017-09-28 00:00:00,2,RD-19900,47401.0
CA-2018-129910,2018-03-30 00:00:00,2018-04-03 00:00:00,2,ME-17320,31907.0
CA-2018-133095,2018-06-04 00:00:00,2018-06-04 00:00:00,4,EH-14005,72401.0
CA-2016-130554,2016-04-07 00:00:00,2016-04-09 00:00:00,3,FM-14290,19140.0
CA-2015-152443,2015-05-21 00:00:00,2015-05-26 00:00:00,2,FG-14260,1841.0
CA-2017-133319,2017-09-05 00:00:00,2017-09-11 00:00:00,2,MV-17485,10011.0
CA-2017-133935,2017-09-18 00:00:00,2017-09-22 00:00:00,2,JW-15220,92105.0
CA-2017-136301,2017-03-13 00:00:00,2017-03-15 00:00:00,1,EH-13765,94109.0
US-2015-109456,2015-10-16 00:00:00,2015-10-17 00:00:00,4,LS-17245,94110.0
CA-2018-151596,2018-10-08 00:00:00,2018-10-11 00:00:00,3,BP-11050,2920.0
CA-2016-147879,2016-05-07 00:00:00,2016-05-12 00:00:00,2,CC-12220,42301.0
CA-2017-166625,2017-04-14 00:00:00,2017-04-17 00:00:00,3,JM-15580,21215.0
CA-2017-146157,2017-11-21 00:00:00,2017-11-26 00:00:00,2,RD-19720,60610.0
CA-2018-159954,2018-09-10 00:00:00,2018-09-14 00:00:00,2,SS-20410,30318.0
CA-2018-100825,2018-09-09 00:00:00,2018-09-14 00:00:00,2,KD-16495,90036.0
CA-2015-168305,2015-11-01 00:00:00,2015-11-08 00:00:00,2,PL-18925,90049.0
CA-2017-167682,2017-04-03 00:00:00,2017-04-09 00:00:00,2,ZD-21925,47374.0
CA-2018-108000,2018-01-12 00:00:00,2018-01-16 00:00:00,2,LS-16945,94110.0
CA-2016-146465,2016-11-20 00:00:00,2016-11-24 00:00:00,2,PB-18805,94122.0
CA-2017-159639,2017-11-27 00:00:00,2017-12-02 00:00:00,2,PC-18745,7090.0
US-2018-153948,2018-11-06 00:00:00,2018-11-06 00:00:00,4,FM-14290,94122.0
US-2017-113985,2017-12-02 00:00:00,2017-12-07 00:00:00,2,KD-16495,95123.0
CA-2017-155383,2017-12-17 00:00:00,2017-12-22 00:00:00,2,SC-20680,98115.0
CA-2015-120432,2015-08-24 00:00:00,2015-08-26 00:00:00,1,DW-13585,42301.0
US-2016-126977,2016-09-17 00:00:00,2016-09-23 00:00:00,2,PF-19120,10035.0
CA-2017-130288,2017-11-26 00:00:00,2017-11-30 00:00:00,1,DK-13225,10011.0
CA-2018-146458,2018-11-19 00:00:00,2018-11-22 00:00:00,1,RB-19435,22153.0
CA-2018-150420,2018-06-03 00:00:00,2018-06-08 00:00:00,2,GD-14590,98226.0
US-2015-118997,2015-04-08 00:00:00,2015-04-12 00:00:00,2,RA-19885,35601.0
CA-2015-114314,2015-10-11 00:00:00,2015-10-15 00:00:00,2,DB-13555,72701.0
US-2018-169551,2018-07-07 00:00:00,2018-07-09 00:00:00,3,RL-19615,19120.0
CA-2017-103107,2017-07-04 00:00:00,2017-07-04 00:00:00,4,RB-19465,98103.0
CA-2018-122077,2018-05-19 00:00:00,2018-05-25 00:00:00,2,JF-15295,75023.0
CA-2018-112431,2018-10-12 00:00:00,2018-10-14 00:00:00,1,RW-19690,90049.0
CA-2017-151092,2017-08-06 00:00:00,2017-08-13 00:00:00,2,VG-21790,90032.0
CA-2015-104178,2015-08-25 00:00:00,2015-08-29 00:00:00,2,JM-15265,90036.0
CA-2016-115924,2016-09-14 00:00:00,2016-09-18 00:00:00,1,BE-11455,50315.0
CA-2018-161046,2018-03-05 00:00:00,2018-03-05 00:00:00,4,CB-12535,38671.0
US-2018-141698,2018-04-15 00:00:00,2018-04-21 00:00:00,2,SD-20485,77041.0
US-2015-105151,2015-03-30 00:00:00,2015-03-31 00:00:00,3,SG-20890,10009.0
CA-2015-155796,2015-11-11 00:00:00,2015-11-15 00:00:00,1,TS-21430,19601.0
CA-2017-127138,2017-03-12 00:00:00,2017-03-15 00:00:00,1,DK-13225,94109.0
CA-2018-150602,2018-02-09 00:00:00,2018-02-14 00:00:00,1,ML-17395,90045.0
CA-2015-140732,2015-11-11 00:00:00,2015-11-13 00:00:00,1,MA-17560,90004.0
CA-2018-119011,2018-08-20 00:00:00,2018-08-25 00:00:00,2,LR-17035,94109.0
CA-2017-166912,2017-01-15 00:00:00,2017-01-17 00:00:00,3,BE-11335,10009.0
CA-2015-141726,2015-07-20 00:00:00,2015-07-22 00:00:00,3,CC-12145,92105.0
CA-2018-115105,2018-02-06 00:00:00,2018-02-11 00:00:00,2,BD-11770,10024.0
CA-2016-143980,2016-12-25 00:00:00,2016-12-29 00:00:00,2,JK-15640,10011.0
CA-2017-135636,2017-10-08 00:00:00,2017-10-13 00:00:00,2,DB-13615,28205.0
CA-2018-102155,2018-07-13 00:00:00,2018-07-17 00:00:00,2,RR-19525,66212.0
CA-2018-116953,2018-04-24 00:00:00,2018-04-25 00:00:00,3,SV-20935,85204.0
CA-2015-117765,2015-09-07 00:00:00,2015-09-13 00:00:00,2,RB-19465,74133.0
CA-2017-114895,2017-11-21 00:00:00,2017-11-28 00:00:00,2,MV-18190,10035.0
CA-2018-112984,2018-09-16 00:00:00,2018-09-18 00:00:00,1,EH-14185,19143.0
CA-2017-163776,2017-07-19 00:00:00,2017-07-25 00:00:00,2,JS-16030,39401.0
US-2018-163300,2018-09-15 00:00:00,2018-09-21 00:00:00,2,ES-14020,90049.0
CA-2017-162187,2017-12-11 00:00:00,2017-12-11 00:00:00,4,NS-18640,43229.0
US-2015-112991,2015-12-10 00:00:00,2015-12-14 00:00:00,2,SH-19975,83605.0
CA-2015-124079,2015-12-13 00:00:00,2015-12-17 00:00:00,2,RF-19345,85023.0
US-2018-146878,2018-09-21 00:00:00,2018-09-27 00:00:00,2,DL-12865,33142.0
CA-2018-107244,2018-09-07 00:00:00,2018-09-11 00:00:00,2,AG-10390,90004.0
CA-2016-100657,2016-11-02 00:00:00,2016-11-07 00:00:00,2,SW-20245,12180.0
CA-2018-129581,2018-12-11 00:00:00,2018-12-18 00:00:00,2,KN-16390,2740.0
CA-2018-129028,2018-04-01 00:00:00,2018-04-03 00:00:00,3,GB-14530,29501.0
CA-2016-135580,2016-12-30 00:00:00,2017-01-03 00:00:00,2,CL-12565,90049.0
CA-2017-159016,2017-03-10 00:00:00,2017-03-11 00:00:00,3,KF-16285,90008.0
CA-2015-102652,2015-04-06 00:00:00,2015-04-12 00:00:00,2,AY-10555,90049.0
CA-2015-152422,2015-10-05 00:00:00,2015-10-10 00:00:00,1,BD-11635,43229.0
US-2017-156692,2017-08-13 00:00:00,2017-08-13 00:00:00,4,HG-15025,70065.0
CA-2015-130869,2015-11-17 00:00:00,2015-11-21 00:00:00,2,CB-12025,75104.0
US-2018-128832,2018-04-24 00:00:00,2018-04-27 00:00:00,3,LS-16945,2908.0
CA-2018-139717,2018-08-24 00:00:00,2018-08-26 00:00:00,1,DM-13015,43130.0
CA-2018-136007,2018-02-23 00:00:00,2018-03-02 00:00:00,2,AC-10615,98115.0
CA-2017-157364,2017-11-19 00:00:00,2017-11-21 00:00:00,3,LT-17110,28540.0
US-2017-112970,2017-11-14 00:00:00,2017-11-15 00:00:00,3,TB-21250,90049.0
US-2018-152492,2018-07-06 00:00:00,2018-07-06 00:00:00,4,AH-10585,33142.0
CA-2017-101168,2017-12-25 00:00:00,2018-01-01 00:00:00,2,SS-20140,3060.0
CA-2018-104010,2018-04-23 00:00:00,2018-04-25 00:00:00,3,TD-20995,10011.0
CA-2016-130253,2016-12-14 00:00:00,2016-12-18 00:00:00,2,PP-18955,90036.0
US-2016-155369,2016-04-19 00:00:00,2016-04-25 00:00:00,2,PG-18820,75007.0
CA-2017-131205,2017-09-04 00:00:00,2017-09-08 00:00:00,2,AA-10645,40324.0
CA-2018-122364,2018-09-24 00:00:00,2018-09-29 00:00:00,2,FA-14230,90008.0
CA-2017-117912,2017-02-04 00:00:00,2017-02-08 00:00:00,2,TB-21520,85635.0
CA-2018-145702,2018-05-19 00:00:00,2018-05-24 00:00:00,1,AH-10075,37918.0
CA-2016-113215,2016-09-03 00:00:00,2016-09-08 00:00:00,2,CP-12085,85705.0
CA-2017-154662,2017-06-09 00:00:00,2017-06-16 00:00:00,2,BF-11215,55407.0
CA-2016-105571,2016-11-07 00:00:00,2016-11-11 00:00:00,2,CP-12340,33142.0
CA-2017-152765,2017-06-15 00:00:00,2017-06-18 00:00:00,3,LS-17245,77036.0
CA-2016-153878,2016-04-25 00:00:00,2016-04-30 00:00:00,2,TS-21655,53209.0
CA-2017-124016,2017-09-23 00:00:00,2017-09-26 00:00:00,1,JS-15940,43130.0
CA-2017-113551,2017-08-18 00:00:00,2017-08-20 00:00:00,3,NF-18385,78539.0
CA-2015-107524,2015-03-02 00:00:00,2015-03-08 00:00:00,2,KN-16705,10009.0
CA-2015-138072,2015-12-30 00:00:00,2016-01-03 00:00:00,2,GA-14725,19120.0
CA-2016-134201,2016-04-10 00:00:00,2016-04-16 00:00:00,2,EH-14125,14609.0
CA-2016-111780,2016-12-25 00:00:00,2016-12-30 00:00:00,1,RA-19285,92037.0
CA-2016-119942,2016-04-05 00:00:00,2016-04-07 00:00:00,3,TT-21070,19120.0
CA-2016-151547,2016-01-17 00:00:00,2016-01-23 00:00:00,2,AH-10465,38134.0
CA-2018-166695,2018-05-20 00:00:00,2018-05-24 00:00:00,2,CC-12430,90712.0
CA-2018-167542,2018-08-13 00:00:00,2018-08-20 00:00:00,2,KD-16495,19120.0
CA-2016-120901,2016-12-31 00:00:00,2017-01-04 00:00:00,2,BG-11035,78745.0
CA-2018-121398,2018-12-25 00:00:00,2018-12-29 00:00:00,2,FH-14365,90008.0
CA-2017-151561,2017-09-01 00:00:00,2017-09-07 00:00:00,2,PG-18820,10011.0
CA-2018-154676,2018-08-05 00:00:00,2018-08-08 00:00:00,3,NZ-18565,77070.0
US-2015-165589,2015-02-18 00:00:00,2015-02-18 00:00:00,4,TB-21595,79424.0
US-2017-132577,2017-11-22 00:00:00,2017-11-27 00:00:00,2,JE-15475,77095.0
CA-2016-114048,2016-12-14 00:00:00,2016-12-18 00:00:00,2,EH-13945,92627.0
CA-2016-137281,2016-06-13 00:00:00,2016-06-17 00:00:00,2,BF-10975,30076.0
US-2018-162068,2018-12-28 00:00:00,2018-12-31 00:00:00,1,PC-18745,80538.0
CA-2018-100111,2018-09-20 00:00:00,2018-09-26 00:00:00,2,SV-20365,10035.0
US-2018-132381,2018-08-22 00:00:00,2018-08-24 00:00:00,3,Dp-13240,19143.0
CA-2016-147011,2016-06-18 00:00:00,2016-06-22 00:00:00,2,HR-14830,33178.0
CA-2015-120852,2015-12-20 00:00:00,2015-12-25 00:00:00,2,WB-21850,75051.0
CA-2017-150007,2017-09-11 00:00:00,2017-09-16 00:00:00,2,AS-10090,60653.0
CA-2017-124590,2017-11-12 00:00:00,2017-11-16 00:00:00,2,SP-20920,44134.0
CA-2017-133802,2017-03-14 00:00:00,2017-03-20 00:00:00,2,SP-20650,94061.0
US-2017-113677,2017-11-13 00:00:00,2017-11-19 00:00:00,2,CM-12655,10011.0
CA-2018-143378,2018-09-19 00:00:00,2018-09-25 00:00:00,2,JR-16210,97477.0
CA-2018-152660,2018-12-04 00:00:00,2018-12-09 00:00:00,2,CB-12415,60610.0
CA-2016-142139,2016-08-31 00:00:00,2016-09-05 00:00:00,2,SD-20485,76021.0
CA-2018-145772,2018-06-03 00:00:00,2018-06-07 00:00:00,2,SS-20140,90036.0
CA-2017-124100,2017-03-31 00:00:00,2017-04-06 00:00:00,2,EH-13990,10009.0
US-2015-158400,2015-10-25 00:00:00,2015-10-28 00:00:00,3,AH-10030,94109.0
CA-2018-162033,2018-03-26 00:00:00,2018-04-02 00:00:00,2,EM-14200,23464.0
CA-2015-163447,2015-12-27 00:00:00,2015-12-31 00:00:00,2,TB-21190,10011.0
CA-2018-145737,2018-09-15 00:00:00,2018-09-20 00:00:00,2,AB-10165,37087.0
CA-2017-148096,2017-08-16 00:00:00,2017-08-19 00:00:00,3,AO-10810,90045.0
CA-2017-146766,2017-11-04 00:00:00,2017-11-04 00:00:00,4,TT-21220,91911.0
CA-2016-105613,2016-10-18 00:00:00,2016-10-22 00:00:00,2,KN-16705,78501.0
US-2017-142251,2017-10-31 00:00:00,2017-11-04 00:00:00,1,FO-14305,33021.0
CA-2015-131247,2015-03-30 00:00:00,2015-04-04 00:00:00,2,GA-14725,94110.0
US-2016-113593,2016-04-18 00:00:00,2016-04-20 00:00:00,3,NC-18415,93454.0
CA-2018-121083,2018-07-09 00:00:00,2018-07-15 00:00:00,2,JF-15190,6040.0
CA-2018-151190,2018-06-27 00:00:00,2018-07-01 00:00:00,2,GT-14710,68104.0
CA-2015-133543,2015-12-22 00:00:00,2015-12-26 00:00:00,2,KM-16660,95123.0
CA-2018-105130,2018-11-21 00:00:00,2018-11-25 00:00:00,2,PJ-18835,94122.0
CA-2017-161928,2017-06-27 00:00:00,2017-06-29 00:00:00,1,AC-10660,94109.0
CA-2018-101322,2018-12-28 00:00:00,2018-12-31 00:00:00,3,JG-15310,90805.0
US-2017-106600,2017-04-08 00:00:00,2017-04-11 00:00:00,3,RM-19375,31907.0
CA-2015-111871,2015-03-18 00:00:00,2015-03-21 00:00:00,1,EK-13795,94110.0
CA-2018-139437,2018-07-03 00:00:00,2018-07-08 00:00:00,2,RD-19585,90004.0
CA-2018-151484,2018-04-20 00:00:00,2018-04-23 00:00:00,3,CV-12805,19120.0
CA-2017-104150,2017-08-03 00:00:00,2017-08-05 00:00:00,1,AG-10330,74133.0
CA-2017-161025,2017-12-03 00:00:00,2017-12-09 00:00:00,2,GM-14440,90049.0
CA-2015-103989,2015-03-19 00:00:00,2015-03-21 00:00:00,3,MC-17605,33801.0
CA-2016-142433,2016-04-20 00:00:00,2016-04-25 00:00:00,2,ES-14020,77036.0
CA-2016-132815,2016-09-19 00:00:00,2016-09-22 00:00:00,1,RW-19540,90008.0
CA-2015-101266,2015-08-27 00:00:00,2015-08-30 00:00:00,1,MM-17920,22153.0
CA-2017-141523,2017-12-19 00:00:00,2017-12-24 00:00:00,1,MH-17440,10035.0
US-2015-106299,2015-08-02 00:00:00,2015-08-08 00:00:00,2,NZ-18565,65807.0
CA-2016-158421,2016-09-21 00:00:00,2016-09-26 00:00:00,2,GB-14575,29203.0
CA-2017-143609,2017-12-11 00:00:00,2017-12-13 00:00:00,3,DB-13270,97206.0
CA-2016-138331,2016-08-07 00:00:00,2016-08-12 00:00:00,2,JK-15625,19120.0
CA-2016-138954,2016-11-15 00:00:00,2016-11-17 00:00:00,3,MH-17785,10035.0
CA-2018-157903,2018-04-04 00:00:00,2018-04-08 00:00:00,2,AM-10705,60016.0
CA-2017-157259,2017-12-24 00:00:00,2017-12-28 00:00:00,2,JM-15535,10035.0
CA-2018-107986,2018-12-13 00:00:00,2018-12-13 00:00:00,4,MW-18220,98103.0
CA-2018-104927,2018-12-22 00:00:00,2018-12-26 00:00:00,2,AG-10330,77095.0
CA-2018-113453,2018-10-21 00:00:00,2018-10-28 00:00:00,2,CM-12160,19143.0
CA-2016-149909,2016-11-13 00:00:00,2016-11-17 00:00:00,2,RA-19915,47201.0
CA-2016-146675,2016-04-16 00:00:00,2016-04-20 00:00:00,2,SB-20185,60201.0
CA-2017-118332,2017-12-16 00:00:00,2017-12-23 00:00:00,2,PK-19075,92307.0
CA-2017-133669,2017-10-21 00:00:00,2017-10-27 00:00:00,2,SV-20935,43229.0
CA-2018-145660,2018-12-01 00:00:00,2018-12-03 00:00:00,3,MG-17650,43302.0
CA-2017-133697,2017-10-20 00:00:00,2017-10-24 00:00:00,1,CM-12445,77095.0
CA-2018-148138,2018-09-29 00:00:00,2018-10-03 00:00:00,2,ME-18010,43302.0
CA-2018-119809,2018-08-18 00:00:00,2018-08-25 00:00:00,2,YS-21880,98103.0
CA-2018-149944,2018-11-12 00:00:00,2018-11-16 00:00:00,1,MB-17305,98632.0
CA-2015-128538,2015-10-11 00:00:00,2015-10-15 00:00:00,2,AS-10240,90278.0
CA-2016-161711,2016-11-28 00:00:00,2016-12-03 00:00:00,2,MC-17425,10035.0
US-2016-129553,2016-07-27 00:00:00,2016-08-02 00:00:00,2,PG-18820,40214.0
CA-2017-160220,2017-10-20 00:00:00,2017-10-26 00:00:00,2,JS-16030,48183.0
US-2018-157224,2018-09-14 00:00:00,2018-09-18 00:00:00,1,JB-16000,90045.0
CA-2018-140627,2018-12-23 00:00:00,2018-12-27 00:00:00,2,DK-12985,37075.0
CA-2016-133445,2016-10-05 00:00:00,2016-10-09 00:00:00,2,JF-15490,97206.0
CA-2015-148782,2015-11-02 00:00:00,2015-11-07 00:00:00,2,PO-18850,75061.0
CA-2017-148208,2017-01-22 00:00:00,2017-01-27 00:00:00,2,BT-11530,44105.0
CA-2018-127656,2018-07-11 00:00:00,2018-07-17 00:00:00,2,NW-18400,50701.0
US-2018-142188,2018-09-11 00:00:00,2018-09-11 00:00:00,4,JF-15415,98105.0
CA-2017-144400,2017-02-23 00:00:00,2017-02-27 00:00:00,2,AC-10420,19120.0
US-2017-155180,2017-01-22 00:00:00,2017-01-29 00:00:00,2,TB-21280,10009.0
CA-2016-134075,2016-12-12 00:00:00,2016-12-16 00:00:00,2,HA-14905,95123.0
US-2017-131912,2017-10-29 00:00:00,2017-11-01 00:00:00,1,LH-17155,90008.0
CA-2018-141572,2018-05-28 00:00:00,2018-05-31 00:00:00,1,LO-17170,3301.0
CA-2015-134621,2015-12-21 00:00:00,2015-12-28 00:00:00,2,DP-13390,38401.0
CA-2017-165561,2017-11-24 00:00:00,2017-11-28 00:00:00,2,CR-12580,98006.0
CA-2016-112305,2016-11-20 00:00:00,2016-11-25 00:00:00,2,KB-16405,98105.0
CA-2018-121580,2018-05-29 00:00:00,2018-06-04 00:00:00,2,ML-17410,47201.0
CA-2015-101147,2015-12-02 00:00:00,2015-12-04 00:00:00,3,MC-17575,60623.0
CA-2015-165806,2015-04-07 00:00:00,2015-04-07 00:00:00,4,VM-21685,30062.0
CA-2016-151624,2016-09-08 00:00:00,2016-09-14 00:00:00,2,VW-21775,36116.0
CA-2018-139444,2018-09-09 00:00:00,2018-09-15 00:00:00,2,GK-14620,75023.0
CA-2016-133977,2016-09-06 00:00:00,2016-09-08 00:00:00,1,AT-10435,33319.0
CA-2018-141425,2018-11-02 00:00:00,2018-11-06 00:00:00,1,AR-10825,43229.0
CA-2016-133536,2016-03-28 00:00:00,2016-03-30 00:00:00,1,JH-15820,10009.0
CA-2016-150441,2016-08-13 00:00:00,2016-08-17 00:00:00,1,RA-19285,47374.0
CA-2016-162607,2016-05-12 00:00:00,2016-05-18 00:00:00,2,RO-19780,98115.0
CA-2018-103506,2018-07-23 00:00:00,2018-07-27 00:00:00,2,LR-17035,11561.0
CA-2017-132479,2017-09-24 00:00:00,2017-09-26 00:00:00,3,MK-17905,61107.0
CA-2018-160724,2018-05-05 00:00:00,2018-05-10 00:00:00,2,YS-21880,31907.0
US-2017-115952,2017-10-06 00:00:00,2017-10-06 00:00:00,4,JH-15910,74133.0
CA-2015-146731,2015-11-03 00:00:00,2015-11-08 00:00:00,2,AT-10735,37211.0
CA-2016-115392,2016-10-01 00:00:00,2016-10-04 00:00:00,1,RM-19675,2138.0
CA-2018-102379,2018-12-02 00:00:00,2018-12-06 00:00:00,2,BB-11545,94601.0
CA-2018-149706,2018-12-11 00:00:00,2018-12-12 00:00:00,3,AS-10285,60067.0
US-2017-139087,2017-07-17 00:00:00,2017-07-22 00:00:00,1,DK-13375,98105.0
CA-2018-152226,2018-05-12 00:00:00,2018-05-16 00:00:00,2,JH-15910,45231.0
CA-2016-116484,2016-11-20 00:00:00,2016-11-26 00:00:00,2,JK-15205,43302.0
CA-2017-100944,2017-09-24 00:00:00,2017-09-28 00:00:00,2,EH-13765,90049.0
CA-2017-125080,2017-10-21 00:00:00,2017-10-26 00:00:00,2,VW-21775,44107.0
CA-2017-121020,2017-10-24 00:00:00,2017-10-31 00:00:00,2,CG-12040,37087.0
CA-2015-100090,2015-07-08 00:00:00,2015-07-12 00:00:00,2,EB-13705,94122.0
US-2016-139675,2016-03-13 00:00:00,2016-03-18 00:00:00,1,NF-18595,95928.0
CA-2018-143756,2018-12-02 00:00:00,2018-12-05 00:00:00,3,ME-17725,24153.0
CA-2016-151253,2016-04-22 00:00:00,2016-04-26 00:00:00,2,AZ-10750,90008.0
CA-2015-141152,2015-09-16 00:00:00,2015-09-19 00:00:00,3,RF-19345,10024.0
CA-2015-141313,2015-12-28 00:00:00,2016-01-01 00:00:00,2,AJ-10780,1915.0
CA-2015-169852,2015-10-21 00:00:00,2015-10-26 00:00:00,2,SF-20965,92024.0
CA-2018-107314,2018-11-30 00:00:00,2018-12-03 00:00:00,3,MZ-17335,94109.0
US-2015-161305,2015-06-06 00:00:00,2015-06-12 00:00:00,2,SB-20170,60623.0
CA-2018-166919,2018-11-23 00:00:00,2018-11-27 00:00:00,2,AH-10210,75220.0
CA-2018-162712,2018-06-18 00:00:00,2018-06-20 00:00:00,1,NK-18490,78415.0
CA-2018-107552,2018-05-05 00:00:00,2018-05-05 00:00:00,4,AI-10855,10035.0
CA-2017-163328,2017-11-04 00:00:00,2017-11-06 00:00:00,1,TP-21565,97405.0
CA-2015-112837,2015-09-11 00:00:00,2015-09-16 00:00:00,2,LW-17125,93030.0
CA-2018-120019,2018-02-16 00:00:00,2018-02-21 00:00:00,2,NG-18355,6824.0
CA-2015-100762,2015-11-24 00:00:00,2015-11-29 00:00:00,2,NG-18355,49201.0
CA-2018-161459,2018-11-25 00:00:00,2018-11-29 00:00:00,1,EB-13750,92677.0
CA-2018-160017,2018-09-28 00:00:00,2018-10-02 00:00:00,2,SP-20860,32216.0
CA-2015-123316,2015-10-13 00:00:00,2015-10-17 00:00:00,2,SP-20545,10550.0
CA-2015-141299,2015-06-03 00:00:00,2015-06-07 00:00:00,1,RB-19795,48640.0
CA-2015-104402,2015-06-17 00:00:00,2015-06-23 00:00:00,2,DB-13660,19711.0
CA-2016-110289,2016-10-29 00:00:00,2016-11-02 00:00:00,2,NB-18655,94109.0
CA-2015-167927,2015-01-20 00:00:00,2015-01-26 00:00:00,2,XP-21865,48185.0
CA-2015-133305,2015-07-11 00:00:00,2015-07-15 00:00:00,2,MH-17455,10011.0
CA-2017-165995,2017-08-30 00:00:00,2017-09-06 00:00:00,2,BG-11740,90008.0
CA-2018-143112,2018-10-05 00:00:00,2018-10-09 00:00:00,2,TS-21370,10035.0
US-2017-105830,2017-12-31 00:00:00,2018-01-02 00:00:00,3,DB-13660,43130.0
CA-2016-146255,2016-03-07 00:00:00,2016-03-10 00:00:00,3,EM-14140,19711.0
CA-2018-104822,2018-10-20 00:00:00,2018-10-20 00:00:00,4,RB-19465,10024.0
CA-2016-104486,2016-05-01 00:00:00,2016-05-06 00:00:00,2,PO-18850,94109.0
CA-2018-161557,2018-09-03 00:00:00,2018-09-08 00:00:00,2,AG-10900,75217.0
CA-2018-161130,2018-11-03 00:00:00,2018-11-08 00:00:00,2,BF-11275,33178.0
US-2016-161347,2016-09-13 00:00:00,2016-09-19 00:00:00,2,HG-14845,19120.0
US-2016-109015,2016-09-06 00:00:00,2016-09-12 00:00:00,2,BS-11590,10011.0
CA-2015-110611,2015-10-06 00:00:00,2015-10-13 00:00:00,2,JD-16015,19120.0
CA-2018-139080,2018-01-23 00:00:00,2018-01-28 00:00:00,2,CS-12250,98103.0
CA-2016-115693,2016-12-10 00:00:00,2016-12-15 00:00:00,2,FC-14245,90032.0
US-2015-107993,2015-11-25 00:00:00,2015-11-30 00:00:00,2,SE-20110,97477.0
CA-2018-110443,2018-11-21 00:00:00,2018-11-25 00:00:00,2,CK-12205,98059.0
CA-2018-144848,2018-04-04 00:00:00,2018-04-05 00:00:00,3,DS-13030,10009.0
US-2018-147998,2018-05-19 00:00:00,2018-05-24 00:00:00,2,SA-20830,95123.0
CA-2017-103919,2017-10-03 00:00:00,2017-10-07 00:00:00,2,TP-21565,75051.0
CA-2017-113425,2017-11-21 00:00:00,2017-11-21 00:00:00,4,JK-16120,10009.0
CA-2018-143035,2018-10-03 00:00:00,2018-10-05 00:00:00,1,CC-12430,10009.0
CA-2015-107811,2015-04-29 00:00:00,2015-05-03 00:00:00,2,LA-16780,38109.0
CA-2017-163216,2017-10-07 00:00:00,2017-10-10 00:00:00,3,AW-10930,19143.0
US-2017-116442,2017-12-15 00:00:00,2017-12-22 00:00:00,2,BP-11230,90004.0
CA-2018-150623,2018-04-10 00:00:00,2018-04-14 00:00:00,2,DB-13360,6708.0
US-2015-163797,2015-04-08 00:00:00,2015-04-13 00:00:00,2,PC-19000,85224.0
CA-2017-127236,2017-03-29 00:00:00,2017-04-02 00:00:00,2,TB-21595,45503.0
US-2018-104661,2018-01-15 00:00:00,2018-01-18 00:00:00,3,TB-21250,78745.0
CA-2015-134103,2015-01-30 00:00:00,2015-02-04 00:00:00,2,MV-18190,48234.0
CA-2016-147529,2016-02-07 00:00:00,2016-02-11 00:00:00,2,DK-12835,22153.0
CA-2017-129126,2017-12-14 00:00:00,2017-12-19 00:00:00,2,PK-19075,10011.0
CA-2018-131632,2018-10-31 00:00:00,2018-11-04 00:00:00,2,AH-10120,75217.0
CA-2018-151981,2018-08-06 00:00:00,2018-08-12 00:00:00,2,GM-14455,3301.0
CA-2018-125472,2018-05-30 00:00:00,2018-05-31 00:00:00,3,BD-11725,70506.0
CA-2016-156328,2016-11-30 00:00:00,2016-12-05 00:00:00,2,RM-19375,27604.0
CA-2018-154074,2018-08-31 00:00:00,2018-09-02 00:00:00,1,BW-11110,99207.0
CA-2018-161774,2018-05-14 00:00:00,2018-05-15 00:00:00,3,GT-14710,77041.0
CA-2018-151211,2018-08-17 00:00:00,2018-08-23 00:00:00,2,AH-10120,40214.0
CA-2018-142671,2018-11-10 00:00:00,2018-11-14 00:00:00,1,DR-12940,33021.0
CA-2018-144750,2018-08-21 00:00:00,2018-08-21 00:00:00,4,DL-13495,85224.0
CA-2017-111976,2017-03-08 00:00:00,2017-03-12 00:00:00,2,BD-11620,19120.0
CA-2017-140130,2017-10-31 00:00:00,2017-11-05 00:00:00,2,HW-14935,74133.0
CA-2015-159121,2015-07-26 00:00:00,2015-08-01 00:00:00,2,JO-15145,84020.0
CA-2016-149650,2016-10-24 00:00:00,2016-10-27 00:00:00,3,RD-19660,94601.0
CA-2018-115777,2018-08-19 00:00:00,2018-08-24 00:00:00,2,DO-13645,1841.0
CA-2017-143714,2017-05-23 00:00:00,2017-05-27 00:00:00,2,CC-12370,19120.0
CA-2015-165764,2015-11-03 00:00:00,2015-11-07 00:00:00,2,SH-20395,28540.0
CA-2016-121405,2016-03-30 00:00:00,2016-04-04 00:00:00,2,FC-14335,60610.0
US-2018-116897,2018-05-27 00:00:00,2018-05-29 00:00:00,3,JG-15160,83201.0
US-2018-113992,2018-12-14 00:00:00,2018-12-19 00:00:00,2,LC-16885,75023.0
CA-2015-166891,2015-10-04 00:00:00,2015-10-06 00:00:00,3,CC-12220,10024.0
CA-2017-101161,2017-10-13 00:00:00,2017-10-20 00:00:00,2,BW-11110,10024.0
CA-2016-151785,2016-03-05 00:00:00,2016-03-10 00:00:00,2,JJ-15445,60623.0
US-2018-119816,2018-03-04 00:00:00,2018-03-06 00:00:00,1,TT-21460,77095.0
CA-2016-156510,2016-09-25 00:00:00,2016-09-29 00:00:00,2,EH-13990,6450.0
US-2016-110261,2016-12-19 00:00:00,2016-12-23 00:00:00,1,PR-18880,60025.0
CA-2016-125710,2016-10-08 00:00:00,2016-10-13 00:00:00,2,BT-11680,77036.0
CA-2018-161102,2018-07-31 00:00:00,2018-08-03 00:00:00,3,EC-14050,94110.0
CA-2015-110065,2015-08-05 00:00:00,2015-08-11 00:00:00,2,SP-20650,10009.0
US-2018-133361,2018-05-14 00:00:00,2018-05-17 00:00:00,3,AJ-10780,21215.0
US-2017-155404,2017-09-22 00:00:00,2017-09-28 00:00:00,2,AS-10630,40214.0
CA-2016-114503,2016-11-13 00:00:00,2016-11-17 00:00:00,2,AA-10375,37087.0
CA-2018-153080,2018-05-22 00:00:00,2018-05-25 00:00:00,1,EH-13945,90008.0
CA-2017-163804,2017-12-02 00:00:00,2017-12-08 00:00:00,2,DB-13270,2908.0
CA-2016-108532,2016-08-29 00:00:00,2016-09-02 00:00:00,2,CC-12100,48234.0
CA-2015-151897,2015-06-06 00:00:00,2015-06-10 00:00:00,2,VT-21700,77070.0
CA-2017-113292,2017-03-18 00:00:00,2017-03-20 00:00:00,1,DB-13060,38401.0
CA-2015-149524,2015-01-14 00:00:00,2015-01-15 00:00:00,3,BS-11590,19140.0
CA-2018-140872,2018-06-03 00:00:00,2018-06-10 00:00:00,2,NR-18550,33024.0
CA-2018-113908,2018-06-03 00:00:00,2018-06-09 00:00:00,2,KN-16390,10011.0
CA-2016-120621,2016-03-21 00:00:00,2016-03-26 00:00:00,2,JW-16075,28540.0
US-2018-148866,2018-09-19 00:00:00,2018-09-24 00:00:00,2,JM-15535,10011.0
CA-2015-149594,2015-09-15 00:00:00,2015-09-19 00:00:00,2,MF-18250,19120.0
CA-2017-113845,2017-11-20 00:00:00,2017-11-25 00:00:00,2,FA-14230,32839.0
CA-2018-111262,2018-10-28 00:00:00,2018-11-01 00:00:00,1,KH-16510,77095.0
CA-2016-103135,2016-07-24 00:00:00,2016-07-28 00:00:00,2,SS-20515,40214.0
CA-2015-129147,2015-11-02 00:00:00,2015-11-06 00:00:00,2,LC-17050,44256.0
CA-2018-128265,2018-11-17 00:00:00,2018-11-22 00:00:00,1,VW-21775,10011.0
CA-2017-152331,2017-06-26 00:00:00,2017-06-30 00:00:00,2,LD-16855,60653.0
US-2017-128909,2017-10-09 00:00:00,2017-10-11 00:00:00,1,SP-20545,19143.0
CA-2018-102197,2018-12-20 00:00:00,2018-12-26 00:00:00,2,DK-13150,10009.0
CA-2018-167640,2018-03-06 00:00:00,2018-03-10 00:00:00,2,FC-14245,94109.0
US-2018-116652,2018-09-15 00:00:00,2018-09-19 00:00:00,2,RD-19480,94122.0
CA-2018-138289,2018-01-16 00:00:00,2018-01-18 00:00:00,1,AR-10540,49201.0
CA-2017-129308,2017-07-07 00:00:00,2017-07-13 00:00:00,2,CC-12100,19120.0
CA-2017-157791,2017-12-23 00:00:00,2017-12-28 00:00:00,1,CA-11965,2886.0
CA-2015-146864,2015-12-22 00:00:00,2015-12-26 00:00:00,2,BT-11530,10024.0
CA-2015-103744,2015-02-23 00:00:00,2015-02-27 00:00:00,2,MG-17875,79907.0
US-2018-107384,2018-12-04 00:00:00,2018-12-08 00:00:00,2,TP-21130,55901.0
CA-2015-128209,2015-11-17 00:00:00,2015-11-22 00:00:00,2,GT-14710,14215.0
CA-2015-169684,2015-10-20 00:00:00,2015-10-23 00:00:00,3,FH-14365,37918.0
CA-2016-109862,2016-10-25 00:00:00,2016-10-30 00:00:00,2,HK-14890,19711.0
US-2018-107888,2018-11-16 00:00:00,2018-11-19 00:00:00,3,CC-12220,98103.0
US-2018-154872,2018-05-14 00:00:00,2018-05-18 00:00:00,2,DP-13000,44105.0
CA-2015-113880,2015-03-01 00:00:00,2015-03-05 00:00:00,2,VF-21715,60126.0
US-2016-164966,2016-07-30 00:00:00,2016-08-01 00:00:00,3,GH-14410,55044.0
CA-2016-126739,2016-11-01 00:00:00,2016-11-03 00:00:00,1,JH-16180,10035.0
CA-2018-161578,2018-12-16 00:00:00,2018-12-21 00:00:00,1,RB-19465,90036.0
CA-2015-137092,2015-10-20 00:00:00,2015-10-22 00:00:00,1,LS-16975,60653.0
CA-2016-166947,2016-06-05 00:00:00,2016-06-10 00:00:00,2,EB-13750,14215.0
CA-2017-160941,2017-07-21 00:00:00,2017-07-26 00:00:00,2,DK-12835,95661.0
CA-2018-144680,2018-03-31 00:00:00,2018-04-02 00:00:00,3,SC-20260,76017.0
CA-2015-166086,2015-05-07 00:00:00,2015-05-12 00:00:00,2,CT-11995,1841.0
CA-2018-131282,2018-02-05 00:00:00,2018-02-08 00:00:00,1,CB-12025,76706.0
CA-2015-100678,2015-04-18 00:00:00,2015-04-22 00:00:00,2,KM-16720,77095.0
CA-2017-161543,2017-05-10 00:00:00,2017-05-16 00:00:00,2,RD-19720,98105.0
CA-2017-160535,2017-11-25 00:00:00,2017-11-30 00:00:00,2,BP-11050,7060.0
CA-2018-123085,2018-03-03 00:00:00,2018-03-08 00:00:00,2,EJ-13720,90008.0
CA-2016-153752,2016-12-06 00:00:00,2016-12-11 00:00:00,1,RO-19780,22204.0
CA-2015-103660,2015-08-25 00:00:00,2015-08-30 00:00:00,2,MW-18220,98103.0
CA-2017-169887,2017-10-22 00:00:00,2017-10-22 00:00:00,4,MS-17530,98105.0
CA-2017-148516,2017-08-07 00:00:00,2017-08-11 00:00:00,2,DW-13585,98026.0
CA-2018-104731,2018-07-21 00:00:00,2018-07-27 00:00:00,2,AM-10705,24153.0
CA-2015-164749,2015-03-23 00:00:00,2015-03-26 00:00:00,3,BG-11740,33445.0
CA-2016-103716,2016-04-30 00:00:00,2016-05-06 00:00:00,2,KB-16585,94110.0
CA-2017-126795,2017-06-13 00:00:00,2017-06-16 00:00:00,1,GT-14710,10024.0
CA-2016-146290,2016-05-04 00:00:00,2016-05-11 00:00:00,2,SV-20815,46203.0
CA-2018-157112,2018-04-23 00:00:00,2018-04-26 00:00:00,3,GG-14650,43229.0
CA-2015-169257,2015-06-06 00:00:00,2015-06-12 00:00:00,2,SV-20785,32216.0
CA-2015-154095,2015-12-02 00:00:00,2015-12-07 00:00:00,2,ON-18715,20735.0
CA-2018-146346,2018-06-17 00:00:00,2018-06-20 00:00:00,3,RA-19945,80022.0
CA-2017-148852,2017-05-26 00:00:00,2017-05-31 00:00:00,2,SV-20785,92704.0
US-2016-118906,2016-03-10 00:00:00,2016-03-10 00:00:00,4,KB-16585,20735.0
CA-2017-168921,2017-10-20 00:00:00,2017-10-22 00:00:00,3,AG-10495,90049.0
CA-2016-107678,2016-04-21 00:00:00,2016-04-28 00:00:00,2,JK-16090,40214.0
CA-2017-123512,2017-06-17 00:00:00,2017-06-19 00:00:00,3,MV-18190,90045.0
US-2018-167402,2018-01-13 00:00:00,2018-01-18 00:00:00,1,CP-12085,65807.0
CA-2015-130449,2015-09-06 00:00:00,2015-09-09 00:00:00,3,VP-21760,94109.0
CA-2016-141250,2016-01-19 00:00:00,2016-01-23 00:00:00,2,PM-18940,77590.0
CA-2015-145541,2015-12-14 00:00:00,2015-12-21 00:00:00,2,TB-21400,10024.0
CA-2015-138513,2015-05-23 00:00:00,2015-05-27 00:00:00,2,EH-13990,98006.0
CA-2016-135489,2016-09-19 00:00:00,2016-09-22 00:00:00,1,GW-14605,10024.0
CA-2016-125696,2016-10-02 00:00:00,2016-10-06 00:00:00,2,NP-18685,27893.0
CA-2017-105081,2017-12-25 00:00:00,2017-12-30 00:00:00,2,JE-15715,98115.0
US-2017-146857,2017-05-06 00:00:00,2017-05-08 00:00:00,1,BE-11455,65807.0
CA-2017-166275,2017-10-24 00:00:00,2017-10-24 00:00:00,4,SS-20590,94109.0
CA-2018-144498,2018-05-06 00:00:00,2018-05-06 00:00:00,4,MB-18085,28205.0
CA-2018-103352,2018-11-27 00:00:00,2018-11-30 00:00:00,1,RP-19390,10011.0
CA-2015-108609,2015-10-31 00:00:00,2015-11-02 00:00:00,1,AJ-10780,44052.0
CA-2018-128328,2018-08-05 00:00:00,2018-08-09 00:00:00,2,PO-18865,46203.0
US-2016-156496,2016-08-10 00:00:00,2016-08-16 00:00:00,2,WB-21850,97756.0
US-2017-127334,2017-12-15 00:00:00,2017-12-21 00:00:00,2,MP-18175,97477.0
US-2018-124779,2018-09-08 00:00:00,2018-09-11 00:00:00,3,BF-11020,76017.0
CA-2018-135937,2018-02-20 00:00:00,2018-02-27 00:00:00,2,KM-16375,85234.0
CA-2016-129322,2016-08-08 00:00:00,2016-08-10 00:00:00,1,DB-13405,1841.0
CA-2018-162173,2018-10-26 00:00:00,2018-11-01 00:00:00,2,OT-18730,23464.0
CA-2017-115483,2017-07-14 00:00:00,2017-07-18 00:00:00,1,JS-15880,75061.0
CA-2018-122175,2018-05-12 00:00:00,2018-05-14 00:00:00,1,CA-12775,8360.0
CA-2018-161088,2018-05-25 00:00:00,2018-05-29 00:00:00,2,MH-18115,31907.0
CA-2015-154837,2015-08-23 00:00:00,2015-08-27 00:00:00,1,RB-19645,90032.0
CA-2016-153794,2016-09-11 00:00:00,2016-09-16 00:00:00,2,SB-20290,92024.0
CA-2016-135510,2016-09-05 00:00:00,2016-09-12 00:00:00,2,TW-21025,22901.0
CA-2016-109337,2016-11-21 00:00:00,2016-11-23 00:00:00,1,DL-13330,46226.0
CA-2015-150329,2015-10-10 00:00:00,2015-10-14 00:00:00,2,SD-20485,85023.0
CA-2018-145037,2018-09-02 00:00:00,2018-09-07 00:00:00,1,TB-21055,6450.0
CA-2018-154466,2018-01-01 00:00:00,2018-01-02 00:00:00,3,DP-13390,53132.0
CA-2015-109134,2015-11-05 00:00:00,2015-11-10 00:00:00,2,DE-13255,90008.0
US-2016-129637,2016-12-17 00:00:00,2016-12-22 00:00:00,2,MC-18100,61701.0
CA-2016-165162,2016-05-14 00:00:00,2016-05-21 00:00:00,2,HG-15025,90032.0
CA-2018-140494,2018-03-10 00:00:00,2018-03-15 00:00:00,1,CM-11815,94109.0
CA-2018-104108,2018-12-02 00:00:00,2018-12-09 00:00:00,2,RP-19855,77095.0
US-2018-165869,2018-07-31 00:00:00,2018-08-05 00:00:00,2,LS-17200,53209.0
CA-2018-160899,2018-08-11 00:00:00,2018-08-13 00:00:00,1,DR-12940,70601.0
CA-2018-144225,2018-09-30 00:00:00,2018-10-02 00:00:00,1,CC-12475,21215.0
US-2017-163538,2017-08-26 00:00:00,2017-08-30 00:00:00,2,SS-20515,53132.0
US-2017-155103,2017-12-02 00:00:00,2017-12-07 00:00:00,2,JF-15190,10024.0
CA-2018-145429,2018-07-21 00:00:00,2018-07-25 00:00:00,2,SW-20455,92024.0
CA-2016-153535,2016-05-20 00:00:00,2016-05-24 00:00:00,2,SG-20470,27893.0
CA-2016-139164,2016-06-23 00:00:00,2016-06-28 00:00:00,2,CS-12355,90805.0
CA-2017-112277,2017-09-10 00:00:00,2017-09-15 00:00:00,2,SC-20695,33311.0
CA-2015-167724,2015-04-13 00:00:00,2015-04-18 00:00:00,2,BF-11170,21215.0
CA-2016-123141,2016-11-14 00:00:00,2016-11-19 00:00:00,2,GZ-14470,87124.0
CA-2017-149503,2017-12-09 00:00:00,2017-12-12 00:00:00,3,SP-20650,95207.0
CA-2018-163069,2018-08-18 00:00:00,2018-08-21 00:00:00,1,PJ-19015,43229.0
CA-2018-107629,2018-12-14 00:00:00,2018-12-14 00:00:00,4,DB-13060,60076.0
CA-2017-134789,2017-04-08 00:00:00,2017-04-15 00:00:00,2,CK-12325,71901.0
CA-2017-130442,2017-12-16 00:00:00,2017-12-19 00:00:00,3,SF-20065,27534.0
CA-2018-102974,2018-09-19 00:00:00,2018-09-24 00:00:00,2,DP-13105,90032.0
US-2018-166394,2018-09-04 00:00:00,2018-09-06 00:00:00,1,VM-21835,3060.0
CA-2017-128811,2017-09-12 00:00:00,2017-09-16 00:00:00,2,SF-20200,98103.0
CA-2018-145443,2018-08-10 00:00:00,2018-08-15 00:00:00,1,SC-20695,47374.0
CA-2017-165827,2017-11-04 00:00:00,2017-11-09 00:00:00,2,MF-17665,33180.0
CA-2016-156734,2016-06-18 00:00:00,2016-06-20 00:00:00,3,BV-11245,37167.0
CA-2015-120096,2015-07-04 00:00:00,2015-07-07 00:00:00,3,KE-16420,80013.0
CA-2016-141754,2016-12-20 00:00:00,2016-12-25 00:00:00,2,EM-14200,33142.0
CA-2017-123358,2017-04-10 00:00:00,2017-04-17 00:00:00,2,BT-11680,94122.0
CA-2015-144029,2015-05-26 00:00:00,2015-05-31 00:00:00,2,MM-18055,60623.0
US-2018-101784,2018-07-06 00:00:00,2018-07-11 00:00:00,2,PO-18850,90008.0
CA-2016-156923,2016-02-16 00:00:00,2016-02-20 00:00:00,2,SP-20860,3820.0
CA-2018-111269,2018-06-16 00:00:00,2018-06-18 00:00:00,1,CS-12355,43017.0
CA-2018-159156,2018-11-13 00:00:00,2018-11-16 00:00:00,3,KB-16600,10009.0
CA-2018-100230,2018-12-11 00:00:00,2018-12-15 00:00:00,2,AA-10375,10035.0
CA-2017-154767,2017-06-28 00:00:00,2017-06-30 00:00:00,1,BP-11155,7501.0
CA-2018-124205,2018-09-15 00:00:00,2018-09-19 00:00:00,2,TC-21145,8701.0
CA-2018-165715,2018-12-02 00:00:00,2018-12-08 00:00:00,2,BG-11035,27405.0
CA-2018-100636,2018-06-26 00:00:00,2018-06-30 00:00:00,2,DO-13435,10035.0
CA-2017-162943,2017-07-24 00:00:00,2017-07-26 00:00:00,1,DB-12970,10035.0
CA-2017-144764,2017-09-02 00:00:00,2017-09-08 00:00:00,2,RL-19615,60623.0
CA-2018-100615,2018-04-20 00:00:00,2018-04-24 00:00:00,2,SJ-20215,60653.0
CA-2015-109302,2015-08-12 00:00:00,2015-08-16 00:00:00,2,CS-12175,8701.0
CA-2018-139787,2018-09-19 00:00:00,2018-09-23 00:00:00,2,JP-16135,31907.0
CA-2018-139402,2018-12-09 00:00:00,2018-12-13 00:00:00,2,NC-18535,85023.0
CA-2017-119018,2017-11-04 00:00:00,2017-11-08 00:00:00,2,CW-11905,90004.0
CA-2016-105361,2016-03-29 00:00:00,2016-04-04 00:00:00,2,CM-12115,10024.0
US-2017-152373,2017-09-05 00:00:00,2017-09-11 00:00:00,2,PT-19090,78207.0
US-2018-166037,2018-01-28 00:00:00,2018-02-01 00:00:00,2,CL-12700,10009.0
US-2017-147711,2017-09-03 00:00:00,2017-09-08 00:00:00,1,HF-14995,21215.0
CA-2018-121293,2018-07-25 00:00:00,2018-07-28 00:00:00,1,JC-15775,19143.0
CA-2016-118843,2016-09-13 00:00:00,2016-09-20 00:00:00,2,JH-15910,30318.0
CA-2016-161445,2016-09-07 00:00:00,2016-09-09 00:00:00,1,CC-12610,27707.0
CA-2017-124527,2017-11-16 00:00:00,2017-11-17 00:00:00,3,IM-15055,95661.0
CA-2017-162348,2017-11-10 00:00:00,2017-11-15 00:00:00,2,BF-11170,95823.0
CA-2015-141005,2015-08-15 00:00:00,2015-08-18 00:00:00,3,CS-12355,6824.0
CA-2016-145394,2016-11-16 00:00:00,2016-11-20 00:00:00,2,MC-17605,60610.0
CA-2016-168809,2016-08-25 00:00:00,2016-08-25 00:00:00,4,MC-18100,77041.0
CA-2017-109827,2017-12-25 00:00:00,2018-01-01 00:00:00,2,LW-16825,85023.0
CA-2015-152233,2015-10-05 00:00:00,2015-10-06 00:00:00,3,KH-16510,91767.0
CA-2015-125682,2015-11-22 00:00:00,2015-11-25 00:00:00,3,RB-19645,30318.0
CA-2018-162880,2018-12-25 00:00:00,2018-12-29 00:00:00,2,GD-14590,98208.0
CA-2016-128125,2016-03-31 00:00:00,2016-04-05 00:00:00,2,EB-13705,77095.0
CA-2018-156237,2018-09-14 00:00:00,2018-09-15 00:00:00,3,PS-18760,19140.0
CA-2015-144414,2015-06-17 00:00:00,2015-06-21 00:00:00,2,GH-14425,98105.0
CA-2018-163860,2018-12-28 00:00:00,2019-01-01 00:00:00,2,LO-17170,61604.0
US-2018-115609,2018-11-02 00:00:00,2018-11-07 00:00:00,2,CS-12505,90036.0
CA-2016-154291,2016-07-25 00:00:00,2016-07-29 00:00:00,2,YS-21880,36116.0
CA-2017-118689,2017-10-02 00:00:00,2017-10-09 00:00:00,2,TC-20980,47905.0
CA-2017-140438,2017-12-24 00:00:00,2017-12-27 00:00:00,1,PW-19030,10009.0
US-2018-123204,2018-07-21 00:00:00,2018-07-27 00:00:00,2,CS-11860,10024.0
CA-2016-112522,2016-10-10 00:00:00,2016-10-17 00:00:00,2,DP-13165,60610.0
CA-2017-153101,2017-09-08 00:00:00,2017-09-08 00:00:00,4,PJ-19015,92704.0
CA-2017-142615,2017-11-20 00:00:00,2017-11-24 00:00:00,2,BM-11575,90640.0
CA-2018-142643,2018-10-15 00:00:00,2018-10-20 00:00:00,2,DL-13495,91360.0
CA-2016-116260,2016-07-06 00:00:00,2016-07-12 00:00:00,2,BF-10975,8360.0
CA-2018-107517,2018-02-05 00:00:00,2018-02-09 00:00:00,2,FC-14335,90503.0
CA-2016-166338,2016-12-06 00:00:00,2016-12-07 00:00:00,3,MP-18175,45373.0
CA-2017-123946,2017-09-12 00:00:00,2017-09-17 00:00:00,2,AJ-10795,22153.0
CA-2015-147543,2015-07-06 00:00:00,2015-07-12 00:00:00,2,BC-11125,92020.0
US-2017-159093,2017-05-09 00:00:00,2017-05-14 00:00:00,2,RS-19420,90036.0
CA-2017-162110,2017-07-18 00:00:00,2017-07-22 00:00:00,2,NP-18670,85023.0
US-2017-163461,2017-06-18 00:00:00,2017-06-21 00:00:00,3,BT-11440,60423.0
CA-2015-101462,2015-04-20 00:00:00,2015-04-25 00:00:00,2,BP-11230,90045.0
US-2017-100461,2017-01-08 00:00:00,2017-01-12 00:00:00,2,JO-15145,53132.0
US-2018-162670,2018-12-23 00:00:00,2018-12-28 00:00:00,1,MF-18250,72209.0
CA-2018-128965,2018-04-17 00:00:00,2018-04-22 00:00:00,2,PS-18760,90008.0
CA-2018-138618,2018-12-01 00:00:00,2018-12-08 00:00:00,2,MY-17380,78207.0
US-2017-126452,2017-08-21 00:00:00,2017-08-28 00:00:00,2,SC-20230,90004.0
CA-2017-145009,2017-12-05 00:00:00,2017-12-08 00:00:00,1,RF-19345,60610.0
CA-2016-162544,2016-12-16 00:00:00,2016-12-19 00:00:00,3,SG-20080,98105.0
CA-2015-124394,2015-10-17 00:00:00,2015-10-22 00:00:00,1,TB-21520,77705.0
US-2017-121013,2017-09-05 00:00:00,2017-09-10 00:00:00,2,MM-17920,23320.0
US-2016-123918,2016-10-15 00:00:00,2016-10-15 00:00:00,4,CG-12520,75217.0
CA-2016-137113,2016-12-01 00:00:00,2016-12-05 00:00:00,1,TW-21025,98105.0
CA-2016-120677,2016-05-31 00:00:00,2016-06-04 00:00:00,2,BD-11320,55407.0
CA-2018-123036,2018-09-10 00:00:00,2018-09-17 00:00:00,2,HA-14905,45503.0
CA-2018-120222,2018-04-25 00:00:00,2018-05-02 00:00:00,2,LL-16840,90032.0
CA-2018-164756,2018-09-18 00:00:00,2018-09-22 00:00:00,2,SS-20140,31907.0
CA-2018-122028,2018-08-18 00:00:00,2018-08-25 00:00:00,2,CK-12205,44107.0
US-2016-165512,2016-05-24 00:00:00,2016-05-26 00:00:00,1,VS-21820,60540.0
CA-2016-140557,2016-09-07 00:00:00,2016-09-11 00:00:00,2,TN-21040,10009.0
US-2018-135013,2018-07-24 00:00:00,2018-07-24 00:00:00,4,HR-14830,92646.0
CA-2018-111220,2018-09-02 00:00:00,2018-09-08 00:00:00,2,JS-15595,60653.0
US-2018-149006,2018-12-06 00:00:00,2018-12-08 00:00:00,1,BN-11470,94513.0
CA-2018-149468,2018-05-20 00:00:00,2018-05-20 00:00:00,4,AR-10405,48183.0
CA-2017-140249,2017-09-27 00:00:00,2017-10-03 00:00:00,2,SW-20455,98103.0
US-2018-135503,2018-12-10 00:00:00,2018-12-15 00:00:00,2,JE-16165,29406.0
CA-2015-126277,2015-09-13 00:00:00,2015-09-18 00:00:00,1,LH-16900,43229.0
US-2018-115301,2018-07-29 00:00:00,2018-08-02 00:00:00,2,VG-21790,98103.0
CA-2018-168942,2018-08-01 00:00:00,2018-08-05 00:00:00,1,EM-13960,94109.0
US-2018-128398,2018-05-02 00:00:00,2018-05-05 00:00:00,1,EM-13825,90049.0
CA-2016-104115,2016-06-12 00:00:00,2016-06-16 00:00:00,2,JH-15910,33407.0
CA-2015-142510,2015-12-22 00:00:00,2015-12-29 00:00:00,2,NP-18700,60623.0
CA-2015-124247,2015-12-16 00:00:00,2015-12-21 00:00:00,2,SH-20635,95823.0
CA-2017-105473,2017-04-16 00:00:00,2017-04-18 00:00:00,1,BM-11785,98115.0
CA-2016-102806,2016-05-21 00:00:00,2016-05-28 00:00:00,2,HG-14965,19143.0
CA-2018-121706,2018-02-26 00:00:00,2018-03-02 00:00:00,2,BM-11140,93101.0
CA-2018-109211,2018-04-04 00:00:00,2018-04-10 00:00:00,2,PS-19045,10011.0
CA-2016-134257,2016-03-16 00:00:00,2016-03-19 00:00:00,1,MS-17710,36830.0
CA-2016-137925,2016-11-30 00:00:00,2016-12-04 00:00:00,2,JL-15235,10035.0
CA-2017-140046,2017-07-28 00:00:00,2017-08-03 00:00:00,2,KM-16660,90032.0
CA-2017-140382,2017-06-23 00:00:00,2017-06-25 00:00:00,1,RD-19900,94109.0
CA-2015-164182,2015-07-14 00:00:00,2015-07-18 00:00:00,2,ST-20530,19140.0
CA-2018-137365,2018-11-30 00:00:00,2018-12-03 00:00:00,1,BP-11095,79907.0
CA-2017-129847,2017-09-02 00:00:00,2017-09-04 00:00:00,3,TA-21385,60653.0
CA-2015-126963,2015-06-15 00:00:00,2015-06-15 00:00:00,4,PS-18760,79907.0
CA-2017-125094,2017-11-05 00:00:00,2017-11-09 00:00:00,2,NP-18700,98105.0
CA-2018-107132,2018-06-26 00:00:00,2018-06-30 00:00:00,2,SC-20260,10009.0
CA-2016-139248,2016-07-25 00:00:00,2016-07-30 00:00:00,2,RD-19930,90032.0
CA-2015-148369,2015-09-23 00:00:00,2015-09-27 00:00:00,2,TH-21115,19711.0
CA-2017-106243,2017-09-30 00:00:00,2017-10-04 00:00:00,2,GM-14680,10011.0
CA-2016-126466,2016-11-09 00:00:00,2016-11-13 00:00:00,2,JO-15550,95661.0
CA-2016-130365,2016-04-25 00:00:00,2016-04-29 00:00:00,2,ZC-21910,60505.0
CA-2018-143021,2018-11-19 00:00:00,2018-11-19 00:00:00,4,AP-10720,10011.0
CA-2016-161767,2016-11-20 00:00:00,2016-11-24 00:00:00,2,GK-14620,75217.0
CA-2016-129917,2016-10-02 00:00:00,2016-10-03 00:00:00,3,HM-14980,90008.0
CA-2016-115420,2016-04-25 00:00:00,2016-05-02 00:00:00,2,LS-16945,90004.0
CA-2017-157588,2017-07-14 00:00:00,2017-07-19 00:00:00,2,AR-10570,31907.0
CA-2016-167255,2016-09-27 00:00:00,2016-09-29 00:00:00,1,RH-19510,94110.0
CA-2018-162096,2018-11-10 00:00:00,2018-11-10 00:00:00,4,TB-21190,92503.0
CA-2017-157161,2017-07-16 00:00:00,2017-07-20 00:00:00,1,JD-15895,29203.0
CA-2016-110765,2016-10-16 00:00:00,2016-10-20 00:00:00,1,MP-17965,10011.0
CA-2017-163937,2017-01-10 00:00:00,2017-01-13 00:00:00,1,JB-16000,98632.0
CA-2018-153822,2018-09-19 00:00:00,2018-09-25 00:00:00,2,AB-10105,85023.0
CA-2018-146185,2018-09-15 00:00:00,2018-09-19 00:00:00,2,CC-12145,77095.0
CA-2016-112144,2016-06-28 00:00:00,2016-07-02 00:00:00,2,CY-12745,85234.0
US-2017-119298,2017-11-25 00:00:00,2017-11-28 00:00:00,3,EP-13915,72401.0
CA-2018-155159,2018-11-25 00:00:00,2018-11-29 00:00:00,1,DL-13315,30318.0
CA-2018-149076,2018-01-14 00:00:00,2018-01-19 00:00:00,2,SO-20335,90036.0
CA-2015-146990,2015-11-07 00:00:00,2015-11-08 00:00:00,3,BP-11095,10024.0
CA-2017-116526,2017-09-01 00:00:00,2017-09-05 00:00:00,2,JA-15970,48227.0
CA-2018-158561,2018-11-11 00:00:00,2018-11-16 00:00:00,1,BB-11545,33311.0
CA-2018-165099,2018-12-11 00:00:00,2018-12-13 00:00:00,3,DK-13375,79605.0
CA-2016-109386,2016-11-08 00:00:00,2016-11-13 00:00:00,1,RH-19600,23666.0
CA-2016-166800,2016-11-19 00:00:00,2016-11-26 00:00:00,2,AG-10300,89115.0
CA-2018-117443,2018-12-23 00:00:00,2018-12-25 00:00:00,1,JB-15400,61107.0
US-2017-134369,2017-09-16 00:00:00,2017-09-22 00:00:00,2,BC-11125,92677.0
CA-2018-123687,2018-05-26 00:00:00,2018-05-29 00:00:00,3,KC-16675,40214.0
CA-2016-104871,2016-03-30 00:00:00,2016-04-03 00:00:00,2,DR-12940,61761.0
CA-2015-133158,2015-08-19 00:00:00,2015-08-21 00:00:00,1,DW-13195,90045.0
CA-2015-126333,2015-12-23 00:00:00,2015-12-28 00:00:00,2,ME-18010,77642.0
CA-2016-141740,2016-11-01 00:00:00,2016-11-05 00:00:00,2,JF-15490,10009.0
CA-2015-119466,2015-12-15 00:00:00,2015-12-21 00:00:00,2,SP-20860,60623.0
CA-2016-154823,2016-08-21 00:00:00,2016-08-25 00:00:00,2,KN-16390,45503.0
US-2015-135881,2015-05-23 00:00:00,2015-05-27 00:00:00,2,GT-14710,10035.0
CA-2018-141201,2018-12-09 00:00:00,2018-12-11 00:00:00,1,DB-12910,93905.0
CA-2015-114790,2015-03-11 00:00:00,2015-03-13 00:00:00,1,FM-14215,40475.0
US-2017-154256,2017-06-23 00:00:00,2017-06-27 00:00:00,1,SM-20005,10035.0
CA-2015-124737,2015-08-23 00:00:00,2015-08-27 00:00:00,2,AP-10915,80219.0
US-2018-101840,2018-02-06 00:00:00,2018-02-12 00:00:00,2,SP-20545,10024.0
CA-2018-131653,2018-01-29 00:00:00,2018-02-05 00:00:00,2,RD-19585,10011.0
US-2017-157840,2017-12-20 00:00:00,2017-12-23 00:00:00,1,MC-17575,68025.0
CA-2017-145548,2017-11-11 00:00:00,2017-11-16 00:00:00,2,EB-13750,10011.0
CA-2018-119494,2018-11-09 00:00:00,2018-11-13 00:00:00,2,JE-15610,92105.0
CA-2015-124618,2015-05-02 00:00:00,2015-05-04 00:00:00,1,CS-11860,33801.0
CA-2018-161970,2018-09-22 00:00:00,2018-09-27 00:00:00,2,PB-19105,30080.0
CA-2018-103443,2018-12-17 00:00:00,2018-12-23 00:00:00,2,AT-10735,10009.0
US-2018-165358,2018-07-18 00:00:00,2018-07-23 00:00:00,2,SV-20365,19134.0
CA-2017-160136,2017-11-03 00:00:00,2017-11-09 00:00:00,2,PJ-18835,75217.0
CA-2015-150581,2015-04-08 00:00:00,2015-04-12 00:00:00,2,NM-18445,94521.0
CA-2017-119515,2017-08-14 00:00:00,2017-08-16 00:00:00,3,TR-21325,37211.0
CA-2015-141355,2015-09-25 00:00:00,2015-09-30 00:00:00,2,BF-11005,80013.0
CA-2017-165330,2017-12-11 00:00:00,2017-12-11 00:00:00,4,WB-21850,92804.0
CA-2016-132633,2016-02-03 00:00:00,2016-02-05 00:00:00,1,KH-16630,84062.0
CA-2017-157742,2017-12-29 00:00:00,2017-12-31 00:00:00,1,KL-16645,97477.0
CA-2018-127712,2018-08-31 00:00:00,2018-09-05 00:00:00,2,MG-17890,97301.0
CA-2018-169474,2018-02-04 00:00:00,2018-02-09 00:00:00,2,JF-15355,14609.0
CA-2015-106726,2015-12-06 00:00:00,2015-12-08 00:00:00,3,RS-19765,90008.0
CA-2017-147473,2017-05-30 00:00:00,2017-06-03 00:00:00,2,NL-18310,90049.0
CA-2017-114209,2017-05-21 00:00:00,2017-05-26 00:00:00,2,AS-10285,75081.0
CA-2015-141901,2015-08-09 00:00:00,2015-08-14 00:00:00,2,GM-14500,93727.0
CA-2017-164490,2017-09-05 00:00:00,2017-09-10 00:00:00,1,SU-20665,60653.0
CA-2017-112256,2017-07-23 00:00:00,2017-07-28 00:00:00,2,CK-12205,78501.0
CA-2017-167416,2017-05-12 00:00:00,2017-05-17 00:00:00,2,JM-15580,98105.0
CA-2017-106950,2017-09-02 00:00:00,2017-09-06 00:00:00,2,JE-15715,28205.0
CA-2018-118724,2018-07-21 00:00:00,2018-07-25 00:00:00,1,AR-10825,94521.0
CA-2018-112004,2018-09-25 00:00:00,2018-09-28 00:00:00,3,AH-10075,19013.0
US-2018-143175,2018-08-03 00:00:00,2018-08-06 00:00:00,1,GA-14515,90004.0
CA-2016-105844,2016-10-25 00:00:00,2016-10-27 00:00:00,1,JF-15415,89431.0
CA-2018-118864,2018-06-15 00:00:00,2018-06-19 00:00:00,1,KH-16690,90032.0
CA-2016-119480,2016-01-09 00:00:00,2016-01-13 00:00:00,2,CC-12685,42420.0
US-2016-153374,2016-02-09 00:00:00,2016-02-13 00:00:00,1,JF-15565,62521.0
CA-2017-101980,2017-08-19 00:00:00,2017-08-20 00:00:00,3,RP-19390,10009.0
CA-2018-144596,2018-11-06 00:00:00,2018-11-10 00:00:00,2,CD-11980,10011.0
CA-2016-124933,2016-12-26 00:00:00,2016-12-30 00:00:00,1,DF-13135,10009.0
CA-2015-159625,2015-11-23 00:00:00,2015-11-28 00:00:00,2,SM-20005,85254.0
CA-2017-144337,2017-08-01 00:00:00,2017-08-05 00:00:00,1,SG-20890,79109.0
CA-2015-117478,2015-09-21 00:00:00,2015-09-24 00:00:00,3,LH-16750,19140.0
CA-2018-147410,2018-09-04 00:00:00,2018-09-08 00:00:00,2,EJ-14155,92704.0
CA-2018-128944,2018-06-19 00:00:00,2018-06-21 00:00:00,1,KH-16330,43055.0
CA-2017-109666,2017-04-19 00:00:00,2017-04-26 00:00:00,2,KM-16720,10035.0
US-2017-102239,2017-05-05 00:00:00,2017-05-06 00:00:00,3,LW-16990,89015.0
CA-2015-143168,2015-10-18 00:00:00,2015-10-23 00:00:00,1,IG-15085,98103.0
CA-2018-104906,2018-02-13 00:00:00,2018-02-17 00:00:00,2,JP-15460,10009.0
CA-2018-118122,2018-11-17 00:00:00,2018-11-24 00:00:00,2,GG-14650,98103.0
US-2015-147774,2015-01-20 00:00:00,2015-01-26 00:00:00,2,MM-18280,37167.0
CA-2018-166926,2018-12-01 00:00:00,2018-12-08 00:00:00,2,SO-20335,98105.0
CA-2016-128013,2016-08-09 00:00:00,2016-08-16 00:00:00,2,MF-18250,10035.0
CA-2017-123176,2017-09-27 00:00:00,2017-09-29 00:00:00,1,JG-15160,30318.0
US-2017-117541,2017-11-14 00:00:00,2017-11-20 00:00:00,2,JM-16195,19711.0
CA-2017-166282,2017-04-16 00:00:00,2017-04-22 00:00:00,2,PK-19075,37211.0
CA-2018-141439,2018-11-26 00:00:00,2018-12-01 00:00:00,2,TT-21460,47374.0
CA-2016-163965,2016-11-20 00:00:00,2016-11-27 00:00:00,2,SS-20875,33180.0
CA-2018-128783,2018-09-07 00:00:00,2018-09-07 00:00:00,4,TG-21640,63301.0
CA-2015-122217,2015-11-24 00:00:00,2015-11-29 00:00:00,2,HP-14815,23464.0
US-2018-141558,2018-03-11 00:00:00,2018-03-16 00:00:00,2,MH-17290,19140.0
CA-2017-139941,2017-06-12 00:00:00,2017-06-17 00:00:00,2,CB-12415,11561.0
CA-2016-166583,2016-06-26 00:00:00,2016-06-30 00:00:00,2,VD-21670,77070.0
CA-2018-100412,2018-12-22 00:00:00,2018-12-26 00:00:00,2,SR-20425,35401.0
CA-2018-142909,2018-12-22 00:00:00,2018-12-25 00:00:00,1,AG-10330,85204.0
CA-2015-137911,2015-10-09 00:00:00,2015-10-15 00:00:00,2,BP-11095,28540.0
CA-2016-106208,2016-12-10 00:00:00,2016-12-15 00:00:00,2,JW-16075,60610.0
US-2016-136749,2016-12-25 00:00:00,2016-12-27 00:00:00,1,LH-16900,31907.0
CA-2018-126718,2018-04-29 00:00:00,2018-05-04 00:00:00,2,KT-16480,7050.0
CA-2017-131380,2017-03-28 00:00:00,2017-03-31 00:00:00,1,CC-12220,90032.0
CA-2016-145835,2016-05-13 00:00:00,2016-05-18 00:00:00,1,BF-11170,60623.0
CA-2015-138709,2015-07-04 00:00:00,2015-07-09 00:00:00,2,MS-17770,23223.0
CA-2015-122070,2015-04-22 00:00:00,2015-04-24 00:00:00,1,AH-10030,12180.0
CA-2017-158610,2017-09-19 00:00:00,2017-09-22 00:00:00,3,CK-12595,2908.0
CA-2015-117464,2015-07-22 00:00:00,2015-07-24 00:00:00,1,NP-18325,94122.0
US-2018-168613,2018-10-08 00:00:00,2018-10-14 00:00:00,2,GM-14440,10009.0
CA-2018-125381,2018-04-25 00:00:00,2018-04-27 00:00:00,1,SG-20605,94109.0
US-2018-141677,2018-03-26 00:00:00,2018-03-30 00:00:00,2,HK-14890,77070.0
CA-2018-133067,2018-05-04 00:00:00,2018-05-10 00:00:00,2,MY-18295,19140.0
US-2017-144351,2017-11-14 00:00:00,2017-11-18 00:00:00,2,RC-19960,21215.0
CA-2015-106054,2015-01-06 00:00:00,2015-01-07 00:00:00,3,JO-15145,30605.0
CA-2017-138667,2017-12-27 00:00:00,2017-12-30 00:00:00,1,MW-18220,43130.0
CA-2018-150609,2018-04-30 00:00:00,2018-05-04 00:00:00,2,NZ-18565,90032.0
CA-2018-128853,2018-04-21 00:00:00,2018-04-23 00:00:00,3,JM-15250,21215.0
CA-2018-133102,2018-08-17 00:00:00,2018-08-24 00:00:00,2,ED-13885,77095.0
CA-2017-164399,2017-11-12 00:00:00,2017-11-15 00:00:00,3,DW-13480,92024.0
CA-2017-116918,2017-10-01 00:00:00,2017-10-06 00:00:00,1,JK-15205,33012.0
CA-2017-110492,2017-02-12 00:00:00,2017-02-14 00:00:00,3,JS-15880,30318.0
CA-2017-147683,2017-11-13 00:00:00,2017-11-17 00:00:00,2,PO-19180,98103.0
CA-2015-116785,2015-04-26 00:00:00,2015-04-30 00:00:00,2,MH-17290,90036.0
US-2016-156797,2016-08-11 00:00:00,2016-08-15 00:00:00,2,PO-19180,10035.0
CA-2017-104276,2017-11-27 00:00:00,2017-12-03 00:00:00,2,HF-14995,33311.0
CA-2017-120369,2017-10-28 00:00:00,2017-10-28 00:00:00,4,VB-21745,14609.0
CA-2015-118276,2015-12-29 00:00:00,2016-01-02 00:00:00,2,MG-17890,60174.0
CA-2016-136658,2016-09-10 00:00:00,2016-09-17 00:00:00,2,BO-11425,10024.0
CA-2018-137414,2018-10-02 00:00:00,2018-10-06 00:00:00,2,CM-12115,94109.0
CA-2017-143476,2017-09-11 00:00:00,2017-09-13 00:00:00,3,LC-16930,85023.0
US-2017-119046,2017-06-02 00:00:00,2017-06-06 00:00:00,2,EH-13765,98115.0
CA-2018-154949,2018-10-15 00:00:00,2018-10-19 00:00:00,2,MC-17275,93010.0
CA-2016-103072,2016-09-27 00:00:00,2016-09-30 00:00:00,1,HW-14935,48205.0
CA-2016-150770,2016-05-03 00:00:00,2016-05-06 00:00:00,3,LC-16870,94109.0
CA-2018-154760,2018-01-09 00:00:00,2018-01-13 00:00:00,2,BP-11290,19140.0
US-2018-104437,2018-01-27 00:00:00,2018-01-31 00:00:00,2,TG-21310,10035.0
CA-2018-113075,2018-09-02 00:00:00,2018-09-06 00:00:00,2,MC-18100,60623.0
CA-2017-109953,2017-07-14 00:00:00,2017-07-18 00:00:00,2,RB-19360,94122.0
CA-2018-127397,2018-02-24 00:00:00,2018-02-28 00:00:00,2,ES-14080,19134.0
CA-2015-157546,2015-07-20 00:00:00,2015-07-22 00:00:00,3,RD-19720,94122.0
CA-2018-153843,2018-03-13 00:00:00,2018-03-15 00:00:00,3,SC-20380,6824.0
CA-2017-137337,2017-03-08 00:00:00,2017-03-12 00:00:00,2,GB-14575,10011.0
CA-2015-138737,2015-12-07 00:00:00,2015-12-10 00:00:00,3,FP-14320,90049.0
CA-2017-164924,2017-07-10 00:00:00,2017-07-10 00:00:00,4,EA-14035,19143.0
CA-2017-101651,2017-12-24 00:00:00,2017-12-30 00:00:00,2,SC-20305,95123.0
CA-2018-136651,2018-04-23 00:00:00,2018-04-25 00:00:00,1,JF-15355,91104.0
CA-2018-118892,2018-08-17 00:00:00,2018-08-22 00:00:00,1,TP-21415,19134.0
US-2018-151127,2018-05-22 00:00:00,2018-05-25 00:00:00,3,RL-19615,90049.0
CA-2018-145807,2018-02-09 00:00:00,2018-02-13 00:00:00,2,SB-20170,90032.0
US-2015-127978,2015-03-03 00:00:00,2015-03-08 00:00:00,2,JS-15595,43229.0
CA-2016-158491,2016-06-04 00:00:00,2016-06-09 00:00:00,1,BP-11155,90008.0
CA-2017-116764,2017-08-27 00:00:00,2017-09-02 00:00:00,2,EM-13825,33021.0
CA-2017-152457,2017-09-12 00:00:00,2017-09-18 00:00:00,2,SC-20695,48066.0
CA-2017-152730,2017-05-30 00:00:00,2017-06-04 00:00:00,2,EM-14140,54880.0
CA-2018-137001,2018-06-10 00:00:00,2018-06-13 00:00:00,1,GZ-14545,91360.0
CA-2018-156363,2018-10-22 00:00:00,2018-10-28 00:00:00,2,ML-17395,19134.0
CA-2018-122056,2018-06-13 00:00:00,2018-06-17 00:00:00,2,PG-18895,22153.0
US-2015-143721,2015-11-23 00:00:00,2015-11-26 00:00:00,1,DK-12835,77095.0
CA-2018-122987,2018-08-16 00:00:00,2018-08-16 00:00:00,4,SJ-20215,38401.0
CA-2017-133368,2017-01-14 00:00:00,2017-01-20 00:00:00,2,AG-10675,28027.0
CA-2017-123337,2017-09-16 00:00:00,2017-09-22 00:00:00,2,KD-16495,95123.0
US-2017-150357,2017-10-10 00:00:00,2017-10-14 00:00:00,2,EB-13975,27405.0
CA-2016-144519,2016-11-13 00:00:00,2016-11-17 00:00:00,2,AW-10930,59601.0
CA-2015-120670,2015-11-02 00:00:00,2015-11-06 00:00:00,2,JK-16120,33311.0
CA-2017-157217,2017-07-19 00:00:00,2017-07-21 00:00:00,3,TC-21535,94110.0
CA-2017-108224,2017-05-14 00:00:00,2017-05-14 00:00:00,4,TH-21235,85364.0
CA-2016-162782,2016-02-21 00:00:00,2016-02-27 00:00:00,2,PW-19240,21044.0
CA-2018-159282,2018-10-16 00:00:00,2018-10-21 00:00:00,2,GH-14410,85364.0
CA-2018-155936,2018-06-22 00:00:00,2018-06-29 00:00:00,2,JK-15730,60653.0
CA-2018-169439,2018-09-09 00:00:00,2018-09-13 00:00:00,2,LC-17140,44105.0
CA-2018-151183,2018-10-14 00:00:00,2018-10-19 00:00:00,2,BK-11260,94110.0
CA-2017-149965,2017-06-20 00:00:00,2017-06-25 00:00:00,2,BS-11365,73120.0
CA-2015-158281,2015-09-02 00:00:00,2015-09-07 00:00:00,2,AG-10525,77095.0
CA-2017-153661,2017-01-30 00:00:00,2017-01-31 00:00:00,3,SC-20725,94122.0
CA-2018-109183,2018-12-04 00:00:00,2018-12-09 00:00:00,2,LR-16915,37211.0
CA-2017-113656,2017-01-23 00:00:00,2017-01-29 00:00:00,2,CB-12415,90036.0
CA-2016-148964,2016-05-26 00:00:00,2016-05-31 00:00:00,2,RD-19900,98006.0
CA-2015-111899,2015-05-04 00:00:00,2015-05-05 00:00:00,3,NC-18340,77036.0
CA-2016-101126,2016-02-10 00:00:00,2016-02-14 00:00:00,1,NB-18655,19143.0
CA-2015-163468,2015-11-18 00:00:00,2015-11-21 00:00:00,3,JK-15730,60016.0
US-2018-117450,2018-09-04 00:00:00,2018-09-08 00:00:00,2,DO-13645,33437.0
CA-2015-137274,2015-03-29 00:00:00,2015-04-02 00:00:00,2,MG-18145,75023.0
CA-2017-144092,2017-11-05 00:00:00,2017-11-07 00:00:00,1,LH-17155,95123.0
CA-2018-112172,2018-06-10 00:00:00,2018-06-14 00:00:00,1,MM-18280,10024.0
CA-2016-121699,2016-08-10 00:00:00,2016-08-14 00:00:00,2,BD-11320,48227.0
CA-2016-162761,2016-10-09 00:00:00,2016-10-13 00:00:00,2,SC-20575,33178.0
CA-2017-121377,2017-05-28 00:00:00,2017-06-02 00:00:00,2,TN-21040,60068.0
CA-2018-115322,2018-05-11 00:00:00,2018-05-16 00:00:00,1,ZC-21910,10024.0
CA-2017-132066,2017-10-16 00:00:00,2017-10-20 00:00:00,2,NB-18655,10011.0
CA-2018-158120,2018-11-17 00:00:00,2018-11-21 00:00:00,2,KH-16330,97123.0
CA-2018-100097,2018-11-26 00:00:00,2018-11-29 00:00:00,1,MN-17935,10009.0
CA-2018-167626,2018-09-03 00:00:00,2018-09-07 00:00:00,2,MY-18295,60623.0
US-2018-126053,2018-12-05 00:00:00,2018-12-08 00:00:00,3,CS-11950,10024.0
US-2018-128447,2018-11-10 00:00:00,2018-11-17 00:00:00,2,MC-17845,99301.0
US-2015-131275,2015-03-18 00:00:00,2015-03-24 00:00:00,2,SC-20050,91505.0
CA-2017-149349,2017-11-12 00:00:00,2017-11-13 00:00:00,3,SP-20650,60623.0
CA-2018-115119,2018-10-26 00:00:00,2018-10-30 00:00:00,2,SC-20440,17602.0
CA-2016-125563,2016-04-11 00:00:00,2016-04-17 00:00:00,2,PR-18880,33614.0
CA-2016-113152,2016-12-25 00:00:00,2016-12-30 00:00:00,2,JK-15625,10024.0
CA-2018-165155,2018-09-21 00:00:00,2018-09-23 00:00:00,3,BM-11575,90045.0
CA-2015-163412,2015-12-20 00:00:00,2015-12-23 00:00:00,1,SM-20950,10035.0
CA-2016-159590,2016-07-18 00:00:00,2016-07-21 00:00:00,3,KC-16255,10009.0
CA-2015-116190,2015-07-26 00:00:00,2015-08-01 00:00:00,2,SG-20470,30318.0
CA-2015-168473,2015-12-26 00:00:00,2016-01-01 00:00:00,2,TB-21520,10009.0
CA-2018-168389,2018-12-11 00:00:00,2018-12-17 00:00:00,2,DV-13045,32216.0
CA-2015-130421,2015-03-03 00:00:00,2015-03-07 00:00:00,2,SC-20020,77095.0
CA-2018-142125,2018-10-21 00:00:00,2018-10-27 00:00:00,2,JB-15400,53209.0
CA-2018-141138,2018-11-10 00:00:00,2018-11-16 00:00:00,2,GH-14425,95351.0
CA-2018-152135,2018-03-16 00:00:00,2018-03-18 00:00:00,1,MG-17650,44107.0
CA-2017-151974,2017-09-22 00:00:00,2017-09-29 00:00:00,2,RD-19660,19134.0
CA-2018-154102,2018-02-06 00:00:00,2018-02-13 00:00:00,2,SN-20560,94109.0
CA-2016-139780,2016-12-31 00:00:00,2017-01-02 00:00:00,1,AH-10690,48205.0
CA-2017-114748,2017-10-09 00:00:00,2017-10-14 00:00:00,2,MZ-17335,85023.0
US-2015-115189,2015-12-30 00:00:00,2016-01-03 00:00:00,1,AR-10345,19143.0
CA-2017-163594,2017-04-12 00:00:00,2017-04-14 00:00:00,3,JF-15295,90036.0
CA-2017-127243,2017-11-28 00:00:00,2017-12-04 00:00:00,2,DS-13180,19140.0
CA-2018-161851,2018-04-15 00:00:00,2018-04-17 00:00:00,3,BP-11095,33180.0
CA-2016-110345,2016-03-09 00:00:00,2016-03-11 00:00:00,1,TG-21310,27604.0
CA-2015-107769,2015-10-28 00:00:00,2015-11-01 00:00:00,2,BT-11395,67846.0
US-2018-123862,2018-01-07 00:00:00,2018-01-09 00:00:00,1,JF-15190,90805.0
CA-2018-100580,2018-08-13 00:00:00,2018-08-20 00:00:00,2,MK-17905,92037.0
US-2018-145597,2018-11-02 00:00:00,2018-11-05 00:00:00,3,GG-14650,61701.0
CA-2015-132787,2015-09-19 00:00:00,2015-09-23 00:00:00,2,MC-18130,98115.0
CA-2016-136224,2016-05-31 00:00:00,2016-05-31 00:00:00,4,ML-18265,28314.0
CA-2017-105732,2017-09-13 00:00:00,2017-09-18 00:00:00,2,AG-10270,68104.0
CA-2018-108035,2018-11-29 00:00:00,2018-12-03 00:00:00,2,TT-21070,37421.0
CA-2018-160031,2018-12-04 00:00:00,2018-12-07 00:00:00,1,LT-16765,45014.0
CA-2018-147844,2018-05-02 00:00:00,2018-05-06 00:00:00,2,DD-13570,90049.0
CA-2017-110975,2017-12-25 00:00:00,2017-12-30 00:00:00,2,DB-12970,10024.0
CA-2015-141649,2015-09-30 00:00:00,2015-09-30 00:00:00,4,DM-12955,45014.0
CA-2015-124807,2015-07-12 00:00:00,2015-07-15 00:00:00,1,ME-17725,60610.0
CA-2017-110009,2017-09-08 00:00:00,2017-09-13 00:00:00,2,TR-21325,98103.0
CA-2018-168172,2018-08-06 00:00:00,2018-08-10 00:00:00,2,SH-20395,10011.0
CA-2016-100146,2016-05-14 00:00:00,2016-05-19 00:00:00,2,CB-12535,93010.0
CA-2018-152079,2018-01-20 00:00:00,2018-01-21 00:00:00,3,ML-17410,60653.0
CA-2017-129728,2017-05-30 00:00:00,2017-06-06 00:00:00,2,JG-15310,90032.0
CA-2015-121769,2015-04-08 00:00:00,2015-04-12 00:00:00,2,JS-15880,43615.0
CA-2015-103058,2015-07-23 00:00:00,2015-07-24 00:00:00,3,AG-10270,10011.0
CA-2018-121125,2018-05-30 00:00:00,2018-06-03 00:00:00,2,MG-17890,97224.0
US-2017-114013,2017-03-13 00:00:00,2017-03-15 00:00:00,1,SC-20770,19134.0
CA-2018-135069,2018-04-10 00:00:00,2018-04-14 00:00:00,2,BS-11755,19143.0
CA-2017-101693,2017-06-25 00:00:00,2017-06-27 00:00:00,1,LC-17140,77070.0
US-2015-164763,2015-03-17 00:00:00,2015-03-21 00:00:00,2,MH-17440,39212.0
CA-2015-161249,2015-08-09 00:00:00,2015-08-13 00:00:00,2,RD-19720,85023.0
CA-2016-148180,2016-07-26 00:00:00,2016-07-31 00:00:00,2,BP-11095,93030.0
CA-2015-165568,2015-02-15 00:00:00,2015-02-19 00:00:00,2,BF-11020,98105.0
CA-2016-145457,2016-03-24 00:00:00,2016-03-27 00:00:00,1,CP-12085,98042.0
US-2018-163657,2018-09-02 00:00:00,2018-09-06 00:00:00,2,JL-15235,90049.0
CA-2016-120446,2016-11-16 00:00:00,2016-11-18 00:00:00,3,JG-15805,92105.0
CA-2015-109932,2015-12-09 00:00:00,2015-12-11 00:00:00,3,VP-21760,78521.0
CA-2018-127474,2018-02-03 00:00:00,2018-02-07 00:00:00,1,RD-19810,60610.0
CA-2018-115448,2018-11-11 00:00:00,2018-11-14 00:00:00,3,MH-18025,37918.0
CA-2018-105669,2018-09-17 00:00:00,2018-09-22 00:00:00,1,SJ-20125,77036.0
CA-2018-134796,2018-06-25 00:00:00,2018-07-01 00:00:00,2,FM-14380,60440.0
CA-2017-137743,2017-07-30 00:00:00,2017-08-04 00:00:00,2,KH-16360,60623.0
CA-2016-137974,2016-04-16 00:00:00,2016-04-18 00:00:00,3,LL-16840,22980.0
US-2016-136987,2016-04-11 00:00:00,2016-04-14 00:00:00,1,AR-10540,90004.0
CA-2016-138485,2016-02-27 00:00:00,2016-03-01 00:00:00,1,NP-18670,98105.0
CA-2017-103709,2017-09-08 00:00:00,2017-09-15 00:00:00,2,LP-17095,93277.0
CA-2017-138282,2017-05-19 00:00:00,2017-05-23 00:00:00,2,AH-10690,90008.0
CA-2018-148985,2018-11-11 00:00:00,2018-11-15 00:00:00,1,TB-21190,90045.0
CA-2015-138100,2015-09-15 00:00:00,2015-09-20 00:00:00,2,AA-10315,10011.0
CA-2016-100734,2016-09-15 00:00:00,2016-09-20 00:00:00,2,AC-10615,19143.0
CA-2017-139997,2017-07-01 00:00:00,2017-07-03 00:00:00,3,EM-14140,84043.0
CA-2017-109652,2017-04-10 00:00:00,2017-04-15 00:00:00,2,QJ-19255,60653.0
CA-2015-167199,2015-01-06 00:00:00,2015-01-10 00:00:00,2,ME-17320,42420.0
CA-2017-124583,2017-09-01 00:00:00,2017-09-03 00:00:00,1,LB-16795,92646.0
CA-2015-113964,2015-09-23 00:00:00,2015-09-30 00:00:00,2,JP-16135,10011.0
CA-2015-129938,2015-12-15 00:00:00,2015-12-17 00:00:00,1,EB-13705,19140.0
CA-2018-135111,2018-12-28 00:00:00,2019-01-02 00:00:00,2,CS-12400,58103.0
US-2016-134558,2016-12-19 00:00:00,2016-12-24 00:00:00,1,PM-19135,3820.0
CA-2018-157196,2018-11-05 00:00:00,2018-11-09 00:00:00,2,AA-10645,92105.0
CA-2016-108672,2016-09-10 00:00:00,2016-09-16 00:00:00,2,FA-14230,90032.0
US-2018-118598,2018-11-16 00:00:00,2018-11-16 00:00:00,4,CM-12190,13501.0
US-2018-160836,2018-09-11 00:00:00,2018-09-16 00:00:00,2,CC-12475,77070.0
CA-2018-121048,2018-07-14 00:00:00,2018-07-18 00:00:00,2,TC-21295,92683.0
US-2018-120147,2018-03-30 00:00:00,2018-03-30 00:00:00,4,TB-21400,90036.0
CA-2017-158043,2017-01-31 00:00:00,2017-02-04 00:00:00,1,JK-15325,8401.0
US-2018-106579,2018-06-08 00:00:00,2018-06-13 00:00:00,2,BW-11200,60076.0
CA-2015-115889,2015-11-02 00:00:00,2015-11-06 00:00:00,2,SH-20395,94122.0
US-2018-161935,2018-07-14 00:00:00,2018-07-18 00:00:00,2,JL-15835,43229.0
US-2018-167920,2018-12-09 00:00:00,2018-12-12 00:00:00,1,JL-15835,40475.0
CA-2017-162383,2017-09-05 00:00:00,2017-09-11 00:00:00,2,MD-17350,43130.0
CA-2015-125731,2015-09-10 00:00:00,2015-09-16 00:00:00,2,CL-12565,97030.0
US-2018-106145,2018-09-26 00:00:00,2018-09-26 00:00:00,4,RA-19885,94109.0
CA-2017-107146,2017-06-17 00:00:00,2017-06-19 00:00:00,3,LC-16885,80501.0
US-2018-134642,2018-02-25 00:00:00,2018-03-01 00:00:00,2,SW-20245,27834.0
US-2018-160143,2018-03-31 00:00:00,2018-04-07 00:00:00,2,HG-14965,90004.0
CA-2018-103415,2018-12-03 00:00:00,2018-12-08 00:00:00,2,MV-17485,77041.0
CA-2017-106460,2017-02-19 00:00:00,2017-02-22 00:00:00,1,GT-14710,94109.0
US-2018-112347,2018-12-02 00:00:00,2018-12-06 00:00:00,2,BS-11380,80219.0
CA-2015-103492,2015-10-10 00:00:00,2015-10-15 00:00:00,2,CM-12715,77340.0
CA-2017-136595,2017-09-05 00:00:00,2017-09-07 00:00:00,3,EM-13825,77036.0
CA-2015-140396,2015-11-20 00:00:00,2015-11-25 00:00:00,2,KH-16330,10024.0
CA-2015-114181,2015-05-10 00:00:00,2015-05-14 00:00:00,1,AF-10885,19134.0
CA-2018-159506,2018-11-27 00:00:00,2018-12-02 00:00:00,2,JR-16210,47201.0
US-2015-137155,2015-11-01 00:00:00,2015-11-05 00:00:00,2,DL-12925,11561.0
CA-2017-105746,2017-12-30 00:00:00,2018-01-01 00:00:00,3,BD-11605,17602.0
US-2017-104815,2017-09-03 00:00:00,2017-09-07 00:00:00,2,RB-19570,60610.0
CA-2018-157672,2018-10-05 00:00:00,2018-10-07 00:00:00,3,RB-19795,80219.0
US-2017-166660,2017-01-30 00:00:00,2017-02-01 00:00:00,1,TB-21250,98103.0
CA-2018-140802,2018-04-21 00:00:00,2018-04-23 00:00:00,3,KN-16390,77070.0
CA-2015-133830,2015-12-05 00:00:00,2015-12-10 00:00:00,2,RL-19615,90045.0
CA-2015-100916,2015-10-21 00:00:00,2015-10-26 00:00:00,2,FH-14275,23602.0
CA-2016-129532,2016-12-08 00:00:00,2016-12-12 00:00:00,2,YS-21880,90036.0
CA-2015-134726,2015-11-02 00:00:00,2015-11-07 00:00:00,1,SW-20755,98115.0
CA-2017-138597,2017-12-18 00:00:00,2017-12-21 00:00:00,3,PN-18775,68104.0
CA-2016-123113,2016-11-23 00:00:00,2016-11-27 00:00:00,1,AT-10735,7960.0
CA-2016-169656,2016-08-13 00:00:00,2016-08-16 00:00:00,3,EJ-13720,19143.0
CA-2016-142734,2016-04-16 00:00:00,2016-04-21 00:00:00,2,DM-13345,10024.0
CA-2015-163223,2015-03-21 00:00:00,2015-03-25 00:00:00,2,KH-16690,22153.0
CA-2018-122945,2018-11-16 00:00:00,2018-11-22 00:00:00,2,MB-18085,95661.0
CA-2016-139738,2016-09-25 00:00:00,2016-09-29 00:00:00,2,DK-12895,61107.0
CA-2017-158778,2017-09-05 00:00:00,2017-09-09 00:00:00,2,DB-13210,19134.0
CA-2018-119655,2018-04-20 00:00:00,2018-04-24 00:00:00,2,CV-12295,48234.0
CA-2016-164567,2016-06-15 00:00:00,2016-06-19 00:00:00,2,GK-14620,90004.0
CA-2015-131947,2015-09-17 00:00:00,2015-09-22 00:00:00,2,JA-15970,97477.0
CA-2017-152520,2017-07-08 00:00:00,2017-07-12 00:00:00,2,TH-21115,2908.0
CA-2017-101791,2017-05-27 00:00:00,2017-05-31 00:00:00,2,BS-11665,60623.0
CA-2018-121195,2018-12-24 00:00:00,2018-12-27 00:00:00,3,NS-18505,75220.0
CA-2018-163209,2018-05-03 00:00:00,2018-05-07 00:00:00,2,MK-18160,94122.0
CA-2015-133354,2015-02-22 00:00:00,2015-02-24 00:00:00,3,SA-20830,92553.0
US-2016-130491,2016-02-08 00:00:00,2016-02-11 00:00:00,3,BH-11710,67846.0
CA-2016-113740,2016-08-24 00:00:00,2016-08-28 00:00:00,1,SC-20380,10035.0
CA-2015-148425,2015-11-30 00:00:00,2015-12-04 00:00:00,2,RF-19345,32839.0
CA-2017-144309,2017-12-10 00:00:00,2017-12-16 00:00:00,2,CM-12235,13601.0
CA-2018-151225,2018-10-27 00:00:00,2018-10-29 00:00:00,3,JM-15655,90032.0
US-2015-144078,2015-11-25 00:00:00,2015-11-29 00:00:00,2,RB-19435,90004.0
CA-2015-124464,2015-07-14 00:00:00,2015-07-20 00:00:00,2,SS-20515,19711.0
CA-2016-136805,2016-05-23 00:00:00,2016-05-27 00:00:00,1,NM-18445,48234.0
US-2016-159499,2016-11-21 00:00:00,2016-11-23 00:00:00,1,EM-14095,85023.0
CA-2015-162089,2015-03-30 00:00:00,2015-04-01 00:00:00,3,MP-17470,78521.0
US-2018-158526,2018-12-29 00:00:00,2019-01-01 00:00:00,1,KH-16360,40214.0
CA-2018-104885,2018-03-02 00:00:00,2018-03-08 00:00:00,2,DB-13555,19711.0
US-2017-157490,2017-10-06 00:00:00,2017-10-07 00:00:00,3,LB-16795,81001.0
CA-2016-161452,2016-04-05 00:00:00,2016-04-11 00:00:00,2,CA-11965,90036.0
US-2015-115196,2015-09-09 00:00:00,2015-09-13 00:00:00,2,DL-12925,27834.0
CA-2017-138968,2017-03-15 00:00:00,2017-03-16 00:00:00,3,FC-14335,94110.0
CA-2016-101889,2016-12-27 00:00:00,2016-12-31 00:00:00,2,DB-13120,43302.0
CA-2018-110821,2018-08-07 00:00:00,2018-08-08 00:00:00,3,CK-12205,75081.0
CA-2016-121552,2016-03-22 00:00:00,2016-03-27 00:00:00,2,FW-14395,35810.0
CA-2016-107685,2016-11-30 00:00:00,2016-12-02 00:00:00,1,JM-15865,89115.0
US-2015-120740,2015-04-15 00:00:00,2015-04-15 00:00:00,4,PS-18970,90049.0
CA-2018-155740,2018-07-30 00:00:00,2018-08-02 00:00:00,3,TC-21475,44107.0
CA-2018-146493,2018-06-01 00:00:00,2018-06-05 00:00:00,2,CV-12805,68025.0
CA-2015-105417,2015-01-07 00:00:00,2015-01-12 00:00:00,2,VS-21820,77340.0
US-2018-141509,2018-09-29 00:00:00,2018-10-01 00:00:00,3,SC-20575,90036.0
CA-2018-139493,2018-09-13 00:00:00,2018-09-19 00:00:00,2,SG-20605,28806.0
CA-2015-151967,2015-10-22 00:00:00,2015-10-26 00:00:00,2,NB-18580,71111.0
US-2017-140158,2017-10-04 00:00:00,2017-10-08 00:00:00,2,DR-12940,2908.0
CA-2016-130974,2016-11-27 00:00:00,2016-11-29 00:00:00,1,MA-17560,2149.0
CA-2018-133487,2018-05-06 00:00:00,2018-05-09 00:00:00,1,TS-21655,91730.0
CA-2015-142951,2015-10-08 00:00:00,2015-10-08 00:00:00,4,JG-15115,28205.0
CA-2015-133592,2015-12-31 00:00:00,2016-01-07 00:00:00,2,KM-16375,2908.0
CA-2016-120782,2016-04-28 00:00:00,2016-05-01 00:00:00,3,SD-20485,48640.0
CA-2016-116876,2016-02-14 00:00:00,2016-02-21 00:00:00,2,TT-21070,14609.0
CA-2017-169838,2017-11-25 00:00:00,2017-11-29 00:00:00,2,BB-11545,49201.0
US-2018-128951,2018-07-15 00:00:00,2018-07-17 00:00:00,3,RS-19420,23434.0
CA-2015-102330,2015-12-29 00:00:00,2016-01-03 00:00:00,2,AI-10855,94513.0
CA-2017-118899,2017-03-22 00:00:00,2017-03-22 00:00:00,4,MC-17275,98103.0
CA-2018-107958,2018-07-02 00:00:00,2018-07-05 00:00:00,3,AH-10120,77036.0
CA-2018-151799,2018-12-14 00:00:00,2018-12-18 00:00:00,2,BF-11170,1841.0
CA-2017-114601,2017-08-26 00:00:00,2017-09-02 00:00:00,2,AA-10480,48234.0
CA-2018-100237,2018-10-15 00:00:00,2018-10-19 00:00:00,2,SV-20815,84057.0
CA-2015-139542,2015-10-25 00:00:00,2015-10-29 00:00:00,2,EH-14185,19120.0
US-2016-142811,2016-04-02 00:00:00,2016-04-07 00:00:00,2,JL-15850,85204.0
CA-2018-139353,2018-10-28 00:00:00,2018-10-30 00:00:00,1,JM-15250,28314.0
CA-2015-150203,2015-12-05 00:00:00,2015-12-07 00:00:00,3,JB-15925,90032.0
US-2018-101518,2018-11-03 00:00:00,2018-11-08 00:00:00,2,PB-19105,19140.0
CA-2016-149636,2016-01-06 00:00:00,2016-01-12 00:00:00,2,SP-20620,80906.0
US-2018-146213,2018-09-09 00:00:00,2018-09-14 00:00:00,2,MC-17605,90032.0
CA-2016-108588,2016-01-05 00:00:00,2016-01-10 00:00:00,2,BG-11695,10009.0
US-2018-138086,2018-04-16 00:00:00,2018-04-20 00:00:00,2,JO-15550,94109.0
CA-2016-139374,2016-09-10 00:00:00,2016-09-14 00:00:00,2,AR-10345,78745.0
CA-2017-113978,2017-09-25 00:00:00,2017-09-29 00:00:00,2,TS-21505,44105.0
US-2016-150231,2016-03-16 00:00:00,2016-03-20 00:00:00,1,JK-15640,10009.0
CA-2017-106915,2017-11-26 00:00:00,2017-12-02 00:00:00,2,GA-14515,79907.0
US-2017-109260,2017-09-26 00:00:00,2017-10-01 00:00:00,2,TN-21040,32303.0
CA-2018-104850,2018-06-13 00:00:00,2018-06-19 00:00:00,2,TW-21025,98103.0
CA-2018-140508,2018-09-18 00:00:00,2018-09-21 00:00:00,3,PA-19060,75220.0
CA-2018-143294,2018-06-02 00:00:00,2018-06-08 00:00:00,2,JD-15790,77070.0
CA-2017-165673,2017-05-15 00:00:00,2017-05-19 00:00:00,1,MN-17935,45503.0
CA-2018-134418,2018-09-15 00:00:00,2018-09-20 00:00:00,2,GM-14500,98103.0
US-2017-106313,2017-08-22 00:00:00,2017-08-26 00:00:00,2,DG-13300,98105.0
CA-2015-105872,2015-05-30 00:00:00,2015-06-06 00:00:00,2,JG-15160,10024.0
CA-2018-108287,2018-12-18 00:00:00,2018-12-20 00:00:00,3,AG-10330,28205.0
CA-2018-141103,2018-07-30 00:00:00,2018-08-06 00:00:00,2,JF-15355,21215.0
CA-2015-154781,2015-11-21 00:00:00,2015-11-26 00:00:00,2,SC-20680,94110.0
CA-2016-147816,2016-09-24 00:00:00,2016-09-26 00:00:00,1,CM-11935,85705.0
CA-2018-105326,2018-08-20 00:00:00,2018-08-27 00:00:00,2,KT-16480,90036.0
CA-2017-133613,2017-06-17 00:00:00,2017-06-22 00:00:00,2,CP-12340,6708.0
CA-2016-109113,2016-12-19 00:00:00,2016-12-23 00:00:00,2,EK-13795,60610.0
CA-2016-156153,2016-05-31 00:00:00,2016-06-02 00:00:00,1,CW-11905,11561.0
CA-2016-133242,2016-06-18 00:00:00,2016-06-24 00:00:00,2,KH-16510,22204.0
CA-2016-158323,2016-11-30 00:00:00,2016-12-03 00:00:00,3,AB-10600,28540.0
CA-2016-161795,2016-12-21 00:00:00,2016-12-23 00:00:00,1,AH-10075,43229.0
CA-2018-100902,2018-11-17 00:00:00,2018-11-21 00:00:00,2,CK-12595,28205.0
CA-2018-112844,2018-11-13 00:00:00,2018-11-16 00:00:00,1,SP-20620,14215.0
CA-2017-158925,2017-10-24 00:00:00,2017-10-28 00:00:00,2,JP-15460,77041.0
CA-2015-155390,2015-12-06 00:00:00,2015-12-11 00:00:00,2,BG-11035,38109.0
CA-2018-123071,2018-12-03 00:00:00,2018-12-06 00:00:00,3,CC-12550,75023.0
CA-2018-156391,2018-09-26 00:00:00,2018-09-28 00:00:00,3,SL-20155,97301.0
CA-2016-103093,2016-02-03 00:00:00,2016-02-07 00:00:00,2,FO-14305,31907.0
US-2018-118941,2018-08-12 00:00:00,2018-08-12 00:00:00,4,BB-11545,21044.0
CA-2016-169299,2016-08-24 00:00:00,2016-08-26 00:00:00,3,DO-13435,97206.0
CA-2018-154088,2018-11-12 00:00:00,2018-11-17 00:00:00,2,LB-16735,32303.0
CA-2017-155978,2017-08-01 00:00:00,2017-08-01 00:00:00,4,TS-21205,92503.0
CA-2017-108196,2017-11-25 00:00:00,2017-12-02 00:00:00,2,CS-12505,43130.0
CA-2017-152800,2017-04-13 00:00:00,2017-04-15 00:00:00,3,SP-20920,94109.0
CA-2015-166961,2015-12-27 00:00:00,2015-12-31 00:00:00,2,CD-12790,92553.0
CA-2017-139381,2017-04-18 00:00:00,2017-04-22 00:00:00,2,RF-19840,23320.0
CA-2016-132136,2016-03-08 00:00:00,2016-03-12 00:00:00,2,FO-14305,60623.0
CA-2017-162236,2017-11-04 00:00:00,2017-11-06 00:00:00,1,ER-13855,28205.0
US-2015-111353,2015-11-29 00:00:00,2015-12-06 00:00:00,2,PB-19150,10009.0
US-2017-117037,2017-05-17 00:00:00,2017-05-20 00:00:00,3,LW-17215,60653.0
CA-2018-160801,2018-09-19 00:00:00,2018-09-19 00:00:00,4,FG-14260,19120.0
CA-2017-108364,2017-12-19 00:00:00,2017-12-24 00:00:00,2,BP-11050,60623.0
CA-2018-169362,2018-10-12 00:00:00,2018-10-15 00:00:00,3,SP-20860,75217.0
CA-2016-127481,2016-12-12 00:00:00,2016-12-15 00:00:00,1,JD-15895,89115.0
CA-2016-112711,2016-07-12 00:00:00,2016-07-18 00:00:00,2,FM-14380,79109.0
US-2016-145121,2016-10-02 00:00:00,2016-10-06 00:00:00,2,MP-17965,6457.0
CA-2018-166184,2018-03-24 00:00:00,2018-03-27 00:00:00,3,HR-14830,10035.0
CA-2018-157413,2018-06-01 00:00:00,2018-06-06 00:00:00,2,BW-11065,19120.0
CA-2015-143637,2015-03-24 00:00:00,2015-03-29 00:00:00,1,MS-17710,93727.0
CA-2016-102260,2016-09-22 00:00:00,2016-09-26 00:00:00,2,SJ-20125,37064.0
US-2017-137295,2017-01-08 00:00:00,2017-01-13 00:00:00,2,VS-21820,27604.0
CA-2017-134334,2017-02-14 00:00:00,2017-02-15 00:00:00,3,DK-13090,20735.0
US-2018-109316,2018-06-08 00:00:00,2018-06-10 00:00:00,3,MG-17680,90049.0
CA-2017-138478,2017-10-21 00:00:00,2017-10-26 00:00:00,1,DP-13390,89031.0
CA-2018-150469,2018-01-26 00:00:00,2018-01-30 00:00:00,2,CJ-12010,94109.0
CA-2018-152436,2018-12-08 00:00:00,2018-12-10 00:00:00,1,CW-11905,2920.0
CA-2017-169334,2017-10-21 00:00:00,2017-10-24 00:00:00,1,GW-14605,38301.0
US-2015-115413,2015-08-26 00:00:00,2015-09-01 00:00:00,2,PP-18955,19711.0
CA-2015-125150,2015-05-16 00:00:00,2015-05-23 00:00:00,2,PW-19030,90036.0
CA-2016-127327,2016-02-03 00:00:00,2016-02-07 00:00:00,2,PW-19030,13440.0
CA-2018-117114,2018-10-31 00:00:00,2018-11-05 00:00:00,2,CY-12745,60610.0
CA-2016-137302,2016-04-26 00:00:00,2016-05-01 00:00:00,2,BW-11110,92105.0
CA-2017-112382,2017-05-09 00:00:00,2017-05-13 00:00:00,2,MB-18085,77036.0
CA-2016-128958,2016-01-24 00:00:00,2016-01-28 00:00:00,2,CR-12820,33407.0
CA-2016-106257,2016-04-13 00:00:00,2016-04-17 00:00:00,1,EB-14110,90045.0
CA-2016-149083,2016-09-25 00:00:00,2016-09-30 00:00:00,2,SH-19975,98103.0
US-2015-137869,2015-03-28 00:00:00,2015-04-02 00:00:00,2,CV-12295,50315.0
CA-2017-116603,2017-07-17 00:00:00,2017-07-22 00:00:00,2,AT-10735,10024.0
CA-2015-158470,2015-04-19 00:00:00,2015-04-23 00:00:00,1,AG-10390,22204.0
US-2018-123834,2018-07-21 00:00:00,2018-07-25 00:00:00,2,GM-14500,78577.0
CA-2016-125976,2016-09-27 00:00:00,2016-10-02 00:00:00,2,JK-15205,22204.0
CA-2017-128706,2017-02-27 00:00:00,2017-03-02 00:00:00,2,DW-13540,77070.0
CA-2017-104311,2017-05-02 00:00:00,2017-05-06 00:00:00,2,AS-10090,75061.0
CA-2015-169649,2015-12-09 00:00:00,2015-12-15 00:00:00,2,TS-21205,60653.0
CA-2016-144890,2016-12-25 00:00:00,2016-12-29 00:00:00,2,SM-20320,90049.0
CA-2018-135587,2018-12-07 00:00:00,2018-12-12 00:00:00,2,BH-11710,39401.0
CA-2015-103429,2015-05-30 00:00:00,2015-06-01 00:00:00,3,LW-16825,10024.0
CA-2018-152261,2018-03-02 00:00:00,2018-03-06 00:00:00,2,JA-15970,44221.0
CA-2016-142993,2016-10-12 00:00:00,2016-10-17 00:00:00,2,KA-16525,98103.0
CA-2016-143364,2016-07-14 00:00:00,2016-07-19 00:00:00,1,TG-21310,85204.0
CA-2015-100972,2015-11-19 00:00:00,2015-11-24 00:00:00,1,DB-13360,84106.0
CA-2017-136994,2017-05-27 00:00:00,2017-06-02 00:00:00,2,LS-17245,90045.0
US-2018-166233,2018-07-03 00:00:00,2018-07-09 00:00:00,2,MO-17950,28540.0
CA-2018-122112,2018-09-25 00:00:00,2018-09-29 00:00:00,2,CA-11965,44107.0
CA-2017-101672,2017-10-03 00:00:00,2017-10-07 00:00:00,2,DB-12910,92630.0
CA-2018-168403,2018-09-09 00:00:00,2018-09-15 00:00:00,2,DK-12835,97206.0
CA-2016-148705,2016-03-12 00:00:00,2016-03-18 00:00:00,2,EB-14170,28205.0
CA-2017-160241,2017-11-29 00:00:00,2017-12-04 00:00:00,1,DR-12940,60505.0
CA-2017-155747,2017-06-14 00:00:00,2017-06-21 00:00:00,2,JS-15685,19140.0
CA-2018-118017,2018-12-03 00:00:00,2018-12-06 00:00:00,1,LC-16870,80229.0
CA-2017-113117,2017-08-16 00:00:00,2017-08-22 00:00:00,2,JP-15520,95616.0
CA-2017-148684,2017-12-25 00:00:00,2017-12-29 00:00:00,2,TS-21655,72701.0
CA-2018-125367,2018-07-23 00:00:00,2018-07-30 00:00:00,2,NM-18445,10011.0
CA-2018-124744,2018-06-21 00:00:00,2018-06-25 00:00:00,2,EH-14125,26003.0
CA-2018-128363,2018-08-13 00:00:00,2018-08-18 00:00:00,2,DC-12850,38109.0
CA-2016-126669,2016-11-07 00:00:00,2016-11-13 00:00:00,2,DO-13645,77036.0
US-2016-118766,2016-10-15 00:00:00,2016-10-22 00:00:00,2,LS-16975,75217.0
CA-2017-112585,2017-07-30 00:00:00,2017-08-02 00:00:00,3,RW-19630,94122.0
CA-2017-149762,2017-12-03 00:00:00,2017-12-07 00:00:00,2,RD-19720,95037.0
CA-2017-167605,2017-04-28 00:00:00,2017-04-30 00:00:00,1,RB-19570,60174.0
US-2018-105697,2018-08-25 00:00:00,2018-08-27 00:00:00,3,JE-15715,44105.0
CA-2018-165323,2018-06-17 00:00:00,2018-06-21 00:00:00,2,SR-20740,10024.0
CA-2016-110891,2016-11-20 00:00:00,2016-11-24 00:00:00,2,PO-19195,19140.0
CA-2018-100783,2018-09-04 00:00:00,2018-09-08 00:00:00,1,JK-16120,75043.0
CA-2016-152513,2016-07-04 00:00:00,2016-07-08 00:00:00,1,JP-16135,92024.0
CA-2018-139822,2018-09-15 00:00:00,2018-09-21 00:00:00,2,Dp-13240,6708.0
CA-2018-107713,2018-03-13 00:00:00,2018-03-17 00:00:00,2,JB-16000,21044.0
CA-2018-134096,2018-09-24 00:00:00,2018-09-29 00:00:00,2,PP-18955,33021.0
CA-2017-125843,2017-08-13 00:00:00,2017-08-16 00:00:00,3,RF-19840,22153.0
CA-2018-120404,2018-11-20 00:00:00,2018-11-24 00:00:00,1,KH-16330,10035.0
CA-2018-167549,2018-07-25 00:00:00,2018-07-27 00:00:00,3,EM-14200,75217.0
CA-2017-120082,2017-03-25 00:00:00,2017-03-27 00:00:00,1,DK-12835,10024.0
US-2017-168095,2017-07-15 00:00:00,2017-07-20 00:00:00,2,MC-17425,97206.0
CA-2018-166093,2018-08-17 00:00:00,2018-08-24 00:00:00,2,RW-19540,94513.0
CA-2017-146325,2017-12-14 00:00:00,2017-12-17 00:00:00,3,DS-13180,92037.0
CA-2018-134194,2018-12-25 00:00:00,2019-01-01 00:00:00,2,GA-14725,75081.0
CA-2015-131009,2015-03-01 00:00:00,2015-03-05 00:00:00,2,SC-20380,79907.0
CA-2016-145814,2016-11-19 00:00:00,2016-11-24 00:00:00,2,KD-16345,10035.0
CA-2015-138359,2015-04-01 00:00:00,2015-04-06 00:00:00,2,KH-16330,2151.0
CA-2018-131807,2018-10-05 00:00:00,2018-10-10 00:00:00,2,GG-14650,95928.0
CA-2018-104864,2018-11-18 00:00:00,2018-11-23 00:00:00,1,JS-15685,33023.0
CA-2016-138219,2016-03-23 00:00:00,2016-03-30 00:00:00,2,BP-11095,90049.0
CA-2017-157707,2017-10-10 00:00:00,2017-10-12 00:00:00,3,CC-12610,80219.0
US-2016-126753,2016-08-16 00:00:00,2016-08-20 00:00:00,2,SP-20860,19134.0
CA-2015-166051,2015-05-31 00:00:00,2015-06-05 00:00:00,2,JK-15625,39212.0
CA-2016-113040,2016-08-27 00:00:00,2016-08-31 00:00:00,2,CC-12100,90045.0
CA-2015-103800,2015-01-03 00:00:00,2015-01-07 00:00:00,2,DP-13000,77095.0
CA-2015-113383,2015-09-10 00:00:00,2015-09-13 00:00:00,3,SF-20065,7011.0
CA-2018-152499,2018-01-22 00:00:00,2018-01-25 00:00:00,1,EH-13765,60623.0
CA-2017-151498,2017-04-21 00:00:00,2017-04-24 00:00:00,3,DN-13690,98115.0
CA-2017-137939,2017-07-20 00:00:00,2017-07-23 00:00:00,1,PJ-19015,11561.0
US-2017-117793,2017-08-23 00:00:00,2017-08-29 00:00:00,2,MA-17560,53081.0
CA-2017-133872,2017-06-14 00:00:00,2017-06-17 00:00:00,3,VM-21835,33433.0
US-2016-165743,2016-11-20 00:00:00,2016-11-23 00:00:00,1,MM-18055,80013.0
US-2018-105998,2018-11-03 00:00:00,2018-11-05 00:00:00,3,CR-12580,92037.0
US-2015-148194,2015-05-04 00:00:00,2015-05-07 00:00:00,3,BS-11365,98105.0
US-2016-151407,2016-11-08 00:00:00,2016-11-12 00:00:00,2,RD-19585,52001.0
CA-2016-110870,2016-12-12 00:00:00,2016-12-15 00:00:00,3,KD-16270,90032.0
CA-2015-143210,2015-12-01 00:00:00,2015-12-03 00:00:00,3,AA-10645,1852.0
CA-2017-139808,2017-10-07 00:00:00,2017-10-11 00:00:00,2,MC-18100,98270.0
CA-2016-110863,2016-11-17 00:00:00,2016-11-24 00:00:00,2,AA-10645,73120.0
CA-2015-127859,2015-03-17 00:00:00,2015-03-20 00:00:00,1,QJ-19255,19134.0
US-2016-136427,2016-06-20 00:00:00,2016-06-23 00:00:00,3,JM-16195,80013.0
CA-2018-120168,2018-05-25 00:00:00,2018-05-25 00:00:00,4,TB-21625,10009.0
US-2015-131870,2015-09-09 00:00:00,2015-09-11 00:00:00,3,NF-18595,43130.0
CA-2018-114804,2018-10-17 00:00:00,2018-10-19 00:00:00,1,BF-11020,95351.0
CA-2018-167227,2018-11-02 00:00:00,2018-11-05 00:00:00,3,NP-18670,63116.0
CA-2015-129189,2015-07-21 00:00:00,2015-07-25 00:00:00,2,HM-14860,75217.0
CA-2016-132465,2016-09-11 00:00:00,2016-09-15 00:00:00,1,DM-13525,10035.0
CA-2017-166373,2017-10-21 00:00:00,2017-10-25 00:00:00,2,JF-15565,78207.0
CA-2017-158806,2017-01-07 00:00:00,2017-01-11 00:00:00,2,NM-18520,79109.0
CA-2016-119690,2016-06-25 00:00:00,2016-06-28 00:00:00,3,MV-17485,77041.0
CA-2016-153738,2016-09-20 00:00:00,2016-09-22 00:00:00,3,AG-10270,1841.0
CA-2018-169012,2018-07-10 00:00:00,2018-07-14 00:00:00,2,BF-11275,31907.0
CA-2018-109393,2018-06-30 00:00:00,2018-07-02 00:00:00,1,JC-15775,90032.0
CA-2018-121489,2018-08-21 00:00:00,2018-08-25 00:00:00,1,CM-11815,98115.0
US-2018-133081,2018-03-11 00:00:00,2018-03-15 00:00:00,2,PV-18985,2138.0
CA-2018-165008,2018-09-15 00:00:00,2018-09-17 00:00:00,1,DO-13645,84106.0
CA-2017-145611,2017-09-20 00:00:00,2017-09-24 00:00:00,2,HA-14905,10035.0
CA-2017-113600,2017-12-15 00:00:00,2017-12-17 00:00:00,1,SH-20395,44221.0
CA-2018-130834,2018-11-03 00:00:00,2018-11-06 00:00:00,1,JM-16195,28403.0
CA-2017-168543,2017-07-03 00:00:00,2017-07-07 00:00:00,2,DK-13225,10035.0
CA-2015-144974,2015-09-26 00:00:00,2015-09-30 00:00:00,2,CM-12715,19140.0
CA-2015-109904,2015-07-14 00:00:00,2015-07-17 00:00:00,1,BF-10975,10009.0
CA-2018-152205,2018-09-28 00:00:00,2018-10-05 00:00:00,2,SF-20965,19134.0
CA-2016-121188,2016-08-28 00:00:00,2016-09-04 00:00:00,2,CB-12025,90049.0
CA-2016-156013,2016-09-20 00:00:00,2016-09-26 00:00:00,2,TC-20980,11561.0
CA-2017-132997,2017-11-07 00:00:00,2017-11-09 00:00:00,3,LW-17215,14609.0
US-2016-160563,2016-10-20 00:00:00,2016-10-24 00:00:00,2,NS-18640,94109.0
CA-2018-151750,2018-01-01 00:00:00,2018-01-05 00:00:00,2,JM-15250,77340.0
CA-2016-106187,2016-06-23 00:00:00,2016-06-29 00:00:00,2,RF-19345,30344.0
US-2017-164945,2017-11-22 00:00:00,2017-11-27 00:00:00,2,CA-12055,10009.0
CA-2016-150714,2016-10-26 00:00:00,2016-11-01 00:00:00,2,KH-16690,97477.0
CA-2017-105753,2017-10-20 00:00:00,2017-10-26 00:00:00,2,LC-16960,22204.0
CA-2018-120894,2018-04-28 00:00:00,2018-05-02 00:00:00,2,JL-15130,28403.0
CA-2017-106621,2017-09-29 00:00:00,2017-10-01 00:00:00,1,DM-12955,85364.0
CA-2016-107020,2016-07-10 00:00:00,2016-07-14 00:00:00,2,MV-18190,92404.0
US-2016-117492,2016-08-07 00:00:00,2016-08-09 00:00:00,3,NS-18640,21215.0
CA-2015-101392,2015-12-07 00:00:00,2015-12-13 00:00:00,2,AS-10630,98103.0
CA-2016-127502,2016-12-10 00:00:00,2016-12-14 00:00:00,2,MT-17815,94110.0
CA-2018-143658,2018-11-08 00:00:00,2018-11-13 00:00:00,1,SR-20425,10035.0
CA-2018-133046,2018-07-27 00:00:00,2018-08-01 00:00:00,1,DK-13375,98115.0
CA-2018-122798,2018-12-28 00:00:00,2019-01-01 00:00:00,2,SV-20935,87105.0
CA-2017-169663,2017-03-10 00:00:00,2017-03-13 00:00:00,3,RH-19510,90045.0
CA-2016-149846,2016-05-22 00:00:00,2016-05-26 00:00:00,2,SB-20185,90045.0
CA-2018-159149,2018-02-17 00:00:00,2018-02-19 00:00:00,3,CR-12820,77041.0
US-2018-167570,2018-12-08 00:00:00,2018-12-15 00:00:00,2,EG-13900,19140.0
CA-2018-160122,2018-11-18 00:00:00,2018-11-23 00:00:00,2,RD-19930,60623.0
CA-2017-130393,2017-12-01 00:00:00,2017-12-03 00:00:00,1,JM-15865,76903.0
CA-2018-144820,2018-10-03 00:00:00,2018-10-07 00:00:00,1,LW-16825,77506.0
CA-2018-101014,2018-08-29 00:00:00,2018-09-04 00:00:00,2,RW-19540,90049.0
CA-2018-105543,2018-11-24 00:00:00,2018-11-24 00:00:00,4,BG-11695,67846.0
US-2018-113201,2018-06-30 00:00:00,2018-07-05 00:00:00,2,TT-21220,90045.0
US-2018-106551,2018-07-22 00:00:00,2018-07-27 00:00:00,2,EB-13930,60653.0
CA-2017-116722,2017-11-11 00:00:00,2017-11-16 00:00:00,2,LP-17080,94110.0
CA-2015-138128,2015-12-09 00:00:00,2015-12-15 00:00:00,2,FP-14320,19134.0
US-2018-150070,2018-09-07 00:00:00,2018-09-12 00:00:00,2,JA-15970,95351.0
CA-2016-137064,2016-02-06 00:00:00,2016-02-13 00:00:00,2,TS-21655,77070.0
CA-2018-157350,2018-08-26 00:00:00,2018-09-01 00:00:00,2,DP-13000,60610.0
CA-2015-127866,2015-07-20 00:00:00,2015-07-23 00:00:00,3,JD-15895,92503.0
CA-2016-131352,2016-10-08 00:00:00,2016-10-13 00:00:00,2,GH-14485,75081.0
CA-2016-121776,2016-02-16 00:00:00,2016-02-21 00:00:00,2,RD-19585,90008.0
CA-2017-118073,2017-08-12 00:00:00,2017-08-16 00:00:00,2,CS-12490,33801.0
CA-2015-103219,2015-11-09 00:00:00,2015-11-13 00:00:00,2,BF-11215,10035.0
CA-2017-102561,2017-07-18 00:00:00,2017-07-22 00:00:00,2,NK-18490,19140.0
CA-2017-100993,2017-02-05 00:00:00,2017-02-10 00:00:00,2,AZ-10750,92037.0
US-2015-112949,2015-06-20 00:00:00,2015-06-27 00:00:00,2,Co-12640,73505.0
US-2018-146822,2018-06-09 00:00:00,2018-06-14 00:00:00,2,AG-10675,24153.0
US-2017-131058,2017-12-27 00:00:00,2017-12-31 00:00:00,2,EM-14140,92704.0
CA-2015-167997,2015-01-26 00:00:00,2015-01-29 00:00:00,3,CA-11965,57701.0
CA-2018-140151,2018-03-23 00:00:00,2018-03-25 00:00:00,3,RB-19360,98115.0
US-2018-143770,2018-03-20 00:00:00,2018-03-24 00:00:00,2,RD-19720,6457.0
CA-2017-131296,2017-10-04 00:00:00,2017-10-09 00:00:00,2,MS-17830,21215.0
CA-2017-103464,2017-11-18 00:00:00,2017-11-22 00:00:00,2,PG-18820,92105.0
CA-2018-136238,2018-12-26 00:00:00,2019-01-01 00:00:00,2,KB-16240,79762.0
CA-2017-120803,2017-03-09 00:00:00,2017-03-13 00:00:00,2,RB-19465,6460.0
CA-2017-134138,2017-02-16 00:00:00,2017-02-20 00:00:00,2,JD-15790,7109.0
CA-2016-120915,2016-09-28 00:00:00,2016-10-03 00:00:00,1,JJ-15445,10035.0
CA-2016-168207,2016-11-02 00:00:00,2016-11-06 00:00:00,2,LT-17110,92105.0
CA-2017-144148,2017-07-31 00:00:00,2017-08-05 00:00:00,2,AH-10690,94122.0
CA-2018-107174,2018-11-06 00:00:00,2018-11-13 00:00:00,2,AB-10060,98105.0
CA-2017-146150,2017-02-14 00:00:00,2017-02-19 00:00:00,2,FM-14380,39212.0
CA-2015-114125,2015-07-09 00:00:00,2015-07-13 00:00:00,2,GH-14410,90049.0
CA-2017-114944,2017-01-30 00:00:00,2017-02-04 00:00:00,2,HE-14800,60623.0
CA-2017-135965,2017-09-22 00:00:00,2017-09-25 00:00:00,3,SZ-20035,10035.0
CA-2018-149699,2018-12-22 00:00:00,2018-12-24 00:00:00,3,CM-12115,90008.0
CA-2017-166429,2017-09-02 00:00:00,2017-09-08 00:00:00,2,TG-21310,98198.0
CA-2016-112767,2016-08-02 00:00:00,2016-08-06 00:00:00,2,DK-12985,97477.0
CA-2016-119879,2016-11-21 00:00:00,2016-11-25 00:00:00,2,SS-20410,19120.0
CA-2018-155642,2018-05-18 00:00:00,2018-05-22 00:00:00,2,BM-11575,60653.0
US-2018-101721,2018-07-23 00:00:00,2018-07-27 00:00:00,2,MY-17380,60623.0
CA-2016-136728,2016-09-13 00:00:00,2016-09-17 00:00:00,1,AG-10900,60623.0
CA-2017-127194,2017-12-10 00:00:00,2017-12-16 00:00:00,2,BW-11110,10024.0
CA-2016-140375,2016-10-02 00:00:00,2016-10-05 00:00:00,1,SG-20470,20852.0
US-2018-155866,2018-11-17 00:00:00,2018-11-21 00:00:00,2,CC-12370,10011.0
CA-2016-141327,2016-11-30 00:00:00,2016-12-03 00:00:00,3,LR-16915,27707.0
CA-2016-136700,2016-12-06 00:00:00,2016-12-11 00:00:00,1,DB-13120,93101.0
CA-2018-102736,2018-09-05 00:00:00,2018-09-09 00:00:00,2,LP-17095,37918.0
CA-2018-125269,2018-04-24 00:00:00,2018-04-30 00:00:00,2,AF-10870,60610.0
CA-2016-114811,2016-11-08 00:00:00,2016-11-08 00:00:00,4,KD-16495,10024.0
CA-2016-122266,2016-04-26 00:00:00,2016-04-30 00:00:00,2,SA-20830,32114.0
CA-2016-141565,2016-09-20 00:00:00,2016-09-24 00:00:00,2,BG-11035,37211.0
CA-2018-128769,2018-09-07 00:00:00,2018-09-12 00:00:00,2,DM-12955,37211.0
CA-2017-116337,2017-11-07 00:00:00,2017-11-12 00:00:00,2,MC-17845,75220.0
CA-2016-120845,2016-09-25 00:00:00,2016-10-02 00:00:00,2,ML-17395,37130.0
CA-2015-120775,2015-10-03 00:00:00,2015-10-07 00:00:00,2,RD-19930,75217.0
CA-2015-152905,2015-02-18 00:00:00,2015-02-24 00:00:00,2,AB-10015,76017.0
CA-2017-104633,2017-06-12 00:00:00,2017-06-16 00:00:00,2,EA-14035,91104.0
CA-2018-104136,2018-11-01 00:00:00,2018-11-04 00:00:00,1,SF-20065,2149.0
CA-2017-123050,2017-04-04 00:00:00,2017-04-08 00:00:00,1,BC-11125,12180.0
CA-2017-162355,2017-06-30 00:00:00,2017-07-02 00:00:00,1,PF-19165,30328.0
CA-2015-158225,2015-09-22 00:00:00,2015-09-28 00:00:00,2,SE-20110,95123.0
CA-2018-102204,2018-05-01 00:00:00,2018-05-06 00:00:00,2,CJ-12010,32216.0
CA-2018-103065,2018-10-20 00:00:00,2018-10-20 00:00:00,4,PT-19090,32216.0
CA-2015-109855,2015-09-01 00:00:00,2015-09-05 00:00:00,2,LH-16900,10009.0
CA-2015-109897,2015-08-12 00:00:00,2015-08-16 00:00:00,2,BW-11200,94122.0
US-2015-143581,2015-08-19 00:00:00,2015-08-23 00:00:00,2,BS-11365,31907.0
CA-2016-129217,2016-05-10 00:00:00,2016-05-10 00:00:00,4,DP-13390,60505.0
CA-2017-133816,2017-05-10 00:00:00,2017-05-13 00:00:00,1,CS-12400,19134.0
CA-2016-140221,2016-03-05 00:00:00,2016-03-09 00:00:00,1,MS-17365,60653.0
CA-2018-152310,2018-08-12 00:00:00,2018-08-19 00:00:00,2,DK-12895,98103.0
CA-2017-118101,2017-06-26 00:00:00,2017-06-26 00:00:00,4,SN-20560,48066.0
CA-2017-100307,2017-12-15 00:00:00,2017-12-19 00:00:00,2,TC-21475,72701.0
CA-2016-138457,2016-09-13 00:00:00,2016-09-17 00:00:00,2,AM-10705,28540.0
CA-2015-131800,2015-12-30 00:00:00,2016-01-04 00:00:00,2,AJ-10960,10035.0
CA-2015-118304,2015-04-29 00:00:00,2015-05-04 00:00:00,2,KH-16360,19901.0
CA-2018-121790,2018-01-30 00:00:00,2018-02-06 00:00:00,2,LP-17095,60505.0
CA-2017-169670,2017-12-25 00:00:00,2017-12-31 00:00:00,2,JE-15715,10009.0
CA-2017-139549,2017-10-20 00:00:00,2017-10-25 00:00:00,2,MY-18295,92020.0
CA-2016-104059,2016-06-13 00:00:00,2016-06-15 00:00:00,1,FC-14245,45503.0
CA-2018-164112,2018-06-30 00:00:00,2018-07-04 00:00:00,2,ND-18460,10550.0
CA-2016-143882,2016-06-26 00:00:00,2016-06-30 00:00:00,2,DB-13360,44107.0
US-2017-139262,2017-02-21 00:00:00,2017-02-25 00:00:00,2,LC-16960,33614.0
CA-2018-146192,2018-04-22 00:00:00,2018-04-26 00:00:00,2,BD-11725,31907.0
CA-2018-134810,2018-05-09 00:00:00,2018-05-10 00:00:00,3,MC-17605,28540.0
CA-2016-154284,2016-12-21 00:00:00,2016-12-26 00:00:00,1,SZ-20035,60174.0
CA-2015-156244,2015-08-12 00:00:00,2015-08-16 00:00:00,2,DH-13675,33180.0
CA-2016-106362,2016-12-11 00:00:00,2016-12-15 00:00:00,2,LC-16885,45373.0
US-2018-168802,2018-11-03 00:00:00,2018-11-07 00:00:00,2,JO-15145,98103.0
US-2018-146906,2018-03-13 00:00:00,2018-03-17 00:00:00,2,MT-17815,10011.0
CA-2017-166380,2017-05-30 00:00:00,2017-06-03 00:00:00,2,EB-13750,22204.0
US-2016-158911,2016-07-05 00:00:00,2016-07-11 00:00:00,2,RS-19765,28205.0
US-2015-103338,2015-03-11 00:00:00,2015-03-15 00:00:00,2,RB-19435,95661.0
CA-2016-109169,2016-04-20 00:00:00,2016-04-24 00:00:00,2,OT-18730,48234.0
US-2018-167318,2018-07-26 00:00:00,2018-08-01 00:00:00,2,GZ-14545,90036.0
US-2015-120313,2015-10-31 00:00:00,2015-11-02 00:00:00,1,NL-18310,94110.0
CA-2018-135419,2018-11-03 00:00:00,2018-11-09 00:00:00,2,BG-11740,93309.0
CA-2017-128671,2017-08-11 00:00:00,2017-08-16 00:00:00,2,MT-18070,74133.0
CA-2017-149335,2017-07-25 00:00:00,2017-07-25 00:00:00,4,BC-11125,94122.0
CA-2015-168312,2015-03-01 00:00:00,2015-03-07 00:00:00,2,GW-14605,77036.0
US-2018-105935,2018-01-26 00:00:00,2018-01-31 00:00:00,2,BD-11500,31907.0
CA-2015-161508,2015-07-12 00:00:00,2015-07-16 00:00:00,2,PV-18985,77573.0
CA-2018-130904,2018-04-11 00:00:00,2018-04-16 00:00:00,2,HM-14980,27217.0
CA-2018-133620,2018-11-13 00:00:00,2018-11-18 00:00:00,2,EM-14065,10009.0
CA-2016-142937,2016-12-05 00:00:00,2016-12-06 00:00:00,3,SF-20065,75220.0
US-2017-149790,2017-09-26 00:00:00,2017-10-01 00:00:00,2,SC-20380,77095.0
CA-2017-130778,2017-11-19 00:00:00,2017-11-25 00:00:00,2,ND-18370,11561.0
CA-2018-144456,2018-09-08 00:00:00,2018-09-09 00:00:00,3,FC-14245,33012.0
CA-2018-103478,2018-07-21 00:00:00,2018-07-24 00:00:00,1,KL-16555,60505.0
CA-2018-118577,2018-10-06 00:00:00,2018-10-11 00:00:00,2,XP-21865,7109.0
CA-2018-113572,2018-11-07 00:00:00,2018-11-11 00:00:00,2,FP-14320,10024.0
CA-2017-153269,2017-03-09 00:00:00,2017-03-12 00:00:00,3,PS-18760,1810.0
CA-2018-161655,2018-05-13 00:00:00,2018-05-18 00:00:00,1,CW-11905,19711.0
CA-2017-101469,2017-07-02 00:00:00,2017-07-08 00:00:00,2,KH-16360,22204.0
CA-2015-153087,2015-12-27 00:00:00,2016-01-03 00:00:00,2,TC-20980,35601.0
CA-2018-135076,2018-04-13 00:00:00,2018-04-17 00:00:00,2,YS-21880,92345.0
CA-2015-161634,2015-11-14 00:00:00,2015-11-20 00:00:00,2,CC-12220,23320.0
CA-2018-141481,2018-06-11 00:00:00,2018-06-14 00:00:00,3,ZD-21925,90036.0
CA-2017-132549,2017-11-25 00:00:00,2017-11-30 00:00:00,2,JK-15370,35810.0
US-2015-155544,2015-03-21 00:00:00,2015-03-25 00:00:00,2,GM-14440,37918.0
US-2016-115238,2016-04-30 00:00:00,2016-05-04 00:00:00,2,JW-15220,1841.0
CA-2018-132199,2018-05-03 00:00:00,2018-05-08 00:00:00,2,BO-11350,19134.0
CA-2017-163174,2017-08-26 00:00:00,2017-08-30 00:00:00,2,XP-21865,30605.0
CA-2015-110555,2015-04-11 00:00:00,2015-04-18 00:00:00,2,MM-18055,59405.0
CA-2018-147207,2018-01-02 00:00:00,2018-01-04 00:00:00,1,TS-21655,79907.0
CA-2018-137631,2018-04-28 00:00:00,2018-05-02 00:00:00,2,JL-15235,34741.0
CA-2018-157273,2018-01-30 00:00:00,2018-02-02 00:00:00,3,SZ-20035,98105.0
CA-2015-109918,2015-09-07 00:00:00,2015-09-12 00:00:00,1,LR-17035,95051.0
CA-2017-118745,2017-06-11 00:00:00,2017-06-16 00:00:00,2,SV-20365,90049.0
CA-2017-163972,2017-10-17 00:00:00,2017-10-21 00:00:00,2,MG-17890,93727.0
CA-2015-165393,2015-12-27 00:00:00,2015-12-30 00:00:00,3,NC-18415,76106.0
CA-2017-113726,2017-11-24 00:00:00,2017-12-01 00:00:00,2,SC-20680,98105.0
CA-2017-152940,2017-11-10 00:00:00,2017-11-13 00:00:00,3,RO-19780,94110.0
CA-2016-158701,2016-01-05 00:00:00,2016-01-10 00:00:00,2,JL-15175,94110.0
CA-2018-156272,2018-03-21 00:00:00,2018-03-27 00:00:00,2,PW-19030,33068.0
CA-2016-162964,2016-11-12 00:00:00,2016-11-18 00:00:00,2,MF-18250,77095.0
CA-2015-103527,2015-09-09 00:00:00,2015-09-14 00:00:00,1,CC-12220,60653.0
CA-2017-134544,2017-03-17 00:00:00,2017-03-19 00:00:00,1,AC-10660,94109.0
CA-2017-163048,2017-02-08 00:00:00,2017-02-15 00:00:00,2,MH-17440,77036.0
CA-2017-145135,2017-11-26 00:00:00,2017-11-28 00:00:00,3,CD-12790,6484.0
CA-2018-137582,2018-09-04 00:00:00,2018-09-08 00:00:00,2,CV-12805,94601.0
CA-2016-149601,2016-05-28 00:00:00,2016-06-03 00:00:00,2,TB-21625,6040.0
CA-2015-139423,2015-11-01 00:00:00,2015-11-05 00:00:00,2,DG-13300,7050.0
CA-2017-102596,2017-12-27 00:00:00,2017-12-30 00:00:00,3,RD-19810,44312.0
CA-2018-153227,2018-12-04 00:00:00,2018-12-06 00:00:00,3,CS-12250,90032.0
CA-2018-110625,2018-12-23 00:00:00,2018-12-30 00:00:00,2,JB-16045,6810.0
CA-2017-142594,2017-12-01 00:00:00,2017-12-06 00:00:00,1,EJ-14155,2038.0
CA-2015-152254,2015-06-30 00:00:00,2015-06-30 00:00:00,4,BD-11620,28403.0
US-2015-120236,2015-09-03 00:00:00,2015-09-04 00:00:00,3,MR-17545,77095.0
CA-2018-120061,2018-11-02 00:00:00,2018-11-07 00:00:00,1,SR-20425,45503.0
CA-2016-133837,2016-04-13 00:00:00,2016-04-18 00:00:00,2,TH-21100,85301.0
CA-2016-110814,2016-12-05 00:00:00,2016-12-09 00:00:00,1,BD-11635,10009.0
CA-2017-154067,2017-02-01 00:00:00,2017-02-07 00:00:00,2,SM-20950,90036.0
CA-2018-140480,2018-07-08 00:00:00,2018-07-12 00:00:00,2,HE-14800,19711.0
CA-2016-134082,2016-12-11 00:00:00,2016-12-17 00:00:00,2,JK-15640,92404.0
CA-2017-130820,2017-11-15 00:00:00,2017-11-15 00:00:00,4,ON-18715,27217.0
CA-2017-159765,2017-05-09 00:00:00,2017-05-12 00:00:00,1,TH-21100,24153.0
CA-2018-132290,2018-03-10 00:00:00,2018-03-14 00:00:00,2,MD-17350,75217.0
CA-2017-147109,2017-12-17 00:00:00,2017-12-21 00:00:00,2,AH-10075,76017.0
CA-2018-107265,2018-04-06 00:00:00,2018-04-12 00:00:00,2,ML-17755,52302.0
CA-2018-118199,2018-05-09 00:00:00,2018-05-11 00:00:00,3,LB-16795,98105.0
CA-2018-150091,2018-10-12 00:00:00,2018-10-16 00:00:00,2,NP-18670,8701.0
CA-2017-137652,2017-08-28 00:00:00,2017-08-30 00:00:00,3,EB-13750,45231.0
CA-2016-128356,2016-10-02 00:00:00,2016-10-07 00:00:00,2,RP-19390,80229.0
CA-2018-167017,2018-11-23 00:00:00,2018-11-25 00:00:00,3,DC-12850,48066.0
US-2018-132220,2018-11-12 00:00:00,2018-11-16 00:00:00,2,DJ-13510,85281.0
CA-2017-118129,2017-12-19 00:00:00,2017-12-21 00:00:00,1,CL-12565,19601.0
US-2015-113124,2015-03-30 00:00:00,2015-04-05 00:00:00,2,NC-18340,55124.0
CA-2018-155621,2018-11-08 00:00:00,2018-11-13 00:00:00,2,KN-16450,21215.0
US-2015-127635,2015-09-14 00:00:00,2015-09-18 00:00:00,1,SC-20260,78415.0
CA-2016-151470,2016-09-20 00:00:00,2016-09-26 00:00:00,2,AM-10705,89115.0
CA-2016-112823,2016-12-10 00:00:00,2016-12-16 00:00:00,2,RA-19945,44105.0
CA-2015-108861,2015-05-28 00:00:00,2015-06-01 00:00:00,2,MM-17260,98105.0
CA-2018-114370,2018-03-14 00:00:00,2018-03-17 00:00:00,1,BN-11470,60623.0
CA-2017-158302,2017-12-08 00:00:00,2017-12-12 00:00:00,1,JB-16045,43229.0
CA-2018-145779,2018-05-06 00:00:00,2018-05-10 00:00:00,2,DB-13615,85705.0
US-2017-155173,2017-03-06 00:00:00,2017-03-10 00:00:00,2,JB-16045,19120.0
CA-2018-125451,2018-10-23 00:00:00,2018-10-24 00:00:00,3,AH-10075,2920.0
CA-2015-131387,2015-04-28 00:00:00,2015-04-30 00:00:00,3,AI-10855,94122.0
CA-2017-125087,2017-04-18 00:00:00,2017-04-23 00:00:00,2,TH-21115,77070.0
CA-2017-154081,2017-05-22 00:00:00,2017-05-29 00:00:00,2,JE-15610,90049.0
US-2018-118556,2018-05-28 00:00:00,2018-06-02 00:00:00,1,TH-21235,60653.0
CA-2015-126200,2015-08-25 00:00:00,2015-08-29 00:00:00,2,JE-15715,77070.0
CA-2015-146500,2015-08-30 00:00:00,2015-09-04 00:00:00,2,AT-10735,6010.0
CA-2016-169537,2016-09-03 00:00:00,2016-09-07 00:00:00,1,JH-15820,49423.0
CA-2015-100881,2015-03-28 00:00:00,2015-04-01 00:00:00,2,DR-12940,87105.0
CA-2016-144043,2016-05-10 00:00:00,2016-05-15 00:00:00,2,AB-10165,80027.0
CA-2016-116512,2016-04-09 00:00:00,2016-04-14 00:00:00,2,MC-18100,10024.0
CA-2016-101000,2016-04-09 00:00:00,2016-04-14 00:00:00,2,IG-15085,6360.0
CA-2017-168557,2017-09-19 00:00:00,2017-09-23 00:00:00,2,FH-14275,94122.0
US-2017-164196,2017-11-11 00:00:00,2017-11-17 00:00:00,2,AS-10285,46060.0
US-2018-132031,2018-04-23 00:00:00,2018-04-27 00:00:00,2,PN-18775,37042.0
CA-2016-169733,2016-10-22 00:00:00,2016-10-26 00:00:00,1,GM-14500,33021.0
CA-2018-169404,2018-04-09 00:00:00,2018-04-14 00:00:00,2,NC-18625,17403.0
CA-2018-134880,2018-10-27 00:00:00,2018-11-01 00:00:00,2,TW-21025,85204.0
CA-2016-145758,2016-10-30 00:00:00,2016-10-30 00:00:00,4,BF-11020,10024.0
CA-2018-158736,2018-12-18 00:00:00,2018-12-24 00:00:00,2,TT-21460,94110.0
US-2017-119270,2017-03-12 00:00:00,2017-03-16 00:00:00,2,SW-20245,90036.0
CA-2015-109890,2015-07-21 00:00:00,2015-07-27 00:00:00,2,PG-18820,68104.0
CA-2017-138583,2017-05-24 00:00:00,2017-05-28 00:00:00,2,DP-13390,19120.0
US-2018-118535,2018-02-11 00:00:00,2018-02-15 00:00:00,2,DJ-13510,10024.0
CA-2017-126284,2017-09-20 00:00:00,2017-09-24 00:00:00,2,EN-13780,49505.0
CA-2018-142391,2018-09-24 00:00:00,2018-09-24 00:00:00,4,PB-19150,98115.0
CA-2018-124716,2018-03-27 00:00:00,2018-03-31 00:00:00,2,BD-11560,93727.0
CA-2017-158841,2017-02-02 00:00:00,2017-02-04 00:00:00,1,SE-20110,22204.0
CA-2018-106824,2018-07-07 00:00:00,2018-07-11 00:00:00,2,AT-10735,90049.0
CA-2016-109190,2016-10-23 00:00:00,2016-10-28 00:00:00,2,CC-12685,79424.0
CA-2017-143154,2017-12-02 00:00:00,2017-12-08 00:00:00,2,AS-10225,80501.0
CA-2015-169061,2015-03-05 00:00:00,2015-03-08 00:00:00,1,AB-10150,10701.0
CA-2016-102316,2016-03-01 00:00:00,2016-03-03 00:00:00,1,DH-13075,90045.0
CA-2015-164903,2015-02-20 00:00:00,2015-02-24 00:00:00,2,SR-20740,90049.0
CA-2017-109400,2017-05-02 00:00:00,2017-05-06 00:00:00,2,NR-18550,79109.0
CA-2017-130400,2017-03-08 00:00:00,2017-03-12 00:00:00,2,SJ-20125,75217.0
CA-2016-135853,2016-12-11 00:00:00,2016-12-14 00:00:00,3,CA-12775,48205.0
CA-2017-103359,2017-12-22 00:00:00,2017-12-26 00:00:00,2,LC-16885,10035.0
CA-2017-144645,2017-02-02 00:00:00,2017-02-08 00:00:00,2,NS-18640,77041.0
CA-2018-141614,2018-06-05 00:00:00,2018-06-09 00:00:00,2,NS-18640,32839.0
CA-2016-122168,2016-08-21 00:00:00,2016-08-26 00:00:00,2,HG-14965,41042.0
CA-2017-132899,2017-04-07 00:00:00,2017-04-11 00:00:00,2,SF-20200,10009.0
CA-2018-149720,2018-06-04 00:00:00,2018-06-07 00:00:00,1,EM-14065,75034.0
CA-2018-118003,2018-12-04 00:00:00,2018-12-10 00:00:00,2,DO-13645,7501.0
CA-2017-141887,2017-01-11 00:00:00,2017-01-15 00:00:00,2,MP-17470,43229.0
US-2017-160206,2017-04-01 00:00:00,2017-04-07 00:00:00,2,MY-18295,53209.0
CA-2018-133074,2018-09-21 00:00:00,2018-09-25 00:00:00,2,DB-13615,94109.0
CA-2018-161172,2018-03-16 00:00:00,2018-03-16 00:00:00,4,SP-20920,43229.0
CA-2018-137624,2018-11-10 00:00:00,2018-11-17 00:00:00,2,ME-17320,90008.0
CA-2017-156748,2017-11-30 00:00:00,2017-12-06 00:00:00,2,BS-11755,48227.0
CA-2016-169677,2016-01-13 00:00:00,2016-01-15 00:00:00,1,KS-16300,31907.0
US-2015-163146,2015-05-16 00:00:00,2015-05-20 00:00:00,2,CC-12475,94122.0
CA-2016-157343,2016-06-07 00:00:00,2016-06-11 00:00:00,2,HD-14785,19143.0
CA-2018-147354,2018-03-09 00:00:00,2018-03-13 00:00:00,2,KB-16315,90008.0
CA-2016-157287,2016-12-22 00:00:00,2016-12-23 00:00:00,3,HR-14830,19140.0
CA-2015-137575,2015-08-06 00:00:00,2015-08-11 00:00:00,2,TB-21625,10035.0
CA-2017-119074,2017-03-27 00:00:00,2017-03-31 00:00:00,2,DS-13180,31907.0
CA-2016-149566,2016-12-05 00:00:00,2016-12-10 00:00:00,2,GB-14530,90049.0
CA-2016-126186,2016-09-11 00:00:00,2016-09-12 00:00:00,3,GB-14530,80013.0
CA-2016-121132,2016-07-17 00:00:00,2016-07-24 00:00:00,2,VB-21745,77041.0
CA-2015-140473,2015-05-30 00:00:00,2015-06-03 00:00:00,2,MC-17425,60623.0
US-2018-102904,2018-11-13 00:00:00,2018-11-20 00:00:00,2,CB-12025,35601.0
CA-2017-102092,2017-12-09 00:00:00,2017-12-11 00:00:00,3,PM-18940,22153.0
CA-2016-117884,2016-03-22 00:00:00,2016-03-22 00:00:00,4,DC-13285,33317.0
CA-2017-132829,2017-12-23 00:00:00,2017-12-26 00:00:00,1,LA-16780,77041.0
CA-2017-123540,2017-04-02 00:00:00,2017-04-06 00:00:00,1,DJ-13420,53209.0
US-2018-108315,2018-04-30 00:00:00,2018-05-04 00:00:00,2,MH-18115,32771.0
CA-2017-134110,2017-11-17 00:00:00,2017-11-18 00:00:00,3,BG-11035,75056.0
US-2017-136581,2017-11-10 00:00:00,2017-11-12 00:00:00,3,SV-20365,45373.0
CA-2017-162390,2017-12-06 00:00:00,2017-12-12 00:00:00,2,DP-13105,11550.0
CA-2017-162222,2017-04-03 00:00:00,2017-04-03 00:00:00,4,SR-20740,75081.0
CA-2015-121629,2015-11-28 00:00:00,2015-12-02 00:00:00,2,BT-11680,77041.0
CA-2016-164623,2016-10-20 00:00:00,2016-10-22 00:00:00,3,MS-17770,10035.0
CA-2015-159849,2015-09-19 00:00:00,2015-09-19 00:00:00,4,JK-15640,94110.0
CA-2018-101273,2018-08-27 00:00:00,2018-08-30 00:00:00,1,ST-20530,34952.0
CA-2018-106747,2018-07-03 00:00:00,2018-07-04 00:00:00,3,TS-21505,3301.0
CA-2018-146164,2018-12-22 00:00:00,2018-12-26 00:00:00,2,CM-12190,55901.0
CA-2017-111605,2017-12-27 00:00:00,2018-01-02 00:00:00,2,JW-15955,40214.0
CA-2015-130673,2015-05-20 00:00:00,2015-05-22 00:00:00,1,MC-17590,78666.0
CA-2015-104808,2015-02-04 00:00:00,2015-02-08 00:00:00,1,MH-17440,92025.0
US-2018-132927,2018-12-09 00:00:00,2018-12-15 00:00:00,2,RD-19720,19134.0
CA-2018-162015,2018-07-11 00:00:00,2018-07-18 00:00:00,2,KB-16240,90049.0
CA-2016-138492,2016-05-15 00:00:00,2016-05-22 00:00:00,2,FC-14335,19140.0
CA-2018-145338,2018-01-29 00:00:00,2018-02-01 00:00:00,3,BD-11770,19120.0
CA-2018-126676,2018-09-29 00:00:00,2018-10-01 00:00:00,3,FH-14365,11550.0
CA-2018-101700,2018-04-23 00:00:00,2018-04-26 00:00:00,3,SO-20335,80634.0
CA-2018-159667,2018-11-09 00:00:00,2018-11-13 00:00:00,2,PM-19135,32216.0
CA-2015-111934,2015-05-05 00:00:00,2015-05-07 00:00:00,3,GD-14590,22204.0
US-2017-117387,2017-10-27 00:00:00,2017-10-31 00:00:00,2,PA-19060,94122.0
CA-2015-141110,2015-11-26 00:00:00,2015-12-01 00:00:00,2,LS-17200,93727.0
US-2015-133949,2015-12-31 00:00:00,2015-12-31 00:00:00,4,JL-15175,89502.0
US-2017-116365,2017-01-03 00:00:00,2017-01-08 00:00:00,2,CA-12310,78207.0
CA-2018-162936,2018-08-18 00:00:00,2018-08-22 00:00:00,2,CM-12160,2740.0
CA-2015-151946,2015-06-04 00:00:00,2015-06-09 00:00:00,2,BT-11440,10035.0
CA-2018-123624,2018-11-13 00:00:00,2018-11-17 00:00:00,1,SE-20110,93030.0
CA-2017-146437,2017-01-28 00:00:00,2017-02-01 00:00:00,1,HG-14965,90036.0
CA-2017-138233,2017-11-09 00:00:00,2017-11-14 00:00:00,2,PF-19165,94601.0
CA-2017-165918,2017-09-10 00:00:00,2017-09-14 00:00:00,2,BD-11770,98026.0
CA-2018-117513,2018-03-03 00:00:00,2018-03-08 00:00:00,2,BT-11395,90004.0
CA-2018-132437,2018-09-08 00:00:00,2018-09-13 00:00:00,1,EM-14095,10024.0
US-2018-119319,2018-11-06 00:00:00,2018-11-09 00:00:00,1,LC-17050,75217.0
CA-2018-104318,2018-05-13 00:00:00,2018-05-18 00:00:00,2,FH-14275,37064.0
US-2017-114230,2017-11-27 00:00:00,2017-12-01 00:00:00,2,CM-12235,85023.0
CA-2016-136147,2016-11-13 00:00:00,2016-11-18 00:00:00,2,FM-14380,33178.0
CA-2016-156118,2016-12-08 00:00:00,2016-12-12 00:00:00,2,HG-14965,80906.0
CA-2016-164084,2016-09-07 00:00:00,2016-09-12 00:00:00,2,AG-10525,10011.0
CA-2017-107783,2017-07-28 00:00:00,2017-07-29 00:00:00,3,OT-18730,18018.0
CA-2018-159793,2018-08-25 00:00:00,2018-08-29 00:00:00,2,SV-20365,19140.0
CA-2015-160094,2015-04-30 00:00:00,2015-05-02 00:00:00,3,JM-16195,40214.0
CA-2018-151281,2018-04-27 00:00:00,2018-05-02 00:00:00,2,HM-14980,98105.0
CA-2018-118346,2018-07-23 00:00:00,2018-07-24 00:00:00,3,PO-19180,53142.0
CA-2015-129819,2015-12-13 00:00:00,2015-12-15 00:00:00,1,KC-16675,42420.0
US-2018-148551,2018-01-12 00:00:00,2018-01-16 00:00:00,2,DB-13120,75217.0
CA-2018-147767,2018-12-02 00:00:00,2018-12-02 00:00:00,4,SV-20935,85345.0
CA-2016-108259,2016-11-08 00:00:00,2016-11-15 00:00:00,2,NS-18640,28540.0
CA-2017-113341,2017-11-25 00:00:00,2017-11-29 00:00:00,2,MH-17455,90032.0
US-2016-131842,2016-12-05 00:00:00,2016-12-08 00:00:00,3,RR-19525,37211.0
CA-2017-164574,2017-07-29 00:00:00,2017-08-03 00:00:00,2,RH-19555,28205.0
CA-2015-142769,2015-09-13 00:00:00,2015-09-13 00:00:00,4,RP-19390,98103.0
CA-2017-168361,2017-06-21 00:00:00,2017-06-25 00:00:00,2,KB-16600,60623.0
CA-2017-153185,2017-09-03 00:00:00,2017-09-08 00:00:00,2,MH-17620,45231.0
CA-2018-124765,2018-11-25 00:00:00,2018-11-30 00:00:00,2,HZ-14950,33311.0
CA-2016-131856,2016-05-12 00:00:00,2016-05-17 00:00:00,2,JG-15160,77041.0
CA-2018-126634,2018-03-30 00:00:00,2018-04-01 00:00:00,1,AB-10165,90712.0
CA-2017-118500,2017-11-17 00:00:00,2017-11-18 00:00:00,3,HJ-14875,94122.0
CA-2017-163951,2017-12-30 00:00:00,2018-01-02 00:00:00,3,CJ-11875,19140.0
CA-2017-149916,2017-12-22 00:00:00,2017-12-24 00:00:00,1,ED-13885,98115.0
CA-2016-158918,2016-12-20 00:00:00,2016-12-25 00:00:00,1,AI-10855,90036.0
US-2015-159611,2015-12-27 00:00:00,2016-01-01 00:00:00,1,KB-16315,44105.0
CA-2018-163265,2018-02-16 00:00:00,2018-02-21 00:00:00,2,JS-16030,62521.0
CA-2018-141705,2018-10-24 00:00:00,2018-10-26 00:00:00,3,PO-18850,76063.0
CA-2017-112739,2017-09-02 00:00:00,2017-09-07 00:00:00,1,RD-19810,77070.0
CA-2017-143805,2017-12-01 00:00:00,2017-12-03 00:00:00,1,JD-15895,23223.0
CA-2015-133634,2015-11-05 00:00:00,2015-11-10 00:00:00,2,SR-20740,22204.0
CA-2018-101665,2018-11-25 00:00:00,2018-12-01 00:00:00,2,TZ-21580,94122.0
CA-2017-155446,2017-12-16 00:00:00,2017-12-23 00:00:00,2,TN-21040,92024.0
CA-2018-137323,2018-11-14 00:00:00,2018-11-18 00:00:00,1,PW-19030,13601.0
CA-2017-144015,2017-06-26 00:00:00,2017-06-26 00:00:00,4,AH-10075,90036.0
CA-2015-101427,2015-12-26 00:00:00,2015-12-30 00:00:00,2,AY-10555,19140.0
CA-2017-136770,2017-08-14 00:00:00,2017-08-18 00:00:00,2,SP-20650,44312.0
CA-2017-118311,2017-10-24 00:00:00,2017-10-28 00:00:00,2,ED-13885,94110.0
US-2015-112795,2015-08-23 00:00:00,2015-08-28 00:00:00,1,CR-12625,49505.0
CA-2018-127096,2018-09-15 00:00:00,2018-09-17 00:00:00,1,CS-12400,94109.0
CA-2018-119284,2018-06-15 00:00:00,2018-06-20 00:00:00,2,TS-21205,37211.0
CA-2016-133494,2016-03-01 00:00:00,2016-03-05 00:00:00,2,RP-19390,19120.0
CA-2017-111318,2017-07-23 00:00:00,2017-07-26 00:00:00,3,IL-15100,77041.0
US-2015-132745,2015-10-01 00:00:00,2015-10-05 00:00:00,2,NF-18475,89502.0
CA-2015-146815,2015-09-08 00:00:00,2015-09-13 00:00:00,2,PP-18955,10009.0
CA-2015-119144,2015-11-16 00:00:00,2015-11-18 00:00:00,3,JD-16150,90008.0
CA-2015-105648,2015-03-03 00:00:00,2015-03-07 00:00:00,2,EJ-14155,92037.0
US-2016-145422,2016-12-03 00:00:00,2016-12-07 00:00:00,2,PW-19240,94110.0
CA-2018-136623,2018-07-11 00:00:00,2018-07-16 00:00:00,2,TS-21430,92105.0
CA-2018-121678,2018-11-16 00:00:00,2018-11-20 00:00:00,1,BM-11650,44035.0
CA-2017-120824,2017-06-12 00:00:00,2017-06-16 00:00:00,1,AW-10930,77070.0
US-2017-135209,2017-12-29 00:00:00,2017-12-31 00:00:00,1,MH-17290,33178.0
CA-2018-148145,2018-03-18 00:00:00,2018-03-23 00:00:00,2,SW-20275,98115.0
CA-2016-103870,2016-12-27 00:00:00,2016-12-31 00:00:00,2,SP-20860,37130.0
CA-2016-111017,2016-07-31 00:00:00,2016-08-06 00:00:00,2,SC-20695,63116.0
CA-2018-116988,2018-06-27 00:00:00,2018-06-29 00:00:00,1,PW-19030,98105.0
US-2015-169390,2015-02-07 00:00:00,2015-02-10 00:00:00,1,CS-12250,10024.0
CA-2017-168774,2017-09-04 00:00:00,2017-09-09 00:00:00,2,RP-19855,55125.0
CA-2018-161592,2018-04-06 00:00:00,2018-04-10 00:00:00,2,CS-12175,37421.0
US-2018-131961,2018-12-08 00:00:00,2018-12-11 00:00:00,3,MJ-17740,19140.0
CA-2017-102498,2017-07-24 00:00:00,2017-07-25 00:00:00,3,JG-15160,70506.0
CA-2016-113222,2016-11-09 00:00:00,2016-11-09 00:00:00,4,AG-10765,46226.0
US-2016-144771,2016-10-02 00:00:00,2016-10-04 00:00:00,3,CK-12205,97123.0
CA-2016-162376,2016-11-22 00:00:00,2016-11-25 00:00:00,1,HD-14785,2138.0
CA-2018-128076,2018-02-02 00:00:00,2018-02-07 00:00:00,2,BO-11350,92105.0
US-2016-163825,2016-06-16 00:00:00,2016-06-19 00:00:00,3,LC-16885,10009.0
CA-2017-105662,2017-05-05 00:00:00,2017-05-09 00:00:00,2,RB-19465,32303.0
CA-2018-152198,2018-09-09 00:00:00,2018-09-10 00:00:00,3,JD-16015,43615.0
CA-2017-114307,2017-07-22 00:00:00,2017-07-26 00:00:00,2,MF-17665,21044.0
CA-2017-159891,2017-01-31 00:00:00,2017-02-06 00:00:00,2,BF-11170,30318.0
CA-2017-112578,2017-12-29 00:00:00,2018-01-02 00:00:00,2,FO-14305,95823.0
CA-2016-107083,2016-11-21 00:00:00,2016-11-27 00:00:00,2,BB-11545,76106.0
CA-2016-151722,2016-10-05 00:00:00,2016-10-09 00:00:00,2,IL-15100,43229.0
CA-2017-151148,2017-09-12 00:00:00,2017-09-13 00:00:00,4,PO-19180,80027.0
CA-2018-115882,2018-09-14 00:00:00,2018-09-17 00:00:00,3,DB-13555,27604.0
CA-2016-132276,2016-02-23 00:00:00,2016-02-28 00:00:00,2,LC-16960,10024.0
CA-2017-163636,2017-12-05 00:00:00,2017-12-09 00:00:00,1,MP-18175,60623.0
CA-2017-102813,2017-07-02 00:00:00,2017-07-03 00:00:00,3,EA-14035,77340.0
CA-2018-135377,2018-12-13 00:00:00,2018-12-18 00:00:00,2,BP-11095,10024.0
CA-2016-165813,2016-03-20 00:00:00,2016-03-22 00:00:00,1,BM-11785,97301.0
CA-2016-133585,2016-03-01 00:00:00,2016-03-04 00:00:00,3,CM-12715,77070.0
CA-2017-116911,2017-09-15 00:00:00,2017-09-20 00:00:00,2,JD-16150,83301.0
US-2018-129224,2018-03-17 00:00:00,2018-03-23 00:00:00,2,AS-10630,37918.0
CA-2018-145765,2018-05-28 00:00:00,2018-06-02 00:00:00,2,CM-11815,85023.0
CA-2018-126914,2018-06-15 00:00:00,2018-06-19 00:00:00,2,JE-15715,28110.0
CA-2016-169572,2016-09-06 00:00:00,2016-09-12 00:00:00,2,AG-10525,23223.0
CA-2018-162075,2018-03-18 00:00:00,2018-03-24 00:00:00,2,TT-21220,77041.0
CA-2015-162992,2015-12-19 00:00:00,2015-12-21 00:00:00,3,BP-11095,90008.0
CA-2017-106397,2017-07-07 00:00:00,2017-07-13 00:00:00,2,MJ-17740,84057.0
CA-2015-116666,2015-05-08 00:00:00,2015-05-10 00:00:00,3,KT-16480,19134.0
CA-2018-148992,2018-11-23 00:00:00,2018-11-27 00:00:00,2,CS-12250,60623.0
CA-2017-140935,2017-11-10 00:00:00,2017-11-12 00:00:00,3,AB-10015,73120.0
CA-2015-157644,2015-12-31 00:00:00,2016-01-01 00:00:00,3,AH-10030,10035.0
US-2018-100398,2018-08-19 00:00:00,2018-08-23 00:00:00,2,DO-13435,84106.0
CA-2017-113082,2017-09-12 00:00:00,2017-09-16 00:00:00,2,MC-17590,13501.0
US-2018-110646,2018-10-26 00:00:00,2018-10-31 00:00:00,2,JF-15190,19134.0
CA-2018-120614,2018-05-30 00:00:00,2018-06-04 00:00:00,2,SM-20950,90004.0
US-2017-140172,2017-03-08 00:00:00,2017-03-13 00:00:00,2,SP-20650,49201.0
CA-2016-127754,2016-07-26 00:00:00,2016-07-31 00:00:00,2,CK-12760,85301.0
CA-2016-144274,2016-11-23 00:00:00,2016-11-25 00:00:00,1,PW-19240,19805.0
CA-2016-142930,2016-11-28 00:00:00,2016-12-02 00:00:00,2,EB-14170,78745.0
CA-2018-100622,2018-11-03 00:00:00,2018-11-07 00:00:00,2,DK-13090,32839.0
CA-2018-117156,2018-03-21 00:00:00,2018-03-23 00:00:00,1,TB-21055,19601.0
CA-2016-115399,2016-12-19 00:00:00,2016-12-22 00:00:00,3,AG-10900,19134.0
US-2015-157847,2015-04-02 00:00:00,2015-04-06 00:00:00,1,SC-20020,77095.0
CA-2016-115168,2016-06-05 00:00:00,2016-06-09 00:00:00,2,BB-11545,63301.0
CA-2015-109680,2015-10-06 00:00:00,2015-10-09 00:00:00,3,VP-21760,46203.0
CA-2017-167983,2017-08-21 00:00:00,2017-08-24 00:00:00,1,RP-19270,98115.0
CA-2016-145324,2016-11-15 00:00:00,2016-11-19 00:00:00,2,DH-13675,22801.0
CA-2016-153423,2016-06-22 00:00:00,2016-06-27 00:00:00,2,SW-20455,14609.0
US-2018-132675,2018-09-24 00:00:00,2018-09-28 00:00:00,2,KF-16285,30328.0
CA-2015-153808,2015-04-06 00:00:00,2015-04-10 00:00:00,1,FH-14275,90004.0
US-2017-112396,2017-02-09 00:00:00,2017-02-13 00:00:00,2,JR-16210,94110.0
CA-2015-141173,2015-11-18 00:00:00,2015-11-20 00:00:00,1,JC-16105,55407.0
CA-2018-156664,2018-12-18 00:00:00,2018-12-23 00:00:00,2,BP-11290,43229.0
CA-2016-140718,2016-07-02 00:00:00,2016-07-04 00:00:00,3,FA-14230,27604.0
CA-2015-119977,2015-10-08 00:00:00,2015-10-13 00:00:00,1,DN-13690,10011.0
US-2016-115343,2016-09-22 00:00:00,2016-09-25 00:00:00,3,FO-14305,19143.0
CA-2018-163671,2018-12-24 00:00:00,2018-12-30 00:00:00,2,DP-13105,83642.0
CA-2018-135909,2018-10-13 00:00:00,2018-10-20 00:00:00,2,JW-15220,95823.0
US-2018-114356,2018-08-20 00:00:00,2018-08-26 00:00:00,2,TT-21460,28205.0
CA-2016-125934,2016-09-11 00:00:00,2016-09-18 00:00:00,2,SN-20560,7501.0
CA-2016-158148,2016-12-20 00:00:00,2016-12-26 00:00:00,2,JM-15865,22204.0
CA-2015-120411,2015-09-20 00:00:00,2015-09-23 00:00:00,3,SB-20185,60653.0
CA-2017-158260,2017-11-04 00:00:00,2017-11-08 00:00:00,2,CC-12475,92037.0
CA-2018-101805,2018-12-01 00:00:00,2018-12-06 00:00:00,2,SH-19975,98105.0
US-2015-105137,2015-10-10 00:00:00,2015-10-10 00:00:00,4,RB-19435,43229.0
CA-2018-142489,2018-11-14 00:00:00,2018-11-16 00:00:00,1,TC-21295,77095.0
US-2017-141264,2017-08-13 00:00:00,2017-08-19 00:00:00,2,CT-11995,75061.0
CA-2018-126928,2018-09-17 00:00:00,2018-09-23 00:00:00,2,GZ-14470,7960.0
US-2016-107944,2016-03-23 00:00:00,2016-03-25 00:00:00,3,AM-10360,90008.0
CA-2017-135594,2017-06-30 00:00:00,2017-07-03 00:00:00,1,AH-10120,60505.0
US-2018-115252,2018-10-20 00:00:00,2018-10-25 00:00:00,2,MY-18295,27707.0
CA-2015-107398,2015-08-25 00:00:00,2015-08-30 00:00:00,2,BS-11590,43229.0
CA-2015-169642,2015-07-27 00:00:00,2015-07-30 00:00:00,1,BB-10990,90036.0
CA-2018-103968,2018-12-01 00:00:00,2018-12-07 00:00:00,2,ML-17755,95207.0
CA-2017-147256,2017-10-17 00:00:00,2017-10-21 00:00:00,1,FC-14245,65203.0
CA-2017-162159,2017-09-16 00:00:00,2017-09-18 00:00:00,3,CR-12625,31907.0
CA-2016-111038,2016-12-01 00:00:00,2016-12-06 00:00:00,2,LC-16960,92037.0
CA-2015-124723,2015-08-05 00:00:00,2015-08-12 00:00:00,2,GZ-14470,77590.0
CA-2017-167241,2017-08-15 00:00:00,2017-08-22 00:00:00,2,BD-11320,90004.0
CA-2016-163237,2016-08-07 00:00:00,2016-08-09 00:00:00,1,EM-14095,22153.0
CA-2017-150483,2017-05-31 00:00:00,2017-06-04 00:00:00,2,BP-11290,62521.0
US-2017-126431,2017-07-01 00:00:00,2017-07-01 00:00:00,4,SU-20665,10009.0
CA-2017-139934,2017-12-18 00:00:00,2017-12-20 00:00:00,3,AY-10555,94110.0
CA-2016-109603,2016-01-26 00:00:00,2016-02-01 00:00:00,2,EM-13825,92553.0
CA-2018-160661,2018-10-28 00:00:00,2018-11-01 00:00:00,2,SA-20830,2149.0
CA-2018-102610,2018-11-04 00:00:00,2018-11-08 00:00:00,2,CA-12265,37421.0
US-2017-144057,2017-05-09 00:00:00,2017-05-13 00:00:00,2,CV-12805,78745.0
CA-2015-160276,2015-04-02 00:00:00,2015-04-08 00:00:00,2,AH-10690,23464.0
CA-2015-132983,2015-04-28 00:00:00,2015-05-03 00:00:00,2,DS-13180,14701.0
CA-2017-145709,2017-10-04 00:00:00,2017-10-08 00:00:00,2,AH-10690,33134.0
CA-2018-133928,2018-06-11 00:00:00,2018-06-17 00:00:00,2,ZC-21910,28601.0
CA-2017-168032,2017-01-30 00:00:00,2017-02-03 00:00:00,2,DF-13135,61107.0
CA-2016-143616,2016-09-27 00:00:00,2016-09-29 00:00:00,1,SS-20140,98103.0
US-2016-168704,2016-04-13 00:00:00,2016-04-17 00:00:00,2,FP-14320,77340.0
CA-2018-143252,2018-12-18 00:00:00,2018-12-24 00:00:00,2,HE-14800,53209.0
CA-2017-102134,2017-03-14 00:00:00,2017-03-19 00:00:00,2,SP-20545,54302.0
CA-2018-130036,2018-08-27 00:00:00,2018-08-27 00:00:00,4,BP-11185,19120.0
CA-2016-134117,2016-12-17 00:00:00,2016-12-19 00:00:00,1,PG-18895,90008.0
CA-2015-130918,2015-08-22 00:00:00,2015-08-24 00:00:00,1,JP-15520,33161.0
CA-2017-159023,2017-11-03 00:00:00,2017-11-05 00:00:00,3,NW-18400,97206.0
CA-2018-111717,2018-10-10 00:00:00,2018-10-16 00:00:00,2,SW-20245,60505.0
CA-2015-154592,2015-12-07 00:00:00,2015-12-08 00:00:00,3,EH-14005,94109.0
CA-2015-128622,2015-11-15 00:00:00,2015-11-17 00:00:00,1,SC-20260,94110.0
CA-2018-148355,2018-12-24 00:00:00,2018-12-28 00:00:00,2,NC-18535,2740.0
CA-2015-132913,2015-12-24 00:00:00,2015-12-26 00:00:00,3,AS-10090,92037.0
CA-2018-150910,2018-12-22 00:00:00,2018-12-28 00:00:00,2,JL-15130,38301.0
CA-2015-156790,2015-08-08 00:00:00,2015-08-10 00:00:00,1,VG-21790,32216.0
CA-2015-126480,2015-09-20 00:00:00,2015-09-24 00:00:00,2,HG-14965,92024.0
CA-2018-105620,2018-12-25 00:00:00,2018-12-28 00:00:00,3,JH-15430,33012.0
CA-2018-150266,2018-11-25 00:00:00,2018-11-30 00:00:00,2,RO-19780,77070.0
CA-2017-157280,2017-11-05 00:00:00,2017-11-07 00:00:00,3,LW-17125,23464.0
CA-2018-106691,2018-11-06 00:00:00,2018-11-12 00:00:00,2,CC-12370,77070.0
CA-2017-134180,2017-11-03 00:00:00,2017-11-07 00:00:00,2,JP-16135,19120.0
CA-2015-166730,2015-12-30 00:00:00,2016-01-01 00:00:00,3,DD-13570,38109.0
CA-2018-157469,2018-12-02 00:00:00,2018-12-07 00:00:00,2,ES-14080,44107.0
CA-2018-122308,2018-03-24 00:00:00,2018-03-28 00:00:00,2,MV-17485,10011.0
US-2015-149034,2015-11-19 00:00:00,2015-11-21 00:00:00,3,RD-19900,19120.0
CA-2018-159226,2018-04-25 00:00:00,2018-04-27 00:00:00,1,RL-19615,90008.0
CA-2018-156622,2018-11-23 00:00:00,2018-11-26 00:00:00,3,JP-15460,75220.0
CA-2015-119529,2015-11-03 00:00:00,2015-11-05 00:00:00,1,DM-13345,7050.0
CA-2016-150413,2016-10-19 00:00:00,2016-10-24 00:00:00,1,CS-11860,75220.0
CA-2015-108182,2015-02-06 00:00:00,2015-02-10 00:00:00,1,DL-13315,60441.0
CA-2017-110898,2017-03-06 00:00:00,2017-03-12 00:00:00,2,LC-16870,60623.0
CA-2016-123092,2016-12-03 00:00:00,2016-12-07 00:00:00,2,JG-15115,28540.0
US-2016-128587,2016-12-24 00:00:00,2016-12-30 00:00:00,2,HM-14860,65807.0
US-2018-139577,2018-10-01 00:00:00,2018-10-06 00:00:00,2,TN-21040,94110.0
CA-2018-159100,2018-10-16 00:00:00,2018-10-21 00:00:00,2,VP-21760,38401.0
CA-2015-109043,2015-08-15 00:00:00,2015-08-17 00:00:00,3,CS-12355,33021.0
US-2018-116491,2018-11-11 00:00:00,2018-11-13 00:00:00,3,PG-18820,75081.0
CA-2018-122763,2018-03-20 00:00:00,2018-03-20 00:00:00,4,HG-14845,77041.0
CA-2018-137785,2018-05-13 00:00:00,2018-05-17 00:00:00,2,MH-18115,19140.0
CA-2015-133389,2015-06-22 00:00:00,2015-06-22 00:00:00,4,TB-21280,85023.0
CA-2015-103807,2015-12-02 00:00:00,2015-12-09 00:00:00,2,EM-13825,30328.0
CA-2016-102855,2016-04-05 00:00:00,2016-04-06 00:00:00,4,JF-15415,99207.0
CA-2018-107825,2018-11-18 00:00:00,2018-11-18 00:00:00,4,NB-18655,53209.0
CA-2018-106047,2018-07-12 00:00:00,2018-07-18 00:00:00,2,CS-11860,45014.0
CA-2018-127803,2018-05-19 00:00:00,2018-05-23 00:00:00,2,ND-18460,35810.0
CA-2016-137071,2016-12-20 00:00:00,2016-12-21 00:00:00,3,ED-13885,77036.0
CA-2017-121447,2017-02-21 00:00:00,2017-02-22 00:00:00,3,EA-14035,10011.0
CA-2018-143084,2018-03-18 00:00:00,2018-03-22 00:00:00,2,BP-11050,90008.0
CA-2017-131639,2017-12-17 00:00:00,2017-12-23 00:00:00,2,NS-18640,88220.0
CA-2017-161361,2017-03-26 00:00:00,2017-03-28 00:00:00,1,MV-17485,83201.0
CA-2015-100706,2015-12-16 00:00:00,2015-12-18 00:00:00,1,LE-16810,22153.0
CA-2016-129525,2016-11-15 00:00:00,2016-11-20 00:00:00,2,VP-21760,43615.0
US-2017-141880,2017-08-22 00:00:00,2017-08-23 00:00:00,3,TC-21475,80525.0
CA-2016-165799,2016-06-29 00:00:00,2016-07-02 00:00:00,3,SG-20470,10024.0
CA-2017-102127,2017-06-26 00:00:00,2017-07-02 00:00:00,2,VP-21760,10035.0
US-2017-152415,2017-09-17 00:00:00,2017-09-22 00:00:00,2,PO-18865,1752.0
CA-2015-138198,2015-07-18 00:00:00,2015-07-23 00:00:00,2,JL-15130,10801.0
CA-2018-128041,2018-09-01 00:00:00,2018-09-01 00:00:00,4,RW-19540,98103.0
CA-2018-105823,2018-06-22 00:00:00,2018-06-26 00:00:00,2,RB-19465,48227.0
CA-2015-152268,2015-09-02 00:00:00,2015-09-07 00:00:00,2,SC-20095,72701.0
CA-2016-148873,2016-10-01 00:00:00,2016-10-05 00:00:00,2,EM-13960,62301.0
CA-2016-166492,2016-04-07 00:00:00,2016-04-10 00:00:00,3,RP-19390,10035.0
CA-2018-157420,2018-11-21 00:00:00,2018-11-21 00:00:00,4,HZ-14950,77095.0
CA-2017-117121,2017-12-17 00:00:00,2017-12-21 00:00:00,2,AB-10105,48205.0
CA-2015-138177,2015-09-19 00:00:00,2015-09-24 00:00:00,2,ND-18460,85224.0
CA-2015-114335,2015-09-28 00:00:00,2015-10-03 00:00:00,2,XP-21865,33021.0
CA-2016-168760,2016-09-22 00:00:00,2016-09-26 00:00:00,1,MM-18280,90049.0
CA-2017-168830,2017-11-07 00:00:00,2017-11-13 00:00:00,2,ML-17395,94122.0
CA-2018-137463,2018-12-16 00:00:00,2018-12-20 00:00:00,1,KM-16225,94086.0
CA-2015-124513,2015-09-21 00:00:00,2015-09-25 00:00:00,2,SL-20155,10011.0
CA-2016-165554,2016-05-18 00:00:00,2016-05-22 00:00:00,2,AJ-10780,90004.0
CA-2015-141838,2015-03-26 00:00:00,2015-03-31 00:00:00,1,DK-12835,94122.0
CA-2018-117009,2018-09-22 00:00:00,2018-09-28 00:00:00,2,BK-11260,92704.0
CA-2016-128993,2016-09-12 00:00:00,2016-09-17 00:00:00,1,CC-12670,98103.0
CA-2016-160227,2016-11-02 00:00:00,2016-11-04 00:00:00,3,ED-13885,10011.0
CA-2016-149097,2016-10-20 00:00:00,2016-10-24 00:00:00,2,SV-20785,90045.0
CA-2017-132304,2017-06-14 00:00:00,2017-06-18 00:00:00,2,AR-10825,98103.0
CA-2016-136420,2016-11-20 00:00:00,2016-11-21 00:00:00,3,CS-12250,92024.0
CA-2017-101623,2017-02-28 00:00:00,2017-03-06 00:00:00,2,RR-19525,10035.0
US-2015-151015,2015-10-14 00:00:00,2015-10-20 00:00:00,2,BD-11500,60653.0
CA-2018-152968,2018-05-26 00:00:00,2018-05-30 00:00:00,2,BM-11785,22801.0
CA-2017-150077,2017-02-04 00:00:00,2017-02-10 00:00:00,2,MS-17365,20852.0
CA-2017-106278,2017-09-02 00:00:00,2017-09-05 00:00:00,1,BM-11140,98198.0
CA-2018-147550,2018-12-04 00:00:00,2018-12-05 00:00:00,3,KE-16420,19134.0
CA-2016-136105,2016-06-12 00:00:00,2016-06-16 00:00:00,2,SZ-20035,47201.0
CA-2017-142524,2017-09-04 00:00:00,2017-09-08 00:00:00,2,MB-18085,65807.0
CA-2015-136336,2015-04-21 00:00:00,2015-04-26 00:00:00,2,DB-13555,42420.0
US-2016-136259,2016-11-05 00:00:00,2016-11-08 00:00:00,3,CB-12415,44107.0
US-2015-124625,2015-11-03 00:00:00,2015-11-07 00:00:00,2,SP-20650,68104.0
CA-2017-108105,2017-02-16 00:00:00,2017-02-23 00:00:00,2,GW-14605,42420.0
CA-2018-166898,2018-09-11 00:00:00,2018-09-13 00:00:00,1,KH-16630,92704.0
CA-2018-169005,2018-11-02 00:00:00,2018-11-06 00:00:00,2,BG-11035,22153.0
CA-2016-104038,2016-02-06 00:00:00,2016-02-08 00:00:00,3,LO-17170,23434.0
CA-2017-126102,2017-09-10 00:00:00,2017-09-12 00:00:00,1,DV-13465,90049.0
CA-2017-143406,2017-09-26 00:00:00,2017-09-30 00:00:00,2,LR-17035,77041.0
CA-2016-150308,2016-12-15 00:00:00,2016-12-20 00:00:00,2,RR-19525,27511.0
CA-2017-131093,2017-09-17 00:00:00,2017-09-20 00:00:00,1,TS-21610,45503.0
US-2018-148831,2018-10-13 00:00:00,2018-10-15 00:00:00,3,AH-10210,40214.0
CA-2016-162950,2016-06-28 00:00:00,2016-07-03 00:00:00,1,DW-13585,45373.0
US-2016-132836,2016-06-01 00:00:00,2016-06-05 00:00:00,2,AJ-10945,48227.0
US-2015-158365,2015-04-12 00:00:00,2015-04-17 00:00:00,2,SV-20785,47401.0
CA-2018-152933,2018-10-12 00:00:00,2018-10-16 00:00:00,2,MG-17650,75081.0
CA-2016-163181,2016-11-07 00:00:00,2016-11-12 00:00:00,2,AB-10105,77041.0
CA-2016-132941,2016-05-25 00:00:00,2016-05-28 00:00:00,3,MM-18280,76117.0
CA-2015-132010,2015-10-13 00:00:00,2015-10-15 00:00:00,3,MA-17995,23223.0
CA-2017-135461,2017-02-07 00:00:00,2017-02-10 00:00:00,1,EB-13975,90049.0
CA-2018-153045,2018-01-19 00:00:00,2018-01-24 00:00:00,1,NS-18505,19140.0
US-2017-155971,2017-06-06 00:00:00,2017-06-12 00:00:00,2,RB-19795,90036.0
CA-2018-122007,2018-03-18 00:00:00,2018-03-20 00:00:00,1,JK-15325,90032.0
CA-2018-162250,2018-11-24 00:00:00,2018-11-24 00:00:00,4,PR-18880,94109.0
US-2017-158288,2017-11-26 00:00:00,2017-11-28 00:00:00,1,EH-13945,19120.0
CA-2017-128916,2017-08-18 00:00:00,2017-08-20 00:00:00,1,MA-17560,77070.0
CA-2016-157028,2016-11-28 00:00:00,2016-12-03 00:00:00,2,MA-17995,88001.0
CA-2018-112473,2018-05-25 00:00:00,2018-06-01 00:00:00,2,JL-15505,77070.0
US-2018-147655,2018-09-04 00:00:00,2018-09-05 00:00:00,3,AS-10045,97756.0
CA-2017-130911,2017-03-24 00:00:00,2017-03-26 00:00:00,1,DC-12850,44105.0
CA-2018-100055,2018-05-28 00:00:00,2018-06-01 00:00:00,2,MD-17860,20707.0
CA-2016-157805,2016-08-31 00:00:00,2016-09-04 00:00:00,2,RH-19510,92037.0
CA-2017-124254,2017-04-12 00:00:00,2017-04-17 00:00:00,2,TB-21175,27893.0
CA-2015-123400,2015-02-02 00:00:00,2015-02-09 00:00:00,2,EB-13930,33710.0
CA-2015-106971,2015-09-02 00:00:00,2015-09-08 00:00:00,2,BM-11785,60089.0
CA-2018-123029,2018-09-30 00:00:00,2018-10-02 00:00:00,1,BT-11530,90049.0
CA-2017-139409,2017-09-05 00:00:00,2017-09-07 00:00:00,3,FW-14395,10011.0
US-2018-166688,2018-05-20 00:00:00,2018-05-26 00:00:00,2,RD-19480,89115.0
CA-2016-126970,2016-09-20 00:00:00,2016-09-24 00:00:00,2,TP-21130,60540.0
US-2015-157070,2015-06-01 00:00:00,2015-06-06 00:00:00,2,QJ-19255,48234.0
US-2016-106873,2016-09-24 00:00:00,2016-09-29 00:00:00,1,KM-16720,85323.0
CA-2017-132990,2017-08-01 00:00:00,2017-08-03 00:00:00,1,KM-16660,19140.0
CA-2015-102645,2015-01-23 00:00:00,2015-01-28 00:00:00,2,IM-15055,89115.0
CA-2015-134215,2015-08-04 00:00:00,2015-08-08 00:00:00,2,ML-17395,4401.0
CA-2017-118934,2017-08-09 00:00:00,2017-08-14 00:00:00,2,GH-14410,37075.0
CA-2017-160108,2017-12-08 00:00:00,2017-12-12 00:00:00,2,AG-10900,54703.0
CA-2016-164007,2016-06-08 00:00:00,2016-06-12 00:00:00,2,MG-17695,60610.0
CA-2017-100300,2017-06-24 00:00:00,2017-06-26 00:00:00,1,MJ-17740,92037.0
CA-2017-140571,2017-03-15 00:00:00,2017-03-19 00:00:00,2,SJ-20125,39212.0
US-2017-155768,2017-12-01 00:00:00,2017-12-01 00:00:00,4,LB-16795,93030.0
CA-2018-119424,2018-06-12 00:00:00,2018-06-14 00:00:00,1,SB-20185,98031.0
CA-2017-118178,2017-03-19 00:00:00,2017-03-24 00:00:00,2,CC-12610,37211.0
CA-2017-166618,2017-11-14 00:00:00,2017-11-18 00:00:00,2,DP-13000,10035.0
CA-2018-156776,2018-08-07 00:00:00,2018-08-11 00:00:00,2,JL-15505,92683.0
US-2016-130512,2016-08-21 00:00:00,2016-08-25 00:00:00,2,SM-20320,18103.0
CA-2016-141810,2016-11-02 00:00:00,2016-11-07 00:00:00,2,BB-10990,78207.0
CA-2015-146843,2015-11-30 00:00:00,2015-12-06 00:00:00,2,PB-19150,85323.0
CA-2015-103310,2015-05-10 00:00:00,2015-05-15 00:00:00,2,GM-14680,95123.0
CA-2017-152688,2017-10-17 00:00:00,2017-10-20 00:00:00,3,NR-18550,8861.0
CA-2017-153836,2017-10-30 00:00:00,2017-11-03 00:00:00,2,EH-13765,10011.0
CA-2017-104689,2017-12-01 00:00:00,2017-12-05 00:00:00,2,FH-14365,90004.0
CA-2017-146423,2017-04-21 00:00:00,2017-04-21 00:00:00,4,BT-11680,6460.0
CA-2018-140781,2018-08-03 00:00:00,2018-08-07 00:00:00,2,AB-10105,61701.0
CA-2018-141747,2018-08-03 00:00:00,2018-08-08 00:00:00,1,SC-20230,98105.0
CA-2018-142776,2018-12-11 00:00:00,2018-12-14 00:00:00,1,RS-19870,52601.0
CA-2016-167479,2016-03-14 00:00:00,2016-03-19 00:00:00,2,AI-10855,95661.0
CA-2015-144071,2015-12-08 00:00:00,2015-12-15 00:00:00,2,DJ-13420,94110.0
US-2018-120908,2018-09-30 00:00:00,2018-10-02 00:00:00,3,BF-10975,19120.0
CA-2017-152646,2017-11-21 00:00:00,2017-11-26 00:00:00,2,TH-21235,90049.0
CA-2018-103765,2018-11-24 00:00:00,2018-11-30 00:00:00,2,JG-15310,79762.0
US-2018-118157,2018-11-14 00:00:00,2018-11-17 00:00:00,3,AW-10930,55407.0
US-2016-164238,2016-08-16 00:00:00,2016-08-20 00:00:00,2,JW-15955,19120.0
CA-2018-103212,2018-10-13 00:00:00,2018-10-14 00:00:00,3,MH-18025,70506.0
CA-2018-121160,2018-11-04 00:00:00,2018-11-04 00:00:00,4,FM-14290,77803.0
CA-2018-140515,2018-03-19 00:00:00,2018-03-24 00:00:00,2,GZ-14545,90008.0
CA-2015-153619,2015-11-03 00:00:00,2015-11-03 00:00:00,4,TC-21535,90049.0
CA-2018-133718,2018-07-23 00:00:00,2018-07-26 00:00:00,3,TB-21520,90045.0
CA-2015-148383,2015-12-27 00:00:00,2015-12-31 00:00:00,2,RP-19390,85023.0
CA-2017-126732,2017-09-02 00:00:00,2017-09-06 00:00:00,2,LR-16915,90036.0
CA-2018-138156,2018-02-11 00:00:00,2018-02-14 00:00:00,3,MM-17260,43229.0
CA-2018-110310,2018-10-27 00:00:00,2018-11-02 00:00:00,2,NB-18655,32303.0
CA-2015-113271,2015-07-09 00:00:00,2015-07-14 00:00:00,2,DS-13030,94122.0
CA-2018-130106,2018-05-22 00:00:00,2018-05-26 00:00:00,2,VF-21715,94109.0
CA-2017-127761,2017-11-10 00:00:00,2017-11-14 00:00:00,2,SW-20275,10009.0
CA-2017-105354,2017-12-02 00:00:00,2017-12-06 00:00:00,2,PW-19030,52302.0
CA-2018-155712,2018-03-02 00:00:00,2018-03-08 00:00:00,2,KD-16615,90008.0
CA-2018-102309,2018-09-23 00:00:00,2018-09-25 00:00:00,1,DO-13645,71603.0
CA-2015-168368,2015-02-11 00:00:00,2015-02-15 00:00:00,1,GA-14725,65203.0
CA-2018-167976,2018-11-11 00:00:00,2018-11-14 00:00:00,1,JL-15505,57401.0
CA-2018-111388,2018-09-02 00:00:00,2018-09-02 00:00:00,4,SU-20665,98103.0
CA-2016-124499,2016-10-09 00:00:00,2016-10-13 00:00:00,2,FM-14380,48227.0
US-2018-128118,2018-11-24 00:00:00,2018-12-01 00:00:00,2,MY-17380,38109.0
CA-2015-125759,2015-02-08 00:00:00,2015-02-09 00:00:00,3,NM-18445,89031.0
CA-2016-151869,2016-09-25 00:00:00,2016-09-25 00:00:00,4,CS-11950,11520.0
US-2018-102183,2018-08-21 00:00:00,2018-08-28 00:00:00,2,PK-19075,10035.0
CA-2017-100510,2017-05-12 00:00:00,2017-05-17 00:00:00,2,HM-14860,10024.0
CA-2018-146983,2018-09-02 00:00:00,2018-09-06 00:00:00,2,AH-10210,42420.0
US-2015-134054,2015-10-10 00:00:00,2015-10-10 00:00:00,4,FC-14335,87105.0
CA-2017-113236,2017-05-26 00:00:00,2017-05-29 00:00:00,1,CP-12085,33445.0
CA-2018-122539,2018-12-01 00:00:00,2018-12-05 00:00:00,2,SC-20305,19140.0
CA-2017-166772,2017-09-20 00:00:00,2017-09-24 00:00:00,2,HJ-14875,98105.0
US-2018-152898,2018-09-11 00:00:00,2018-09-15 00:00:00,2,CB-12025,23223.0
CA-2017-160486,2017-12-30 00:00:00,2018-01-04 00:00:00,2,EH-14185,33407.0
CA-2018-102218,2018-09-02 00:00:00,2018-09-04 00:00:00,1,LW-17215,80525.0
CA-2015-161032,2015-11-18 00:00:00,2015-11-23 00:00:00,2,MK-17905,53132.0
CA-2016-102778,2016-11-21 00:00:00,2016-11-24 00:00:00,3,JH-15820,28110.0
CA-2018-154011,2018-06-19 00:00:00,2018-06-26 00:00:00,2,DB-13270,75081.0
US-2018-165456,2018-11-30 00:00:00,2018-12-03 00:00:00,3,TB-21625,19134.0
CA-2015-111857,2015-04-23 00:00:00,2015-04-26 00:00:00,1,NM-18445,94109.0
CA-2015-163650,2015-09-23 00:00:00,2015-09-25 00:00:00,3,TT-21220,19901.0
CA-2018-124114,2018-03-02 00:00:00,2018-03-02 00:00:00,4,RS-19765,76706.0
US-2018-116505,2018-11-17 00:00:00,2018-11-21 00:00:00,1,TB-21625,21740.0
CA-2018-161340,2018-05-28 00:00:00,2018-06-01 00:00:00,2,AM-10360,44105.0
US-2016-163433,2016-04-18 00:00:00,2016-04-22 00:00:00,1,MP-17965,78501.0
CA-2016-137603,2016-09-19 00:00:00,2016-09-24 00:00:00,2,MH-17290,87505.0
CA-2015-128237,2015-03-25 00:00:00,2015-03-30 00:00:00,2,CA-12265,94110.0
US-2017-102141,2017-08-26 00:00:00,2017-08-31 00:00:00,2,KD-16615,10024.0
CA-2018-148642,2018-03-06 00:00:00,2018-03-12 00:00:00,2,DW-13540,75220.0
CA-2016-111948,2016-11-11 00:00:00,2016-11-11 00:00:00,4,AG-10495,48234.0
CA-2017-161907,2017-04-05 00:00:00,2017-04-09 00:00:00,2,JH-16180,19140.0
CA-2018-124940,2018-02-21 00:00:00,2018-02-26 00:00:00,2,DK-13090,75007.0
US-2018-108343,2018-07-20 00:00:00,2018-07-25 00:00:00,2,AR-10825,10009.0
US-2017-111563,2017-11-04 00:00:00,2017-11-08 00:00:00,2,SM-20005,77041.0
CA-2018-121853,2018-09-23 00:00:00,2018-09-29 00:00:00,2,DB-13660,90036.0
US-2018-130687,2018-09-07 00:00:00,2018-09-10 00:00:00,3,PF-19225,98026.0
CA-2016-164497,2016-11-28 00:00:00,2016-11-30 00:00:00,3,AJ-10945,94110.0
US-2016-153283,2016-11-12 00:00:00,2016-11-18 00:00:00,2,EB-14110,10035.0
CA-2017-108056,2017-09-29 00:00:00,2017-10-03 00:00:00,2,ES-14080,97477.0
CA-2018-127726,2018-09-11 00:00:00,2018-09-13 00:00:00,1,SS-20410,40324.0
CA-2018-110198,2018-05-01 00:00:00,2018-05-02 00:00:00,3,AG-10900,33065.0
CA-2018-130715,2018-09-16 00:00:00,2018-09-20 00:00:00,2,CY-12745,94110.0
CA-2015-155264,2015-10-19 00:00:00,2015-10-22 00:00:00,1,RP-19270,94110.0
CA-2017-119123,2017-03-13 00:00:00,2017-03-18 00:00:00,2,DB-13360,92503.0
CA-2018-109085,2018-02-17 00:00:00,2018-02-20 00:00:00,3,CK-12325,45373.0
CA-2017-114860,2017-12-22 00:00:00,2017-12-28 00:00:00,2,DN-13690,92553.0
CA-2017-159009,2017-09-23 00:00:00,2017-09-27 00:00:00,2,DP-13105,98115.0
CA-2018-148411,2018-09-24 00:00:00,2018-09-26 00:00:00,3,RO-19780,60623.0
CA-2016-110324,2016-12-01 00:00:00,2016-12-05 00:00:00,2,MA-17560,49201.0
CA-2017-168046,2017-01-25 00:00:00,2017-01-28 00:00:00,1,JD-15895,10024.0
CA-2018-111591,2018-03-21 00:00:00,2018-03-25 00:00:00,2,PS-18970,98105.0
US-2015-166828,2015-08-22 00:00:00,2015-08-25 00:00:00,3,JF-15415,63301.0
CA-2015-108147,2015-06-08 00:00:00,2015-06-13 00:00:00,2,RD-19480,11561.0
CA-2017-154998,2017-04-07 00:00:00,2017-04-09 00:00:00,3,ES-14080,8701.0
CA-2018-113460,2018-11-07 00:00:00,2018-11-09 00:00:00,1,KN-16390,20735.0
CA-2016-111339,2016-05-29 00:00:00,2016-05-31 00:00:00,3,VP-21760,43229.0
CA-2018-102820,2018-05-07 00:00:00,2018-05-11 00:00:00,2,CS-11950,91104.0
CA-2017-149671,2017-06-05 00:00:00,2017-06-09 00:00:00,2,KB-16600,98105.0
CA-2016-126347,2016-12-14 00:00:00,2016-12-19 00:00:00,1,AJ-10945,90045.0
CA-2018-108756,2018-12-25 00:00:00,2018-12-29 00:00:00,2,PO-18865,7017.0
CA-2018-155362,2018-12-17 00:00:00,2018-12-21 00:00:00,2,DP-13105,54703.0
CA-2017-117625,2017-05-10 00:00:00,2017-05-15 00:00:00,2,GM-14500,60610.0
CA-2015-154158,2015-12-23 00:00:00,2015-12-27 00:00:00,1,CC-12670,33614.0
CA-2018-100433,2018-08-11 00:00:00,2018-08-16 00:00:00,2,SJ-20125,10009.0
CA-2018-163097,2018-08-27 00:00:00,2018-08-31 00:00:00,2,SF-20200,85204.0
CA-2016-163734,2016-06-19 00:00:00,2016-06-24 00:00:00,2,KM-16375,77070.0
CA-2018-162474,2018-03-13 00:00:00,2018-03-16 00:00:00,3,FH-14275,60505.0
CA-2016-130848,2016-10-25 00:00:00,2016-10-25 00:00:00,4,DG-13300,80219.0
CA-2015-125997,2015-09-20 00:00:00,2015-09-23 00:00:00,3,MW-18220,10011.0
CA-2017-103128,2017-11-11 00:00:00,2017-11-15 00:00:00,2,SC-20845,60004.0
CA-2016-167696,2016-09-16 00:00:00,2016-09-21 00:00:00,2,BD-11500,23602.0
CA-2015-159814,2015-06-24 00:00:00,2015-06-28 00:00:00,2,LP-17080,85705.0
CA-2017-105459,2017-08-12 00:00:00,2017-08-17 00:00:00,1,NP-18700,10024.0
CA-2018-141663,2018-04-13 00:00:00,2018-04-17 00:00:00,2,DP-13105,19134.0
CA-2015-152618,2015-03-14 00:00:00,2015-03-17 00:00:00,3,RB-19465,60653.0
CA-2018-162789,2018-09-22 00:00:00,2018-09-24 00:00:00,1,LC-17140,10035.0
US-2018-110149,2018-12-10 00:00:00,2018-12-13 00:00:00,3,WB-21850,19143.0
CA-2017-108959,2017-03-10 00:00:00,2017-03-14 00:00:00,1,MH-17785,85301.0
CA-2016-164777,2016-01-27 00:00:00,2016-01-29 00:00:00,3,SC-20305,90036.0
CA-2017-132017,2017-09-26 00:00:00,2017-09-27 00:00:00,3,MH-17620,77041.0
CA-2016-127824,2016-10-18 00:00:00,2016-10-22 00:00:00,2,JC-15775,98115.0
CA-2015-148285,2015-10-27 00:00:00,2015-11-01 00:00:00,2,RD-19810,28314.0
CA-2018-152926,2018-10-02 00:00:00,2018-10-04 00:00:00,1,SC-20695,77041.0
CA-2015-145254,2015-07-23 00:00:00,2015-07-27 00:00:00,2,NC-18535,94122.0
CA-2015-116246,2015-09-12 00:00:00,2015-09-17 00:00:00,1,LW-17215,10035.0
CA-2017-160479,2017-09-15 00:00:00,2017-09-20 00:00:00,2,AH-10585,98105.0
CA-2015-167486,2015-11-27 00:00:00,2015-12-01 00:00:00,2,JO-15145,14215.0
CA-2015-152100,2015-05-11 00:00:00,2015-05-16 00:00:00,2,VW-21775,77340.0
CA-2016-166219,2016-08-28 00:00:00,2016-09-01 00:00:00,2,BP-11185,75081.0
CA-2016-111864,2016-06-19 00:00:00,2016-06-19 00:00:00,4,PP-18955,19134.0
CA-2016-119627,2016-08-17 00:00:00,2016-08-23 00:00:00,2,SC-20725,85345.0
CA-2016-160787,2016-09-25 00:00:00,2016-09-25 00:00:00,4,BM-11785,19143.0
CA-2018-107853,2018-05-26 00:00:00,2018-05-31 00:00:00,2,CD-11920,92054.0
CA-2018-126144,2018-07-31 00:00:00,2018-08-05 00:00:00,2,GM-14680,19134.0
US-2015-154655,2015-10-12 00:00:00,2015-10-17 00:00:00,2,BP-11050,60623.0
CA-2015-100391,2015-05-25 00:00:00,2015-05-29 00:00:00,2,BW-11065,10035.0
CA-2015-165477,2015-12-29 00:00:00,2015-12-31 00:00:00,1,RE-19405,44240.0
CA-2018-165904,2018-04-07 00:00:00,2018-04-11 00:00:00,2,HR-14770,32216.0
CA-2016-104052,2016-03-01 00:00:00,2016-03-02 00:00:00,3,TP-21565,75019.0
CA-2016-168277,2016-05-29 00:00:00,2016-06-03 00:00:00,2,KB-16315,46203.0
CA-2017-158617,2017-09-22 00:00:00,2017-09-28 00:00:00,2,AC-10660,46226.0
CA-2018-136882,2018-05-27 00:00:00,2018-06-03 00:00:00,2,DN-13690,74133.0
US-2017-148957,2017-09-17 00:00:00,2017-09-23 00:00:00,2,CC-12430,98052.0
CA-2015-140032,2015-09-08 00:00:00,2015-09-13 00:00:00,2,TS-21340,94109.0
CA-2018-145506,2018-06-03 00:00:00,2018-06-07 00:00:00,2,MO-17800,99207.0
CA-2016-129546,2016-09-28 00:00:00,2016-10-05 00:00:00,2,RP-19855,90032.0
CA-2017-140977,2017-06-16 00:00:00,2017-06-19 00:00:00,1,JL-15175,37421.0
CA-2018-151855,2018-05-27 00:00:00,2018-06-03 00:00:00,2,BW-11110,27405.0
CA-2015-138240,2015-10-09 00:00:00,2015-10-14 00:00:00,2,SJ-20500,94122.0
CA-2015-101833,2015-11-17 00:00:00,2015-11-22 00:00:00,1,FG-14260,10024.0
CA-2015-100867,2015-10-19 00:00:00,2015-10-24 00:00:00,2,EH-14125,90712.0
US-2018-109610,2018-11-25 00:00:00,2018-11-30 00:00:00,1,BS-11590,40214.0
CA-2015-156545,2015-02-27 00:00:00,2015-03-03 00:00:00,3,JS-16030,43229.0
CA-2015-109127,2015-12-21 00:00:00,2015-12-25 00:00:00,2,JC-15775,19711.0
CA-2017-126858,2017-11-19 00:00:00,2017-11-23 00:00:00,2,JM-15265,98115.0
CA-2018-102925,2018-11-05 00:00:00,2018-11-10 00:00:00,1,CD-12280,10024.0
CA-2016-100818,2016-05-31 00:00:00,2016-06-05 00:00:00,1,JM-15265,60653.0
CA-2015-126193,2015-09-07 00:00:00,2015-09-14 00:00:00,2,SS-20410,60543.0
CA-2018-150504,2018-11-06 00:00:00,2018-11-12 00:00:00,2,HG-14845,75220.0
CA-2016-158351,2016-06-20 00:00:00,2016-06-24 00:00:00,1,BC-11125,19134.0
CA-2015-122679,2015-07-22 00:00:00,2015-07-28 00:00:00,2,AB-10255,90008.0
CA-2017-164770,2017-12-02 00:00:00,2017-12-04 00:00:00,1,MY-18295,77036.0
CA-2018-130505,2018-10-12 00:00:00,2018-10-12 00:00:00,4,NF-18385,26003.0
US-2018-125213,2018-12-11 00:00:00,2018-12-13 00:00:00,3,NB-18655,7501.0
CA-2016-156566,2016-10-01 00:00:00,2016-10-04 00:00:00,3,EM-13960,97206.0
US-2017-102232,2017-08-05 00:00:00,2017-08-11 00:00:00,2,MF-17665,35810.0
CA-2018-111738,2018-01-03 00:00:00,2018-01-07 00:00:00,2,CM-12385,94110.0
CA-2018-163188,2018-11-07 00:00:00,2018-11-07 00:00:00,4,EC-14050,73120.0
CA-2017-105207,2017-01-03 00:00:00,2017-01-08 00:00:00,2,BO-11350,74012.0
US-2017-123610,2017-05-12 00:00:00,2017-05-16 00:00:00,2,VM-21835,92691.0
CA-2018-118213,2018-11-05 00:00:00,2018-11-07 00:00:00,3,AB-10060,46142.0
CA-2017-149237,2017-05-26 00:00:00,2017-05-30 00:00:00,2,CM-12235,53209.0
US-2016-158589,2016-11-20 00:00:00,2016-11-24 00:00:00,2,KW-16570,94109.0
CA-2017-101329,2017-04-22 00:00:00,2017-04-29 00:00:00,2,MM-17920,13440.0
CA-2017-113607,2017-10-14 00:00:00,2017-10-18 00:00:00,2,PW-19030,10009.0
CA-2015-149104,2015-04-05 00:00:00,2015-04-07 00:00:00,1,RD-19900,48127.0
CA-2017-105263,2017-08-06 00:00:00,2017-08-11 00:00:00,2,LM-17065,10024.0
CA-2015-130575,2015-12-14 00:00:00,2015-12-16 00:00:00,3,CS-11845,60623.0
CA-2018-142461,2018-05-30 00:00:00,2018-06-03 00:00:00,1,KT-16480,75217.0
CA-2017-125220,2017-10-14 00:00:00,2017-10-19 00:00:00,2,BE-11410,54915.0
CA-2015-100293,2015-03-14 00:00:00,2015-03-18 00:00:00,2,NF-18475,32216.0
CA-2015-154165,2015-02-17 00:00:00,2015-02-24 00:00:00,2,DL-13315,60653.0
CA-2016-123939,2016-08-24 00:00:00,2016-08-26 00:00:00,1,MS-17710,43402.0
US-2018-104451,2018-05-08 00:00:00,2018-05-12 00:00:00,1,MM-18055,94110.0
CA-2017-101189,2017-02-04 00:00:00,2017-02-09 00:00:00,2,JB-15400,90049.0
CA-2015-169446,2015-12-19 00:00:00,2015-12-25 00:00:00,2,SG-20605,60623.0
CA-2018-156958,2018-12-05 00:00:00,2018-12-06 00:00:00,3,PB-18805,98115.0
CA-2018-101637,2018-03-24 00:00:00,2018-03-25 00:00:00,4,AC-10615,77705.0
CA-2018-111759,2018-07-08 00:00:00,2018-07-12 00:00:00,2,MR-17545,98103.0
CA-2018-102729,2018-10-26 00:00:00,2018-10-31 00:00:00,2,BF-11215,75217.0
CA-2017-116596,2017-10-27 00:00:00,2017-10-31 00:00:00,2,BW-11200,10011.0
CA-2018-124191,2018-06-12 00:00:00,2018-06-14 00:00:00,1,TS-21610,60610.0
CA-2017-148747,2017-09-25 00:00:00,2017-09-27 00:00:00,3,AS-10045,94110.0
US-2018-169488,2018-09-07 00:00:00,2018-09-09 00:00:00,3,AA-10375,2908.0
CA-2016-135727,2016-05-11 00:00:00,2016-05-16 00:00:00,1,PS-18970,85023.0
CA-2016-135251,2016-08-06 00:00:00,2016-08-10 00:00:00,2,RP-19270,77095.0
CA-2015-166590,2015-10-29 00:00:00,2015-11-02 00:00:00,2,NC-18625,47201.0
CA-2017-131744,2017-06-18 00:00:00,2017-06-20 00:00:00,1,SC-20770,19134.0
CA-2016-160864,2016-05-03 00:00:00,2016-05-06 00:00:00,3,NF-18595,95123.0
CA-2016-147690,2016-11-10 00:00:00,2016-11-14 00:00:00,2,SC-20020,19140.0
CA-2016-163923,2016-05-30 00:00:00,2016-06-03 00:00:00,2,BD-11560,22153.0
CA-2017-125724,2017-09-22 00:00:00,2017-09-27 00:00:00,2,SM-20950,80020.0
CA-2016-111612,2016-11-28 00:00:00,2016-12-02 00:00:00,2,EB-14110,43229.0
CA-2016-156853,2016-12-03 00:00:00,2016-12-05 00:00:00,1,HP-14815,3301.0
CA-2015-103086,2015-10-17 00:00:00,2015-10-19 00:00:00,1,EB-14170,77095.0
CA-2017-129280,2017-05-03 00:00:00,2017-05-05 00:00:00,3,SM-20905,43055.0
CA-2016-161242,2016-06-01 00:00:00,2016-06-08 00:00:00,2,CG-12040,90045.0
CA-2015-130428,2015-03-31 00:00:00,2015-03-31 00:00:00,4,TG-21640,33614.0
CA-2018-104388,2018-07-05 00:00:00,2018-07-07 00:00:00,3,DK-12835,68025.0
CA-2016-113131,2016-09-24 00:00:00,2016-09-24 00:00:00,4,MB-17305,43229.0
CA-2016-148495,2016-08-13 00:00:00,2016-08-13 00:00:00,4,SF-20065,91767.0
CA-2016-143147,2016-05-26 00:00:00,2016-05-28 00:00:00,1,PS-18760,78207.0
CA-2018-152975,2018-09-14 00:00:00,2018-09-16 00:00:00,3,RB-19705,10035.0
CA-2017-107475,2017-06-07 00:00:00,2017-06-11 00:00:00,2,RS-19870,19120.0
CA-2018-116127,2018-06-25 00:00:00,2018-06-27 00:00:00,1,SB-20185,10024.0
CA-2018-132584,2018-08-26 00:00:00,2018-08-27 00:00:00,3,HJ-14875,48234.0
CA-2017-160598,2017-08-26 00:00:00,2017-08-28 00:00:00,3,SV-20815,33142.0
CA-2017-108630,2017-11-18 00:00:00,2017-11-18 00:00:00,4,BE-11410,94521.0
US-2018-129203,2018-04-17 00:00:00,2018-04-22 00:00:00,2,BM-11575,60653.0
CA-2018-110940,2018-07-23 00:00:00,2018-07-28 00:00:00,2,AZ-10750,60090.0
CA-2015-119172,2015-05-11 00:00:00,2015-05-15 00:00:00,2,HD-14785,60610.0
US-2017-105452,2017-07-28 00:00:00,2017-08-01 00:00:00,2,BF-11005,77506.0
CA-2018-108931,2018-09-14 00:00:00,2018-09-19 00:00:00,2,HZ-14950,10024.0
CA-2018-104619,2018-01-24 00:00:00,2018-01-29 00:00:00,2,KD-16495,95123.0
CA-2016-149517,2016-09-19 00:00:00,2016-09-23 00:00:00,2,FC-14245,95823.0
CA-2016-116841,2016-04-14 00:00:00,2016-04-18 00:00:00,2,TP-21130,97477.0
CA-2018-107797,2018-05-08 00:00:00,2018-05-11 00:00:00,1,EB-13705,76063.0
CA-2017-117604,2017-09-04 00:00:00,2017-09-09 00:00:00,2,JP-15520,72401.0
CA-2015-130155,2015-05-19 00:00:00,2015-05-22 00:00:00,3,TD-20995,23464.0
CA-2017-129861,2017-06-17 00:00:00,2017-06-23 00:00:00,2,DM-13345,14609.0
CA-2016-138625,2016-11-02 00:00:00,2016-11-05 00:00:00,3,EG-13900,23320.0
US-2018-122672,2018-11-04 00:00:00,2018-11-09 00:00:00,2,HG-14965,43130.0
CA-2018-117128,2018-12-05 00:00:00,2018-12-08 00:00:00,1,BF-11080,10024.0
CA-2017-130638,2017-05-16 00:00:00,2017-05-19 00:00:00,1,SC-20095,90045.0
CA-2018-144365,2018-10-24 00:00:00,2018-10-30 00:00:00,2,CS-11950,39212.0
CA-2017-110086,2017-09-18 00:00:00,2017-09-22 00:00:00,2,BD-11320,95695.0
CA-2015-128524,2015-11-11 00:00:00,2015-11-13 00:00:00,3,MZ-17515,98115.0
CA-2017-140256,2017-08-22 00:00:00,2017-08-29 00:00:00,2,PW-19030,90049.0
CA-2018-160633,2018-11-16 00:00:00,2018-11-21 00:00:00,2,BS-11380,43402.0
CA-2015-115133,2015-09-26 00:00:00,2015-09-30 00:00:00,2,DA-13450,43130.0
CA-2018-137449,2018-06-29 00:00:00,2018-06-30 00:00:00,3,ME-17725,75220.0
CA-2018-103520,2018-09-23 00:00:00,2018-09-25 00:00:00,3,MH-17785,79424.0
CA-2015-139283,2015-11-23 00:00:00,2015-11-27 00:00:00,2,BT-11440,48227.0
CA-2015-118192,2015-01-13 00:00:00,2015-01-18 00:00:00,2,MM-17920,43055.0
CA-2017-168844,2017-05-31 00:00:00,2017-06-06 00:00:00,2,NM-18520,10011.0
CA-2018-154809,2018-02-13 00:00:00,2018-02-17 00:00:00,2,MH-17455,55407.0
CA-2015-151330,2015-10-14 00:00:00,2015-10-17 00:00:00,3,TC-21295,2149.0
CA-2015-124702,2015-11-18 00:00:00,2015-11-25 00:00:00,2,MH-17785,98105.0
US-2018-125808,2018-11-12 00:00:00,2018-11-15 00:00:00,1,EP-13915,90032.0
CA-2016-116638,2016-01-28 00:00:00,2016-01-31 00:00:00,1,JH-15985,28027.0
CA-2015-104563,2015-03-07 00:00:00,2015-03-12 00:00:00,2,CM-12715,98103.0
US-2018-107979,2018-06-08 00:00:00,2018-06-13 00:00:00,2,FO-14305,85301.0
CA-2015-150518,2015-11-19 00:00:00,2015-11-24 00:00:00,2,MW-18220,55433.0
CA-2017-107104,2017-11-26 00:00:00,2017-11-30 00:00:00,2,MS-17365,90045.0
CA-2018-161893,2018-01-23 00:00:00,2018-01-27 00:00:00,2,HP-14815,85705.0
CA-2015-156160,2015-09-22 00:00:00,2015-09-29 00:00:00,2,AS-10090,10035.0
CA-2015-100860,2015-03-26 00:00:00,2015-03-30 00:00:00,1,CS-12505,91767.0
CA-2017-160717,2017-06-06 00:00:00,2017-06-11 00:00:00,2,ME-17320,93101.0
CA-2018-132619,2018-08-31 00:00:00,2018-09-05 00:00:00,2,MS-17770,94109.0
US-2016-120957,2016-12-07 00:00:00,2016-12-07 00:00:00,4,KH-16690,92503.0
CA-2018-157448,2018-11-16 00:00:00,2018-11-20 00:00:00,2,LC-16885,90049.0
CA-2017-126270,2017-04-23 00:00:00,2017-04-27 00:00:00,2,AF-10870,92672.0
CA-2018-145275,2018-04-02 00:00:00,2018-04-06 00:00:00,2,AH-10465,35601.0
CA-2016-133396,2016-08-13 00:00:00,2016-08-15 00:00:00,3,GK-14620,27405.0
US-2018-140312,2018-11-13 00:00:00,2018-11-19 00:00:00,2,KL-16645,94568.0
CA-2017-114867,2017-12-23 00:00:00,2017-12-28 00:00:00,2,FM-14290,19143.0
US-2015-164644,2015-07-22 00:00:00,2015-07-24 00:00:00,1,JL-15850,77095.0
CA-2017-137393,2017-05-06 00:00:00,2017-05-10 00:00:00,2,GM-14500,93309.0
US-2015-120175,2015-11-28 00:00:00,2015-12-03 00:00:00,2,MC-17635,47374.0
CA-2017-144785,2017-04-18 00:00:00,2017-04-23 00:00:00,2,CS-12490,10009.0
CA-2016-130113,2016-12-27 00:00:00,2016-12-31 00:00:00,2,AH-10030,94122.0
CA-2018-122770,2018-12-13 00:00:00,2018-12-18 00:00:00,2,EP-13915,94122.0
CA-2018-118668,2018-01-02 00:00:00,2018-01-04 00:00:00,1,FW-14395,90032.0
CA-2018-116498,2018-05-30 00:00:00,2018-06-03 00:00:00,2,KA-16525,92037.0
US-2018-130603,2018-09-30 00:00:00,2018-10-06 00:00:00,2,SC-20050,76017.0
US-2018-135986,2018-06-20 00:00:00,2018-06-27 00:00:00,2,PG-18895,23223.0
CA-2018-140536,2018-04-04 00:00:00,2018-04-05 00:00:00,3,TA-21385,10035.0
CA-2016-130183,2016-11-13 00:00:00,2016-11-17 00:00:00,2,PO-18850,77041.0
CA-2016-107902,2016-08-28 00:00:00,2016-09-02 00:00:00,2,SM-20950,6824.0
CA-2018-130148,2018-09-24 00:00:00,2018-09-28 00:00:00,1,NK-18490,94110.0
US-2017-151260,2017-12-11 00:00:00,2017-12-14 00:00:00,3,SC-20695,45503.0
CA-2015-144281,2015-06-10 00:00:00,2015-06-15 00:00:00,1,HK-14890,48234.0
CA-2017-122511,2017-03-11 00:00:00,2017-03-11 00:00:00,4,BT-11485,19140.0
CA-2018-154116,2018-12-15 00:00:00,2018-12-19 00:00:00,2,KM-16660,90301.0
CA-2017-105291,2017-10-30 00:00:00,2017-11-04 00:00:00,2,SP-20920,93405.0
CA-2018-147032,2018-07-31 00:00:00,2018-08-04 00:00:00,2,LB-16795,19805.0
CA-2018-125990,2018-10-19 00:00:00,2018-10-23 00:00:00,2,JS-16030,94122.0
CA-2017-161746,2017-10-21 00:00:00,2017-10-27 00:00:00,2,CS-11950,90045.0
CA-2015-114251,2015-11-05 00:00:00,2015-11-10 00:00:00,2,MD-17350,19143.0
CA-2017-116379,2017-11-07 00:00:00,2017-11-12 00:00:00,2,LD-17005,94122.0
US-2017-144477,2017-08-12 00:00:00,2017-08-14 00:00:00,1,DB-13270,19134.0
CA-2017-108210,2017-05-30 00:00:00,2017-05-31 00:00:00,4,AT-10735,77041.0
CA-2018-166835,2018-11-12 00:00:00,2018-11-14 00:00:00,1,DK-13375,17602.0
CA-2017-119641,2017-09-22 00:00:00,2017-09-26 00:00:00,2,CS-12250,54302.0
CA-2017-105781,2017-02-16 00:00:00,2017-02-20 00:00:00,2,JF-15565,10024.0
CA-2015-101364,2015-12-22 00:00:00,2015-12-26 00:00:00,2,TW-21025,10011.0
CA-2016-117898,2016-12-05 00:00:00,2016-12-11 00:00:00,2,TB-21250,61701.0
CA-2018-142293,2018-09-17 00:00:00,2018-09-20 00:00:00,3,SC-20380,83704.0
CA-2018-167395,2018-12-02 00:00:00,2018-12-04 00:00:00,3,KM-16720,1852.0
CA-2015-111962,2015-09-29 00:00:00,2015-10-04 00:00:00,2,EB-14170,98115.0
CA-2018-124261,2018-11-14 00:00:00,2018-11-19 00:00:00,2,JE-15715,90049.0
CA-2015-114321,2015-08-20 00:00:00,2015-08-25 00:00:00,2,NC-18535,23666.0
CA-2015-128062,2015-11-19 00:00:00,2015-11-22 00:00:00,1,AD-10180,19134.0
US-2016-100069,2016-06-29 00:00:00,2016-07-03 00:00:00,2,NF-18475,68104.0
CA-2018-129294,2018-03-16 00:00:00,2018-03-21 00:00:00,2,KD-16615,90032.0
CA-2018-131303,2018-11-28 00:00:00,2018-12-02 00:00:00,2,EP-13915,92037.0
CA-2017-137127,2017-06-16 00:00:00,2017-06-22 00:00:00,2,JJ-15445,19711.0
CA-2018-141782,2018-01-21 00:00:00,2018-01-25 00:00:00,2,BE-11410,60505.0
CA-2018-137505,2018-11-24 00:00:00,2018-11-24 00:00:00,4,BP-11290,90008.0
US-2015-140914,2015-11-11 00:00:00,2015-11-15 00:00:00,2,BH-11710,60653.0
CA-2017-158358,2017-03-04 00:00:00,2017-03-08 00:00:00,2,EM-13810,3820.0
CA-2017-113390,2017-10-11 00:00:00,2017-10-15 00:00:00,2,EP-13915,60610.0
US-2017-158680,2017-07-01 00:00:00,2017-07-02 00:00:00,3,NZ-18565,98115.0
CA-2018-113705,2018-03-27 00:00:00,2018-03-29 00:00:00,1,LC-16870,23223.0
CA-2017-146913,2017-10-31 00:00:00,2017-11-05 00:00:00,2,SF-20965,94109.0
CA-2018-159135,2018-11-04 00:00:00,2018-11-08 00:00:00,2,KM-16375,72762.0
CA-2015-121762,2015-02-14 00:00:00,2015-02-18 00:00:00,2,ML-17395,98103.0
CA-2015-123855,2015-06-18 00:00:00,2015-06-23 00:00:00,2,MC-18100,90036.0
CA-2018-101959,2018-02-28 00:00:00,2018-03-06 00:00:00,2,DB-13660,6457.0
CA-2018-102659,2018-12-09 00:00:00,2018-12-15 00:00:00,2,LW-17215,49505.0
CA-2018-142328,2018-12-07 00:00:00,2018-12-14 00:00:00,2,TC-21535,94122.0
CA-2017-123533,2017-11-24 00:00:00,2017-11-30 00:00:00,2,SC-20050,33012.0
CA-2017-104983,2017-07-03 00:00:00,2017-07-03 00:00:00,4,FM-14215,19143.0
CA-2017-160234,2017-06-26 00:00:00,2017-07-03 00:00:00,2,PF-19225,30318.0
CA-2015-169019,2015-07-26 00:00:00,2015-07-30 00:00:00,2,LF-17185,78207.0
CA-2017-153178,2017-09-14 00:00:00,2017-09-18 00:00:00,2,CL-12565,11561.0
CA-2016-149748,2016-05-31 00:00:00,2016-06-02 00:00:00,1,EM-13825,7501.0
CA-2016-155635,2016-05-09 00:00:00,2016-05-13 00:00:00,2,ME-17725,40214.0
US-2015-114377,2015-11-05 00:00:00,2015-11-05 00:00:00,4,BG-11035,23666.0
CA-2018-144491,2018-03-27 00:00:00,2018-04-01 00:00:00,2,CJ-12010,77070.0
CA-2015-127166,2015-05-21 00:00:00,2015-05-23 00:00:00,1,KH-16360,77070.0
CA-2017-125920,2017-05-21 00:00:00,2017-05-28 00:00:00,2,SH-19975,60610.0
CA-2016-128608,2016-01-12 00:00:00,2016-01-17 00:00:00,2,CS-12490,43615.0
